0.6824125051498413
0.6548213958740234
0.6154659390449524
0.5650959610939026
0.5153014659881592
0.4818198084831238
0.4645557105541229
0.45300936698913574
0.44330906867980957
0.43522271513938904
0.4275602400302887
0.4199875593185425
0.4134780764579773
0.4090801775455475
0.4045836329460144
0.40189269185066223
0.400652676820755
0.3986339867115021
0.39715132117271423
0.3958977460861206
0.39483532309532166
0.39320653676986694
0.3920711576938629
0.3911614716053009
0.39051535725593567
0.38979190587997437
0.388765811920166
0.38834431767463684
0.3877093493938446
0.3869718611240387
0.38682541251182556
0.3857223391532898
0.38519933819770813
0.3844798505306244
0.3839782178401947
0.38335394859313965
0.38331058621406555
0.3822369873523712
0.3820001780986786
0.3810105323791504
0.3804909586906433
0.38003432750701904
0.37938839197158813
0.37925419211387634
0.37836992740631104
0.3788081109523773
0.3777941167354584
0.37728074193000793
0.3766404390335083
0.3763136565685272
0.3763132095336914
0.37633904814720154
0.37496423721313477
0.37490224838256836
0.37446343898773193
0.37410756945610046
0.37398308515548706
0.3732815086841583
0.37313637137413025
0.3732215464115143
0.37308603525161743
0.3723909854888916
0.37209025025367737
0.37182655930519104
0.371320903301239
0.3713313639163971
0.3714572489261627
0.37100309133529663
0.37076622247695923
0.37051263451576233
0.3704150915145874
0.37022146582603455
0.3701041340827942
0.36974915862083435
0.3696517050266266
0.3690694570541382
0.369889497756958
0.3686000406742096
0.36858293414115906
0.3682599663734436
0.3681362569332123
0.36809444427490234
0.3676583766937256
0.3674904406070709
0.3674025237560272
0.36716732382774353
0.36741337180137634
0.36770501732826233
0.36677566170692444
0.36635148525238037
0.3662814199924469
0.36639130115509033
0.36635059118270874
0.36583733558654785
0.36608678102493286
0.36546221375465393
0.36585092544555664
0.36568042635917664
0.36594879627227783
0.36570513248443604
0.36568325757980347
0.36528480052948
0.36494722962379456
0.3647673428058624
0.3650892674922943
0.3644062280654907
0.36461442708969116
0.36455002427101135
0.36411914229393005
0.3648419678211212
0.36424675583839417
0.36363476514816284
0.3634836971759796
0.3639580011367798
0.3639099597930908
0.3642486035823822
0.3635401725769043
0.36347106099128723
0.3632347881793976
0.36299219727516174
0.3628671169281006
0.3631225824356079
0.36316999793052673
0.36293908953666687
0.3627859950065613
0.362355500459671
0.36252421140670776
0.36243936419487
0.36166682839393616
0.3621198236942291
0.36252570152282715
0.3621620237827301
0.3618674874305725
0.3616802990436554
0.36112868785858154
0.3615121841430664
0.3613486588001251
0.3615477681159973
0.36183372139930725
0.3614081144332886
0.36081966757774353
0.36103567481040955
0.3609997034072876
0.3606598675251007
0.3608579933643341
0.35998204350471497
0.3596140146255493
0.3594363331794739
0.3594176471233368
0.35930144786834717
0.35924577713012695
0.3592948615550995
0.35910478234291077
0.35899776220321655
0.35896414518356323
0.35891202092170715
0.3588986396789551
0.3586936891078949
0.35873499512672424
0.35878244042396545
0.3589768409729004
0.3584759831428528
0.35856735706329346
0.35842764377593994
0.3583988547325134
0.35832786560058594
0.35806238651275635
0.3583502769470215
0.35805249214172363
0.357943594455719
0.3578341603279114
0.35796043276786804
0.35805487632751465
0.35808101296424866
0.3578720986843109
0.35759347677230835
0.3575173616409302
0.35737958550453186
0.35720476508140564
0.3573325574398041
0.3572090268135071
0.3570566773414612
0.35718172788619995
0.3570985198020935
0.35701435804367065
0.35699495673179626
0.35674694180488586
0.3569548726081848
0.3567297160625458
0.356704980134964
0.35650065541267395
0.35639578104019165
0.3564075529575348
0.3563460111618042
0.3564169108867645
0.3563755750656128
0.3563336431980133
0.3565000891685486
0.3566051423549652
0.3561653196811676
0.35595786571502686
0.3558424115180969
0.35614657402038574
0.35585835576057434
0.3557479977607727
0.35574886202812195
0.3555988073348999
0.35561636090278625
0.3555534780025482
0.3555809557437897
0.35539504885673523
0.3552541434764862
0.3555256128311157
0.35540539026260376
0.35534653067588806
0.355121910572052
0.3552201986312866
0.35534045100212097
0.3550676703453064
0.3549843430519104
0.3550504744052887
0.3547230064868927
0.3546312749385834
0.3546563982963562
0.35468414425849915
0.3546501100063324
0.3544677793979645
0.354304701089859
0.3542816638946533
0.3543162941932678
0.35420897603034973
0.35412538051605225
0.35391709208488464
0.35422441363334656
0.3541274070739746
0.3540893495082855
0.3541729748249054
0.3541594445705414
0.3537755012512207
0.3539569675922394
0.35360127687454224
0.3535141944885254
0.3535984754562378
0.3533489406108856
0.35342785716056824
0.3530331254005432
0.3529960811138153
0.35308727622032166
0.3528791069984436
0.35284969210624695
0.3528367877006531
0.35283440351486206
0.35281339287757874
0.35270851850509644
0.3528563976287842
0.352713018655777
0.3526684045791626
0.3527502715587616
0.35258153080940247
0.3525868356227875
0.35255149006843567
0.35258305072784424
0.35258719325065613
0.3525830805301666
0.3525058925151825
0.35251879692077637
0.35248225927352905
0.3525070250034332
0.3526746928691864
0.352312833070755
0.3522505462169647
0.3522298038005829
0.35227420926094055
0.35214439034461975
0.352178156375885
0.3522658050060272
0.35211244225502014
0.3521997332572937
0.35230201482772827
0.35208675265312195
0.35207706689834595
0.3520415425300598
0.352054238319397
0.3520691692829132
0.35193154215812683
0.3519022762775421
0.3520442545413971
0.3519884943962097
0.3518814444541931
0.3520236909389496
0.3517987132072449
0.3518105149269104
0.3517458140850067
0.35199204087257385
0.35161715745925903
0.3516363501548767
0.3516184389591217
0.351638525724411
0.3516267240047455
0.3515208959579468
0.3513830304145813
0.3514947295188904
0.3515215814113617
0.35136646032333374
0.35137978196144104
0.3513724207878113
0.35136064887046814
0.3512524664402008
0.35125917196273804
0.35116297006607056
0.35112038254737854
0.35140281915664673
0.3513929843902588
0.3510831296443939
0.3509844243526459
0.35119661688804626
0.3509915769100189
0.3511226177215576
0.3510664403438568
0.3510279655456543
0.3509596586227417
0.35078150033950806
0.3507899343967438
0.3507642149925232
0.35072118043899536
0.35068029165267944
0.3507886826992035
0.3508759140968323
0.35063305497169495
0.35067370533943176
0.3505578935146332
0.3504079580307007
0.35069915652275085
0.3505350351333618
0.3504718542098999
0.3504360020160675
0.35031530261039734
0.35033687949180603
0.35045722126960754
0.3503764271736145
0.3502197563648224
0.3501822054386139
0.350180059671402
0.35040029883384705
0.3500354588031769
0.34995558857917786
0.3498995900154114
0.34989607334136963
0.3499543070793152
0.3497878909111023
0.34981200098991394
0.3497921824455261
0.3497127890586853
0.349796324968338
0.34982383251190186
0.3497812747955322
0.34969571232795715
0.3497956097126007
0.3496691882610321
0.3496462404727936
0.3496238887310028
0.3496207296848297
0.3495659828186035
0.34964028000831604
0.3495929539203644
0.34954342246055603
0.3495221734046936
0.3495821952819824
0.34948548674583435
0.34959250688552856
0.34946340322494507
0.3494970202445984
0.349430650472641
0.34943339228630066
0.3494855463504791
0.34935998916625977
0.34943056106567383
0.34937983751296997
0.34938526153564453
0.3493516743183136
0.3493408262729645
0.3493129014968872
0.34928396344184875
0.34928926825523376
0.34923893213272095
0.349267840385437
0.34923771023750305
0.3492062985897064
0.34923458099365234
0.34919264912605286
0.34912970662117004
0.34914466738700867
0.3491651713848114
0.3490990698337555
0.34913575649261475
0.3490898013114929
0.3490768373012543
0.34909918904304504
0.3490409553050995
0.34904903173446655
0.34903740882873535
0.34897324442863464
0.34892570972442627
0.3489799201488495
0.34892457723617554
0.34895431995391846
0.3488783538341522
0.34894895553588867
0.34892818331718445
0.3488568961620331
0.34886690974235535
0.3489033579826355
0.3488353192806244
0.3488643169403076
0.3487783670425415
0.34879887104034424
0.3487990200519562
0.3487374186515808
0.34875836968421936
0.3487144410610199
0.3487357199192047
0.34871983528137207
0.34863778948783875
0.34874242544174194
0.3486345708370209
0.34869149327278137
0.34866663813591003
0.34863993525505066
0.3486005663871765
0.34855833649635315
0.34856802225112915
0.3485995829105377
0.3485420048236847
0.3487241864204407
0.3485296368598938
0.34852710366249084
0.34853053092956543
0.34842997789382935
0.3484289348125458
0.3484795093536377
0.34852084517478943
0.348372220993042
0.34846198558807373
0.3484974205493927
0.34844234585762024
0.3482997417449951
0.34822750091552734
0.3482315242290497
0.34823909401893616
0.3482348620891571
0.3481745421886444
0.34818601608276367
0.34815990924835205
0.34822145104408264
0.34817156195640564
0.34813034534454346
0.3481754660606384
0.34811532497406006
0.3481541574001312
0.34814944863319397
0.3481067717075348
0.348162978887558
0.348069965839386
0.348102331161499
0.34809473156929016
0.3480645418167114
0.3480493426322937
0.34805789589881897
0.34803420305252075
0.34805095195770264
0.34800201654434204
0.3479878604412079
0.34803152084350586
0.348029762506485
0.3480134606361389
0.34801530838012695
0.34800034761428833
0.3480142056941986
0.34802767634391785
0.3480285108089447
0.34800535440444946
0.3480163812637329
0.3479337990283966
0.34793567657470703
0.3479282259941101
0.347903847694397
0.34793511033058167
0.34796464443206787
0.3479178249835968
0.3479298949241638
0.34790319204330444
0.3478742241859436
0.34791338443756104
0.3478621542453766
0.3478429615497589
0.34781694412231445
0.3478418290615082
0.34780895709991455
0.3478310704231262
0.3478071689605713
0.34782272577285767
0.347770631313324
0.34779876470565796
0.3478039503097534
0.34778261184692383
0.34780916571617126
0.34773847460746765
0.3477863371372223
0.3477506935596466
0.34774914383888245
0.3477384150028229
0.34772151708602905
0.3477672040462494
0.34777548909187317
0.3477131128311157
0.3476884663105011
0.3477258086204529
0.34766319394111633
0.3476695716381073
0.3476875126361847
0.3476988673210144
0.3477538228034973
0.3476939797401428
0.34765759110450745
0.3477013111114502
0.3476159870624542
0.3476216197013855
0.3476217985153198
0.347578763961792
0.34764111042022705
0.34764835238456726
0.34759753942489624
0.3476291596889496
0.34761565923690796
0.3475503921508789
0.34757453203201294
0.34754839539527893
0.3475436568260193
0.34759092330932617
0.34758713841438293
0.3475300669670105
0.3475300669670105
0.3475516438484192
0.3475242853164673
0.34746938943862915
0.34742411971092224
0.34742456674575806
0.34741342067718506
0.34742286801338196
0.34740695357322693
0.3474346101284027
0.34740474820137024
0.3473924994468689
0.3473912179470062
0.34738725423812866
0.34738245606422424
0.3473701477050781
0.3474291265010834
0.34738889336586
0.3473850190639496
0.3473558723926544
0.34735801815986633
0.34734874963760376
0.3473679721355438
0.3473462164402008
0.3473488390445709
0.3473398685455322
0.34734320640563965
0.3473140001296997
0.34731441736221313
0.3473303020000458
0.34733134508132935
0.3473961651325226
0.34730541706085205
0.3473072350025177
0.34730589389801025
0.34731993079185486
0.3473358750343323
0.3472941517829895
0.3472871780395508
0.3472974896430969
0.34729278087615967
0.3472694754600525
0.3472760319709778
0.34728744626045227
0.34726324677467346
0.34729239344596863
0.3472544252872467
0.3472500145435333
0.3472454249858856
0.34724077582359314
0.34723415970802307
0.34723952412605286
0.3472592532634735
0.34723296761512756
0.34723177552223206
0.3472464084625244
0.34721317887306213
0.34722205996513367
0.34721654653549194
0.3472173511981964
0.34720873832702637
0.3472273051738739
0.3472503423690796
0.34720340371131897
0.3472127914428711
0.34719735383987427
0.34719642996788025
0.34718385338783264
0.3471892178058624
0.3471856713294983
0.3471676707267761
0.34716764092445374
0.3471536338329315
0.34716036915779114
0.34715718030929565
0.34716805815696716
0.3471609055995941
0.3471575677394867
0.3471631705760956
0.34715166687965393
0.34713396430015564
0.34713253378868103
0.34715914726257324
0.34716111421585083
0.3471364974975586
0.34714195132255554
0.34712785482406616
0.34712085127830505
0.34711405634880066
0.3471355140209198
0.34712499380111694
0.3471109867095947
0.3471013605594635
0.34710076451301575
0.34710296988487244
0.3471042513847351
0.3471067547798157
0.3470700979232788
0.3470827341079712
0.34711337089538574
0.34708988666534424
0.3470922112464905
0.3470892906188965
0.3470778465270996
0.34704524278640747
0.3470407724380493
0.34703710675239563
0.347048282623291
0.3470385670661926
0.3470388948917389
0.34703490138053894
0.34703049063682556
0.34703075885772705
0.34703558683395386
0.34703850746154785
0.34702926874160767
0.3470243811607361
0.347025603055954
0.3470245599746704
0.34702441096305847
0.3470211923122406
0.3470202684402466
0.3470224142074585
0.3470121920108795
0.3470231592655182
0.347015917301178
0.3470092713832855
0.3470124900341034
0.3470061123371124
0.34702521562576294
0.3470207452774048
0.3469964265823364
0.3470038175582886
0.34700021147727966
0.3469957411289215
0.3470008075237274
0.34700101613998413
0.34698742628097534
0.34698644280433655
0.3469866216182709
0.3469795286655426
0.34699708223342896
0.3469897210597992
0.3469957113265991
0.3469787836074829
0.3469831943511963
0.34697258472442627
0.3469802737236023
0.34697845578193665
0.346978098154068
0.34698033332824707
0.34696659445762634
0.3469695746898651
0.34698206186294556
0.34696802496910095
0.34696686267852783
0.346962034702301
0.34696489572525024
0.3469623625278473
0.3469511866569519
0.3469565510749817
0.3469632565975189
0.3469608724117279
0.3469618558883667
0.3469448387622833
0.3469521105289459
0.34695562720298767
0.346955806016922
0.3469410240650177
0.3469375967979431
0.34694457054138184
0.346937358379364
0.3469487726688385
0.34693655371665955
0.3469362258911133
0.3469267785549164
0.3469303250312805
0.3469301462173462
0.3469330966472626
0.3469259440898895
0.34693261981010437
0.34692299365997314
0.346927672624588
0.3469160199165344
0.3469112515449524
0.34691372513771057
0.3469172418117523
0.3469153940677643
0.34690558910369873
0.34691861271858215
0.34689822793006897
0.34690162539482117
0.3469092547893524
0.3469046354293823
0.3469245731830597
0.3469100594520569
0.34690049290657043
0.34689486026763916
0.34689024090766907
0.34689655900001526
0.346890389919281
0.3468954563140869
0.34688758850097656
0.3468950688838959
0.34687647223472595
0.3468776047229767
0.3468734622001648
0.3468673527240753
0.346869558095932
0.3468681871891022
0.34687528014183044
0.34686776995658875
0.3468782305717468
0.346865713596344
0.34687888622283936
0.34686020016670227
0.3468606472015381
0.34685996174812317
0.3468722999095917
0.34685927629470825
0.3468586504459381
0.3468581736087799
0.3468587398529053
0.34685710072517395
0.34685856103897095
0.3468567728996277
0.34685200452804565
0.34685754776000977
0.34685003757476807
0.34685182571411133
0.3468623161315918
0.34685665369033813
0.3468494415283203
0.34684988856315613
0.34684982895851135
0.34684646129608154
0.34684717655181885
0.34684646129608154
0.3468473255634308
0.3468448221683502
0.3468514084815979
0.3468398451805115
0.3468445837497711
0.34684106707572937
0.3468390703201294
0.3468424379825592
0.3468397855758667
0.34683722257614136
0.3468371331691742
0.34683623909950256
0.34683552384376526
0.3468349277973175
0.34683331847190857
0.34683242440223694
0.3468307852745056
0.3468385934829712
0.34683147072792053
0.3468322157859802
0.3468289375305176
0.34682735800743103
0.34682509303092957
0.3468226194381714
0.34682387113571167
0.3468242883682251
0.34682321548461914
0.3468187153339386
0.3468199074268341
0.346820592880249
0.34681978821754456
0.3468177914619446
0.34681475162506104
0.34681758284568787
0.34681862592697144
0.3468139171600342
0.3468172252178192
0.34681788086891174
0.3468080163002014
0.3468129634857178
0.34681254625320435
0.34681329131126404
0.34681081771850586
0.34680595993995667
0.3468122184276581
0.3468047082424164
0.3468098044395447
0.3468049466609955
0.3468005359172821
0.3468005359172821
0.346804141998291
0.34679916501045227
0.34679827094078064
0.34679755568504333
0.346797913312912
0.34679651260375977
0.34680160880088806
0.34679439663887024
0.34679925441741943
0.34679463505744934
0.34679603576660156
0.34679386019706726
0.3467938303947449
0.34679991006851196
0.34679004549980164
0.346788614988327
0.3467819094657898
0.34678569436073303
0.34678155183792114
0.3467807471752167
0.3467812240123749
0.34678134322166443
0.34677964448928833
0.34677958488464355
0.34677979350090027
0.34677854180336
0.3467791974544525
0.3467794954776764
0.34677672386169434
0.3467786908149719
0.34677818417549133
0.34678149223327637
0.34677597880363464
0.3467745780944824
0.3467767834663391
0.3467744290828705
0.34677979350090027
0.3467733561992645
0.3467750549316406
0.3467726707458496
0.3467766046524048
0.34677162766456604
0.3467717170715332
0.34676995873451233
0.3467711806297302
0.3467694818973541
0.3467727303504944
0.34677407145500183
0.34677255153656006
0.34677061438560486
0.34676703810691833
0.3467694818973541
0.34676793217658997
0.3467669188976288
0.3467656672000885
0.3467642068862915
0.3467662036418915
0.34676453471183777
0.34677064418792725
0.3467629849910736
0.3467639088630676
0.3467628061771393
0.34676453471183777
0.34676143527030945
0.34676122665405273
0.34676122665405273
0.3467603027820587
0.34676393866539
0.34677359461784363
0.3467594385147095
0.3467625379562378
0.3467590808868408
0.34675970673561096
0.34675899147987366
0.3467591106891632
0.34675678610801697
0.3467603027820587
0.34675920009613037
0.3467562198638916
0.34675541520118713
0.3467544615268707
0.34675705432891846
0.3467603027820587
0.3467533588409424
0.34675565361976624
0.34675735235214233
0.3467525243759155
0.3467523753643036
0.346751868724823
0.3467499911785126
0.34675195813179016
0.3467522859573364
0.34675830602645874
0.34675145149230957
0.3467484712600708
0.34675082564353943
0.3467525541782379
0.34674879908561707
0.34674885869026184
0.346749871969223
0.3467456102371216
0.34674692153930664
0.3467461168766022
0.34674757719039917
0.3467472493648529
0.34674787521362305
0.3467448949813843
0.34674322605133057
0.3467441499233246
0.346750944852829
0.34674274921417236
0.3467448055744171
0.3467418849468231
0.34674322605133057
0.3467455506324768
0.34674328565597534
0.34673771262168884
0.3467375934123993
0.34673836827278137
0.34673693776130676
0.3467361330986023
0.34673619270324707
0.34673652052879333
0.3467366099357605
0.34673672914505005
0.3467349112033844
0.3467356860637665
0.34673652052879333
0.3467355966567993
0.34673455357551575
0.3467366099357605
0.3467371165752411
0.34673330187797546
0.3467359244823456
0.34673425555229187
0.3467346429824829
0.346732497215271
0.34673452377319336
0.3467322587966919
0.3467317819595337
0.346733421087265
0.3467326760292053
0.3467317521572113
0.3467321991920471
0.34673166275024414
0.3467318117618561
0.3467312157154083
0.34673014283180237
0.3467312753200531
0.34673044085502625
0.34672966599464417
0.3467326760292053
0.34672898054122925
0.3467303514480591
0.34673011302948
0.3467285633087158
0.3467290699481964
0.34673041105270386
0.34672993421554565
0.3467300534248352
0.34672921895980835
0.3467281460762024
0.3467276096343994
0.3467310070991516
0.3467274308204651
0.34672829508781433
0.34672653675079346
0.3467288911342621
0.34672650694847107
0.34672853350639343
0.34672537446022034
0.34672772884368896
0.3467264175415039
0.3467268645763397
0.3467283248901367
0.3467240631580353
0.34672480821609497
0.3467252552509308
0.3467249274253845
0.34672436118125916
0.3467247486114502
0.34672433137893677
0.3467230498790741
0.3467235267162323
0.34672343730926514
0.3467232584953308
0.3467225730419159
0.34672319889068604
0.3467223346233368
0.3467237055301666
0.3467225134372711
0.346721351146698
0.3467225134372711
0.3467240631580353
0.346721351146698
0.3467243015766144
0.34671998023986816
0.34672069549560547
0.34672072529792786
0.34671923518180847
0.34671974182128906
0.34672075510025024
0.3467193841934204
0.34671953320503235
0.34671878814697266
0.34671875834465027
0.34671884775161743
0.3467191159725189
0.346717894077301
0.34671908617019653
0.34671834111213684
0.34671762585639954
0.3467172086238861
0.3467176556587219
0.34671658277511597
0.34671705961227417
0.34671494364738464
0.34671467542648315
0.34671518206596375
0.3467150628566742
0.34671449661254883
0.34671491384506226
0.3467140793800354
0.3467146158218384
0.34671398997306824
0.34671396017074585
0.34671372175216675
0.34671372175216675
0.34671393036842346
0.34671398997306824
0.34671348333358765
0.3467135429382324
0.34671321511268616
0.34671345353126526
0.3467129170894623
0.3467131555080414
0.3467136323451996
0.3467133939266205
0.3467123210430145
0.34671324491500854
0.34671255946159363
0.3467128574848175
0.3467128574848175
0.3467124402523041
0.3467121720314026
0.3467121422290802
0.3467119038105011
0.3467119634151459
0.3467116951942444
0.3467119634151459
0.34671148657798767
0.3467121124267578
0.3467117249965668
0.34671103954315186
0.34671086072921753
0.34671106934547424
0.3467106819152832
0.34671083092689514
0.34671077132225037
0.34671124815940857
0.3467114567756653
0.34671032428741455
0.3467100262641907
0.34671083092689514
0.3467106819152832
0.3467102646827698
0.3467094600200653
0.3467101454734802
0.34670954942703247
0.34670987725257874
0.34670937061309814
0.34670984745025635
0.3467099368572235
0.34670981764793396
0.3467094898223877
0.3467085361480713
0.3467090129852295
0.34670940041542053
0.34670838713645935
0.3467089533805847
0.3467085063457489
0.3467082381248474
0.34670892357826233
0.3467084467411041
0.3467077910900116
0.34670886397361755
0.3467079699039459
0.34670785069465637
0.3467075526714325
0.34670785069465637
0.346707820892334
0.3467070162296295
0.3467068374156952
0.3467070758342743
0.3467067778110504
0.3467065393924713
0.3467066287994385
0.3467068076133728
0.34670644998550415
0.3467068672180176
0.3467068076133728
0.34670692682266235
0.3467060923576355
0.34670597314834595
0.3467056155204773
0.3467062711715698
0.34670597314834595
0.3467060327529907
0.3467060327529907
0.34670504927635193
0.34670591354370117
0.3467057943344116
0.3467051088809967
0.34670528769493103
0.34670501947402954
0.3467048704624176
0.3467040956020355
0.34670400619506836
0.3467040956020355
0.34670406579971313
0.34670400619506836
0.3467036187648773
0.3467043340206146
0.34670379757881165
0.34670373797416687
0.34670355916023254
0.34670358896255493
0.34670335054397583
0.34670355916023254
0.34670349955558777
0.3467034101486206
0.34670326113700867
0.34670335054397583
0.34670302271842957
0.34670302271842957
0.3467029929161072
0.3467029929161072
0.3467031419277191
0.34670302271842957
0.3467027544975281
0.3467027544975281
0.3467027544975281
0.3467029333114624
0.3467024564743042
0.346702516078949
0.3467023968696594
0.34670233726501465
0.3467026352882385
0.3467026650905609
0.34670278429985046
0.34670206904411316
0.34670212864875793
0.3467024266719818
0.3467023968696594
0.34670203924179077
0.34670180082321167
0.34670209884643555
0.3467017412185669
0.34670203924179077
0.34670183062553406
0.34670180082321167
0.3467017114162445
0.34670162200927734
0.34670132398605347
0.3467015326023102
0.34670183062553406
0.34670138359069824
0.3467014729976654
0.34670135378837585
0.34670135378837585
0.34670132398605347
0.34670090675354004
0.34670090675354004
0.34670090675354004
0.34670108556747437
0.3467009365558624
0.3467007875442505
0.34670087695121765
0.34670087695121765
0.34670060873031616
0.3467006981372833
0.3467004597187042
0.3467004597187042
0.346701055765152
0.3467007279396057
0.34670040011405945
0.3467003405094147
0.3467002213001251
0.3467003405094147
0.3467003405094147
0.34670019149780273
0.3467002213001251
0.3467000126838684
0.3467005789279938
0.34669995307922363
0.34670010209083557
0.3466998040676117
0.34670013189315796
0.3466998040676117
0.34669971466064453
0.34669968485832214
0.34669986367225647
0.3466995656490326
0.34669992327690125
0.3466995656490326
0.3466993272304535
0.34669962525367737
0.34669941663742065
0.3466993570327759
0.34669917821884155
0.3466991186141968
0.3466989994049072
0.34669917821884155
0.34669923782348633
0.3466990292072296
0.3466987907886505
0.34669849276542664
0.3466985821723938
0.3466985523700714
0.3466983735561371
0.3466983437538147
0.3466984033584595
0.3466982841491699
0.346698135137558
0.34669819474220276
0.3466983437538147
0.34669816493988037
0.346698135137558
0.3466982841491699
0.34669825434684753
0.34669825434684753
0.34669801592826843
0.34669795632362366
0.34669795632362366
0.34669792652130127
0.3466978967189789
0.3466978669166565
0.3466980755329132
0.34669774770736694
0.34669801592826843
0.34669768810272217
0.34669771790504456
0.3466976583003998
0.34669792652130127
0.3466978967189789
0.34669771790504456
0.3466976284980774
0.3466976284980774
0.346697598695755
0.34669747948646545
0.346697598695755
0.3466976583003998
0.3466974198818207
0.34669744968414307
0.34669727087020874
0.3466974198818207
0.3466973602771759
0.3466973304748535
0.3466973900794983
0.34669721126556396
0.3466973304748535
0.3466971516609192
0.34669721126556396
0.3466974198818207
0.3466971814632416
0.3466971516609192
0.34669724106788635
0.34669700264930725
0.3466969430446625
0.3466971218585968
0.34669700264930725
0.34669724106788635
0.34669703245162964
0.3466970920562744
0.3466970920562744
0.34669697284698486
0.34669676423072815
0.34669676423072815
0.3466969430446625
0.34669697284698486
0.34669673442840576
0.34669679403305054
0.34669673442840576
0.3466967046260834
0.34669673442840576
0.3466967046260834
0.3466966450214386
0.3466966450214386
0.3466964662075043
0.3466965854167938
0.3466965854167938
0.34669652581214905
0.34669652581214905
0.3466964662075043
0.34669649600982666
0.34669649600982666
0.3466964364051819
0.3466965854167938
0.34669628739356995
0.34669628739356995
0.34669625759124756
0.34669631719589233
0.3466963469982147
0.34669622778892517
0.346696138381958
0.34669607877731323
0.34669607877731323
0.34669604897499084
0.34669622778892517
0.3466961979866028
0.34669625759124756
0.3466958701610565
0.3466959595680237
0.3466958701610565
0.3466958701610565
0.3466958701610565
0.3466957211494446
0.34669560194015503
0.3466957211494446
0.34669560194015503
0.34669560194015503
0.34669551253318787
0.34669557213783264
0.34669554233551025
0.34669560194015503
0.34669560194015503
0.34669554233551025
0.3466954827308655
0.34669560194015503
0.34669557213783264
0.34669551253318787
0.34669554233551025
0.3466954827308655
0.3466954231262207
0.3466954827308655
0.3466954231262207
0.3466954827308655
0.34669560194015503
0.3466953933238983
0.3466953635215759
0.3466954827308655
0.3466954827308655
0.3466953635215759
0.3466953635215759
0.34669530391693115
0.3466953933238983
0.3466954231262207
0.34669530391693115
0.346695214509964
0.34669530391693115
0.34669527411460876
0.3466951549053192
0.3466953933238983
0.34669527411460876
0.34669527411460876
0.346695214509964
0.346695214509964
0.34669527411460876
0.34669530391693115
0.34669530391693115
0.3466951847076416
0.3466951251029968
0.346695214509964
0.3466951251029968
0.3466951549053192
0.3466951847076416
0.346695214509964
0.3466951251029968
0.34669509530067444
0.34669506549835205
0.34669509530067444
0.34669509530067444
0.3466951251029968
0.3466951549053192
0.3466949462890625
0.34669506549835205
0.34669506549835205
0.3466949462890625
0.3466949462890625
0.34669503569602966
0.34669506549835205
0.3466948866844177
0.3466949462890625
0.3466948866844177
0.3466948866844177
0.34669485688209534
0.3466949462890625
0.3466949462890625
0.34669482707977295
0.3466948866844177
0.3466948866844177
0.3466948866844177
0.34669479727745056
0.34669485688209534
0.34669485688209534
0.34669482707977295
0.3466948866844177
0.34669485688209534
0.34669482707977295
0.34669482707977295
0.34669479727745056
0.34669479727745056
0.3466947078704834
0.3466946482658386
0.346694678068161
0.34669479727745056
0.34669479727745056
0.34669461846351624
0.346694678068161
0.3466947078704834
0.3466946482658386
0.3466946482658386
0.34669479727745056
0.34669458866119385
0.3466946482658386
0.34669458866119385
0.34669458866119385
0.346694678068161
0.3466944992542267
0.34669455885887146
0.3466944992542267
0.3466944694519043
0.3466944694519043
0.3466944694519043
0.3466944396495819
0.34669438004493713
0.3466944992542267
0.3466944694519043
0.34669438004493713
0.3466944098472595
0.3466944992542267
0.3466944098472595
0.3466944098472595
0.3466944396495819
0.3466944992542267
0.34669438004493713
0.34669438004493713
0.34669435024261475
0.3466944098472595
0.3466944098472595
0.34669438004493713
0.34669438004493713
0.34669435024261475
0.34669438004493713
0.3466942608356476
0.34669429063796997
0.3466942608356476
0.34669429063796997
0.34669429063796997
0.34669429063796997
0.3466942310333252
0.34669429063796997
0.3466942310333252
0.34669438004493713
0.34669429063796997
0.3466942608356476
0.34669429063796997
0.3466942012310028
0.3466941714286804
0.3466941714286804
0.3466942012310028
0.3466942012310028
0.3466941714286804
0.3466942310333252
0.3466942012310028
0.3466942012310028
0.3466941714286804
0.34669411182403564
0.3466942012310028
0.34669414162635803
0.34669411182403564
0.3466942310333252
0.34669405221939087
0.34669411182403564
0.3466942012310028
0.3466940224170685
0.34669405221939087
0.34669411182403564
0.34669411182403564
0.3466939628124237
0.3466940224170685
0.3466940224170685
0.34669405221939087
0.3466939628124237
0.3466940224170685
0.3466939926147461
0.3466939330101013
0.3466940224170685
0.3466939926147461
0.3466939926147461
0.3466939926147461
0.3466939330101013
0.3466939330101013
0.3466939628124237
0.3466939628124237
0.3466939628124237
0.3466939330101013
0.34669390320777893
0.3466939628124237
0.34669387340545654
0.34669381380081177
0.3466939330101013
0.34669390320777893
0.34669381380081177
0.34669390320777893
0.34669390320777893
0.34669381380081177
0.34669381380081177
0.3466937839984894
0.346693754196167
0.3466937839984894
0.3466939330101013
0.34669381380081177
0.3466937243938446
0.3466937839984894
0.346693754196167
0.34669381380081177
0.3466937243938446
0.3466937839984894
0.3466937839984894
0.34669366478919983
0.34669366478919983
0.3466937839984894
0.346693754196167
0.3466936945915222
0.346693754196167
0.3466936945915222
0.3466936945915222
0.3466937839984894
0.3466936945915222
0.34669357538223267
0.34669366478919983
0.34669366478919983
0.34669366478919983
0.3466937839984894
0.34669366478919983
0.34669360518455505
0.3466935455799103
0.34669366478919983
0.34669360518455505
0.3466937243938446
0.34669357538223267
0.3466935455799103
0.34669360518455505
0.34669360518455505
0.34669357538223267
0.3466934859752655
0.34669366478919983
0.3466935455799103
0.3466935157775879
0.3466935157775879
0.3466934263706207
0.3466934561729431
0.3466935157775879
0.3466935157775879
0.3466935455799103
0.3466935455799103
0.3466935157775879
0.3466934561729431
0.3466934859752655
0.3466934859752655
0.3466934859752655
0.3466934859752655
0.34669336676597595
0.34669336676597595
0.34669333696365356
0.34669336676597595
0.34669336676597595
0.34669333696365356
0.3466932773590088
0.3466933071613312
0.3466934263706207
0.3466932773590088
0.34669336676597595
0.3466934561729431
0.3466933071613312
0.3466932773590088
0.34669336676597595
0.3466932475566864
0.3466933071613312
0.3466933071613312
0.3466932773590088
0.3466934263706207
0.3466932475566864
0.346693217754364
0.3466932773590088
0.346693217754364
0.3466932475566864
0.3466931879520416
0.346693217754364
0.34669309854507446
0.34669312834739685
0.34669309854507446
0.34669312834739685
0.34669312834739685
0.3466931879520416
0.34669312834739685
0.3466932475566864
0.34669309854507446
0.34669309854507446
0.34669312834739685
0.34669312834739685
0.3466930687427521
0.3466930687427521
0.3466931879520416
0.3466930389404297
0.3466930687427521
0.3466930091381073
0.3466930389404297
0.3466929793357849
0.3466930091381073
0.3466930687427521
0.3466930091381073
0.3466930091381073
0.3466930389404297
0.3466930389404297
0.3466930091381073
0.34669288992881775
0.3466930389404297
0.3466929793357849
0.34669312834739685
0.3466929495334625
0.3466929793357849
0.34669286012649536
0.3466929495334625
0.3466930389404297
0.3466929793357849
0.346692830324173
0.34669286012649536
0.34669286012649536
0.34669288992881775
0.34669286012649536
0.34669286012649536
0.3466927707195282
0.3466927707195282
0.3466928005218506
0.3466928005218506
0.3466928005218506
0.346692830324173
0.34669288992881775
0.346692830324173
0.34669286012649536
0.3466927707195282
0.3466927409172058
0.346692830324173
0.3466928005218506
0.3466927409172058
0.3466927409172058
0.3466928005218506
0.346692830324173
0.3466927707195282
0.3466927409172058
0.3466927707195282
0.34669265151023865
0.34669265151023865
0.34669268131256104
0.34669268131256104
0.3466927409172058
0.34669262170791626
0.34669262170791626
0.34669262170791626
0.34669262170791626
0.34669262170791626
0.34669265151023865
0.3466925621032715
0.34669259190559387
0.34669268131256104
0.3466925323009491
0.34669259190559387
0.3466925621032715
0.3466925621032715
0.3466925621032715
0.3466925323009491
0.34669259190559387
0.34669259190559387
0.34669259190559387
0.3466925024986267
0.34669244289398193
0.3466925323009491
0.3466925621032715
0.34669244289398193
0.3466925024986267
0.34669244289398193
0.3466925323009491
0.3466925323009491
0.3466925024986267
0.3466925621032715
0.34669241309165955
0.3466925024986267
0.34669241309165955
0.34669241309165955
0.34669241309165955
0.34669244289398193
0.34669235348701477
0.3466925024986267
0.34669235348701477
0.34669238328933716
0.34669235348701477
0.34669238328933716
0.3466923236846924
0.34669238328933716
0.34669229388237
0.34669241309165955
0.34669235348701477
0.34669241309165955
0.34669235348701477
0.3466923236846924
0.3466922640800476
0.34669229388237
0.3466922640800476
0.34669229388237
0.34669220447540283
0.3466922640800476
0.34669229388237
0.3466922640800476
0.34669217467308044
0.34669229388237
0.34669214487075806
0.34669220447540283
0.34669214487075806
0.34669238328933716
0.34669217467308044
0.3466922640800476
0.34669217467308044
0.3466923236846924
0.34669217467308044
0.34669220447540283
0.34669214487075806
0.34669211506843567
0.34669214487075806
0.34669217467308044
0.3466920554637909
0.3466920554637909
0.3466920852661133
0.34669214487075806
0.34669211506843567
0.3466920554637909
0.3466920554637909
0.34669211506843567
0.3466920554637909
0.3466920554637909
0.34669196605682373
0.3466920256614685
0.34669196605682373
0.3466920256614685
0.34669193625450134
0.34669196605682373
0.34669193625450134
0.34669196605682373
0.34669196605682373
0.34669193625450134
0.34669193625450134
0.3466920256614685
0.3466920554637909
0.3466920554637909
0.34669193625450134
0.34669187664985657
0.34669193625450134
0.34669190645217896
0.34669187664985657
0.3466918468475342
0.34669190645217896
0.34669196605682373
0.3466918468475342
0.34669187664985657
0.34669187664985657
0.3466918468475342
0.3466918468475342
0.34669172763824463
0.3466918170452118
0.346691757440567
0.3466918170452118
0.3466918170452118
0.346691757440567
0.3466918170452118
0.34669172763824463
0.34669169783592224
0.346691757440567
0.34669169783592224
0.346691757440567
0.346691757440567
0.34669166803359985
0.34669169783592224
0.3466918170452118
0.34669172763824463
0.34669166803359985
0.3466916084289551
0.34669169783592224
0.34669172763824463
0.3466916084289551
0.34669172763824463
0.34669166803359985
0.34669169783592224
0.3466916084289551
0.3466918170452118
0.34669163823127747
0.34669166803359985
0.34669169783592224
0.3466916084289551
0.3466915786266327
0.3466915786266327
0.34669163823127747
0.34669169783592224
0.3466916084289551
0.3466915190219879
0.3466915190219879
0.34669145941734314
0.34669142961502075
0.3466914892196655
0.3466915786266327
0.34669145941734314
0.34669145941734314
0.34669142961502075
0.34669139981269836
0.3466915190219879
0.34669142961502075
0.34669142961502075
0.34669145941734314
0.34669142961502075
0.3466914892196655
0.3466914892196655
0.3466914892196655
0.3466913402080536
0.3466914892196655
0.34669142961502075
0.34669142961502075
0.3466913402080536
0.3466913402080536
0.3466913402080536
0.34669139981269836
0.3466913402080536
0.3466913402080536
0.346691370010376
0.346691370010376
0.346691370010376
0.3466913402080536
0.3466912508010864
0.3466912806034088
0.3466913402080536
0.3466912508010864
0.3466912508010864
0.3466912508010864
0.3466912508010864
0.3466912806034088
0.3466912508010864
0.34669119119644165
0.3466912508010864
0.34669122099876404
0.34669122099876404
0.34669122099876404
0.34669119119644165
0.34669119119644165
0.3466911315917969
0.34669119119644165
0.34669119119644165
0.3466911315917969
0.34669122099876404
0.34669122099876404
0.34669116139411926
0.3466911315917969
0.34669116139411926
0.3466910719871521
0.3466910719871521
0.3466910421848297
0.3466911315917969
0.3466910719871521
0.3466910123825073
0.3466910421848297
0.3466910123825073
0.34669116139411926
0.34669095277786255
0.3466910719871521
0.3466910421848297
0.34669098258018494
0.34669095277786255
0.34669092297554016
0.34669098258018494
0.34669098258018494
0.34669098258018494
0.34669095277786255
0.3466910123825073
0.34669092297554016
0.34669092297554016
0.34669098258018494
0.34669098258018494
0.34669095277786255
0.3466910123825073
0.3466910123825073
0.3466908931732178
0.34669092297554016
0.3466908931732178
0.346690833568573
0.3466908037662506
0.34669092297554016
0.3466908037662506
0.3466908037662506
0.346690833568573
0.3466908037662506
0.3466907739639282
0.346690833568573
0.3466907739639282
0.34669074416160583
0.346690833568573
0.3466908037662506
0.3466908037662506
0.346690833568573
0.346690833568573
0.3466908037662506
0.34669068455696106
0.34669074416160583
0.3466907739639282
0.3466907739639282
0.34669074416160583
0.34669068455696106
0.3466907739639282
0.3466908037662506
0.34669071435928345
0.34669071435928345
0.3466907739639282
0.34669065475463867
0.34669068455696106
0.34669068455696106
0.34669065475463867
0.3466905653476715
0.34669068455696106
0.34669065475463867
0.3466905355453491
0.3466905653476715
0.34669071435928345
0.34669065475463867
0.3466905653476715
0.3466905355453491
0.34669065475463867
0.34669065475463867
0.3466905653476715
0.34669065475463867
0.3466905355453491
0.3466905951499939
0.34669047594070435
0.3466905951499939
0.34669044613838196
0.3466905951499939
0.34669050574302673
0.3466905355453491
0.34669047594070435
0.34669044613838196
0.34669044613838196
0.34669047594070435
0.34669068455696106
0.34669044613838196
0.3466903567314148
0.34669044613838196
0.34669047594070435
0.3466905355453491
0.3466905951499939
0.3466903567314148
0.34669041633605957
0.34669047594070435
0.3466903567314148
0.34669041633605957
0.34669026732444763
0.3466903269290924
0.3466903269290924
0.34669041633605957
0.34669041633605957
0.3466903269290924
0.34669023752212524
0.3466903269290924
0.3466903269290924
0.34669029712677
0.34669029712677
0.34669026732444763
0.34669020771980286
0.34669023752212524
0.3466903269290924
0.34669026732444763
0.34669023752212524
0.34669023752212524
0.34669023752212524
0.34669020771980286
0.34669023752212524
0.3466901481151581
0.34669026732444763
0.34669020771980286
0.34669020771980286
0.3466901183128357
0.34669020771980286
0.3466903269290924
0.34669020771980286
0.34669020771980286
0.3466900885105133
0.3466901481151581
0.34669002890586853
0.3466900885105133
0.34669002890586853
0.3466900885105133
0.3466900885105133
0.3466900587081909
0.3466901481151581
0.3466900587081909
0.34669002890586853
0.3466900885105133
0.34669002890586853
0.34668999910354614
0.34669002890586853
0.346689909696579
0.34669002890586853
0.346689909696579
0.34668999910354614
0.346689909696579
0.34668996930122375
0.346689909696579
0.34668999910354614
0.34668999910354614
0.3466900587081909
0.34668999910354614
0.34668999910354614
0.34668996930122375
0.346689909696579
0.346689909696579
0.346689909696579
0.3466898500919342
0.3466898798942566
0.3466898500919342
0.3466898798942566
0.3466898500919342
0.34668979048728943
0.346689909696579
0.34668979048728943
0.3466898798942566
0.34668996930122375
0.3466898202896118
0.34668979048728943
0.3466898500919342
0.3466898500919342
0.34668976068496704
0.3466898202896118
0.34668979048728943
0.3466898500919342
0.34668976068496704
0.34668976068496704
0.34668976068496704
0.3466896414756775
0.34668976068496704
0.3466896712779999
0.3466896414756775
0.3466896712779999
0.34668973088264465
0.34668976068496704
0.3466896116733551
0.3466895520687103
0.34668973088264465
0.3466896414756775
0.34668976068496704
0.34668973088264465
0.3466896414756775
0.3466896712779999
0.3466896712779999
0.3466896414756775
0.3466896116733551
0.34668952226638794
0.3466896116733551
0.3466895818710327
0.3466896116733551
0.3466895818710327
0.3466895520687103
0.3466896712779999
0.3466895520687103
0.34668952226638794
0.3466895520687103
0.3466895520687103
0.34668952226638794
0.3466895520687103
0.34668952226638794
0.3466894328594208
0.34668952226638794
0.3466894328594208
0.3466894030570984
0.34668949246406555
0.3466895818710327
0.3466895520687103
0.3466894328594208
0.3466895520687103
0.346689373254776
0.3466893434524536
0.34668952226638794
0.346689373254776
0.3466894030570984
0.3466894328594208
0.346689373254776
0.346689373254776
0.34668949246406555
0.3466893434524536
0.3466893136501312
0.3466893136501312
0.3466894328594208
0.3466893434524536
0.3466894030570984
0.3466893136501312
0.3466893136501312
0.3466893136501312
0.34668928384780884
0.34668922424316406
0.3466893434524536
0.34668922424316406
0.3466893136501312
0.34668922424316406
0.34668928384780884
0.34668928384780884
0.3466891944408417
0.3466893136501312
0.3466891646385193
0.3466891944408417
0.34668922424316406
0.34668922424316406
0.34668928384780884
0.3466891944408417
0.3466891348361969
0.3466891348361969
0.34668922424316406
0.34668922424316406
0.34668922424316406
0.3466891646385193
0.3466891050338745
0.3466891646385193
0.3466891348361969
0.3466891348361969
0.3466890752315521
0.3466890752315521
0.3466890752315521
0.3466891050338745
0.34668904542922974
0.3466891050338745
0.3466891646385193
0.3466890752315521
0.34668898582458496
0.3466891050338745
0.3466890752315521
0.34668904542922974
0.34668898582458496
0.3466889560222626
0.34668898582458496
0.3466889560222626
0.3466890752315521
0.34668898582458496
0.34668898582458496
0.34668898582458496
0.3466891050338745
0.3466889560222626
0.34668904542922974
0.3466888964176178
0.3466889560222626
0.3466889262199402
0.3466889560222626
0.3466888666152954
0.3466888666152954
0.3466888964176178
0.3466888666152954
0.346688836812973
0.3466888964176178
0.346688836812973
0.3466888964176178
0.346688836812973
0.346688836812973
0.34668898582458496
0.3466888666152954
0.3466888666152954
0.34668880701065063
0.34668874740600586
0.34668874740600586
0.34668871760368347
0.34668880701065063
0.34668880701065063
0.34668871760368347
0.34668874740600586
0.34668871760368347
0.34668880701065063
0.34668874740600586
0.34668871760368347
0.34668880701065063
0.34668874740600586
0.3466886579990387
0.3466886579990387
0.3466886579990387
0.3466886878013611
0.3466886579990387
0.3466886878013611
0.34668874740600586
0.34668874740600586
0.3466886281967163
0.3466886281967163
0.3466885983943939
0.3466886878013611
0.3466886579990387
0.3466885983943939
0.34668853878974915
0.3466885983943939
0.3466885983943939
0.34668850898742676
0.3466885983943939
0.34668853878974915
0.34668850898742676
0.3466885983943939
0.34668847918510437
0.3466885983943939
0.34668853878974915
0.34668847918510437
0.34668847918510437
0.34668850898742676
0.34668850898742676
0.3466884195804596
0.34668850898742676
0.34668853878974915
0.34668847918510437
0.3466884195804596
0.34668847918510437
0.34668850898742676
0.346688449382782
0.3466884195804596
0.3466885983943939
0.3466883599758148
0.3466884195804596
0.3466884195804596
0.3466884195804596
0.3466883599758148
0.34668847918510437
0.34668847918510437
0.3466883897781372
0.34668827056884766
0.34668830037117004
0.34668830037117004
0.34668827056884766
0.3466884195804596
0.34668824076652527
0.34668827056884766
0.34668830037117004
0.34668824076652527
0.34668827056884766
0.3466882109642029
0.34668830037117004
0.3466882109642029
0.34668824076652527
0.34668830037117004
0.3466882109642029
0.3466881811618805
0.3466882109642029
0.34668824076652527
0.34668824076652527
0.34668824076652527
0.3466881215572357
0.34668824076652527
0.34668824076652527
0.3466881811618805
0.34668827056884766
0.3466881811618805
0.3466881215572357
0.34668803215026855
0.3466881513595581
0.3466881513595581
0.3466881513595581
0.34668806195259094
0.3466881513595581
0.3466881811618805
0.34668803215026855
0.3466881215572357
0.34668806195259094
0.34668803215026855
0.34668803215026855
0.34668803215026855
0.34668806195259094
0.34668806195259094
0.34668803215026855
0.34668806195259094
0.34668806195259094
0.3466879725456238
0.34668800234794617
0.3466879427433014
0.34668800234794617
0.34668800234794617
0.3466881215572357
0.34668800234794617
0.3466879427433014
0.34668800234794617
0.3466878831386566
0.3466878831386566
0.3466879427433014
0.3466879427433014
0.3466879725456238
0.34668782353401184
0.346687912940979
0.3466878831386566
0.346687912940979
0.346687912940979
0.3466878831386566
0.34668782353401184
0.3466878831386566
0.3466878831386566
0.34668779373168945
0.34668782353401184
0.34668782353401184
0.34668779373168945
0.34668779373168945
0.3466877341270447
0.34668779373168945
0.346687912940979
0.34668776392936707
0.34668776392936707
0.3466877341270447
0.3466878831386566
0.34668782353401184
0.34668782353401184
0.34668779373168945
0.3466877043247223
0.34668776392936707
0.34668776392936707
0.3466876745223999
0.3466876149177551
0.3466877043247223
0.3466877341270447
0.3466876745223999
0.3466877341270447
0.34668758511543274
0.3466876745223999
0.3466876745223999
0.3466877341270447
0.34668758511543274
0.34668776392936707
0.3466876745223999
0.3466877043247223
0.3466876745223999
0.3466876149177551
0.3466878831386566
0.34668758511543274
0.34668758511543274
0.34668752551078796
0.3466877341270447
0.34668752551078796
0.3466874957084656
0.3466874957084656
0.3466876149177551
0.34668755531311035
0.3466874957084656
0.34668752551078796
0.34668752551078796
0.34668752551078796
0.3466876745223999
0.3466874957084656
0.3466874361038208
0.3466874361038208
0.3466876149177551
0.3466874659061432
0.3466874659061432
0.3466874957084656
0.3466874361038208
0.3466874361038208
0.34668755531311035
0.3466874957084656
0.3466874957084656
0.3466874957084656
0.3466874659061432
0.346687376499176
0.34668734669685364
0.346687376499176
0.34668734669685364
0.34668734669685364
0.34668731689453125
0.34668752551078796
0.346687376499176
0.34668734669685364
0.346687376499176
0.3466872572898865
0.3466872572898865
0.34668728709220886
0.3466871976852417
0.3466872572898865
0.3466872572898865
0.34668734669685364
0.3466872274875641
0.3466872572898865
0.3466872274875641
0.3466871976852417
0.34668728709220886
0.3466871380805969
0.3466872572898865
0.3466871976852417
0.3466871976852417
0.34668710827827454
0.3466872572898865
0.3466871380805969
0.3466871380805969
0.3466872274875641
0.3466871976852417
0.3466872274875641
0.34668710827827454
0.34668710827827454
0.3466871380805969
0.34668710827827454
0.34668710827827454
0.34668707847595215
0.34668707847595215
0.34668704867362976
0.34668710827827454
0.34668704867362976
0.34668710827827454
0.34668707847595215
0.3466870188713074
0.34668704867362976
0.346686989068985
0.3466871976852417
0.3466869592666626
0.34668707847595215
0.34668704867362976
0.3466870188713074
0.34668707847595215
0.3466870188713074
0.3466870188713074
0.34668707847595215
0.34668704867362976
0.346686989068985
0.3466869592666626
0.34668686985969543
0.3466868996620178
0.34668686985969543
0.3466868996620178
0.34668686985969543
0.34668681025505066
0.346686989068985
0.34668686985969543
0.34668684005737305
0.34668684005737305
0.34668684005737305
0.34668684005737305
0.34668686985969543
0.34668678045272827
0.3466868996620178
0.34668684005737305
0.3466866910457611
0.34668681025505066
0.34668678045272827
0.34668678045272827
0.3466867506504059
0.34668678045272827
0.34668686985969543
0.3466867506504059
0.3466866612434387
0.34668678045272827
0.3466867506504059
0.3466867506504059
0.3466866612434387
0.34668678045272827
0.3466867506504059
0.3466866910457611
0.34668681025505066
0.34668678045272827
0.34668663144111633
0.3466866910457611
0.3466866910457611
0.3466866612434387
0.34668663144111633
0.3466866910457611
0.34668663144111633
0.3466866612434387
0.34668654203414917
0.34668663144111633
0.34668657183647156
0.34668663144111633
0.34668660163879395
0.34668663144111633
0.34668657183647156
0.34668660163879395
0.34668660163879395
0.34668654203414917
0.34668657183647156
0.3466864228248596
0.34668654203414917
0.3466865122318268
0.3466865122318268
0.3466865122318268
0.34668639302253723
0.3466865122318268
0.34668657183647156
0.346686452627182
0.346686452627182
0.3466865122318268
0.34668639302253723
0.346686452627182
0.34668639302253723
0.34668639302253723
0.34668657183647156
0.34668639302253723
0.3466864228248596
0.346686452627182
0.34668639302253723
0.3466865122318268
0.34668639302253723
0.34668636322021484
0.3466864228248596
0.3466864228248596
0.34668636322021484
0.34668630361557007
0.34668633341789246
0.34668630361557007
0.34668630361557007
0.34668630361557007
0.3466862738132477
0.34668636322021484
0.34668633341789246
0.34668630361557007
0.3466862738132477
0.34668633341789246
0.34668630361557007
0.3466862738132477
0.3466862142086029
0.3466861844062805
0.34668612480163574
0.3466862142086029
0.3466862738132477
0.3466861844062805
0.34668615460395813
0.34668636322021484
0.3466861844062805
0.34668615460395813
0.34668615460395813
0.34668615460395813
0.34668615460395813
0.34668615460395813
0.34668612480163574
0.34668612480163574
0.34668609499931335
0.34668609499931335
0.34668609499931335
0.34668615460395813
0.34668612480163574
0.34668606519699097
0.3466859757900238
0.34668606519699097
0.3466860055923462
0.34668612480163574
0.34668606519699097
0.34668606519699097
0.34668606519699097
0.3466859757900238
0.34668606519699097
0.3466859757900238
0.3466859757900238
0.3466859757900238
0.3466860055923462
0.34668606519699097
0.34668591618537903
0.3466859459877014
0.3466859459877014
0.34668591618537903
0.3466859757900238
0.34668588638305664
0.34668591618537903
0.3466860055923462
0.3466859459877014
0.3466859459877014
0.34668591618537903
0.34668588638305664
0.3466859459877014
0.34668588638305664
0.34668588638305664
0.3466860055923462
0.34668585658073425
0.34668588638305664
0.34668582677841187
0.3466857671737671
0.34668585658073425
0.34668585658073425
0.34668582677841187
0.34668591618537903
0.34668588638305664
0.34668585658073425
0.3466857075691223
0.3466857671737671
0.3466857671737671
0.34668585658073425
0.34668585658073425
0.3466857075691223
0.34668585658073425
0.34668582677841187
0.3466857373714447
0.3466857075691223
0.3466857373714447
0.3466857075691223
0.3466857373714447
0.3466857075691223
0.34668564796447754
0.3466856777667999
0.3466857671737671
0.3466856777667999
0.34668564796447754
0.3466857075691223
0.34668561816215515
0.34668564796447754
0.3466857075691223
0.3466856777667999
0.3466854691505432
0.34668558835983276
0.34668561816215515
0.34668558835983276
0.34668558835983276
0.34668561816215515
0.34668558835983276
0.34668558835983276
0.3466854989528656
0.34668558835983276
0.3466857671737671
0.3466854989528656
0.3466854989528656
0.3466854393482208
0.3466854393482208
0.3466854989528656
0.3466854691505432
0.34668564796447754
0.3466854393482208
0.3466854393482208
0.3466854691505432
0.346685528755188
0.34668540954589844
0.34668537974357605
0.3466854393482208
0.3466854691505432
0.34668540954589844
0.34668540954589844
0.3466854393482208
0.3466854691505432
0.34668537974357605
0.34668540954589844
0.34668537974357605
0.34668537974357605
0.34668534994125366
0.34668534994125366
0.34668534994125366
0.3466852605342865
0.34668534994125366
0.34668537974357605
0.34668534994125366
0.3466852903366089
0.3466852903366089
0.3466852903366089
0.3466852009296417
0.3466852605342865
0.3466852605342865
0.3466852307319641
0.3466852307319641
0.3466852307319641
0.3466852605342865
0.34668517112731934
0.3466852009296417
0.3466852307319641
0.3466852009296417
0.34668517112731934
0.34668517112731934
0.3466852307319641
0.34668514132499695
0.3466850817203522
0.34668514132499695
0.3466850817203522
0.3466850519180298
0.34668514132499695
0.34668514132499695
0.34668514132499695
0.3466850519180298
0.3466850221157074
0.3466850519180298
0.3466850817203522
0.346684992313385
0.3466850519180298
0.3466850817203522
0.3466850519180298
0.3466850221157074
0.3466850519180298
0.3466850221157074
0.3466850519180298
0.3466850519180298
0.346684992313385
0.34668493270874023
0.3466850519180298
0.34668493270874023
0.3466849625110626
0.346684992313385
0.3466850221157074
0.3466850221157074
0.3466850221157074
0.346684992313385
0.3466849625110626
0.346684992313385
0.346684992313385
0.34668493270874023
0.3466849625110626
0.34668493270874023
0.3466848134994507
0.34668490290641785
0.34668490290641785
0.3466848134994507
0.34668484330177307
0.3466848134994507
0.34668484330177307
0.3466848134994507
0.3466847836971283
0.34668490290641785
0.3466847836971283
0.3466847836971283
0.3466847538948059
0.3466847836971283
0.3466847538948059
0.3466847538948059
0.3466847240924835
0.3466847538948059
0.3466847836971283
0.3466847836971283
0.3466847836971283
0.34668469429016113
0.3466847538948059
0.3466847836971283
0.3466847240924835
0.34668460488319397
0.3466847240924835
0.34668466448783875
0.34668466448783875
0.34668469429016113
0.34668466448783875
0.34668469429016113
0.34668466448783875
0.34668466448783875
0.34668460488319397
0.34668466448783875
0.34668460488319397
0.34668460488319397
0.3466845750808716
0.34668460488319397
0.3466845750808716
0.3466845750808716
0.3466847836971283
0.3466845750808716
0.3466845750808716
0.34668460488319397
0.34668460488319397
0.34668460488319397
0.3466845452785492
0.3466845452785492
0.3466844856739044
0.34668460488319397
0.3466844856739044
0.3466845154762268
0.3466844856739044
0.3466845154762268
0.3466845452785492
0.3466845154762268
0.34668445587158203
0.34668445587158203
0.3466845154762268
0.34668445587158203
0.3466844856739044
0.34668442606925964
0.34668442606925964
0.34668442606925964
0.34668436646461487
0.34668442606925964
0.34668442606925964
0.34668442606925964
0.34668436646461487
0.3466845452785492
0.3466842770576477
0.3466843068599701
0.3466843366622925
0.34668442606925964
0.3466843366622925
0.3466843366622925
0.34668442606925964
0.34668421745300293
0.3466843366622925
0.3466843068599701
0.3466842472553253
0.3466843068599701
0.3466843068599701
0.3466842770576477
0.3466843068599701
0.3466843068599701
0.34668415784835815
0.34668421745300293
0.3466842770576477
0.34668421745300293
0.34668421745300293
0.3466842472553253
0.3466842472553253
0.34668415784835815
0.34668421745300293
0.34668421745300293
0.34668415784835815
0.3466840982437134
0.34668415784835815
0.3466840982437134
0.34668415784835815
0.34668415784835815
0.346684068441391
0.3466840982437134
0.34668415784835815
0.346684068441391
0.3466840982437134
0.3466840982437134
0.3466840386390686
0.34668412804603577
0.3466840982437134
0.34668412804603577
0.3466840386390686
0.34668397903442383
0.3466840088367462
0.3466840386390686
0.3466840088367462
0.3466840386390686
0.3466840088367462
0.3466840386390686
0.3466840088367462
0.3466840088367462
0.34668397903442383
0.3466840386390686
0.34668391942977905
0.34668397903442383
0.3466840088367462
0.3466840088367462
0.34668397903442383
0.3466838598251343
0.34668391942977905
0.34668391942977905
0.34668388962745667
0.3466840386390686
0.34668397903442383
0.3466838598251343
0.3466838300228119
0.3466838300228119
0.3466838598251343
0.3466838002204895
0.34668388962745667
0.3466838598251343
0.3466840088367462
0.3466838300228119
0.3466838300228119
0.34668397903442383
0.3466838598251343
0.3466838598251343
0.3466838002204895
0.34668368101119995
0.3466838002204895
0.3466837406158447
0.34668388962745667
0.34668365120887756
0.3466837406158447
0.34668365120887756
0.3466837406158447
0.34668368101119995
0.34668368101119995
0.34668368101119995
0.34668365120887756
0.34668365120887756
0.34668365120887756
0.34668368101119995
0.34668365120887756
0.3466836214065552
0.3466835916042328
0.34668365120887756
0.34668368101119995
0.3466836214065552
0.34668368101119995
0.3466835916042328
0.3466836214065552
0.3466835916042328
0.3466836214065552
0.34668365120887756
0.3466835618019104
0.34668347239494324
0.346683531999588
0.34668347239494324
0.346683531999588
0.3466835618019104
0.34668344259262085
0.346683531999588
0.346683531999588
0.34668347239494324
0.3466835618019104
0.34668344259262085
0.34668347239494324
0.34668344259262085
0.34668347239494324
0.3466835618019104
0.34668344259262085
0.3466833829879761
0.34668341279029846
0.346683531999588
0.34668341279029846
0.34668344259262085
0.3466833531856537
0.3466833829879761
0.34668341279029846
0.34668341279029846
0.3466837406158447
0.3466835618019104
0.3466835618019104
0.3466833829879761
0.3466833531856537
0.3466833233833313
0.3466833233833313
0.3466833233833313
0.3466833531856537
0.3466832935810089
0.3466833829879761
0.3466832935810089
0.3466833233833313
0.3466833233833313
0.3466833233833313
0.3466832935810089
0.3466832935810089
0.34668323397636414
0.3466832935810089
0.3466833233833313
0.34668317437171936
0.34668323397636414
0.34668317437171936
0.34668320417404175
0.34668320417404175
0.346683144569397
0.34668317437171936
0.34668317437171936
0.34668320417404175
0.34668320417404175
0.346683144569397
0.34668317437171936
0.3466831147670746
0.3466831147670746
0.3466831147670746
0.3466831147670746
0.3466830849647522
0.346683144569397
0.3466830849647522
0.3466831147670746
0.3466831147670746
0.346683144569397
0.3466830551624298
0.34668299555778503
0.3466831147670746
0.3466831147670746
0.3466830551624298
0.34668299555778503
0.3466830849647522
0.3466830849647522
0.34668299555778503
0.34668299555778503
0.34668296575546265
0.3466830551624298
0.3466828763484955
0.3466830551624298
0.34668296575546265
0.34668293595314026
0.3466830551624298
0.34668296575546265
0.34668290615081787
0.34668293595314026
0.34668290615081787
0.34668290615081787
0.34668290615081787
0.34668290615081787
0.34668293595314026
0.34668293595314026
0.3466828465461731
0.34668290615081787
0.3466828465461731
0.3466828763484955
0.3466828763484955
0.3466828763484955
0.34668293595314026
0.3466828763484955
0.3466828167438507
0.3466828465461731
0.34668290615081787
0.3466828465461731
0.3466828465461731
0.3466828465461731
0.3466828465461731
0.3466828465461731
0.3466828167438507
0.3466828167438507
0.3466828465461731
0.34668275713920593
0.3466828167438507
0.34668272733688354
0.3466828167438507
0.34668272733688354
0.3466826379299164
0.34668269753456116
0.3466826379299164
0.34668269753456116
0.3466826379299164
0.34668269753456116
0.346682608127594
0.34668272733688354
0.3466826379299164
0.3466826379299164
0.34668272733688354
0.34668266773223877
0.346682608127594
0.3466826379299164
0.346682608127594
0.3466825485229492
0.3466826379299164
0.3466826379299164
0.3466826379299164
0.34668248891830444
0.3466826379299164
0.34668251872062683
0.3466826379299164
0.3466825485229492
0.34668251872062683
0.3466825485229492
0.34668251872062683
0.346682608127594
0.34668248891830444
0.34668248891830444
0.3466823995113373
0.34668242931365967
0.34668248891830444
0.34668242931365967
0.34668251872062683
0.34668242931365967
0.34668245911598206
0.34668242931365967
0.34668242931365967
0.34668245911598206
0.3466823995113373
0.34668245911598206
0.34668248891830444
0.34668248891830444
0.3466823101043701
0.34668242931365967
0.3466823101043701
0.34668242931365967
0.3466823995113373
0.34668242931365967
0.3466823101043701
0.34668228030204773
0.3466823697090149
0.3466823697090149
0.34668228030204773
0.3466823101043701
0.34668225049972534
0.34668228030204773
0.34668225049972534
0.34668222069740295
0.34668228030204773
0.34668225049972534
0.34668222069740295
0.34668222069740295
0.3466821610927582
0.34668219089508057
0.3466823101043701
0.34668222069740295
0.34668219089508057
0.34668219089508057
0.34668225049972534
0.34668219089508057
0.3466821610927582
0.3466821610927582
0.346682071685791
0.34668219089508057
0.346682071685791
0.3466821312904358
0.34668228030204773
0.3466821312904358
0.3466821312904358
0.3466821312904358
0.3466821312904358
0.3466821312904358
0.3466821312904358
0.34668204188346863
0.34668204188346863
0.34668201208114624
0.3466821610927582
0.3466821312904358
0.3466821312904358
0.34668204188346863
0.34668198227882385
0.34668195247650146
0.34668195247650146
0.34668201208114624
0.34668198227882385
0.34668219089508057
0.3466819226741791
0.34668201208114624
0.34668195247650146
0.3466821312904358
0.3466819226741791
0.3466818928718567
0.34668198227882385
0.34668195247650146
0.3466818928718567
0.3466819226741791
0.34668198227882385
0.3466819226741791
0.3466818928718567
0.34668198227882385
0.3466819226741791
0.3466818928718567
0.3466818332672119
0.3466818928718567
0.3466818332672119
0.3466818928718567
0.3466819226741791
0.3466818332672119
0.3466818332672119
0.3466819226741791
0.3466818034648895
0.3466818034648895
0.3466818034648895
0.34668177366256714
0.34668174386024475
0.34668177366256714
0.34668174386024475
0.34668174386024475
0.34668171405792236
0.3466818928718567
0.34668174386024475
0.34668174386024475
0.34668171405792236
0.3466818034648895
0.3466816842556
0.34668171405792236
0.34668174386024475
0.34668174386024475
0.34668171405792236
0.34668171405792236
0.3466815948486328
0.34668171405792236
0.3466816246509552
0.34668171405792236
0.3466815948486328
0.3466816246509552
0.3466815948486328
0.34668171405792236
0.3466815948486328
0.3466816246509552
0.3466815948486328
0.34668171405792236
0.3466815948486328
0.34668150544166565
0.3466815650463104
0.3466815948486328
0.34668153524398804
0.34668150544166565
0.34668153524398804
0.34668150544166565
0.34668153524398804
0.34668150544166565
0.34668147563934326
0.34668147563934326
0.3466814458370209
0.34668147563934326
0.3466814458370209
0.3466813564300537
0.3466813862323761
0.34668147563934326
0.3466814458370209
0.3466813862323761
0.3466813862323761
0.3466813564300537
0.3466813564300537
0.3466813862323761
0.3466813862323761
0.3466813862323761
0.3466814458370209
0.34668147563934326
0.3466813564300537
0.3466813564300537
0.3466813266277313
0.34668129682540894
0.34668126702308655
0.3466813564300537
0.34668129682540894
0.3466813266277313
0.34668129682540894
0.34668147563934326
0.34668153524398804
0.34668126702308655
0.34668123722076416
0.34668123722076416
0.34668126702308655
0.34668123722076416
0.34668123722076416
0.34668123722076416
0.34668123722076416
0.3466812074184418
0.3466812074184418
0.346681147813797
0.3466812074184418
0.346681147813797
0.34668126702308655
0.34668126702308655
0.34668126702308655
0.3466812074184418
0.3466812074184418
0.3466811180114746
0.34668105840682983
0.346681147813797
0.3466811180114746
0.3466812074184418
0.346681147813797
0.34668123722076416
0.34668105840682983
0.34668105840682983
0.3466810882091522
0.3466810882091522
0.3466811180114746
0.3466810882091522
0.3466810882091522
0.34668105840682983
0.34668102860450745
0.34668099880218506
0.34668099880218506
0.34668102860450745
0.34668105840682983
0.34668105840682983
0.34668099880218506
0.34668105840682983
0.34668099880218506
0.3466808795928955
0.34668099880218506
0.34668099880218506
0.34668099880218506
0.34668105840682983
0.3466809391975403
0.34668099880218506
0.3466809391975403
0.3466808795928955
0.3466809093952179
0.3466808497905731
0.3466809093952179
0.3466808795928955
0.3466809391975403
0.3466808497905731
0.3466808497905731
0.3466808497905731
0.3466809093952179
0.3466808497905731
0.3466808795928955
0.34668081998825073
0.3466808497905731
0.3466808795928955
0.3466808497905731
0.34668081998825073
0.34668076038360596
0.34668079018592834
0.34668076038360596
0.3466807007789612
0.34668076038360596
0.3466807007789612
0.34668079018592834
0.3466807007789612
0.3466807007789612
0.34668079018592834
0.34668079018592834
0.34668076038360596
0.3466806411743164
0.3466806411743164
0.34668081998825073
0.3466806411743164
0.34668079018592834
0.3466807007789612
0.3466806411743164
0.346680611371994
0.3466806709766388
0.3466806411743164
0.34668055176734924
0.346680611371994
0.34668055176734924
0.346680611371994
0.34668058156967163
0.3466804623603821
0.34668055176734924
0.34668055176734924
0.346680611371994
0.346680611371994
0.34668052196502686
0.34668058156967163
0.34668058156967163
0.34668052196502686
0.34668052196502686
0.34668052196502686
0.34668058156967163
0.34668052196502686
0.3466804027557373
0.34668058156967163
0.34668055176734924
0.3466804623603821
0.34668052196502686
0.34668052196502686
0.3466804623603821
0.34668058156967163
0.3466803729534149
0.3466804325580597
0.3466804027557373
0.3466804027557373
0.3466804027557373
0.3466804325580597
0.34668034315109253
0.34668052196502686
0.3466804325580597
0.3466803729534149
0.3466804027557373
0.3466804325580597
0.3466803729534149
0.34668034315109253
0.34668031334877014
0.3466801643371582
0.34668031334877014
0.34668034315109253
0.34668031334877014
0.34668031334877014
0.346680223941803
0.34668031334877014
0.346680223941803
0.34668028354644775
0.346680223941803
0.346680223941803
0.346680223941803
0.34668034315109253
0.34668028354644775
0.34668034315109253
0.3466801941394806
0.3466801941394806
0.3466801941394806
0.346680223941803
0.3466801643371582
0.346680223941803
0.3466801941394806
0.3466801941394806
0.3466801643371582
0.3466801047325134
0.3466801643371582
0.3466801047325134
0.3466801643371582
0.346680223941803
0.3466801047325134
0.3466801643371582
0.34668007493019104
0.3466801047325134
0.3466801345348358
0.3466801047325134
0.3466801047325134
0.3466801047325134
0.3466801047325134
0.34668007493019104
0.34668007493019104
0.3466801047325134
0.34668001532554626
0.3466799855232239
0.34668001532554626
0.3466799557209015
0.3466799855232239
0.3466799855232239
0.34668001532554626
0.34668001532554626
0.3466799557209015
0.3466799259185791
0.3466799557209015
0.3466799557209015
0.3466799259185791
0.3466799855232239
0.3466798961162567
0.3466798961162567
0.34667977690696716
0.3466798663139343
0.3466799557209015
0.3466799259185791
0.34667983651161194
0.3466799557209015
0.3466798663139343
0.3466799259185791
0.3466798663139343
0.3466798961162567
0.34667983651161194
0.3466798663139343
0.34667977690696716
0.34667983651161194
0.3466797471046448
0.34667977690696716
0.34667977690696716
0.34667977690696716
0.34667977690696716
0.3466797471046448
0.34667977690696716
0.3466798663139343
0.3466797471046448
0.3466797471046448
0.3466798663139343
0.3466797173023224
0.3466797173023224
0.3466796875
0.3466796875
0.3466797471046448
0.3466796576976776
0.3466796875
0.3466797173023224
0.3466797173023224
0.3466797471046448
0.3466796576976776
0.3466796576976776
0.34667953848838806
0.3466796278953552
0.3466796875
0.3466796576976776
0.3466796576976776
0.34667959809303284
0.34667959809303284
0.3466795086860657
0.34667959809303284
0.34667953848838806
0.3466796278953552
0.34667953848838806
0.34667959809303284
0.3466796278953552
0.3466795086860657
0.34667953848838806
0.34667959809303284
0.3466794788837433
0.34667953848838806
0.3466794788837433
0.3466794788837433
0.3466796278953552
0.3466794490814209
0.3466794490814209
0.3466794490814209
0.3466794192790985
0.3466794192790985
0.3466793894767761
0.3466794788837433
0.3466794490814209
0.3466795086860657
0.3466794192790985
0.34667953848838806
0.3466794192790985
0.3466793894767761
0.3466794192790985
0.3466794192790985
0.3466793894767761
0.34667935967445374
0.34667930006980896
0.34667935967445374
0.34667930006980896
0.3466793894767761
0.3466792702674866
0.34667930006980896
0.34667935967445374
0.34667930006980896
0.34667935967445374
0.3466792404651642
0.3466792702674866
0.3466793894767761
0.3466792702674866
0.3466792702674866
0.3466792404651642
0.3466792404651642
0.3466792106628418
0.3466792106628418
0.3466792702674866
0.3466791808605194
0.3466791808605194
0.346679151058197
0.3466792106628418
0.34667935967445374
0.346679151058197
0.3466791808605194
0.3466792106628418
0.34667909145355225
0.346679151058197
0.34667930006980896
0.3466791808605194
0.346679151058197
0.34667906165122986
0.346679151058197
0.3466791808605194
0.3466791808605194
0.34667906165122986
0.34667909145355225
0.346679151058197
0.34667906165122986
0.3466790020465851
0.34667906165122986
0.34667909145355225
0.34667906165122986
0.34667903184890747
0.346679151058197
0.34667909145355225
0.3466790020465851
0.3466790020465851
0.3466790020465851
0.3466789722442627
0.3466790020465851
0.3466789722442627
0.3466789424419403
0.3466789424419403
0.3466789424419403
0.34667906165122986
0.3466789424419403
0.34667885303497314
0.34667909145355225
0.3466789722442627
0.3466789424419403
0.3466789126396179
0.3466789424419403
0.3466789126396179
0.3466789126396179
0.34667885303497314
0.3466789126396179
0.34667885303497314
0.34667885303497314
0.34667885303497314
0.34667885303497314
0.34667879343032837
0.3466789424419403
0.34667879343032837
0.346678763628006
0.34667882323265076
0.34667885303497314
0.34667885303497314
0.346678763628006
0.3466787338256836
0.34667879343032837
0.346678763628006
0.34667879343032837
0.34667879343032837
0.3466787040233612
0.3466787040233612
0.34667879343032837
0.3466787338256836
0.3466787040233612
0.3466787338256836
0.3466787040233612
0.3466786742210388
0.3466787040233612
0.346678763628006
0.3466787338256836
0.3466786742210388
0.3466786742210388
0.34667861461639404
0.3466787338256836
0.34667858481407166
0.3466787338256836
0.34667861461639404
0.3466787040233612
0.34667858481407166
0.34667861461639404
0.3466786742210388
0.34667858481407166
0.34667861461639404
0.3466785252094269
0.3466785252094269
0.34667858481407166
0.3466785252094269
0.3466784954071045
0.34667858481407166
0.34667855501174927
0.34667855501174927
0.3466784656047821
0.3466784656047821
0.3466784656047821
0.3466785252094269
0.3466784656047821
0.3466784656047821
0.3466784954071045
0.3466784358024597
0.3466784358024597
0.34667855501174927
0.3466784656047821
0.3466784954071045
0.34667855501174927
0.3466784954071045
0.3466784358024597
0.3466784358024597
0.3466784358024597
0.34667837619781494
0.34667834639549255
0.34667837619781494
0.34667834639549255
0.34667831659317017
0.3466782867908478
0.3466782569885254
0.34667831659317017
0.34667831659317017
0.34667834639549255
0.3466782569885254
0.34667831659317017
0.34667831659317017
0.34667831659317017
0.3466781675815582
0.34667831659317017
0.3466781675815582
0.3466781675815582
0.34667831659317017
0.3466782569885254
0.346678227186203
0.34667834639549255
0.34667831659317017
0.3466784954071045
0.34667813777923584
0.34667813777923584
0.346678227186203
0.34667810797691345
0.3466781675815582
0.34667813777923584
0.3466781675815582
0.34667810797691345
0.34667813777923584
0.3466781675815582
0.34667834639549255
0.34667813777923584
0.3466780483722687
0.34667813777923584
0.3466780185699463
0.3466780185699463
0.34667807817459106
0.34667807817459106
0.34667810797691345
0.3466780185699463
0.3466780483722687
0.34667810797691345
0.3466779887676239
0.3466780185699463
0.3466779887676239
0.3466780185699463
0.3466780483722687
0.34667807817459106
0.34667807817459106
0.3466780185699463
0.3466780483722687
0.3466779887676239
0.3466779291629791
0.3466779887676239
0.3466779291629791
0.34667789936065674
0.34667789936065674
0.34667786955833435
0.34667807817459106
0.34667807817459106
0.3466779887676239
0.34667789936065674
0.34667786955833435
0.34667789936065674
0.34667789936065674
0.34667786955833435
0.3466779291629791
0.34667786955833435
0.34667783975601196
0.34667783975601196
0.34667783975601196
0.34667783975601196
0.3466778099536896
0.3466778099536896
0.34667783975601196
0.3466777801513672
0.34667786955833435
0.3466778099536896
0.3466777801513672
0.3466777503490448
0.3466777503490448
0.3466777801513672
0.3466777801513672
0.3466776907444
0.3466776907444
0.3466776907444
0.3466777801513672
0.3466776907444
0.34667783975601196
0.3466777503490448
0.3466777801513672
0.3466776907444
0.34667760133743286
0.34667766094207764
0.3466777801513672
0.3466776907444
0.34667766094207764
0.3466775715351105
0.34667766094207764
0.34667763113975525
0.3466777503490448
0.3466774821281433
0.34667763113975525
0.34667760133743286
0.3466775715351105
0.3466775417327881
0.3466775715351105
0.34667763113975525
0.3466774821281433
0.34667763113975525
0.3466775715351105
0.3466774821281433
0.3466774821281433
0.34667760133743286
0.3466774821281433
0.3466774523258209
0.3466774821281433
0.34667763113975525
0.3466774523258209
0.3466774523258209
0.3466774523258209
0.3466774523258209
0.3466774523258209
0.3466774523258209
0.34667742252349854
0.3466774821281433
0.34667736291885376
0.34667742252349854
0.34667736291885376
0.34667742252349854
0.3466774523258209
0.3466774523258209
0.34667736291885376
0.3466774523258209
0.346677303314209
0.34667742252349854
0.34667742252349854
0.34667733311653137
0.34667733311653137
0.34667736291885376
0.3466772437095642
0.34667733311653137
0.34667736291885376
0.34667760133743286
0.3466772437095642
0.346677303314209
0.346677303314209
0.3466772437095642
0.34667736291885376
0.3466772139072418
0.346677303314209
0.34667718410491943
0.3466772139072418
0.34667733311653137
0.3466772139072418
0.3466772139072418
0.34667718410491943
0.3466772437095642
0.346677303314209
0.34667718410491943
0.3466772437095642
0.3466772139072418
0.3466772437095642
0.34667712450027466
0.34667715430259705
0.34667709469795227
0.3466770052909851
0.34667712450027466
0.34667718410491943
0.34667715430259705
0.3466770648956299
0.34667712450027466
0.34667718410491943
0.34667712450027466
0.34667715430259705
0.3466769754886627
0.3466770052909851
0.34667712450027466
0.3466769754886627
0.3466770648956299
0.34667709469795227
0.3466770648956299
0.3466769754886627
0.34667694568634033
0.3466769754886627
0.3466770648956299
0.3466770052909851
0.34667694568634033
0.3466769754886627
0.3466770648956299
0.3466769754886627
0.3466769754886627
0.3466769754886627
0.34667691588401794
0.34667694568634033
0.3466769754886627
0.3466769754886627
0.34667685627937317
0.3466770052909851
0.34667688608169556
0.34667691588401794
0.34667694568634033
0.34667685627937317
0.34667688608169556
0.34667685627937317
0.34667688608169556
0.34667691588401794
0.34667685627937317
0.3466768264770508
0.3466768264770508
0.346676766872406
0.3466768264770508
0.3466767370700836
0.3466768264770508
0.3466767370700836
0.3466767370700836
0.3466767370700836
0.3466768264770508
0.346676766872406
0.3466767370700836
0.346676766872406
0.3466768264770508
0.346676766872406
0.346676766872406
0.3466768264770508
0.34667664766311646
0.34667667746543884
0.3466767370700836
0.34667661786079407
0.34667667746543884
0.34667667746543884
0.34667670726776123
0.34667661786079407
0.3466767370700836
0.34667670726776123
0.34667661786079407
0.34667667746543884
0.34667664766311646
0.3466765582561493
0.34667661786079407
0.3466765582561493
0.34667661786079407
0.34667667746543884
0.3466765284538269
0.3466765284538269
0.3466765284538269
0.34667661786079407
0.3466765284538269
0.3466765284538269
0.3466765284538269
0.34667646884918213
0.3466765582561493
0.34667643904685974
0.3466765582561493
0.3466765582561493
0.3466764986515045
0.3466764986515045
0.34667646884918213
0.3466765284538269
0.3466765284538269
0.3466764986515045
0.34667640924453735
0.34667646884918213
0.3466765284538269
0.34667640924453735
0.34667646884918213
0.34667637944221497
0.34667640924453735
0.34667646884918213
0.34667640924453735
0.34667643904685974
0.34667637944221497
0.3466764986515045
0.34667637944221497
0.3466763198375702
0.3466763198375702
0.34667637944221497
0.34667640924453735
0.3466762602329254
0.34667637944221497
0.3466762900352478
0.3466762602329254
0.3466762602329254
0.3466763198375702
0.34667643904685974
0.34667620062828064
0.3466763198375702
0.3466762602329254
0.346676230430603
0.3466763198375702
0.3466762602329254
0.3466762602329254
0.346676230430603
0.346676230430603
0.3466762602329254
0.3466762602329254
0.34667614102363586
0.34667614102363586
0.34667614102363586
0.34667617082595825
0.34667620062828064
0.346676230430603
0.34667617082595825
0.34667620062828064
0.34667614102363586
0.34667614102363586
0.34667620062828064
0.3466760516166687
0.3466760516166687
0.34667614102363586
0.3466760516166687
0.34667617082595825
0.3466760814189911
0.3466760218143463
0.3466760516166687
0.34667614102363586
0.3466760814189911
0.3466760516166687
0.3466760218143463
0.3466760516166687
0.34667596220970154
0.34667593240737915
0.3466760218143463
0.3466760218143463
0.34667596220970154
0.3466760516166687
0.34667593240737915
0.34667596220970154
0.34667596220970154
0.3466760218143463
0.34667593240737915
0.34667596220970154
0.3466759920120239
0.34667593240737915
0.34667590260505676
0.3466758131980896
0.346675843000412
0.34667590260505676
0.34667593240737915
0.34667590260505676
0.3466760516166687
0.346675843000412
0.346675843000412
0.346675843000412
0.346675843000412
0.3466757833957672
0.346675843000412
0.3466757833957672
0.346675843000412
0.3466758131980896
0.346675843000412
0.346675843000412
0.3466758131980896
0.34667590260505676
0.346675843000412
0.346675843000412
0.34667572379112244
0.3466757833957672
0.3466757535934448
0.34667569398880005
0.3466757535934448
0.34667572379112244
0.34667569398880005
0.3466756343841553
0.34667569398880005
0.3466756343841553
0.34667569398880005
0.3466756343841553
0.34667569398880005
0.3466755747795105
0.3466756343841553
0.34667569398880005
0.3466756343841553
0.34667569398880005
0.3466757535934448
0.3466755747795105
0.3466756343841553
0.3466755747795105
0.3466755747795105
0.3466755747795105
0.3466755747795105
0.3466755449771881
0.3466755747795105
0.3466756343841553
0.3466755449771881
0.3466755151748657
0.3466755747795105
0.3466755151748657
0.3466755449771881
0.3466755151748657
0.3466755449771881
0.34667545557022095
0.3466755151748657
0.3466755151748657
0.34667545557022095
0.3466756343841553
0.3466755151748657
0.34667548537254333
0.34667545557022095
0.34667539596557617
0.34667539596557617
0.34667545557022095
0.3466755449771881
0.34667545557022095
0.34667539596557617
0.34667539596557617
0.34667548537254333
0.3466752767562866
0.346675306558609
0.3466753661632538
0.34667539596557617
0.3466753661632538
0.346675306558609
0.346675306558609
0.34667539596557617
0.34667539596557617
0.3466753363609314
0.3466752767562866
0.3466752767562866
0.34667521715164185
0.3466753661632538
0.346675306558609
0.3466752767562866
0.34667524695396423
0.3466752767562866
0.34667521715164185
0.34667521715164185
0.3466752767562866
0.34667515754699707
0.34667524695396423
0.346675306558609
0.34667515754699707
0.34667515754699707
0.34667521715164185
0.34667521715164185
0.3466751277446747
0.34667515754699707
0.3466751277446747
0.3466751277446747
0.3466750681400299
0.34667515754699707
0.34667515754699707
0.34667524695396423
0.3466750681400299
0.3466751277446747
0.3466750681400299
0.3466750979423523
0.3466750681400299
0.3466751277446747
0.3466750681400299
0.3466751277446747
0.3466750979423523
0.34667500853538513
0.3466750681400299
0.3466750383377075
0.3466750383377075
0.34667494893074036
0.3466750383377075
0.34667500853538513
0.34667494893074036
0.34667500853538513
0.34667491912841797
0.34667494893074036
0.34667500853538513
0.34667500853538513
0.34667494893074036
0.34667494893074036
0.3466748595237732
0.3466748893260956
0.3466748595237732
0.3466748893260956
0.3466748595237732
0.3466748595237732
0.3466748893260956
0.3466748893260956
0.3466748297214508
0.3466750383377075
0.3466748893260956
0.3466748893260956
0.3466748595237732
0.3466748297214508
0.3466748297214508
0.3466748595237732
0.3466748297214508
0.34667477011680603
0.3466747999191284
0.3466748595237732
0.34667477011680603
0.3466747999191284
0.34667491912841797
0.3466748595237732
0.3466748893260956
0.34667477011680603
0.34667468070983887
0.34667471051216125
0.34667468070983887
0.34667471051216125
0.34667477011680603
0.34667468070983887
0.3466747999191284
0.3466748595237732
0.34667471051216125
0.34667468070983887
0.34667477011680603
0.3466746211051941
0.3466746509075165
0.3466745913028717
0.3466747999191284
0.3466745913028717
0.3466746211051941
0.34667468070983887
0.3466746211051941
0.3466746509075165
0.3466746211051941
0.3466745913028717
0.3466745913028717
0.3466745913028717
0.3466746211051941
0.34667447209358215
0.3466745615005493
0.3466745615005493
0.3466745615005493
0.3466745913028717
0.34667453169822693
0.34667453169822693
0.34667453169822693
0.34667447209358215
0.34667453169822693
0.34667453169822693
0.34667447209358215
0.3466744124889374
0.34667444229125977
0.34667447209358215
0.34667447209358215
0.34667444229125977
0.34667447209358215
0.34667453169822693
0.3466744124889374
0.34667444229125977
0.3466744124889374
0.34667447209358215
0.3466744124889374
0.3466744124889374
0.34667453169822693
0.3466743528842926
0.3466743230819702
0.346674382686615
0.34667444229125977
0.346674382686615
0.3466742932796478
0.3466743528842926
0.3466744124889374
0.3466743230819702
0.3466743230819702
0.3466743230819702
0.3466743230819702
0.3466743230819702
0.34667423367500305
0.3466743230819702
0.3466742932796478
0.3466743528842926
0.3466742932796478
0.3466741442680359
0.3466741740703583
0.3466743528842926
0.3466742932796478
0.3466741740703583
0.34667420387268066
0.34667420387268066
0.34667420387268066
0.3466742932796478
0.3466744124889374
0.3466741740703583
0.3466741740703583
0.34667423367500305
0.3466740846633911
0.34667423367500305
0.3466741740703583
0.3466741740703583
0.34667423367500305
0.3466741740703583
0.3466741144657135
0.3466741442680359
0.3466740846633911
0.3466741144657135
0.34667402505874634
0.3466740846633911
0.34667402505874634
0.3466741740703583
0.34667399525642395
0.34667402505874634
0.3466741144657135
0.34667402505874634
0.3466740846633911
0.34667396545410156
0.34667420387268066
0.34667396545410156
0.34667396545410156
0.3466740846633911
0.34667399525642395
0.3466740846633911
0.34667396545410156
0.3466739356517792
0.3466739356517792
0.3466739356517792
0.34667396545410156
0.346673846244812
0.34667399525642395
0.34667399525642395
0.3466739058494568
0.3466738760471344
0.346673846244812
0.3466738760471344
0.3466739356517792
0.3466738760471344
0.3466739058494568
0.34667378664016724
0.3466738760471344
0.346673846244812
0.34667375683784485
0.34667378664016724
0.346673846244812
0.3466738760471344
0.3466738760471344
0.34667378664016724
0.3466738760471344
0.34667378664016724
0.34667372703552246
0.34667378664016724
0.3466738760471344
0.3466736972332001
0.34667378664016724
0.3466738760471344
0.34667375683784485
0.3466736972332001
0.34667372703552246
0.34667375683784485
0.34667372703552246
0.34667375683784485
0.3466736674308777
0.3466736972332001
0.3466736376285553
0.3466736674308777
0.3466736376285553
0.3466736674308777
0.3466736674308777
0.3466736972332001
0.34667375683784485
0.3466736078262329
0.3466736078262329
0.3466736972332001
0.3466738760471344
0.3466736674308777
0.3466736078262329
0.3466736078262329
0.3466736078262329
0.3466736078262329
0.34667354822158813
0.34667348861694336
0.34667354822158813
0.34667348861694336
0.3466736376285553
0.34667351841926575
0.34667351841926575
0.34667351841926575
0.34667348861694336
0.34667348861694336
0.34667348861694336
0.34667354822158813
0.34667348861694336
0.34667354822158813
0.34667351841926575
0.34667351841926575
0.34667348861694336
0.3466733992099762
0.34667345881462097
0.34667348861694336
0.34667345881462097
0.3466734290122986
0.34667351841926575
0.3466733992099762
0.3466733694076538
0.34667351841926575
0.34667345881462097
0.3466733992099762
0.3466733992099762
0.3466734290122986
0.34667345881462097
0.34667328000068665
0.34667348861694336
0.34667345881462097
0.34667330980300903
0.34667330980300903
0.3466733694076538
0.34667330980300903
0.34667328000068665
0.3466733992099762
0.34667330980300903
0.34667325019836426
0.34667330980300903
0.34667322039604187
0.3466733694076538
0.34667325019836426
0.34667322039604187
0.3466733992099762
0.34667325019836426
0.34667325019836426
0.3466731905937195
0.34667325019836426
0.3466731905937195
0.3466731905937195
0.34667325019836426
0.3466731607913971
0.3466731905937195
0.3466731607913971
0.3466731011867523
0.3466731011867523
0.3466731905937195
0.3466731607913971
0.3466731011867523
0.3466731905937195
0.34667307138442993
0.3466731011867523
0.34667307138442993
0.34667307138442993
0.34667307138442993
0.34667301177978516
0.34667304158210754
0.34667304158210754
0.34667301177978516
0.3466731607913971
0.34667307138442993
0.34667307138442993
0.34667298197746277
0.34667298197746277
0.34667301177978516
0.3466731607913971
0.34667301177978516
0.34667307138442993
0.34667298197746277
0.34667298197746277
0.3466729521751404
0.34667301177978516
0.3466729521751404
0.34667301177978516
0.3466728627681732
0.3466728627681732
0.3466729521751404
0.3466728627681732
0.34667298197746277
0.3466728627681732
0.34667301177978516
0.346672922372818
0.346672922372818
0.3466728627681732
0.34667283296585083
0.34667283296585083
0.34667283296585083
0.34667283296585083
0.34667283296585083
0.3466728627681732
0.34667280316352844
0.34667283296585083
0.34667298197746277
0.34667277336120605
0.34667280316352844
0.34667277336120605
0.34667283296585083
0.34667280316352844
0.34667274355888367
0.3466727137565613
0.3466727137565613
0.3466727137565613
0.34667274355888367
0.34667274355888367
0.3466726243495941
0.34667277336120605
0.3466727137565613
0.3466726839542389
0.3466727137565613
0.3466726243495941
0.3466727137565613
0.34667259454727173
0.3466727137565613
0.3466726243495941
0.34667256474494934
0.34667256474494934
0.3466726243495941
0.3466727137565613
0.3466726839542389
0.34667256474494934
0.34667256474494934
0.34667256474494934
0.34667256474494934
0.3466726243495941
0.34667259454727173
0.34667256474494934
0.34667259454727173
0.34667259454727173
0.34667274355888367
0.34667259454727173
0.34667256474494934
0.34667250514030457
0.34667256474494934
0.34667250514030457
0.3466724753379822
0.3466724157333374
0.34667253494262695
0.34667259454727173
0.34667256474494934
0.34667253494262695
0.3466724753379822
0.34667250514030457
0.34667250514030457
0.34667232632637024
0.3466724157333374
0.3466724157333374
0.3466724157333374
0.346672385931015
0.3466723561286926
0.34667250514030457
0.3466723561286926
0.34667232632637024
0.3466724753379822
0.34667232632637024
0.34667232632637024
0.3466723561286926
0.34667226672172546
0.34667226672172546
0.34667229652404785
0.34667229652404785
0.3466724157333374
0.34667229652404785
0.34667226672172546
0.34667229652404785
0.34667229652404785
0.34667229652404785
0.34667232632637024
0.34667229652404785
0.34667226672172546
0.3466722369194031
0.3466721773147583
0.3466722369194031
0.3466722369194031
0.3466722369194031
0.3466721773147583
0.3466721773147583
0.3466721773147583
0.3466722369194031
0.3466721177101135
0.3466722369194031
0.3466721475124359
0.3466721475124359
0.34667208790779114
0.3466722369194031
0.3466721177101135
0.3466722369194031
0.34667208790779114
0.3466721177101135
0.3466721177101135
0.34667208790779114
0.34667208790779114
0.3466721475124359
0.346671998500824
0.34667208790779114
0.34667205810546875
0.34667205810546875
0.34667205810546875
0.34667205810546875
0.3466721475124359
0.3466721475124359
0.34667202830314636
0.3466719388961792
0.34667202830314636
0.34667205810546875
0.34667202830314636
0.34667202830314636
0.34667202830314636
0.34667208790779114
0.3466719090938568
0.34667202830314636
0.34667202830314636
0.34667208790779114
0.34667202830314636
0.34667202830314636
0.3466718792915344
0.346671998500824
0.346671998500824
0.3466718792915344
0.3466719090938568
0.3466718792915344
0.3466718792915344
0.3466718792915344
0.3466718792915344
0.34667184948921204
0.34667181968688965
0.3466718792915344
0.34667181968688965
0.34667184948921204
0.34667178988456726
0.3466717004776001
0.3466717600822449
0.34667178988456726
0.3466717004776001
0.34667178988456726
0.34667181968688965
0.3466718792915344
0.3466717600822449
0.34667178988456726
0.3466717600822449
0.3466717004776001
0.3466717600822449
0.3466717004776001
0.34667184948921204
0.3466717004776001
0.3466717600822449
0.3466717600822449
0.34667181968688965
0.3466716408729553
0.34667181968688965
0.34667161107063293
0.3466716706752777
0.3466716408729553
0.3466717600822449
0.34667161107063293
0.3466716408729553
0.3466716706752777
0.3466716706752777
0.34667158126831055
0.34667161107063293
0.34667161107063293
0.3466716408729553
0.34667155146598816
0.34667161107063293
0.34667158126831055
0.346671462059021
0.3466714918613434
0.34667155146598816
0.34667158126831055
0.34667161107063293
0.3466716706752777
0.34667161107063293
0.346671462059021
0.3466714918613434
0.3466714918613434
0.34667155146598816
0.34667155146598816
0.3466714024543762
0.3466714322566986
0.346671462059021
0.3466714024543762
0.3466714322566986
0.3466714918613434
0.3466714322566986
0.3466714322566986
0.346671462059021
0.346671462059021
0.3466714322566986
0.3466714322566986
0.3466714322566986
0.34667137265205383
0.34667131304740906
0.3466714322566986
0.3466714322566986
0.3466714024543762
0.34667134284973145
0.34667137265205383
0.346671462059021
0.34667137265205383
0.34667131304740906
0.34667134284973145
0.34667137265205383
0.3466712534427643
0.3466712534427643
0.3466712236404419
0.3466712236404419
0.3466712534427643
0.3466712534427643
0.34667131304740906
0.3466711938381195
0.3466712236404419
0.3466712534427643
0.3466712534427643
0.3466714322566986
0.3466711938381195
0.3466712534427643
0.3466711640357971
0.3466711938381195
0.3466711640357971
0.34667131304740906
0.3466711938381195
0.3466711640357971
0.3466711640357971
0.34667113423347473
0.34667113423347473
0.34667110443115234
0.34667110443115234
0.3466711640357971
0.34667107462882996
0.3466712534427643
0.34667107462882996
0.34667107462882996
0.3466710150241852
0.3466709852218628
0.3466712534427643
0.3466709852218628
0.3466711938381195
0.34667113423347473
0.34667110443115234
0.3466710150241852
0.3466710150241852
0.3466709852218628
0.3466709852218628
0.346670925617218
0.346670925617218
0.346670925617218
0.3466709852218628
0.34667107462882996
0.346670925617218
0.3466709554195404
0.3466709852218628
0.3466709852218628
0.34667089581489563
0.3466709554195404
0.34667086601257324
0.346670925617218
0.34667089581489563
0.34667089581489563
0.34667083621025085
0.34667083621025085
0.3466709852218628
0.34667086601257324
0.34667089581489563
0.34667086601257324
0.34667086601257324
0.34667086601257324
0.34667083621025085
0.34667083621025085
0.3466707170009613
0.34667086601257324
0.34667086601257324
0.3466707766056061
0.34667083621025085
0.3466707766056061
0.3466707468032837
0.346670925617218
0.3466707766056061
0.34667065739631653
0.3466707468032837
0.3466706871986389
0.3466707766056061
0.3466707170009613
0.3466707766056061
0.3466707766056061
0.34667062759399414
0.3466706871986389
0.3466706871986389
0.34667065739631653
0.34667065739631653
0.3466707170009613
0.3466707170009613
0.34667062759399414
0.34667062759399414
0.34667065739631653
0.34667062759399414
0.34667065739631653
0.34667056798934937
0.34667062759399414
0.3466706871986389
0.34667065739631653
0.34667065739631653
0.3466707170009613
0.34667065739631653
0.34667062759399414
0.34667056798934937
0.3466705083847046
0.34667062759399414
0.34667056798934937
0.3466705083847046
0.346670538187027
0.34667062759399414
0.3466705083847046
0.34667056798934937
0.346670538187027
0.346670538187027
0.3466704785823822
0.3466704785823822
0.346670538187027
0.3466704785823822
0.346670538187027
0.3466704487800598
0.3466704189777374
0.34667038917541504
0.3466704785823822
0.3466704189777374
0.3466704487800598
0.3466702997684479
0.3466704785823822
0.34667038917541504
0.34667038917541504
0.34667032957077026
0.34667032957077026
0.34667032957077026
0.34667038917541504
0.3466702997684479
0.3466702997684479
0.34667038917541504
0.3466702699661255
0.3466704487800598
0.3466702699661255
0.3466704189777374
0.3466702997684479
0.3466702699661255
0.3466702997684479
0.3466702103614807
0.3466702401638031
0.3466702997684479
0.3466702997684479
0.3466702997684479
0.3466702997684479
0.3466702103614807
0.3466702699661255
0.34667015075683594
0.3466702103614807
0.34667038917541504
0.3466702401638031
0.3466701805591583
0.3466701805591583
0.3466702103614807
0.3466701805591583
0.34667009115219116
0.3466701805591583
0.34667015075683594
0.34667015075683594
0.3466700613498688
0.34667009115219116
0.3466700613498688
0.34667015075683594
0.34667015075683594
0.3466700613498688
0.3466700315475464
0.34667015075683594
0.34667009115219116
0.346670001745224
0.346670001745224
0.3466700315475464
0.3466699421405792
0.3466700315475464
0.346670001745224
0.3466699421405792
0.346670001745224
0.3466699719429016
0.346670001745224
0.3466699719429016
0.34667009115219116
0.3466700315475464
0.3466700315475464
0.3466699719429016
0.34667015075683594
0.3466700315475464
0.3466699421405792
0.3466699719429016
0.346670001745224
0.346670001745224
0.34666988253593445
0.3466699719429016
0.34666988253593445
0.34666985273361206
0.34666988253593445
0.3466698229312897
0.34666985273361206
0.34666988253593445
0.34666988253593445
0.3466699421405792
0.34666985273361206
0.34666985273361206
0.34666985273361206
0.34666988253593445
0.3466697931289673
0.34666985273361206
0.3466697633266449
0.34666985273361206
0.3466697335243225
0.3466697633266449
0.3466697037220001
0.3466697037220001
0.3466697335243225
0.3466697335243225
0.3466697335243225
0.3466697633266449
0.3466697037220001
0.3466697335243225
0.3466697931289673
0.3466697037220001
0.3466697931289673
0.3466697037220001
0.34666961431503296
0.3466697037220001
0.3466697037220001
0.34666961431503296
0.34666961431503296
0.3466697037220001
0.34666964411735535
0.34666958451271057
0.34666961431503296
0.3466695547103882
0.34666961431503296
0.34666961431503296
0.3466695249080658
0.3466695547103882
0.3466694951057434
0.34666961431503296
0.34666958451271057
0.3466695249080658
0.34666961431503296
0.3466695249080658
0.3466694951057434
0.3466694951057434
0.3466695547103882
0.346669465303421
0.3466695249080658
0.3466694951057434
0.3466695249080658
0.346669465303421
0.346669465303421
0.3466695249080658
0.34666958451271057
0.34666940569877625
0.3466694951057434
0.3466695249080658
0.3466695547103882
0.346669465303421
0.34666940569877625
0.3466693162918091
0.3466693162918091
0.34666940569877625
0.34666934609413147
0.34666940569877625
0.34666940569877625
0.3466693162918091
0.34666937589645386
0.34666934609413147
0.3466693162918091
0.34666934609413147
0.34666934609413147
0.3466693162918091
0.3466692864894867
0.3466692864894867
0.3466692566871643
0.3466693162918091
0.3466692566871643
0.3466692268848419
0.3466692566871643
0.3466693162918091
0.3466692864894867
0.3466692566871643
0.3466692268848419
0.3466692268848419
0.3466692566871643
0.3466692268848419
0.3466692268848419
0.34666913747787476
0.3466692268848419
0.3466692268848419
0.3466692268848419
0.3466692268848419
0.34666913747787476
0.34666913747787476
0.3466692566871643
0.3466692268848419
0.34666913747787476
0.34666916728019714
0.34666916728019714
0.34666913747787476
0.34666910767555237
0.34666913747787476
0.3466692864894867
0.3466690480709076
0.3466690182685852
0.34666907787323
0.34666913747787476
0.3466692566871643
0.34666895866394043
0.3466690182685852
0.3466690480709076
0.3466690182685852
0.3466690182685852
0.3466690480709076
0.3466690182685852
0.34666907787323
0.34666889905929565
0.34666907787323
0.34666892886161804
0.3466690182685852
0.34666889905929565
0.34666889905929565
0.3466690480709076
0.34666889905929565
0.34666895866394043
0.34666895866394043
0.34666892886161804
0.34666886925697327
0.34666889905929565
0.34666895866394043
0.34666889905929565
0.34666886925697327
0.3466688394546509
0.3466688096523285
0.34666886925697327
0.3466687798500061
0.3466687798500061
0.3466688394546509
0.3466688394546509
0.34666889905929565
0.34666886925697327
0.3466688096523285
0.3466687798500061
0.34666886925697327
0.3466687798500061
0.3466688096523285
0.34666886925697327
0.3466687798500061
0.34666872024536133
0.3466687798500061
0.3466688096523285
0.34666872024536133
0.34666869044303894
0.34666872024536133
0.3466688394546509
0.34666863083839417
0.34666863083839417
0.34666866064071655
0.34666872024536133
0.34666869044303894
0.34666866064071655
0.34666866064071655
0.3466686010360718
0.3466686010360718
0.34666866064071655
0.34666869044303894
0.3466686010360718
0.34666866064071655
0.34666866064071655
0.34666863083839417
0.3466686010360718
0.3466686010360718
0.3466686010360718
0.3466686010360718
0.3466686010360718
0.34666866064071655
0.3466685712337494
0.3466685712337494
0.346668541431427
0.346668541431427
0.3466685712337494
0.3466684818267822
0.3466684818267822
0.346668541431427
0.3466685712337494
0.346668541431427
0.34666842222213745
0.34666845202445984
0.3466684818267822
0.34666845202445984
0.3466684818267822
0.346668541431427
0.3466684818267822
0.34666842222213745
0.34666842222213745
0.34666839241981506
0.34666845202445984
0.34666842222213745
0.34666842222213745
0.3466683328151703
0.3466683328151703
0.3466684818267822
0.3466683626174927
0.3466686010360718
0.3466683626174927
0.3466683030128479
0.3466683328151703
0.3466683030128479
0.3466683328151703
0.3466683626174927
0.3466682434082031
0.3466683328151703
0.3466683626174927
0.3466683328151703
0.3466683328151703
0.3466683030128479
0.3466683328151703
0.3466684818267822
0.3466682434082031
0.3466683030128479
0.3466682434082031
0.34666818380355835
0.34666818380355835
0.34666818380355835
0.34666818380355835
0.34666821360588074
0.34666818380355835
0.34666821360588074
0.34666818380355835
0.34666815400123596
0.3466681241989136
0.34666815400123596
0.34666815400123596
0.3466681241989136
0.34666815400123596
0.3466681241989136
0.3466681241989136
0.34666818380355835
0.3466681241989136
0.34666815400123596
0.3466680943965912
0.3466681241989136
0.3466680347919464
0.3466680943965912
0.34666797518730164
0.346668004989624
0.3466680347919464
0.34666797518730164
0.34666797518730164
0.3466680943965912
0.3466680943965912
0.34666797518730164
0.346668004989624
0.346668004989624
0.34666794538497925
0.346668004989624
0.34666794538497925
0.3466680347919464
0.3466680347919464
0.34666794538497925
0.34666797518730164
0.34666797518730164
0.3466680347919464
0.3466678857803345
0.34666794538497925
0.3466678857803345
0.34666791558265686
0.3466678857803345
0.3466678559780121
0.34666797518730164
0.3466678559780121
0.34666791558265686
0.3466678559780121
0.3466677963733673
0.3466678857803345
0.3466678559780121
0.3466678559780121
0.34666791558265686
0.3466677963733673
0.3466677963733673
0.3466678559780121
0.34666767716407776
0.3466678559780121
0.3466677963733673
0.34666773676872253
0.3466677963733673
0.34666770696640015
0.3466677665710449
0.3466677963733673
0.34666791558265686
0.34666767716407776
0.34666773676872253
0.34666773676872253
0.34666770696640015
0.3466677963733673
0.34666773676872253
0.34666764736175537
0.34666773676872253
0.34666773676872253
0.346667617559433
0.34666767716407776
0.34666767716407776
0.346667617559433
0.34666767716407776
0.34666764736175537
0.34666764736175537
0.3466675579547882
0.34666749835014343
0.3466675579547882
0.3466675579547882
0.34666764736175537
0.346667617559433
0.34666770696640015
0.34666746854782104
0.3466675579547882
0.346667617559433
0.34666746854782104
0.34666746854782104
0.3466675579547882
0.346667617559433
0.34666764736175537
0.3466675281524658
0.34666749835014343
0.3466675579547882
0.3466675579547882
0.3466675281524658
0.34666740894317627
0.3466675579547882
0.34666740894317627
0.34666743874549866
0.34666743874549866
0.34666746854782104
0.3466673195362091
0.34666743874549866
0.34666749835014343
0.3466675281524658
0.34666746854782104
0.34666743874549866
0.34666743874549866
0.3466673195362091
0.34666743874549866
0.3466673493385315
0.3466673493385315
0.3466673493385315
0.3466673195362091
0.3466673493385315
0.3466672897338867
0.3466673195362091
0.3466673195362091
0.3466673493385315
0.34666725993156433
0.34666725993156433
0.34666725993156433
0.3466672897338867
0.34666725993156433
0.34666725993156433
0.34666723012924194
0.34666725993156433
0.34666723012924194
0.3466672897338867
0.34666725993156433
0.34666725993156433
0.34666725993156433
0.34666717052459717
0.34666717052459717
0.34666720032691956
0.34666720032691956
0.34666725993156433
0.3466671109199524
0.34666720032691956
0.34666708111763
0.34666708111763
0.3466670513153076
0.3466671109199524
0.34666717052459717
0.3466670513153076
0.34666708111763
0.34666708111763
0.3466670513153076
0.34666708111763
0.3466670513153076
0.34666702151298523
0.3466670513153076
0.3466671109199524
0.3466670513153076
0.34666708111763
0.34666699171066284
0.34666699171066284
0.34666708111763
0.34666699171066284
0.34666693210601807
0.3466670513153076
0.34666702151298523
0.34666702151298523
0.34666702151298523
0.34666708111763
0.34666693210601807
0.3466668725013733
0.34666696190834045
0.34666699171066284
0.34666693210601807
0.34666699171066284
0.3466668725013733
0.3466668725013733
0.34666696190834045
0.3466668725013733
0.3466668426990509
0.3466668725013733
0.3466668725013733
0.34666696190834045
0.3466668128967285
0.34666693210601807
0.3466668128967285
0.3466668725013733
0.3466668128967285
0.3466668426990509
0.3466668725013733
0.34666678309440613
0.34666678309440613
0.3466668426990509
0.3466668128967285
0.34666678309440613
0.34666675329208374
0.34666678309440613
0.3466668128967285
0.3466668426990509
0.34666678309440613
0.34666678309440613
0.3466668725013733
0.3466668128967285
0.34666675329208374
0.34666669368743896
0.3466666340827942
0.34666678309440613
0.34666669368743896
0.34666675329208374
0.34666672348976135
0.34666675329208374
0.34666669368743896
0.34666669368743896
0.34666672348976135
0.3466666340827942
0.3466666042804718
0.3466666340827942
0.3466665744781494
0.34666669368743896
0.3466666042804718
0.3466665744781494
0.3466666042804718
0.3466666042804718
0.3466665744781494
0.34666675329208374
0.34666651487350464
0.3466666340827942
0.3466666042804718
0.3466666042804718
0.3466665744781494
0.346666544675827
0.34666651487350464
0.34666651487350464
0.34666648507118225
0.34666648507118225
0.34666651487350464
0.34666648507118225
0.34666648507118225
0.34666648507118225
0.34666651487350464
0.34666648507118225
0.346666544675827
0.34666648507118225
0.34666651487350464
0.3466664254665375
0.346666544675827
0.3466663658618927
0.3466663956642151
0.3466663956642151
0.346666544675827
0.3466663956642151
0.3466663956642151
0.3466663360595703
0.3466663956642151
0.3466663956642151
0.3466663360595703
0.3466663658618927
0.3466663360595703
0.3466663658618927
0.3466663062572479
0.3466663062572479
0.3466663062572479
0.34666627645492554
0.34666624665260315
0.3466663360595703
0.3466663062572479
0.3466661870479584
0.34666624665260315
0.34666624665260315
0.3466663360595703
0.3466661870479584
0.34666627645492554
0.34666624665260315
0.34666624665260315
0.34666624665260315
0.34666627645492554
0.3466661870479584
0.34666627645492554
0.3466661274433136
0.3466661274433136
0.3466661274433136
0.346666157245636
0.346666157245636
0.3466661870479584
0.3466661274433136
0.3466661274433136
0.346666157245636
0.34666627645492554
0.3466661274433136
0.34666603803634644
0.3466660976409912
0.34666627645492554
0.34666603803634644
0.346666157245636
0.3466660976409912
0.34666603803634644
0.3466660976409912
0.3466661274433136
0.3466660678386688
0.3466660976409912
0.34666603803634644
0.3466660678386688
0.34666600823402405
0.34666600823402405
0.34666600823402405
0.3466659486293793
0.3466659486293793
0.3466659188270569
0.34666600823402405
0.3466659486293793
0.34666603803634644
0.3466660678386688
0.3466660976409912
0.34666603803634644
0.3466659188270569
0.3466658890247345
0.3466659188270569
0.3466658592224121
0.3466660678386688
0.3466659188270569
0.34666603803634644
0.3466659188270569
0.3466658592224121
0.3466658890247345
0.3466658592224121
0.3466658890247345
0.3466659486293793
0.3466658294200897
0.34666579961776733
0.3466658294200897
0.3466658592224121
0.3466658294200897
0.34666579961776733
0.34666579961776733
0.34666579961776733
0.3466658294200897
0.3466658890247345
0.34666579961776733
0.3466658294200897
0.3466658592224121
0.34666571021080017
0.3466658294200897
0.3466656804084778
0.3466658294200897
0.3466656506061554
0.3466656804084778
0.34666571021080017
0.3466656804084778
0.3466656506061554
0.34666576981544495
0.3466656506061554
0.3466656506061554
0.3466656804084778
0.3466656804084778
0.3466656506061554
0.346665620803833
0.346665620803833
0.3466656804084778
0.3466656804084778
0.3466655910015106
0.34666571021080017
0.3466656506061554
0.3466656506061554
0.34666556119918823
0.3466656506061554
0.34666556119918823
0.3466655910015106
0.3466655910015106
0.3466655910015106
0.3466655910015106
0.346665620803833
0.34666556119918823
0.3466655910015106
0.34666550159454346
0.34666547179222107
0.3466654419898987
0.3466654419898987
0.34666547179222107
0.34666547179222107
0.34666547179222107
0.346665620803833
0.34666550159454346
0.34666547179222107
0.3466654121875763
0.34666547179222107
0.3466653823852539
0.34666550159454346
0.34666547179222107
0.34666556119918823
0.3466653525829315
0.3466654121875763
0.3466654121875763
0.3466653525829315
0.3466653823852539
0.34666532278060913
0.3466654419898987
0.3466654419898987
0.3466653525829315
0.3466653823852539
0.34666550159454346
0.3466653525829315
0.3466653525829315
0.3466653525829315
0.34666526317596436
0.34666532278060913
0.3466654419898987
0.34666532278060913
0.34666532278060913
0.34666523337364197
0.34666523337364197
0.34666526317596436
0.34666523337364197
0.3466651737689972
0.34666526317596436
0.3466652035713196
0.3466653525829315
0.3466651737689972
0.3466652035713196
0.3466651737689972
0.3466651737689972
0.3466651737689972
0.3466652035713196
0.34666526317596436
0.3466651737689972
0.3466651439666748
0.3466651737689972
0.34666532278060913
0.3466651439666748
0.3466651141643524
0.3466651141643524
0.3466651439666748
0.3466651141643524
0.3466651737689972
0.3466651141643524
0.34666508436203003
0.34666508436203003
0.34666502475738525
0.34666502475738525
0.34666502475738525
0.34666502475738525
0.34666508436203003
0.34666499495506287
0.34666499495506287
0.3466649651527405
0.34666502475738525
0.3466649353504181
0.34666499495506287
0.3466649651527405
0.3466649353504181
0.3466649651527405
0.3466649651527405
0.3466649353504181
0.34666499495506287
0.3466649651527405
0.3466649651527405
0.3466649055480957
0.3466649651527405
0.3466649651527405
0.3466649651527405
0.3466648757457733
0.34666481614112854
0.3466649055480957
0.3466649055480957
0.3466649055480957
0.34666481614112854
0.34666481614112854
0.3466648757457733
0.34666478633880615
0.3466649055480957
0.3466648757457733
0.3466648757457733
0.3466648757457733
0.34666481614112854
0.34666481614112854
0.34666475653648376
0.3466647267341614
0.34666475653648376
0.34666475653648376
0.34666475653648376
0.34666481614112854
0.34666478633880615
0.3466647267341614
0.346664696931839
0.3466648757457733
0.3466649055480957
0.34666475653648376
0.3466647267341614
0.346664696931839
0.34666478633880615
0.3466647267341614
0.3466646373271942
0.3466646373271942
0.346664696931839
0.34666457772254944
0.346664696931839
0.346664696931839
0.3466646373271942
0.34666457772254944
0.34666454792022705
0.3466646373271942
0.3466646373271942
0.34666454792022705
0.3466646671295166
0.3466646373271942
0.3466646373271942
0.3466646373271942
0.34666457772254944
0.34666454792022705
0.34666457772254944
0.3466646671295166
0.346664696931839
0.34666451811790466
0.34666451811790466
0.34666454792022705
0.3466646671295166
0.34666454792022705
0.34666451811790466
0.3466646373271942
0.3466644883155823
0.3466644883155823
0.3466644585132599
0.3466644585132599
0.3466644585132599
0.34666457772254944
0.3466643989086151
0.3466644585132599
0.3466644287109375
0.34666433930397034
0.3466644287109375
0.3466643989086151
0.34666430950164795
0.3466643989086151
0.3466644287109375
0.34666433930397034
0.34666430950164795
0.34666433930397034
0.34666430950164795
0.3466643989086151
0.34666433930397034
0.34666430950164795
0.34666427969932556
0.34666427969932556
0.34666433930397034
0.3466642498970032
0.34666427969932556
0.3466642200946808
0.3466642498970032
0.3466642200946808
0.34666430950164795
0.3466642200946808
0.34666427969932556
0.3466641902923584
0.34666427969932556
0.34666427969932556
0.3466642200946808
0.3466641902923584
0.3466642200946808
0.3466641902923584
0.34666407108306885
0.3466641902923584
0.3466642200946808
0.346664160490036
0.34666410088539124
0.3466641902923584
0.34666407108306885
0.3466642200946808
0.34666410088539124
0.34666410088539124
0.34666410088539124
0.34666407108306885
0.34666410088539124
0.346664160490036
0.34666407108306885
0.34666404128074646
0.34666404128074646
0.34666410088539124
0.34666404128074646
0.3466640114784241
0.3466640114784241
0.34666410088539124
0.34666410088539124
0.3466639816761017
0.3466639518737793
0.3466640114784241
0.3466639518737793
0.3466641902923584
0.3466640114784241
0.3466639518737793
0.34666404128074646
0.3466640114784241
0.3466639518737793
0.3466639816761017
0.34666404128074646
0.34666386246681213
0.34666383266448975
0.3466639518737793
0.3466638922691345
0.3466639518737793
0.34666386246681213
0.34666383266448975
0.34666386246681213
0.34666383266448975
0.3466638922691345
0.3466638922691345
0.34666386246681213
0.34666380286216736
0.34666377305984497
0.34666377305984497
0.34666386246681213
0.34666386246681213
0.34666383266448975
0.34666383266448975
0.34666380286216736
0.34666380286216736
0.34666386246681213
0.3466637134552002
0.3466637134552002
0.34666380286216736
0.34666377305984497
0.34666377305984497
0.3466637134552002
0.34666377305984497
0.34666377305984497
0.3466637134552002
0.34666377305984497
0.34666362404823303
0.3466636538505554
0.3466637432575226
0.3466637432575226
0.3466636538505554
0.34666359424591064
0.34666359424591064
0.34666362404823303
0.3466636538505554
0.34666359424591064
0.34666362404823303
0.34666359424591064
0.34666362404823303
0.34666359424591064
0.34666356444358826
0.34666359424591064
0.34666356444358826
0.34666362404823303
0.34666362404823303
0.34666353464126587
0.34666353464126587
0.3466635048389435
0.34666353464126587
0.34666362404823303
0.3466635048389435
0.3466634750366211
0.3466635048389435
0.3466635048389435
0.3466635048389435
0.3466634750366211
0.34666356444358826
0.3466634750366211
0.3466634154319763
0.3466634750366211
0.3466634750366211
0.3466635048389435
0.3466634750366211
0.3466634154319763
0.3466634154319763
0.3466634154319763
0.3466634154319763
0.3466634154319763
0.34666338562965393
0.34666338562965393
0.3466634154319763
0.34666338562965393
0.34666338562965393
0.3466634750366211
0.34666338562965393
0.34666338562965393
0.34666338562965393
0.34666332602500916
0.34666335582733154
0.34666332602500916
0.34666329622268677
0.34666335582733154
0.34666329622268677
0.34666332602500916
0.34666329622268677
0.34666335582733154
0.3466632664203644
0.3466631770133972
0.3466632664203644
0.34666332602500916
0.34666335582733154
0.346663236618042
0.3466631770133972
0.346663236618042
0.34666314721107483
0.3466632664203644
0.3466631770133972
0.346663236618042
0.34666332602500916
0.346663236618042
0.34666311740875244
0.34666311740875244
0.34666314721107483
0.34666311740875244
0.34666314721107483
0.34666329622268677
0.34666308760643005
0.34666311740875244
0.3466631770133972
0.34666308760643005
0.34666308760643005
0.34666311740875244
0.34666305780410767
0.3466630280017853
0.3466629385948181
0.34666311740875244
0.3466630280017853
0.34666311740875244
0.34666311740875244
0.34666311740875244
0.3466630280017853
0.34666305780410767
0.3466629087924957
0.34666305780410767
0.3466629683971405
0.3466629087924957
0.3466629683971405
0.34666305780410767
0.3466629087924957
0.3466630280017853
0.3466629385948181
0.34666305780410767
0.34666305780410767
0.34666287899017334
0.34666287899017334
0.3466629087924957
0.3466629683971405
0.3466629385948181
0.3466629087924957
0.34666284918785095
0.3466630280017853
0.34666287899017334
0.34666281938552856
0.34666284918785095
0.34666284918785095
0.34666287899017334
0.34666284918785095
0.34666284918785095
0.34666284918785095
0.34666284918785095
0.34666281938552856
0.34666287899017334
0.3466627299785614
0.34666284918785095
0.3466627299785614
0.3466627895832062
0.3466627299785614
0.3466627299785614
0.3466627895832062
0.3466627299785614
0.3466627299785614
0.3466627299785614
0.3466627299785614
0.346662700176239
0.3466626703739166
0.346662700176239
0.3466626703739166
0.346662700176239
0.3466626703739166
0.3466626703739166
0.3466627299785614
0.3466626703739166
0.34666258096694946
0.3466626703739166
0.34666261076927185
0.34666261076927185
0.346662700176239
0.34666264057159424
0.3466626703739166
0.34666258096694946
0.3466625511646271
0.3466624915599823
0.34666264057159424
0.34666258096694946
0.34666261076927185
0.34666281938552856
0.3466625511646271
0.3466624915599823
0.34666264057159424
0.3466624915599823
0.34666258096694946
0.34666258096694946
0.3466624617576599
0.3466624915599823
0.3466624915599823
0.3466624915599823
0.3466624617576599
0.3466624915599823
0.3466625511646271
0.3466624617576599
0.3466624915599823
0.3466624319553375
0.3466624617576599
0.34666240215301514
0.3466624915599823
0.3466624915599823
0.34666240215301514
0.34666234254837036
0.34666240215301514
0.34666237235069275
0.34666237235069275
0.34666240215301514
0.34666240215301514
0.3466624319553375
0.3466622829437256
0.3466622829437256
0.3466622829437256
0.34666234254837036
0.34666234254837036
0.3466622829437256
0.3466622829437256
0.3466622531414032
0.34666237235069275
0.3466622233390808
0.3466622829437256
0.3466621935367584
0.3466622531414032
0.3466622531414032
0.3466622233390808
0.3466622531414032
0.3466622829437256
0.3466622233390808
0.3466622233390808
0.3466622233390808
0.3466621935367584
0.3466621935367584
0.3466621935367584
0.3466622233390808
0.3466621935367584
0.34666213393211365
0.34666213393211365
0.34666216373443604
0.3466621935367584
0.3466621935367584
0.34666216373443604
0.3466622531414032
0.34666216373443604
0.34666216373443604
0.34666213393211365
0.3466621935367584
0.3466620445251465
0.34666216373443604
0.3466620445251465
0.3466620445251465
0.3466620445251465
0.3466620445251465
0.34666210412979126
0.34666210412979126
0.34666210412979126
0.34666210412979126
0.3466620445251465
0.3466620147228241
0.3466619551181793
0.3466619849205017
0.3466619849205017
0.3466619849205017
0.3466619551181793
0.3466620445251465
0.3466619551181793
0.3466619849205017
0.3466619849205017
0.3466620147228241
0.3466619849205017
0.3466619551181793
0.3466620147228241
0.34666189551353455
0.3466619551181793
0.3466618061065674
0.34666192531585693
0.34666192531585693
0.34666192531585693
0.3466619849205017
0.3466618061065674
0.346661776304245
0.34666189551353455
0.3466618061065674
0.34666189551353455
0.3466618061065674
0.3466618061065674
0.3466618061065674
0.34666186571121216
0.3466617166996002
0.3466618061065674
0.3466618061065674
0.346661776304245
0.3466618061065674
0.3466617465019226
0.346661776304245
0.346661776304245
0.3466618061065674
0.3466617166996002
0.34666186571121216
0.3466617166996002
0.34666168689727783
0.346661776304245
0.34666165709495544
0.34666168689727783
0.3466617166996002
0.34666165709495544
0.34666162729263306
0.3466617166996002
0.34666168689727783
0.3466617166996002
0.34666162729263306
0.3466615378856659
0.34666165709495544
0.34666162729263306
0.34666165709495544
0.3466615676879883
0.34666162729263306
0.3466615676879883
0.3466615378856659
0.3466615676879883
0.34666165709495544
0.3466615676879883
0.3466615378856659
0.3466617465019226
0.3466615080833435
0.3466615378856659
0.3466614782810211
0.3466615080833435
0.3466614782810211
0.3466615080833435
0.3466615378856659
0.3466615080833435
0.3466615378856659
0.3466614782810211
0.3466615378856659
0.3466614782810211
0.34666141867637634
0.34666144847869873
0.34666144847869873
0.34666144847869873
0.34666141867637634
0.34666141867637634
0.34666144847869873
0.34666141867637634
0.34666135907173157
0.34666135907173157
0.3466614782810211
0.34666141867637634
0.34666135907173157
0.34666141867637634
0.3466613292694092
0.34666135907173157
0.3466613292694092
0.34666135907173157
0.34666135907173157
0.3466613292694092
0.3466612994670868
0.3466613292694092
0.3466612994670868
0.3466613292694092
0.34666121006011963
0.3466613292694092
0.34666144847869873
0.34666121006011963
0.34666121006011963
0.34666135907173157
0.3466612994670868
0.346661239862442
0.3466612994670868
0.3466612696647644
0.34666121006011963
0.3466612696647644
0.34666121006011963
0.3466612696647644
0.34666112065315247
0.34666121006011963
0.34666118025779724
0.34666118025779724
0.3466610908508301
0.34666118025779724
0.346661239862442
0.34666112065315247
0.34666118025779724
0.34666118025779724
0.3466610610485077
0.3466610908508301
0.3466610908508301
0.3466610908508301
0.3466610908508301
0.34666112065315247
0.3466610908508301
0.3466610610485077
0.3466610908508301
0.34666112065315247
0.34666112065315247
0.34666121006011963
0.3466609716415405
0.3466610610485077
0.3466610908508301
0.3466609716415405
0.3466610014438629
0.3466609716415405
0.3466610312461853
0.3466609716415405
0.3466610610485077
0.3466609716415405
0.3466610014438629
0.3466610014438629
0.3466610014438629
0.3466610312461853
0.34666094183921814
0.3466609716415405
0.34666088223457336
0.3466609716415405
0.34666088223457336
0.3466609716415405
0.3466610014438629
0.34666088223457336
0.346660852432251
0.346660852432251
0.34666088223457336
0.34666088223457336
0.346660852432251
0.3466607928276062
0.34666088223457336
0.3466608226299286
0.3466608226299286
0.3466608226299286
0.3466607928276062
0.3466607630252838
0.3466607630252838
0.34666094183921814
0.3466607630252838
0.3466607630252838
0.3466607630252838
0.3466607928276062
0.3466607928276062
0.3466607630252838
0.3466607332229614
0.34666070342063904
0.3466607630252838
0.3466607332229614
0.34666070342063904
0.34666070342063904
0.34666070342063904
0.34666070342063904
0.3466606140136719
0.34666070342063904
0.3466607332229614
0.3466606140136719
0.34666064381599426
0.3466605842113495
0.34666064381599426
0.34666064381599426
0.3466605842113495
0.34666064381599426
0.3466606140136719
0.3466605842113495
0.3466605842113495
0.3466605842113495
0.3466605544090271
0.34666064381599426
0.34666064381599426
0.3466605842113495
0.3466606140136719
0.3466605246067047
0.3466605246067047
0.3466605246067047
0.3466605544090271
0.3466605246067047
0.3466605246067047
0.3466605842113495
0.3466605246067047
0.3466605246067047
0.3466604948043823
0.3466605544090271
0.3466605842113495
0.3466604948043823
0.3466605246067047
0.3466604948043823
0.34666043519973755
0.34666043519973755
0.3466603755950928
0.3466605246067047
0.34666043519973755
0.3466604948043823
0.34666040539741516
0.346660315990448
0.3466603755950928
0.346660315990448
0.34666040539741516
0.34666040539741516
0.3466603755950928
0.346660315990448
0.34666043519973755
0.346660315990448
0.3466603755950928
0.34666040539741516
0.34666040539741516
0.3466603755950928
0.3466602861881256
0.34666019678115845
0.3466603457927704
0.3466602563858032
0.34666019678115845
0.3466603457927704
0.346660315990448
0.3466602563858032
0.3466602563858032
0.3466602861881256
0.3466602563858032
0.3466602563858032
0.3466602563858032
0.3466601073741913
0.34666016697883606
0.34666016697883606
0.34666019678115845
0.3466602861881256
0.34666013717651367
0.3466601073741913
0.34666013717651367
0.34666019678115845
0.3466600775718689
0.3466601073741913
0.3466600775718689
0.34666013717651367
0.34666013717651367
0.3466600775718689
0.3466601073741913
0.3466600477695465
0.3466600775718689
0.34666013717651367
0.3466600477695465
0.3466600179672241
0.3466600477695465
0.3466600477695465
0.3466600775718689
0.3466600179672241
0.3466600179672241
0.34666013717651367
0.3466600477695465
0.3466601073741913
0.3466600179672241
0.34665989875793457
0.34665995836257935
0.34665995836257935
0.3466600179672241
0.34665992856025696
0.34665989875793457
0.3466600179672241
0.3466600179672241
0.34665995836257935
0.34665992856025696
0.34665992856025696
0.34665995836257935
0.3466598689556122
0.34665989875793457
0.3466598689556122
0.3466598689556122
0.3466598093509674
0.34665989875793457
0.3466598689556122
0.3466598689556122
0.34665989875793457
0.34665974974632263
0.3466598689556122
0.34665974974632263
0.34665989875793457
0.34665974974632263
0.3466598391532898
0.34665989875793457
0.34665971994400024
0.3466598689556122
0.3466598391532898
0.34665974974632263
0.3466598093509674
0.34665974974632263
0.34665974974632263
0.34665971994400024
0.34665974974632263
0.3466598391532898
0.34665971994400024
0.34665969014167786
0.34665969014167786
0.34665969014167786
0.3466596007347107
0.34665966033935547
0.3466596305370331
0.34665969014167786
0.34665969014167786
0.3466596305370331
0.34665966033935547
0.3466596305370331
0.3466596305370331
0.3466596305370331
0.34665966033935547
0.34665966033935547
0.34665971994400024
0.3466596305370331
0.3466596305370331
0.34665969014167786
0.3466595709323883
0.3466596007347107
0.3466596305370331
0.34665951132774353
0.34665948152542114
0.3466596305370331
0.34665948152542114
0.3466595709323883
0.3466596305370331
0.34665951132774353
0.34665951132774353
0.34665951132774353
0.3466595709323883
0.34665951132774353
0.34665945172309875
0.34665942192077637
0.34665945172309875
0.34665951132774353
0.34665945172309875
0.34665948152542114
0.34665948152542114
0.3466593623161316
0.34665942192077637
0.34665948152542114
0.34665945172309875
0.3466593325138092
0.346659392118454
0.3466593623161316
0.34665942192077637
0.3466593325138092
0.346659392118454
0.3466596007347107
0.3466593325138092
0.3466593325138092
0.3466593325138092
0.3466593325138092
0.3466593325138092
0.3466593325138092
0.3466593325138092
0.3466593623161316
0.34665927290916443
0.34665924310684204
0.34665924310684204
0.34665942192077637
0.34665921330451965
0.34665924310684204
0.34665921330451965
0.34665924310684204
0.3466593623161316
0.34665924310684204
0.3466593623161316
0.3466593325138092
0.34665921330451965
0.34665924310684204
0.34665918350219727
0.3466593325138092
0.34665921330451965
0.3466591238975525
0.34665918350219727
0.3466591536998749
0.34665918350219727
0.34665918350219727
0.3466591536998749
0.3466591238975525
0.34665918350219727
0.3466591536998749
0.3466591536998749
0.3466591238975525
0.3466591238975525
0.3466590940952301
0.3466590940952301
0.3466590344905853
0.3466591536998749
0.34665921330451965
0.34665894508361816
0.3466590940952301
0.34665900468826294
0.34665897488594055
0.34665900468826294
0.3466590344905853
0.3466591238975525
0.3466591238975525
0.34665897488594055
0.34665894508361816
0.34665900468826294
0.34665897488594055
0.34665894508361816
0.34665897488594055
0.34665894508361816
0.34665897488594055
0.34665897488594055
0.34665900468826294
0.34665894508361816
0.3466589152812958
0.3466589152812958
0.3466589152812958
0.3466588258743286
0.3466588258743286
0.3466588258743286
0.34665894508361816
0.3466588258743286
0.34665894508361816
0.3466588854789734
0.3466587960720062
0.3466587960720062
0.3466588854789734
0.34665876626968384
0.3466588258743286
0.3466588258743286
0.34665876626968384
0.34665876626968384
0.34665873646736145
0.3466587960720062
0.34665870666503906
0.34665873646736145
0.3466588258743286
0.3466589152812958
0.3466587960720062
0.34665873646736145
0.34665870666503906
0.34665873646736145
0.34665870666503906
0.34665873646736145
0.3466586470603943
0.34665876626968384
0.34665873646736145
0.3466585874557495
0.3466586768627167
0.34665873646736145
0.3466586768627167
0.3466586768627167
0.34665870666503906
0.34665873646736145
0.3466586470603943
0.3466586470603943
0.3466585874557495
0.3466585874557495
0.34665870666503906
0.34665870666503906
0.3466586470603943
0.34665852785110474
0.3466585576534271
0.34665852785110474
0.34665852785110474
0.3466585576534271
0.3466585576534271
0.3466585874557495
0.34665849804878235
0.34665852785110474
0.34665846824645996
0.3466585576534271
0.34665852785110474
0.34665849804878235
0.34665846824645996
0.34665849804878235
0.34665849804878235
0.34665846824645996
0.34665846824645996
0.34665852785110474
0.34665852785110474
0.3466584384441376
0.34665852785110474
0.3466584384441376
0.34665846824645996
0.34665846824645996
0.34665846824645996
0.3466584384441376
0.3466583490371704
0.346658319234848
0.346658319234848
0.346658319234848
0.346658319234848
0.3466584086418152
0.3466584086418152
0.3466584086418152
0.3466583490371704
0.34665849804878235
0.346658319234848
0.34665828943252563
0.34665825963020325
0.34665828943252563
0.34665828943252563
0.34665822982788086
0.3466584086418152
0.34665825963020325
0.346658319234848
0.34665828943252563
0.3466583490371704
0.34665825963020325
0.34665822982788086
0.34665828943252563
0.34665820002555847
0.34665825963020325
0.34665820002555847
0.34665820002555847
0.34665820002555847
0.3466581702232361
0.34665820002555847
0.34665825963020325
0.3466581702232361
0.3466580808162689
0.34665820002555847
0.3466581702232361
0.3466581106185913
0.3466581702232361
0.34665820002555847
0.34665820002555847
0.34665802121162415
0.34665799140930176
0.3466581106185913
0.3466581106185913
0.34665802121162415
0.34665805101394653
0.3466581702232361
0.34665799140930176
0.3466580808162689
0.34665799140930176
0.3466581106185913
0.34665799140930176
0.34665799140930176
0.34665799140930176
0.34665802121162415
0.34665805101394653
0.34665799140930176
0.34665796160697937
0.34665796160697937
0.34665799140930176
0.34665799140930176
0.34665802121162415
0.3466579020023346
0.3466578722000122
0.34665799140930176
0.3466578722000122
0.34665796160697937
0.34665796160697937
0.34665802121162415
0.34665796160697937
0.3466579020023346
0.34665781259536743
0.3466578423976898
0.34665796160697937
0.3466578722000122
0.3466578722000122
0.3466578423976898
0.3466578423976898
0.3466578423976898
0.3466578423976898
0.3466578722000122
0.34665778279304504
0.3466578423976898
0.34665775299072266
0.34665775299072266
0.34665772318840027
0.34665775299072266
0.34665781259536743
0.34665778279304504
0.3466576635837555
0.3466578423976898
0.3466578423976898
0.34665775299072266
0.3466576635837555
0.34665772318840027
0.3466576635837555
0.34665775299072266
0.3466576635837555
0.3466576039791107
0.3466576635837555
0.3466576635837555
0.3466576039791107
0.3466576635837555
0.3466576337814331
0.34665757417678833
0.3466576039791107
0.3466576337814331
0.3466576039791107
0.34665757417678833
0.34665757417678833
0.34665754437446594
0.34665754437446594
0.3466576635837555
0.3466576337814331
0.3466576337814331
0.3466576337814331
0.34665754437446594
0.34665757417678833
0.34665754437446594
0.34665754437446594
0.34665751457214355
0.34665754437446594
0.3466576039791107
0.34665751457214355
0.34665757417678833
0.34665757417678833
0.34665748476982117
0.34665754437446594
0.34665754437446594
0.34665751457214355
0.3466574251651764
0.34665748476982117
0.346657395362854
0.34665751457214355
0.34665751457214355
0.346657395362854
0.3466574251651764
0.346657395362854
0.34665748476982117
0.346657395362854
0.3466574251651764
0.346657395362854
0.34665757417678833
0.34665733575820923
0.346657395362854
0.34665730595588684
0.3466573655605316
0.3466573655605316
0.34665730595588684
0.346657395362854
0.34665733575820923
0.34665751457214355
0.34665733575820923
0.34665727615356445
0.3466573655605316
0.34665727615356445
0.34665727615356445
0.34665730595588684
0.34665727615356445
0.34665730595588684
0.34665727615356445
0.34665724635124207
0.34665733575820923
0.34665724635124207
0.34665724635124207
0.3466571867465973
0.34665730595588684
0.3466571569442749
0.3466571569442749
0.34665727615356445
0.3466570973396301
0.3466571271419525
0.3466571569442749
0.34665724635124207
0.3466571271419525
0.3466571569442749
0.3466571867465973
0.3466570973396301
0.3466571569442749
0.3466571271419525
0.34665706753730774
0.3466570973396301
0.3466571569442749
0.3466570973396301
0.3466569781303406
0.34665706753730774
0.34665706753730774
0.3466571867465973
0.3466571271419525
0.3466569781303406
0.34665706753730774
0.34665703773498535
0.34665703773498535
0.34665703773498535
0.3466569185256958
0.34665703773498535
0.34665706753730774
0.3466571569442749
0.3466569781303406
0.3466569483280182
0.3466569483280182
0.3466569483280182
0.3466569185256958
0.3466570973396301
0.3466568887233734
0.3466569781303406
0.3466569185256958
0.3466568887233734
0.34665703773498535
0.3466567397117615
0.346656858921051
0.34665682911872864
0.3466569185256958
0.346656858921051
0.3466568887233734
0.34665682911872864
0.3466568887233734
0.346656858921051
0.34665682911872864
0.34665682911872864
0.34665679931640625
0.3466567397117615
0.34665679931640625
0.346656858921051
0.34665682911872864
0.34665679931640625
0.34665682911872864
0.3466566503047943
0.3466567397117615
0.3466567397117615
0.3466566801071167
0.34665679931640625
0.34665679931640625
0.346656858921051
0.3466567397117615
0.3466567099094391
0.3466567397117615
0.3466567397117615
0.3466567099094391
0.34665679931640625
0.3466567099094391
0.3466566503047943
0.3466566205024719
0.3466566503047943
0.3466566801071167
0.3466567099094391
0.3466566205024719
0.3466566205024719
0.3466567099094391
0.3466566503047943
0.3466567099094391
0.3466566503047943
0.3466567099094391
0.34665659070014954
0.3466566205024719
0.3466565012931824
0.3466566205024719
0.34665659070014954
0.34665656089782715
0.3466565012931824
0.34665647149086
0.34665656089782715
0.3466564118862152
0.34665656089782715
0.34665659070014954
0.3466566503047943
0.34665647149086
0.3466564416885376
0.34665647149086
0.3466565012931824
0.3466564118862152
0.34665647149086
0.3466564118862152
0.3466564118862152
0.3466564118862152
0.3466564416885376
0.3466564118862152
0.3466563820838928
0.3466564118862152
0.3466563820838928
0.3466566205024719
0.34665635228157043
0.3466564416885376
0.3466563820838928
0.3466564118862152
0.3466563820838928
0.34665635228157043
0.3466563820838928
0.3466563820838928
0.34665635228157043
0.34665635228157043
0.3466563820838928
0.3466564118862152
0.34665635228157043
0.3466564118862152
0.34665635228157043
0.3466562330722809
0.34665626287460327
0.34665626287460327
0.34665626287460327
0.34665626287460327
0.34665626287460327
0.3466562330722809
0.34665629267692566
0.3466562032699585
0.3466563820838928
0.3466562032699585
0.3466562032699585
0.3466562032699585
0.3466561734676361
0.3466562330722809
0.3466561734676361
0.3466561734676361
0.3466561734676361
0.3466562330722809
0.3466561734676361
0.3466561436653137
0.3466561436653137
0.34665611386299133
0.3466562032699585
0.3466561734676361
0.3466561734676361
0.34665611386299133
0.34665611386299133
0.3466561436653137
0.3466561734676361
0.34665605425834656
0.3466559946537018
0.34665611386299133
0.34665611386299133
0.34665605425834656
0.3466559946537018
0.34665602445602417
0.3466559946537018
0.3466559946537018
0.34665605425834656
0.34665605425834656
0.3466559946537018
0.3466561436653137
0.3466561734676361
0.3466561436653137
0.346655935049057
0.346655935049057
0.346655935049057
0.346655935049057
0.3466559052467346
0.346655935049057
0.3466559946537018
0.3466559946537018
0.3466559946537018
0.3466559052467346
0.34665587544441223
0.3466559946537018
0.346655935049057
0.34665587544441223
0.346655935049057
0.3466559648513794
0.34665587544441223
0.34665581583976746
0.3466559052467346
0.34665578603744507
0.34665587544441223
0.34665578603744507
0.3466559052467346
0.3466557264328003
0.346655935049057
0.34665581583976746
0.34665578603744507
0.3466557264328003
0.3466559052467346
0.34665581583976746
0.34665578603744507
0.3466557264328003
0.34665581583976746
0.3466556668281555
0.3466557264328003
0.3466557562351227
0.34665578603744507
0.3466556668281555
0.3466557264328003
0.3466557562351227
0.3466556668281555
0.3466556668281555
0.3466556966304779
0.3466556966304779
0.34665563702583313
0.3466556966304779
0.3466559052467346
0.3466556668281555
0.34665563702583313
0.34665563702583313
0.34665557742118835
0.34665563702583313
0.34665563702583313
0.34665557742118835
0.3466556668281555
0.34665557742118835
0.34665557742118835
0.34665554761886597
0.34665554761886597
0.34665557742118835
0.34665554761886597
0.34665557742118835
0.34665557742118835
0.3466555178165436
0.3466554880142212
0.34665557742118835
0.3466554880142212
0.3466554880142212
0.3466554582118988
0.34665557742118835
0.3466554880142212
0.3466555178165436
0.3466555178165436
0.3466554880142212
0.3466554880142212
0.3466554582118988
0.3466554582118988
0.3466554284095764
0.3466554284095764
0.3466554284095764
0.3466554284095764
0.3466554880142212
0.34665530920028687
0.34665536880493164
0.34665533900260925
0.34665536880493164
0.34665536880493164
0.34665533900260925
0.34665533900260925
0.34665530920028687
0.34665530920028687
0.34665533900260925
0.3466552495956421
0.3466552793979645
0.34665530920028687
0.34665533900260925
0.34665530920028687
0.34665533900260925
0.3466552793979645
0.34665536880493164
0.34665530920028687
0.3466552197933197
0.3466552197933197
0.34665533900260925
0.3466552197933197
0.3466552197933197
0.3466552793979645
0.3466552495956421
0.3466552197933197
0.3466552197933197
0.3466552793979645
0.3466552793979645
0.3466552495956421
0.34665513038635254
0.3466551899909973
0.3466552197933197
0.3466551899909973
0.3466551899909973
0.34665507078170776
0.3466551899909973
0.34665513038635254
0.3466551899909973
0.34665510058403015
0.34665510058403015
0.34665510058403015
0.34665510058403015
0.3466551899909973
0.34665507078170776
0.34665507078170776
0.34665510058403015
0.3466549813747406
0.34665507078170776
0.3466552495956421
0.346655011177063
0.34665507078170776
0.3466550409793854
0.346655011177063
0.3466549813747406
0.34665507078170776
0.346655011177063
0.346655011177063
0.34665510058403015
0.346655011177063
0.3466549813747406
0.3466549515724182
0.3466549515724182
0.3466549515724182
0.3466549813747406
0.3466549515724182
0.3466549813747406
0.3466549515724182
0.34665486216545105
0.34665486216545105
0.34665483236312866
0.3466549515724182
0.34665489196777344
0.34665489196777344
0.3466549515724182
0.34665489196777344
0.3466548025608063
0.34665486216545105
0.3466550409793854
0.34665486216545105
0.34665483236312866
0.34665483236312866
0.34665483236312866
0.3466548025608063
0.3466547727584839
0.3466547727584839
0.3466547727584839
0.3466547727584839
0.3466547727584839
0.3466547727584839
0.3466547727584839
0.34665483236312866
0.3466547429561615
0.3466547429561615
0.3466547429561615
0.3466547131538391
0.3466547131538391
0.3466547429561615
0.3466547727584839
0.34665462374687195
0.3466547131538391
0.34665465354919434
0.34665465354919434
0.34665465354919434
0.34665459394454956
0.34665462374687195
0.3466547429561615
0.3466547727584839
0.34665465354919434
0.3466547131538391
0.3466547429561615
0.34665459394454956
0.3466545641422272
0.34665465354919434
0.34665465354919434
0.34665462374687195
0.34665465354919434
0.34665462374687195
0.34665441513061523
0.3466545641422272
0.3466545343399048
0.3466545343399048
0.34665459394454956
0.34665459394454956
0.3466545045375824
0.3466545045375824
0.3466545045375824
0.3466545045375824
0.3466544449329376
0.3466545343399048
0.3466545045375824
0.34665435552597046
0.3466544449329376
0.34665441513061523
0.3466545045375824
0.34665438532829285
0.34665438532829285
0.34665438532829285
0.3466544449329376
0.34665432572364807
0.34665435552597046
0.34665438532829285
0.3466545045375824
0.34665438532829285
0.3466545641422272
0.3466544449329376
0.34665438532829285
0.3466542959213257
0.34665432572364807
0.34665438532829285
0.34665432572364807
0.34665435552597046
0.3466542959213257
0.34665432572364807
0.34665432572364807
0.3466542661190033
0.3466542661190033
0.3466542065143585
0.34665438532829285
0.3466542661190033
0.3466542065143585
0.3466542065143585
0.3466542661190033
0.3466542959213257
0.34665432572364807
0.3466542065143585
0.34665411710739136
0.3466542661190033
0.34665414690971375
0.3466542661190033
0.34665414690971375
0.34665411710739136
0.34665414690971375
0.34665414690971375
0.3466542065143585
0.34665414690971375
0.34665414690971375
0.34665417671203613
0.34665408730506897
0.34665411710739136
0.34665408730506897
0.34665411710739136
0.34665411710739136
0.34665408730506897
0.34665408730506897
0.34665408730506897
0.34665414690971375
0.34665417671203613
0.34665408730506897
0.3466539680957794
0.3466540575027466
0.3466539680957794
0.34665408730506897
0.34665393829345703
0.3466540277004242
0.3466540277004242
0.3466539680957794
0.34665393829345703
0.34665408730506897
0.34665408730506897
0.34665393829345703
0.3466540575027466
0.34665387868881226
0.3466540277004242
0.3466539680957794
0.34665387868881226
0.34665393829345703
0.3466540575027466
0.34665390849113464
0.34665390849113464
0.34665390849113464
0.34665387868881226
0.34665384888648987
0.34665384888648987
0.3466538190841675
0.34665387868881226
0.34665387868881226
0.34665387868881226
0.34665384888648987
0.34665387868881226
0.3466538190841675
0.34665384888648987
0.3466537594795227
0.3466537594795227
0.34665387868881226
0.3466537296772003
0.34665384888648987
0.3466538190841675
0.3466537594795227
0.3466537594795227
0.3466537296772003
0.34665369987487793
0.3466537296772003
0.3466537296772003
0.3466537296772003
0.3466537594795227
0.34665369987487793
0.34665390849113464
0.34665367007255554
0.34665367007255554
0.3466537296772003
0.34665369987487793
0.34665367007255554
0.34665367007255554
0.34665367007255554
0.34665364027023315
0.34665367007255554
0.3466535806655884
0.34665369987487793
0.34665364027023315
0.3466535806655884
0.34665361046791077
0.34665361046791077
0.34665361046791077
0.34665361046791077
0.34665361046791077
0.3466535210609436
0.34665361046791077
0.34665367007255554
0.3466535210609436
0.3466534912586212
0.3466535210609436
0.3466535210609436
0.3466534912586212
0.3466534912586212
0.34665346145629883
0.3466534912586212
0.3466534912586212
0.3466535210609436
0.34665343165397644
0.34665346145629883
0.3466534912586212
0.34665346145629883
0.3466534912586212
0.34665340185165405
0.34665340185165405
0.34665343165397644
0.34665337204933167
0.34665343165397644
0.34665337204933167
0.34665343165397644
0.34665340185165405
0.3466533422470093
0.34665337204933167
0.34665340185165405
0.3466532826423645
0.34665337204933167
0.3466532826423645
0.34665337204933167
0.34665361046791077
0.3466533422470093
0.3466533422470093
0.3466533422470093
0.3466532826423645
0.3466533422470093
0.3466532528400421
0.3466532528400421
0.3466532826423645
0.34665337204933167
0.3466532230377197
0.3466532528400421
0.3466532230377197
0.3466532230377197
0.34665319323539734
0.3466532528400421
0.3466532230377197
0.34665319323539734
0.34665319323539734
0.34665316343307495
0.3466532528400421
0.34665319323539734
0.3466532230377197
0.3466533422470093
0.34665319323539734
0.34665316343307495
0.3466532230377197
0.3466531038284302
0.34665316343307495
0.34665313363075256
0.3466530442237854
0.3466531038284302
0.34665316343307495
0.3466531038284302
0.3466530442237854
0.3466531038284302
0.3466531038284302
0.3466530442237854
0.3466530442237854
0.346653014421463
0.3466531038284302
0.3466530442237854
0.3466531038284302
0.3466531038284302
0.3466529846191406
0.3466529846191406
0.3466529846191406
0.3466529846191406
0.34665316343307495
0.3466529846191406
0.34665295481681824
0.3466529846191406
0.34665292501449585
0.346653014421463
0.34665289521217346
0.34665292501449585
0.34665289521217346
0.3466529846191406
0.34665292501449585
0.34665292501449585
0.34665295481681824
0.3466528356075287
0.3466527760028839
0.34665292501449585
0.3466528058052063
0.3466527760028839
0.3466528356075287
0.3466528058052063
0.3466527462005615
0.3466527760028839
0.3466527760028839
0.34665292501449585
0.34665271639823914
0.3466528058052063
0.34665271639823914
0.3466528356075287
0.3466527462005615
0.3466527760028839
0.3466527760028839
0.3466527760028839
0.3466527760028839
0.34665289521217346
0.3466527760028839
0.3466527462005615
0.34665268659591675
0.3466527462005615
0.34665271639823914
0.3466528356075287
0.3466525971889496
0.34665265679359436
0.34665271639823914
0.3466525673866272
0.34665271639823914
0.34665268659591675
0.3466525673866272
0.3466525971889496
0.3466525971889496
0.3466525673866272
0.3466525673866272
0.3466527462005615
0.3466525375843048
0.34665271639823914
0.3466525673866272
0.3466525375843048
0.3466525673866272
0.3466525077819824
0.3466525077819824
0.3466525077819824
0.34665247797966003
0.3466525077819824
0.3466525077819824
0.3466525375843048
0.3466525375843048
0.34665244817733765
0.3466525375843048
0.34665244817733765
0.3466525077819824
0.3466525077819824
0.34665247797966003
0.34665241837501526
0.34665241837501526
0.34665247797966003
0.34665244817733765
0.34665244817733765
0.34665241837501526
0.3466523587703705
0.3466523587703705
0.3466523289680481
0.3466522991657257
0.34665241837501526
0.3466523587703705
0.34665244817733765
0.3466523587703705
0.3466523289680481
0.3466523289680481
0.34665241837501526
0.3466523289680481
0.3466522991657257
0.3466523587703705
0.3466522991657257
0.3466523289680481
0.3466522693634033
0.34665220975875854
0.3466522991657257
0.3466522991657257
0.3466523289680481
0.3466522991657257
0.3466522693634033
0.34665223956108093
0.34665220975875854
0.34665223956108093
0.34665220975875854
0.3466521203517914
0.34665223956108093
0.3466522991657257
0.3466522991657257
0.34665217995643616
0.34665217995643616
0.34665217995643616
0.34665220975875854
0.3466521203517914
0.34665217995643616
0.3466521203517914
0.3466521203517914
0.346652090549469
0.34665223956108093
0.34665220975875854
0.3466520607471466
0.346652090549469
0.3466521203517914
0.346652090549469
0.34665217995643616
0.3466520309448242
0.34665200114250183
0.346652090549469
0.3466520607471466
0.3466520607471466
0.34665200114250183
0.346652090549469
0.3466520309448242
0.3466520309448242
0.3466520607471466
0.3466520607471466
0.34665197134017944
0.3466520309448242
0.3466518819332123
0.3466520309448242
0.34665197134017944
0.34665200114250183
0.34665191173553467
0.3466518521308899
0.3466520309448242
0.3466518819332123
0.34665197134017944
0.34665197134017944
0.34665200114250183
0.3466518819332123
0.3466518819332123
0.34665197134017944
0.34665191173553467
0.3466518819332123
0.3466518223285675
0.3466518819332123
0.3466518521308899
0.34665197134017944
0.3466517925262451
0.3466518521308899
0.34665176272392273
0.3466518223285675
0.34665176272392273
0.3466517925262451
0.34665191173553467
0.34665191173553467
0.3466517925262451
0.3466518521308899
0.3466518223285675
0.3466518521308899
0.3466517925262451
0.3466518521308899
0.34665167331695557
0.34665167331695557
0.34665173292160034
0.34665176272392273
0.34665173292160034
0.34665173292160034
0.34665167331695557
0.34665173292160034
0.34665167331695557
0.34665167331695557
0.3466516435146332
0.3466516435146332
0.3466516435146332
0.3466516435146332
0.34665173292160034
0.3466516137123108
0.3466515839099884
0.3466516137123108
0.3466515839099884
0.346651554107666
0.3466516137123108
0.3466515839099884
0.3466515839099884
0.34665176272392273
0.346651554107666
0.3466516137123108
0.346651554107666
0.346651554107666
0.346651554107666
0.34665149450302124
0.3466515839099884
0.3466515839099884
0.3466516435146332
0.3466515839099884
0.34665149450302124
0.34665152430534363
0.34665149450302124
0.34665152430534363
0.34665152430534363
0.3466514050960541
0.3466515839099884
0.3466514050960541
0.34665143489837646
0.34665143489837646
0.34665149450302124
0.346651554107666
0.3466514050960541
0.3466516137123108
0.3466514050960541
0.3466513454914093
0.3466513454914093
0.3466513752937317
0.3466513454914093
0.34665143489837646
0.3466514050960541
0.3466514050960541
0.3466513454914093
0.3466513156890869
0.3466513156890869
0.3466513454914093
0.3466513752937317
0.3466513156890869
0.3466512858867645
0.3466513156890869
0.3466513156890869
0.3466513156890869
0.3466512858867645
0.3466512858867645
0.34665122628211975
0.3466512858867645
0.34665119647979736
0.3466513156890869
0.3466512858867645
0.3466512858867645
0.34665122628211975
0.34665122628211975
0.3466512858867645
0.3466511368751526
0.34665119647979736
0.346651166677475
0.346651166677475
0.34665122628211975
0.3466511070728302
0.34665119647979736
0.3466511070728302
0.346651166677475
0.34665119647979736
0.3466511070728302
0.346651166677475
0.34665122628211975
0.3466512858867645
0.3466510772705078
0.3466510772705078
0.3466510474681854
0.3466510772705078
0.34665098786354065
0.34665098786354065
0.3466510474681854
0.34665098786354065
0.3466510772705078
0.34665098786354065
0.34665098786354065
0.34665098786354065
0.34665095806121826
0.34665095806121826
0.34665095806121826
0.34665095806121826
0.34665098786354065
0.34665095806121826
0.34665098786354065
0.34665098786354065
0.3466509282588959
0.3466508984565735
0.3466509282588959
0.3466508984565735
0.34665098786354065
0.34665095806121826
0.3466508984565735
0.3466509282588959
0.3466508388519287
0.3466508984565735
0.3466508984565735
0.3466508686542511
0.3466508686542511
0.3466508388519287
0.3466508686542511
0.3466508984565735
0.3466508388519287
0.3466508686542511
0.3466508388519287
0.3466508090496063
0.3466508090496063
0.34665074944496155
0.3466508090496063
0.3466508984565735
0.34665071964263916
0.34665074944496155
0.34665071964263916
0.34665074944496155
0.3466508090496063
0.3466508090496063
0.3466508686542511
0.34665071964263916
0.3466506898403168
0.3466506600379944
0.3466506600379944
0.3466506600379944
0.34665071964263916
0.3466506004333496
0.3466506898403168
0.3466506898403168
0.3466506898403168
0.3466506004333496
0.3466506004333496
0.3466506898403168
0.3466506898403168
0.34665071964263916
0.346650630235672
0.3466506600379944
0.3466505706310272
0.3466506600379944
0.3466505706310272
0.3466505706310272
0.346650630235672
0.34665048122406006
0.3466506004333496
0.34665048122406006
0.3466506004333496
0.3466506898403168
0.34665048122406006
0.3466506004333496
0.34665051102638245
0.3466505706310272
0.3466505706310272
0.34665051102638245
0.34665051102638245
0.34665048122406006
0.34665051102638245
0.34665051102638245
0.34665048122406006
0.3466505706310272
0.3466504216194153
0.34665048122406006
0.34665045142173767
0.3466504216194153
0.34665045142173767
0.34665045142173767
0.34665045142173767
0.3466504216194153
0.3466503918170929
0.3466503620147705
0.34665030241012573
0.34665045142173767
0.3466504216194153
0.3466503918170929
0.3466503620147705
0.34665027260780334
0.34665030241012573
0.34665045142173767
0.3466503918170929
0.34665030241012573
0.3466503620147705
0.34665030241012573
0.34665027260780334
0.34665030241012573
0.34665021300315857
0.34665021300315857
0.34665027260780334
0.3466501832008362
0.34665030241012573
0.34665024280548096
0.34665024280548096
0.34665024280548096
0.34665024280548096
0.34665024280548096
0.3466501832008362
0.34665021300315857
0.3466501832008362
0.3466501832008362
0.34665030241012573
0.34665021300315857
0.34665006399154663
0.34665021300315857
0.34665021300315857
0.3466501832008362
0.3466501533985138
0.34665021300315857
0.3466501235961914
0.3466501533985138
0.34665006399154663
0.3466501533985138
0.34665006399154663
0.34665006399154663
0.3466501235961914
0.3466501235961914
0.34665006399154663
0.34665003418922424
0.34665006399154663
0.34664997458457947
0.34665003418922424
0.34665000438690186
0.34665003418922424
0.34665006399154663
0.34665000438690186
0.34665003418922424
0.34664997458457947
0.34665000438690186
0.34664997458457947
0.34665003418922424
0.34665003418922424
0.34664997458457947
0.34665003418922424
0.34665000438690186
0.34665003418922424
0.3466499447822571
0.34665006399154663
0.34665003418922424
0.3466499447822571
0.3466499447822571
0.3466498851776123
0.34664997458457947
0.34664982557296753
0.34665000438690186
0.3466499149799347
0.3466499149799347
0.3466499149799347
0.3466499149799347
0.3466498851776123
0.34664982557296753
0.34664982557296753
0.34664979577064514
0.3466499149799347
0.34664979577064514
0.3466499149799347
0.34664979577064514
0.34664976596832275
0.34664973616600037
0.3466498851776123
0.34664979577064514
0.34664973616600037
0.3466498851776123
0.34664976596832275
0.34664973616600037
0.34664973616600037
0.34664973616600037
0.34664973616600037
0.346649706363678
0.34664976596832275
0.34664973616600037
0.3466496765613556
0.34664973616600037
0.3466496765613556
0.346649706363678
0.34664976596832275
0.346649706363678
0.3466496765613556
0.34664973616600037
0.3466496765613556
0.3466496467590332
0.3466496765613556
0.346649706363678
0.34664952754974365
0.3466496467590332
0.3466496765613556
0.3466496765613556
0.34664973616600037
0.34664955735206604
0.34664952754974365
0.34664955735206604
0.3466496467590332
0.34664955735206604
0.3466495871543884
0.34664955735206604
0.3466495871543884
0.34664955735206604
0.34664952754974365
0.3466494679450989
0.34664949774742126
0.34664952754974365
0.3466494679450989
0.34664952754974365
0.3466494381427765
0.34664955735206604
0.3466494381427765
0.34664949774742126
0.3466494381427765
0.34664955735206604
0.3466494381427765
0.34664949774742126
0.3466494381427765
0.3466494679450989
0.3466493785381317
0.3466494679450989
0.34664955735206604
0.3466494381427765
0.3466493487358093
0.3466493487358093
0.3466493487358093
0.34664928913116455
0.34664931893348694
0.34664931893348694
0.3466493487358093
0.3466493487358093
0.34664952754974365
0.34664928913116455
0.3466493487358093
0.34664928913116455
0.3466493785381317
0.34664928913116455
0.34664925932884216
0.3466492295265198
0.34664928913116455
0.3466492295265198
0.34664931893348694
0.3466492295265198
0.3466492295265198
0.3466492295265198
0.3466491401195526
0.34664925932884216
0.3466492295265198
0.34664925932884216
0.3466491997241974
0.3466491997241974
0.3466491401195526
0.3466491997241974
0.3466491997241974
0.3466491401195526
0.3466494381427765
0.3466491401195526
0.34664928913116455
0.34664928913116455
0.3466491401195526
0.3466491103172302
0.3466491997241974
0.3466491103172302
0.34664908051490784
0.3466491103172302
0.34664908051490784
0.34664902091026306
0.34664905071258545
0.34664908051490784
0.3466491103172302
0.34664902091026306
0.34664902091026306
0.34664905071258545
0.3466489613056183
0.3466489911079407
0.3466489911079407
0.34664902091026306
0.34664902091026306
0.34664908051490784
0.34664902091026306
0.34664908051490784
0.3466489613056183
0.3466488718986511
0.34664902091026306
0.3466489911079407
0.3466489017009735
0.3466488718986511
0.34664902091026306
0.3466489911079407
0.3466489613056183
0.3466489017009735
0.3466489613056183
0.3466489017009735
0.3466488718986511
0.3466489613056183
0.34664884209632874
0.3466488718986511
0.34664881229400635
0.34664881229400635
0.34664881229400635
0.34664878249168396
0.34664878249168396
0.3466487526893616
0.34664878249168396
0.3466488718986511
0.34664881229400635
0.34664884209632874
0.3466487526893616
0.3466489017009735
0.34664878249168396
0.34664878249168396
0.3466486930847168
0.34664881229400635
0.34664881229400635
0.3466486930847168
0.3466486632823944
0.3466486930847168
0.3466487526893616
0.34664878249168396
0.3466486632823944
0.3466487526893616
0.3466486930847168
0.3466486930847168
0.34664860367774963
0.3466486632823944
0.3466487526893616
0.3466486930847168
0.34664860367774963
0.34664857387542725
0.3466487526893616
0.34664857387542725
0.34664857387542725
0.34664857387542725
0.34664857387542725
0.34664860367774963
0.34664878249168396
0.346648633480072
0.34664860367774963
0.34664851427078247
0.3466486930847168
0.34664860367774963
0.34664854407310486
0.34664857387542725
0.34664851427078247
0.34664854407310486
0.3466484546661377
0.34664851427078247
0.34664854407310486
0.3466484546661377
0.34664851427078247
0.34664854407310486
0.3466484248638153
0.34664851427078247
0.3466484546661377
0.3466484546661377
0.3466484546661377
0.34664854407310486
0.3466484248638153
0.34664851427078247
0.34664833545684814
0.34664836525917053
0.34664833545684814
0.34664833545684814
0.3466483950614929
0.34664836525917053
0.34664833545684814
0.3466484546661377
0.3466483950614929
0.34664836525917053
0.3466484546661377
0.3466483950614929
0.34664833545684814
0.34664836525917053
0.34664836525917053
0.34664836525917053
0.34664827585220337
0.34664836525917053
0.3466483950614929
0.34664833545684814
0.34664836525917053
0.34664827585220337
0.3466482162475586
0.3466482162475586
0.3466482162475586
0.34664830565452576
0.3466481566429138
0.3466482162475586
0.34664830565452576
0.3466482162475586
0.3466481566429138
0.3466481864452362
0.3466481566429138
0.34664833545684814
0.34664806723594666
0.3466482162475586
0.3466481864452362
0.34664812684059143
0.3466481864452362
0.34664827585220337
0.34664809703826904
0.3466481566429138
0.3466482162475586
0.3466482162475586
0.34664809703826904
0.34664806723594666
0.34664812684059143
0.34664809703826904
0.3466479778289795
0.34664812684059143
0.34664806723594666
0.34664806723594666
0.34664806723594666
0.34664812684059143
0.34664809703826904
0.34664803743362427
0.34664809703826904
0.34664806723594666
0.3466479480266571
0.3466479778289795
0.3466479480266571
0.3466479480266571
0.3466479480266571
0.34664803743362427
0.34664803743362427
0.3466479480266571
0.34664788842201233
0.3466479778289795
0.3466479480266571
0.3466479182243347
0.3466479182243347
0.34664788842201233
0.3466479480266571
0.3466479480266571
0.3466479182243347
0.34664788842201233
0.34664782881736755
0.34664788842201233
0.34664782881736755
0.3466479480266571
0.34664788842201233
0.34664782881736755
0.34664788842201233
0.34664782881736755
0.3466477692127228
0.3466477692127228
0.34664782881736755
0.3466477394104004
0.34664782881736755
0.34664782881736755
0.34664782881736755
0.34664788842201233
0.3466477394104004
0.3466477394104004
0.3466477394104004
0.3466476798057556
0.346647709608078
0.346647709608078
0.3466477394104004
0.3466476798057556
0.346647709608078
0.3466476798057556
0.3466477394104004
0.3466476500034332
0.3466477394104004
0.3466476798057556
0.3466476500034332
0.3466476500034332
0.3466477394104004
0.3466476500034332
0.34664762020111084
0.3466476500034332
0.34664762020111084
0.34664762020111084
0.346647709608078
0.3466476798057556
0.3466476798057556
0.346647709608078
0.3466475307941437
0.3466475009918213
0.3466475307941437
0.3466475307941437
0.34664759039878845
0.34664762020111084
0.3466475307941437
0.3466476798057556
0.3466475009918213
0.3466475307941437
0.3466475009918213
0.3466474711894989
0.3466474711894989
0.3466474711894989
0.3466474711894989
0.3466475009918213
0.3466474711894989
0.3466474711894989
0.3466474711894989
0.34664738178253174
0.3466474711894989
0.3466474413871765
0.3466474413871765
0.3466474711894989
0.3466474115848541
0.34664735198020935
0.3466474115848541
0.34664738178253174
0.34664738178253174
0.3466474115848541
0.34664738178253174
0.3466474115848541
0.34664738178253174
0.34664738178253174
0.3466472923755646
0.3466472923755646
0.3466472327709198
0.3466472625732422
0.34664738178253174
0.3466472625732422
0.3466472923755646
0.3466472625732422
0.3466472327709198
0.3466472327709198
0.34664735198020935
0.34664738178253174
0.3466472327709198
0.3466474711894989
0.3466472923755646
0.3466472327709198
0.3466472327709198
0.3466472029685974
0.3466472327709198
0.346647173166275
0.34664714336395264
0.34664711356163025
0.346647173166275
0.3466472029685974
0.34664714336395264
0.34664714336395264
0.3466472029685974
0.34664714336395264
0.34664711356163025
0.34664711356163025
0.34664711356163025
0.34664711356163025
0.346647173166275
0.34664711356163025
0.3466472029685974
0.346647173166275
0.34664714336395264
0.34664714336395264
0.34664711356163025
0.34664711356163025
0.3466469943523407
0.34664711356163025
0.3466470241546631
0.3466470241546631
0.3466469943523407
0.3466469347476959
0.3466470539569855
0.3466469645500183
0.346647173166275
0.3466469645500183
0.3466469943523407
0.3466470241546631
0.3466470241546631
0.3466470241546631
0.3466469645500183
0.3466469347476959
0.3466469645500183
0.3466469645500183
0.3466469645500183
0.3466469347476959
0.34664690494537354
0.34664684534072876
0.3466469347476959
0.34664681553840637
0.34664690494537354
0.3466469645500183
0.346646785736084
0.34664681553840637
0.34664681553840637
0.34664690494537354
0.34664681553840637
0.34664681553840637
0.34664684534072876
0.3466467261314392
0.3466467559337616
0.3466467559337616
0.34664681553840637
0.3466467261314392
0.3466467559337616
0.346646785736084
0.3466467559337616
0.3466467261314392
0.3466466963291168
0.3466467261314392
0.3466467261314392
0.3466467559337616
0.3466467261314392
0.3466467261314392
0.34664666652679443
0.3466466963291168
0.3466466963291168
0.3466466963291168
0.34664666652679443
0.34664660692214966
0.3466467261314392
0.34664690494537354
0.34664666652679443
0.34664684534072876
0.34664660692214966
0.34664660692214966
0.3466465473175049
0.34664660692214966
0.34664660692214966
0.34664660692214966
0.3466465473175049
0.34664660692214966
0.34664657711982727
0.3466465473175049
0.3466465473175049
0.3466465175151825
0.3466464877128601
0.34664657711982727
0.34664642810821533
0.3466465473175049
0.3466464877128601
0.3466464877128601
0.3466464877128601
0.3466464877128601
0.3466464877128601
0.3466465175151825
0.34664666652679443
0.3466465175151825
0.3466465473175049
0.3466465175151825
0.34664636850357056
0.34664642810821533
0.34664642810821533
0.3466464579105377
0.3466464579105377
0.3466464579105377
0.3466464579105377
0.34664633870124817
0.34664636850357056
0.34664633870124817
0.34664633870124817
0.34664642810821533
0.3466463088989258
0.3466462790966034
0.34664636850357056
0.34664633870124817
0.3466463088989258
0.34664633870124817
0.3466463088989258
0.3466462790966034
0.3466463088989258
0.3466462790966034
0.34664633870124817
0.34664633870124817
0.346646249294281
0.3466462790966034
0.34664633870124817
0.34664636850357056
0.3466463088989258
0.346646249294281
0.3466462194919586
0.34664613008499146
0.3466462194919586
0.346646249294281
0.3466462194919586
0.3466462194919586
0.3466462194919586
0.34664615988731384
0.346646249294281
0.34664615988731384
0.34664613008499146
0.34664615988731384
0.346646249294281
0.34664610028266907
0.34664610028266907
0.3466460704803467
0.34664610028266907
0.3466460108757019
0.34664610028266907
0.3466462194919586
0.34664615988731384
0.3466460406780243
0.3466460406780243
0.3466460406780243
0.34664610028266907
0.3466460108757019
0.34664615988731384
0.3466460704803467
0.3466460704803467
0.3466460406780243
0.3466460406780243
0.3466460704803467
0.3466460108757019
0.3466460108757019
0.3466460108757019
0.34664592146873474
0.3466460406780243
0.3466460108757019
0.34664592146873474
0.3466459810733795
0.34664592146873474
0.3466459810733795
0.34664592146873474
0.34664592146873474
0.34664589166641235
0.34664589166641235
0.34664586186408997
0.34664589166641235
0.34664589166641235
0.3466458320617676
0.34664586186408997
0.34664586186408997
0.34664586186408997
0.3466458022594452
0.3466458320617676
0.3466458320617676
0.34664592146873474
0.34664586186408997
0.3466458022594452
0.3466458022594452
0.3466457724571228
0.3466457426548004
0.3466458022594452
0.3466457426548004
0.3466457724571228
0.3466457426548004
0.3466457724571228
0.3466457724571228
0.3466457426548004
0.34664568305015564
0.34664568305015564
0.34664565324783325
0.3466457724571228
0.3466457426548004
0.3466458022594452
0.34664562344551086
0.34664586186408997
0.3466457724571228
0.3466457426548004
0.34664565324783325
0.34664568305015564
0.34664568305015564
0.34664565324783325
0.34664565324783325
0.34664565324783325
0.3466455936431885
0.34664565324783325
0.34664565324783325
0.3466455936431885
0.3466455638408661
0.3466455042362213
0.34664562344551086
0.34664562344551086
0.3466455340385437
0.3466455638408661
0.3466455936431885
0.3466455936431885
0.3466455042362213
0.3466455638408661
0.3466455042362213
0.3466455638408661
0.3466455936431885
0.3466455042362213
0.3466455042362213
0.3466455340385437
0.3466453552246094
0.34664544463157654
0.3466455638408661
0.34664544463157654
0.3466455042362213
0.34664538502693176
0.34664544463157654
0.34664541482925415
0.34664538502693176
0.3466455042362213
0.34664541482925415
0.3466455042362213
0.34664541482925415
0.34664541482925415
0.34664544463157654
0.34664538502693176
0.34664538502693176
0.34664538502693176
0.34664538502693176
0.3466453552246094
0.346645325422287
0.34664541482925415
0.3466452956199646
0.3466452956199646
0.346645325422287
0.346645325422287
0.3466452360153198
0.3466452956199646
0.3466452360153198
0.34664517641067505
0.346645325422287
0.3466452360153198
0.34664514660835266
0.3466452360153198
0.346645325422287
0.34664517641067505
0.34664520621299744
0.34664520621299744
0.34664517641067505
0.3466452360153198
0.34664520621299744
0.34664517641067505
0.34664517641067505
0.34664514660835266
0.3466452360153198
0.34664517641067505
0.34664514660835266
0.34664514660835266
0.3466451168060303
0.34664514660835266
0.34664520621299744
0.3466450870037079
0.34664514660835266
0.3466450870037079
0.3466450572013855
0.3466450870037079
0.34664517641067505
0.3466450572013855
0.3466450870037079
0.3466449975967407
0.3466451168060303
0.3466451168060303
0.3466449975967407
0.34664496779441833
0.34664514660835266
0.34664493799209595
0.3466450572013855
0.3466450572013855
0.34664496779441833
0.3466450572013855
0.34664490818977356
0.3466450870037079
0.34664496779441833
0.34664496779441833
0.34664493799209595
0.34664490818977356
0.34664490818977356
0.34664490818977356
0.34664487838745117
0.34664493799209595
0.34664490818977356
0.34664496779441833
0.34664490818977356
0.34664493799209595
0.34664490818977356
0.34664487838745117
0.34664487838745117
0.34664487838745117
0.34664487838745117
0.34664490818977356
0.34664487838745117
0.3466448187828064
0.34664490818977356
0.3466447591781616
0.3466447591781616
0.3466448187828064
0.3466448187828064
0.3466447591781616
0.3466448187828064
0.3466448187828064
0.34664472937583923
0.34664472937583923
0.34664490818977356
0.3466447591781616
0.34664472937583923
0.34664472937583923
0.3466447591781616
0.34664466977119446
0.34664466977119446
0.34664466977119446
0.34664466977119446
0.34664472937583923
0.34664472937583923
0.34664472937583923
0.34664469957351685
0.34664466977119446
0.3466445803642273
0.34664472937583923
0.3466446101665497
0.34664466977119446
0.34664469957351685
0.34664463996887207
0.34664469957351685
0.3466445803642273
0.3466446101665497
0.3466445803642273
0.3466445803642273
0.3466445803642273
0.3466445803642273
0.3466445207595825
0.3466445207595825
0.34664449095726013
0.3466445803642273
0.3466445803642273
0.34664469957351685
0.3466445207595825
0.34664463996887207
0.34664446115493774
0.34664449095726013
0.3466445207595825
0.34664443135261536
0.34664446115493774
0.34664449095726013
0.34664449095726013
0.3466445207595825
0.34664440155029297
0.34664443135261536
0.34664449095726013
0.34664446115493774
0.34664446115493774
0.34664440155029297
0.3466443717479706
0.3466443717479706
0.34664440155029297
0.34664443135261536
0.3466443121433258
0.34664440155029297
0.34664443135261536
0.34664443135261536
0.3466443717479706
0.3466443717479706
0.3466443121433258
0.34664425253868103
0.3466442823410034
0.3466442823410034
0.3466442823410034
0.34664425253868103
0.3466443121433258
0.3466442823410034
0.3466443121433258
0.3466442823410034
0.34664422273635864
0.34664419293403625
0.34664422273635864
0.3466442823410034
0.3466442823410034
0.34664425253868103
0.34664422273635864
0.34664422273635864
0.34664419293403625
0.3466440439224243
0.34664422273635864
0.34664416313171387
0.3466441333293915
0.34664416313171387
0.3466441333293915
0.34664422273635864
0.3466440737247467
0.34664422273635864
0.3466441333293915
0.3466441333293915
0.3466441333293915
0.34664416313171387
0.3466441333293915
0.3466441333293915
0.3466440439224243
0.3466440439224243
0.34664401412010193
0.3466440439224243
0.3466440737247467
0.3466441333293915
0.34664398431777954
0.34664401412010193
0.34664401412010193
0.3466440439224243
0.34664392471313477
0.34664401412010193
0.34664392471313477
0.34664395451545715
0.34664392471313477
0.34664398431777954
0.34664416313171387
0.34664392471313477
0.34664392471313477
0.34664401412010193
0.34664395451545715
0.3466438353061676
0.34664395451545715
0.34664395451545715
0.3466438949108124
0.3466438949108124
0.34664392471313477
0.34664392471313477
0.34664392471313477
0.3466438353061676
0.34664392471313477
0.34664392471313477
0.34664395451545715
0.3466438353061676
0.3466438949108124
0.3466438055038452
0.3466438353061676
0.3466437757015228
0.3466438055038452
0.3466438055038452
0.3466438353061676
0.34664374589920044
0.34664374589920044
0.3466438055038452
0.3466438949108124
0.3466438353061676
0.34664371609687805
0.34664371609687805
0.34664374589920044
0.3466437757015228
0.34664368629455566
0.34664374589920044
0.34664368629455566
0.34664368629455566
0.34664374589920044
0.3466436266899109
0.34664371609687805
0.3466438055038452
0.34664368629455566
0.34664371609687805
0.3466436266899109
0.3466435968875885
0.34664368629455566
0.3466436266899109
0.3466435968875885
0.3466435968875885
0.3466435372829437
0.3466435968875885
0.3466435968875885
0.3466436266899109
0.3466435372829437
0.3466435372829437
0.34664374589920044
0.3466435968875885
0.3466435372829437
0.3466436266899109
0.3466435372829437
0.3466435372829437
0.34664347767829895
0.34664350748062134
0.3466435372829437
0.3466435372829437
0.3466435372829437
0.3466435372829437
0.3466435372829437
0.34664344787597656
0.34664350748062134
0.34664350748062134
0.34664347767829895
0.3466433882713318
0.34664347767829895
0.34664347767829895
0.3466435968875885
0.34664347767829895
0.3466433584690094
0.34664347767829895
0.3466433882713318
0.3466433584690094
0.346643328666687
0.34664344787597656
0.346643328666687
0.3466433584690094
0.346643328666687
0.3466433584690094
0.3466433584690094
0.3466433584690094
0.346643328666687
0.34664326906204224
0.3466433882713318
0.3466433584690094
0.3466432988643646
0.346643328666687
0.34664326906204224
0.3466432988643646
0.34664326906204224
0.34664344787597656
0.34664323925971985
0.34664326906204224
0.346643328666687
0.3466432988643646
0.34664323925971985
0.34664320945739746
0.34664326906204224
0.34664320945739746
0.34664326906204224
0.3466430902481079
0.34664320945739746
0.34664323925971985
0.3466431200504303
0.3466431498527527
0.3466431200504303
0.3466431498527527
0.3466431498527527
0.3466430902481079
0.3466430902481079
0.3466431200504303
0.3466430902481079
0.3466431498527527
0.3466430604457855
0.3466430604457855
0.3466431498527527
0.34664303064346313
0.3466431200504303
0.3466430604457855
0.34664303064346313
0.34664303064346313
0.3466431200504303
0.3466430604457855
0.34664320945739746
0.34664303064346313
0.3466431200504303
0.34664300084114075
0.3466430604457855
0.34664300084114075
0.34664300084114075
0.34664300084114075
0.3466430902481079
0.34664303064346313
0.3466430604457855
0.3466429114341736
0.3466429114341736
0.3466428816318512
0.3466430902481079
0.3466429114341736
0.3466428518295288
0.3466428816318512
0.34664300084114075
0.3466428518295288
0.3466430604457855
0.34664297103881836
0.3466428816318512
0.3466428518295288
0.3466428816318512
0.3466428518295288
0.34664279222488403
0.3466428220272064
0.3466428816318512
0.3466428518295288
0.3466428518295288
0.34664279222488403
0.3466428518295288
0.3466428220272064
0.3466428220272064
0.34664279222488403
0.3466428220272064
0.34664270281791687
0.34664270281791687
0.34664276242256165
0.3466428518295288
0.34664276242256165
0.3466428518295288
0.34664270281791687
0.3466426730155945
0.34664270281791687
0.3466426134109497
0.3466426730155945
0.3466426730155945
0.3466426730155945
0.34664276242256165
0.34664279222488403
0.3466426730155945
0.3466426730155945
0.3466426730155945
0.3466426730155945
0.3466426730155945
0.3466426432132721
0.3466426134109497
0.3466426730155945
0.3466426730155945
0.3466426134109497
0.34664270281791687
0.3466426432132721
0.3466425836086273
0.3466425836086273
0.34664255380630493
0.34664255380630493
0.3466426432132721
0.34664246439933777
0.34664255380630493
0.3466425836086273
0.34664246439933777
0.34664252400398254
0.34664246439933777
0.34664252400398254
0.34664246439933777
0.34664252400398254
0.3466425836086273
0.3466424345970154
0.34664255380630493
0.3466424345970154
0.346642404794693
0.34664252400398254
0.346642404794693
0.3466424345970154
0.3466424345970154
0.34664252400398254
0.34664246439933777
0.3466424345970154
0.34664246439933777
0.34664231538772583
0.3466423749923706
0.3466423451900482
0.34664231538772583
0.34664231538772583
0.3466423451900482
0.3466423749923706
0.3466423451900482
0.34664231538772583
0.3466423451900482
0.3466423749923706
0.34664231538772583
0.3466423749923706
0.3466423749923706
0.3466423451900482
0.34664222598075867
0.3466423451900482
0.34664231538772583
0.34664222598075867
0.34664228558540344
0.34664231538772583
0.3466421961784363
0.3466423451900482
0.3466421365737915
0.3466421961784363
0.3466421961784363
0.34664228558540344
0.3466421663761139
0.34664228558540344
0.3466421663761139
0.3466421961784363
0.34664222598075867
0.3466421663761139
0.3466421067714691
0.3466421067714691
0.3466421067714691
0.3466421365737915
0.3466421961784363
0.34664207696914673
0.3466421365737915
0.3466421961784363
0.34664207696914673
0.34664207696914673
0.3466421067714691
0.3466421663761139
0.3466421067714691
0.34664207696914673
0.34664207696914673
0.34664207696914673
0.34664204716682434
0.3466421067714691
0.34664204716682434
0.34664204716682434
0.34664198756217957
0.3466419577598572
0.3466419577598572
0.34664207696914673
0.34664207696914673
0.34664207696914673
0.3466419279575348
0.34664207696914673
0.34664198756217957
0.3466421067714691
0.3466419279575348
0.3466419279575348
0.3466418981552124
0.3466419577598572
0.34664186835289
0.3466418981552124
0.3466419279575348
0.34664186835289
0.34664186835289
0.34664186835289
0.34664186835289
0.34664186835289
0.3466418385505676
0.3466418981552124
0.34664186835289
0.34664186835289
0.3466418385505676
0.34664177894592285
0.34664186835289
0.34664186835289
0.3466418385505676
0.34664186835289
0.3466417193412781
0.3466417193412781
0.34664177894592285
0.34664174914360046
0.3466418385505676
0.3466417193412781
0.3466417193412781
0.3466416895389557
0.34664174914360046
0.3466417193412781
0.3466416597366333
0.3466416299343109
0.34664177894592285
0.3466416895389557
0.3466416597366333
0.3466416597366333
0.3466416895389557
0.3466417193412781
0.3466416597366333
0.3466416895389557
0.3466416001319885
0.3466416299343109
0.3466416001319885
0.3466416001319885
0.3466416299343109
0.3466416001319885
0.3466416001319885
0.34664154052734375
0.3466416001319885
0.3466416299343109
0.34664151072502136
0.3466416001319885
0.34664154052734375
0.3466416001319885
0.34664154052734375
0.3466414511203766
0.34664154052734375
0.34664154052734375
0.34664154052734375
0.346641480922699
0.34664154052734375
0.3466416597366333
0.346641480922699
0.34664151072502136
0.346641480922699
0.3466414511203766
0.3466414213180542
0.3466414511203766
0.346641480922699
0.346641480922699
0.3466413617134094
0.3466414213180542
0.34664151072502136
0.3466413915157318
0.3466414511203766
0.346641480922699
0.3466416001319885
0.3466414511203766
0.3466413915157318
0.3466413617134094
0.3466413915157318
0.34664130210876465
0.34664130210876465
0.3466413617134094
0.34664127230644226
0.3466413617134094
0.34664130210876465
0.34664130210876465
0.34664127230644226
0.34664130210876465
0.34664127230644226
0.3466412425041199
0.34664130210876465
0.34664130210876465
0.3466412425041199
0.3466412127017975
0.34664130210876465
0.3466412425041199
0.34664127230644226
0.3466412425041199
0.34664127230644226
0.3466413915157318
0.34664127230644226
0.3466412425041199
0.3466412127017975
0.3466411828994751
0.3466411530971527
0.3466411828994751
0.3466412127017975
0.3466412127017975
0.3466412127017975
0.3466411828994751
0.3466411530971527
0.3466411828994751
0.3466411828994751
0.3466412127017975
0.34664109349250793
0.34664106369018555
0.34664109349250793
0.3466411828994751
0.3466412127017975
0.34664106369018555
0.3466412127017975
0.34664106369018555
0.34664103388786316
0.34664103388786316
0.34664106369018555
0.34664106369018555
0.34664103388786316
0.34664103388786316
0.3466409742832184
0.34664100408554077
0.346640944480896
0.34664109349250793
0.34664100408554077
0.3466409742832184
0.34664100408554077
0.346640944480896
0.346640944480896
0.34664103388786316
0.346640944480896
0.34664100408554077
0.346640944480896
0.3466409146785736
0.34664085507392883
0.34664085507392883
0.346640944480896
0.34664085507392883
0.34664082527160645
0.3466409742832184
0.34664082527160645
0.34664085507392883
0.346640944480896
0.34664085507392883
0.34664082527160645
0.34664079546928406
0.34664085507392883
0.34664085507392883
0.34664079546928406
0.3466409146785736
0.34664082527160645
0.34664076566696167
0.34664079546928406
0.3466409146785736
0.34664076566696167
0.34664079546928406
0.34664082527160645
0.34664079546928406
0.34664079546928406
0.34664076566696167
0.34664079546928406
0.3466407358646393
0.3466407060623169
0.3466407358646393
0.3466406762599945
0.3466406762599945
0.3466407060623169
0.3466407060623169
0.3466407060623169
0.34664061665534973
0.3466406762599945
0.3466406762599945
0.34664061665534973
0.3466407358646393
0.34664061665534973
0.34664061665534973
0.3466407060623169
0.34664058685302734
0.3466407060623169
0.34664061665534973
0.34664061665534973
0.34664058685302734
0.34664058685302734
0.34664061665534973
0.34664052724838257
0.34664055705070496
0.34664052724838257
0.34664058685302734
0.34664055705070496
0.34664055705070496
0.34664055705070496
0.34664052724838257
0.3466404974460602
0.3466406762599945
0.3466404974460602
0.3466404974460602
0.34664052724838257
0.34664052724838257
0.3466404378414154
0.34664052724838257
0.3466404378414154
0.34664037823677063
0.34664052724838257
0.3466404378414154
0.3466404676437378
0.3466404378414154
0.34664052724838257
0.3466404378414154
0.34664037823677063
0.3466404676437378
0.34664034843444824
0.3466404676437378
0.34664037823677063
0.34664031863212585
0.3466404378414154
0.34664028882980347
0.34664037823677063
0.34664031863212585
0.3466404378414154
0.34664034843444824
0.34664028882980347
0.34664034843444824
0.34664031863212585
0.34664028882980347
0.34664034843444824
0.34664034843444824
0.3466401696205139
0.34664028882980347
0.3466401696205139
0.34664028882980347
0.3466402292251587
0.3466402292251587
0.3466402292251587
0.3466402292251587
0.3466402292251587
0.3466401696205139
0.3466402292251587
0.3466402590274811
0.3466402292251587
0.3466402292251587
0.34664013981819153
0.3466401696205139
0.34664011001586914
0.34664013981819153
0.3466401696205139
0.3466401696205139
0.34664008021354675
0.3466402292251587
0.34664011001586914
0.3466402292251587
0.3466402292251587
0.34664011001586914
0.34664005041122437
0.34664011001586914
0.34664013981819153
0.34664008021354675
0.346640020608902
0.3466399908065796
0.34664011001586914
0.34664008021354675
0.34664005041122437
0.346640020608902
0.346640020608902
0.34664008021354675
0.346640020608902
0.346640020608902
0.34664005041122437
0.34664005041122437
0.346640020608902
0.3466399908065796
0.346640020608902
0.34664008021354675
0.3466399312019348
0.3466399312019348
0.34663987159729004
0.34663984179496765
0.3466399013996124
0.3466399312019348
0.34663987159729004
0.3466399312019348
0.3466399908065796
0.3466399013996124
0.3466399312019348
0.34663987159729004
0.34663984179496765
0.3466399312019348
0.3466399013996124
0.3466399013996124
0.3466397821903229
0.34663981199264526
0.34663984179496765
0.3466399013996124
0.34663987159729004
0.34663981199264526
0.34663984179496765
0.3466397821903229
0.3466399013996124
0.34663981199264526
0.34663981199264526
0.3466397821903229
0.34663981199264526
0.34663984179496765
0.3466396927833557
0.3466397821903229
0.3466396927833557
0.34663984179496765
0.3466399013996124
0.3466396927833557
0.3466396927833557
0.3466396927833557
0.3466396629810333
0.34663963317871094
0.3466396927833557
0.3466397523880005
0.3466396927833557
0.34663981199264526
0.3466396927833557
0.34663963317871094
0.34663957357406616
0.34663963317871094
0.34663960337638855
0.34663963317871094
0.3466396629810333
0.34663963317871094
0.3466395437717438
0.34663960337638855
0.34663957357406616
0.3466395139694214
0.3466396927833557
0.34663957357406616
0.3466395437717438
0.34663960337638855
0.3466395437717438
0.3466395437717438
0.3466396629810333
0.34663960337638855
0.3466394245624542
0.3466394543647766
0.3466394245624542
0.3466394245624542
0.34663936495780945
0.3466394245624542
0.3466394245624542
0.34663936495780945
0.34663939476013184
0.3466394245624542
0.3466394245624542
0.34663936495780945
0.3466395139694214
0.3466394543647766
0.34663939476013184
0.34663939476013184
0.3466394245624542
0.3466394543647766
0.34663936495780945
0.34663936495780945
0.34663936495780945
0.34663933515548706
0.34663939476013184
0.34663939476013184
0.34663936495780945
0.34663939476013184
0.3466393053531647
0.34663933515548706
0.3466393053531647
0.34663933515548706
0.3466393053531647
0.34663933515548706
0.34663933515548706
0.3466391861438751
0.3466392457485199
0.3466392457485199
0.3466393053531647
0.3466393053531647
0.3466391861438751
0.3466392159461975
0.3466393053531647
0.34663912653923035
0.3466392457485199
0.3466391861438751
0.34663915634155273
0.34663915634155273
0.3466391861438751
0.3466391861438751
0.3466391861438751
0.34663915634155273
0.3466391861438751
0.3466391861438751
0.34663909673690796
0.34663906693458557
0.34663906693458557
0.34663909673690796
0.3466390073299408
0.34663912653923035
0.3466392159461975
0.34663912653923035
0.3466392159461975
0.34663909673690796
0.34663906693458557
0.34663912653923035
0.3466389775276184
0.34663909673690796
0.34663909673690796
0.34663906693458557
0.3466390073299408
0.3466390073299408
0.3466389775276184
0.3466389775276184
0.3466390073299408
0.34663906693458557
0.34663906693458557
0.34663891792297363
0.3466389775276184
0.34663891792297363
0.346638947725296
0.34663888812065125
0.34663891792297363
0.346638947725296
0.346638947725296
0.34663888812065125
0.346638947725296
0.34663888812065125
0.34663888812065125
0.34663888812065125
0.34663888812065125
0.34663885831832886
0.34663888812065125
0.34663885831832886
0.3466387689113617
0.34663885831832886
0.34663885831832886
0.34663882851600647
0.34663891792297363
0.3466387093067169
0.34663882851600647
0.34663885831832886
0.3466387391090393
0.3466387391090393
0.34663885831832886
0.3466387093067169
0.3466387391090393
0.3466387689113617
0.3466387689113617
0.3466387093067169
0.3466387093067169
0.3466387391090393
0.34663882851600647
0.34663867950439453
0.3466387689113617
0.34663867950439453
0.34663864970207214
0.34663864970207214
0.3466387391090393
0.34663864970207214
0.34663864970207214
0.34663867950439453
0.34663861989974976
0.34663859009742737
0.3466387093067169
0.34663864970207214
0.3466387093067169
0.34663861989974976
0.34663864970207214
0.34663861989974976
0.34663864970207214
0.34663861989974976
0.34663861989974976
0.34663861989974976
0.3466385304927826
0.3466384708881378
0.34663859009742737
0.34663864970207214
0.34663864970207214
0.34663864970207214
0.34663844108581543
0.3466385006904602
0.3466385304927826
0.3466385304927826
0.34663859009742737
0.3466384708881378
0.3466384708881378
0.3466384708881378
0.3466384708881378
0.34663841128349304
0.34663844108581543
0.3466385304927826
0.34663844108581543
0.3466385006904602
0.34663841128349304
0.34663844108581543
0.34663844108581543
0.34663844108581543
0.34663838148117065
0.3466383218765259
0.3466383218765259
0.34663841128349304
0.34663841128349304
0.34663838148117065
0.34663841128349304
0.3466383218765259
0.3466383218765259
0.3466382920742035
0.3466382622718811
0.3466382920742035
0.3466382920742035
0.3466382324695587
0.3466382920742035
0.34663838148117065
0.3466382622718811
0.3466382622718811
0.3466382920742035
0.3466382622718811
0.3466382324695587
0.34663817286491394
0.34663820266723633
0.3466382622718811
0.3466382324695587
0.34663820266723633
0.34663817286491394
0.3466382622718811
0.34663838148117065
0.3466382324695587
0.34663820266723633
0.34663814306259155
0.3466380834579468
0.34663820266723633
0.3466380834579468
0.34663817286491394
0.34663820266723633
0.34663814306259155
0.34663820266723633
0.34663814306259155
0.34663820266723633
0.34663814306259155
0.3466380536556244
0.346638023853302
0.3466380536556244
0.34663820266723633
0.34663814306259155
0.346638023853302
0.346638023853302
0.3466379940509796
0.34663817286491394
0.3466379940509796
0.346638023853302
0.3466380536556244
0.3466379642486572
0.3466380834579468
0.3466379940509796
0.3466380536556244
0.3466380834579468
0.3466379642486572
0.34663793444633484
0.346638023853302
0.3466379940509796
0.3466379940509796
0.3466378450393677
0.34663790464401245
0.346638023853302
0.3466379642486572
0.3466379642486572
0.34663793444633484
0.3466378450393677
0.34663790464401245
0.3466379642486572
0.3466378450393677
0.3466378152370453
0.3466378450393677
0.3466378152370453
0.3466378152370453
0.34663790464401245
0.34663790464401245
0.3466379940509796
0.3466378450393677
0.3466378450393677
0.3466378152370453
0.3466377854347229
0.3466377258300781
0.3466377556324005
0.3466377556324005
0.3466378152370453
0.3466377258300781
0.3466377556324005
0.3466377854347229
0.3466377556324005
0.3466377556324005
0.3466377258300781
0.3466377854347229
0.3466377854347229
0.3466377258300781
0.34663769602775574
0.3466377258300781
0.34663763642311096
0.34663769602775574
0.34663769602775574
0.3466377258300781
0.3466377556324005
0.3466377258300781
0.34663763642311096
0.3466377854347229
0.3466375768184662
0.3466375768184662
0.34663763642311096
0.34663763642311096
0.3466377556324005
0.3466375768184662
0.3466375768184662
0.34663763642311096
0.3466376066207886
0.34663763642311096
0.3466376066207886
0.3466375470161438
0.34663769602775574
0.3466375768184662
0.3466375172138214
0.3466375470161438
0.3466376066207886
0.346637487411499
0.346637487411499
0.3466375470161438
0.3466375172138214
0.346637487411499
0.34663739800453186
0.34663745760917664
0.34663745760917664
0.3466375470161438
0.34663745760917664
0.34663739800453186
0.346637487411499
0.3466373682022095
0.34663745760917664
0.34663745760917664
0.34663745760917664
0.34663739800453186
0.3466373383998871
0.34663739800453186
0.3466373085975647
0.3466373682022095
0.34663739800453186
0.3466373682022095
0.3466373383998871
0.3466373682022095
0.346637487411499
0.3466373682022095
0.3466373085975647
0.34663739800453186
0.346637487411499
0.3466373383998871
0.3466373383998871
0.3466373085975647
0.34663721919059753
0.3466372787952423
0.34663721919059753
0.3466372489929199
0.3466372489929199
0.3466372489929199
0.3466372489929199
0.3466372489929199
0.34663715958595276
0.3466372489929199
0.3466372489929199
0.3466372787952423
0.34663721919059753
0.3466372489929199
0.34663721919059753
0.34663721919059753
0.34663712978363037
0.346637099981308
0.34663715958595276
0.346637099981308
0.3466372489929199
0.346637099981308
0.34663721919059753
0.346637099981308
0.3466370701789856
0.34663721919059753
0.34663715958595276
0.34663712978363037
0.3466370403766632
0.34663712978363037
0.3466370403766632
0.346637099981308
0.3466370105743408
0.3466370701789856
0.34663698077201843
0.34663698077201843
0.34663698077201843
0.346637099981308
0.3466370403766632
0.3466370105743408
0.3466370403766632
0.34663692116737366
0.3466370105743408
0.34663692116737366
0.34663698077201843
0.34663698077201843
0.34663698077201843
0.3466370105743408
0.34663689136505127
0.3466368615627289
0.3466368317604065
0.34663692116737366
0.3466368615627289
0.34663692116737366
0.34663692116737366
0.34663689136505127
0.34663689136505127
0.3466368615627289
0.3466368615627289
0.3466368317604065
0.3466368317604065
0.34663689136505127
0.34663698077201843
0.3466368317604065
0.3466368317604065
0.3466368019580841
0.3466367721557617
0.34663671255111694
0.3466368317604065
0.34663671255111694
0.3466367721557617
0.3466368317604065
0.34663671255111694
0.34663671255111694
0.3466367721557617
0.3466368317604065
0.34663671255111694
0.34663671255111694
0.3466368019580841
0.34663665294647217
0.34663671255111694
0.34663671255111694
0.34663665294647217
0.3466366231441498
0.34663668274879456
0.34663668274879456
0.34663671255111694
0.3466367721557617
0.3466366231441498
0.34663665294647217
0.3466365933418274
0.34663668274879456
0.34663665294647217
0.34663671255111694
0.3466366231441498
0.3466365933418274
0.3466365337371826
0.3466366231441498
0.3466366231441498
0.346636563539505
0.3466365337371826
0.346636563539505
0.34663668274879456
0.346636563539505
0.346636563539505
0.3466365933418274
0.346636563539505
0.3466365337371826
0.3466365337371826
0.346636563539505
0.3466365337371826
0.34663647413253784
0.34663647413253784
0.3466363847255707
0.34663647413253784
0.346636563539505
0.346636563539505
0.34663644433021545
0.34663641452789307
0.3466363847255707
0.3466363847255707
0.34663641452789307
0.34663644433021545
0.3466363549232483
0.34663644433021545
0.34663641452789307
0.34663647413253784
0.3466363549232483
0.3466363847255707
0.3466363549232483
0.3466363251209259
0.3466362953186035
0.3466363847255707
0.346636563539505
0.3466362953186035
0.3466362953186035
0.3466362953186035
0.3466362953186035
0.3466363251209259
0.3466363549232483
0.3466363549232483
0.34663644433021545
0.34663623571395874
0.3466363251209259
0.3466363251209259
0.34663620591163635
0.3466362953186035
0.34663620591163635
0.34663620591163635
0.34663617610931396
0.34663623571395874
0.34663623571395874
0.34663620591163635
0.34663620591163635
0.3466361165046692
0.3466362953186035
0.34663620591163635
0.3466361463069916
0.3466361463069916
0.3466360867023468
0.3466361165046692
0.3466361463069916
0.3466361165046692
0.3466361463069916
0.3466361463069916
0.3466360867023468
0.3466360569000244
0.3466360867023468
0.3466361165046692
0.3466360569000244
0.3466361165046692
0.3466361165046692
0.3466360867023468
0.3466361463069916
0.3466361165046692
0.3466360867023468
0.34663599729537964
0.34663599729537964
0.3466360569000244
0.3466360569000244
0.34663599729537964
0.34663593769073486
0.34663593769073486
0.34663593769073486
0.3466361165046692
0.34663596749305725
0.34663599729537964
0.34663593769073486
0.34663596749305725
0.34663593769073486
0.34663596749305725
0.3466359078884125
0.3466361165046692
0.3466358780860901
0.3466359078884125
0.34663599729537964
0.3466358482837677
0.3466359078884125
0.34663593769073486
0.3466359078884125
0.3466359078884125
0.34663593769073486
0.3466358482837677
0.3466358482837677
0.3466357886791229
0.3466358482837677
0.3466358482837677
0.34663572907447815
0.3466357886791229
0.34663572907447815
0.34663575887680054
0.34663572907447815
0.3466357886791229
0.3466357886791229
0.34663575887680054
0.34663593769073486
0.34663575887680054
0.3466357886791229
0.3466356694698334
0.34663575887680054
0.3466356694698334
0.34663575887680054
0.3466357886791229
0.34663569927215576
0.34663569927215576
0.3466356694698334
0.3466356694698334
0.3466356694698334
0.346635639667511
0.3466356694698334
0.346635639667511
0.346635639667511
0.3466355502605438
0.3466355502605438
0.3466356098651886
0.34663552045822144
0.34663552045822144
0.346635639667511
0.3466356098651886
0.3466356098651886
0.34663552045822144
0.3466355502605438
0.3466355502605438
0.3466355502605438
0.3466356694698334
0.3466354310512543
0.3466355502605438
0.346635639667511
0.34663549065589905
0.34663549065589905
0.34663552045822144
0.34663549065589905
0.34663546085357666
0.3466355502605438
0.34663549065589905
0.34663552045822144
0.34663549065589905
0.34663552045822144
0.34663552045822144
0.3466354012489319
0.3466354310512543
0.3466353714466095
0.34663546085357666
0.34663546085357666
0.3466353118419647
0.34663546085357666
0.3466354012489319
0.3466353714466095
0.3466353714466095
0.3466353714466095
0.3466353714466095
0.3466353118419647
0.3466354310512543
0.3466353714466095
0.3466354310512543
0.3466353714466095
0.3466353714466095
0.34663528203964233
0.34663528203964233
0.3466353714466095
0.3466353118419647
0.34663522243499756
0.34663525223731995
0.34663519263267517
0.34663525223731995
0.34663519263267517
0.34663519263267517
0.34663546085357666
0.34663522243499756
0.34663522243499756
0.34663519263267517
0.346635103225708
0.34663522243499756
0.34663522243499756
0.3466351628303528
0.3466351628303528
0.34663519263267517
0.3466351628303528
0.346635103225708
0.3466351628303528
0.3466350734233856
0.3466351628303528
0.3466350734233856
0.3466350734233856
0.34663504362106323
0.3466350734233856
0.34663519263267517
0.34663498401641846
0.34663498401641846
0.346635103225708
0.346635103225708
0.3466350734233856
0.346635103225708
0.346635103225708
0.34663501381874084
0.34663501381874084
0.34663501381874084
0.34663504362106323
0.346635103225708
0.34663498401641846
0.34663498401641846
0.34663501381874084
0.34663498401641846
0.34663501381874084
0.34663498401641846
0.34663495421409607
0.34663495421409607
0.34663495421409607
0.3466349244117737
0.34663498401641846
0.34663498401641846
0.34663495421409607
0.3466348350048065
0.3466349244117737
0.3466348648071289
0.3466349244117737
0.3466348350048065
0.3466349244117737
0.3466348350048065
0.3466348648071289
0.3466348648071289
0.3466348648071289
0.3466350734233856
0.3466348350048065
0.34663480520248413
0.3466348648071289
0.34663474559783936
0.3466348648071289
0.34663480520248413
0.34663480520248413
0.34663480520248413
0.34663474559783936
0.34663474559783936
0.34663477540016174
0.34663480520248413
0.3466348350048065
0.34663477540016174
0.34663474559783936
0.34663477540016174
0.34663474559783936
0.34663471579551697
0.3466346263885498
0.34663474559783936
0.34663471579551697
0.3466346263885498
0.34663471579551697
0.3466346859931946
0.34663471579551697
0.3466346859931946
0.3466346859931946
0.34663471579551697
0.34663474559783936
0.34663456678390503
0.3466346263885498
0.34663453698158264
0.3466345965862274
0.3466346263885498
0.3466346859931946
0.3466346859931946
0.3466345965862274
0.3466345965862274
0.3466346263885498
0.34663453698158264
0.34663450717926025
0.34663456678390503
0.3466345965862274
0.34663456678390503
0.34663456678390503
0.3466345965862274
0.34663456678390503
0.34663453698158264
0.34663456678390503
0.3466346263885498
0.34663447737693787
0.3466346859931946
0.34663474559783936
0.34663447737693787
0.34663453698158264
0.34663453698158264
0.34663450717926025
0.34663450717926025
0.34663450717926025
0.34663450717926025
0.3466343879699707
0.34663447737693787
0.3466343879699707
0.3466343879699707
0.3466343581676483
0.3466344475746155
0.3466343581676483
0.3466343879699707
0.3466343581676483
0.3466343283653259
0.3466343581676483
0.3466343283653259
0.3466343283653259
0.3466343283653259
0.3466343581676483
0.3466343283653259
0.3466343283653259
0.3466343581676483
0.34663429856300354
0.34663423895835876
0.3466343283653259
0.34663426876068115
0.346634179353714
0.34663423895835876
0.34663426876068115
0.3466343581676483
0.34663423895835876
0.34663429856300354
0.346634179353714
0.34663429856300354
0.3466343283653259
0.34663423895835876
0.34663423895835876
0.3466341495513916
0.3466341495513916
0.3466341495513916
0.346634179353714
0.3466341495513916
0.3466341197490692
0.3466341495513916
0.3466340899467468
0.3466341495513916
0.34663406014442444
0.34663406014442444
0.3466340899467468
0.3466341197490692
0.34663406014442444
0.34663423895835876
0.34663406014442444
0.34663403034210205
0.3466340899467468
0.34663406014442444
0.3466341495513916
0.34663406014442444
0.34663400053977966
0.3466341495513916
0.34663403034210205
0.34663403034210205
0.34663403034210205
0.34663403034210205
0.3466340899467468
0.34663400053977966
0.34663406014442444
0.3466339409351349
0.34663400053977966
0.34663406014442444
0.3466339111328125
0.34663400053977966
0.34663406014442444
0.34663403034210205
0.3466339409351349
0.3466339409351349
0.34663400053977966
0.3466338515281677
0.3466339409351349
0.3466339111328125
0.3466339111328125
0.3466338515281677
0.3466339111328125
0.3466338515281677
0.3466338813304901
0.3466338813304901
0.34663379192352295
0.3466338813304901
0.3466338515281677
0.3466339111328125
0.3466338813304901
0.34663379192352295
0.3466339111328125
0.3466338515281677
0.34663382172584534
0.34663382172584534
0.34663379192352295
0.3466338515281677
0.3466337025165558
0.3466337025165558
0.34663376212120056
0.3466337025165558
0.34663379192352295
0.3466336727142334
0.34663376212120056
0.3466337025165558
0.3466336727142334
0.34663376212120056
0.3466337025165558
0.346633642911911
0.3466336131095886
0.34663376212120056
0.3466336727142334
0.3466336727142334
0.3466337025165558
0.3466336727142334
0.3466336727142334
0.346633642911911
0.3466337025165558
0.34663358330726624
0.3466336131095886
0.3466336131095886
0.3466336727142334
0.346633642911911
0.34663376212120056
0.3466336727142334
0.34663355350494385
0.34663358330726624
0.3466336131095886
0.34663358330726624
0.3466336131095886
0.34663358330726624
0.34663355350494385
0.34663355350494385
0.34663376212120056
0.3466334640979767
0.346633642911911
0.34663355350494385
0.3466337025165558
0.3466334342956543
0.34663355350494385
0.3466334640979767
0.34663352370262146
0.34663355350494385
0.3466334342956543
0.3466334640979767
0.3466334640979767
0.3466334044933319
0.3466334044933319
0.3466334640979767
0.34663352370262146
0.3466334044933319
0.3466334044933319
0.34663334488868713
0.3466334640979767
0.3466333746910095
0.3466334044933319
0.3466333746910095
0.3466334342956543
0.3466334044933319
0.34663334488868713
0.34663352370262146
0.3466333746910095
0.3466333746910095
0.3466334044933319
0.3466333746910095
0.34663334488868713
0.3466332256793976
0.3466333746910095
0.3466332256793976
0.3466332256793976
0.3466332256793976
0.34663331508636475
0.34663331508636475
0.3466332256793976
0.3466331958770752
0.3466331958770752
0.3466331660747528
0.3466334342956543
0.3466331660747528
0.3466331958770752
0.3466332256793976
0.3466331958770752
0.3466331958770752
0.3466331362724304
0.3466331362724304
0.3466333746910095
0.3466331660747528
0.3466331660747528
0.3466331362724304
0.3466331362724304
0.34663331508636475
0.3466332256793976
0.3466331660747528
0.3466331958770752
0.34663310647010803
0.3466331362724304
0.34663307666778564
0.34663310647010803
0.34663310647010803
0.3466331362724304
0.34663301706314087
0.34663310647010803
0.34663307666778564
0.34663307666778564
0.34663301706314087
0.34663307666778564
0.34663301706314087
0.3466329872608185
0.3466329872608185
0.3466329872608185
0.34663301706314087
0.34663310647010803
0.3466329574584961
0.3466329872608185
0.3466329574584961
0.3466329872608185
0.3466329276561737
0.3466329276561737
0.3466329276561737
0.3466329872608185
0.34663307666778564
0.3466329276561737
0.3466329276561737
0.34663286805152893
0.3466328978538513
0.3466329872608185
0.3466329276561737
0.3466328978538513
0.34663283824920654
0.3466329276561737
0.3466329574584961
0.34663286805152893
0.34663283824920654
0.3466329276561737
0.3466329276561737
0.346632719039917
0.3466327488422394
0.346632719039917
0.34663277864456177
0.3466327488422394
0.3466327488422394
0.34663277864456177
0.3466328978538513
0.34663277864456177
