0.6771776080131531
0.6500325202941895
0.6179304122924805
0.5831009745597839
0.5496657490730286
0.5233272314071655
0.504830002784729
0.4901019036769867
0.4781152606010437
0.4667695462703705
0.45741143822669983
0.44901469349861145
0.44195878505706787
0.43546101450920105
0.429970383644104
0.42501381039619446
0.42066314816474915
0.4161655306816101
0.41267237067222595
0.4094783365726471
0.4068840742111206
0.40448397397994995
0.4022687077522278
0.4003823697566986
0.398812472820282
0.3974609971046448
0.39584967494010925
0.3945571780204773
0.39341026544570923
0.39235517382621765
0.3917669355869293
0.3905491828918457
0.38987135887145996
0.38916781544685364
0.38869115710258484
0.38827627897262573
0.3877737522125244
0.38740307092666626
0.3869166076183319
0.3864791989326477
0.3864681124687195
0.3859923779964447
0.38552913069725037
0.3852982819080353
0.3848206400871277
0.38485127687454224
0.38454216718673706
0.384141206741333
0.3840371072292328
0.3839028477668762
0.3836948871612549
0.38342419266700745
0.3833206593990326
0.38329070806503296
0.38289910554885864
0.3828308582305908
0.3825225234031677
0.3825357258319855
0.3822828233242035
0.38214027881622314
0.3820209205150604
0.38191309571266174
0.3816682696342468
0.38173413276672363
0.3816918134689331
0.3814516067504883
0.3814738988876343
0.3814588189125061
0.3810548782348633
0.38116782903671265
0.38109108805656433
0.38139745593070984
0.38105568289756775
0.3811088502407074
0.3808096945285797
0.38081902265548706
0.3806902766227722
0.3807041645050049
0.3806599974632263
0.38072678446769714
0.3805252015590668
0.3803286552429199
0.3804068863391876
0.3802519738674164
0.38025638461112976
0.38031628727912903
0.38032540678977966
0.3799024820327759
0.3799542784690857
0.3798872232437134
0.3800014555454254
0.3799799382686615
0.3797389566898346
0.3796476423740387
0.37959232926368713
0.37961336970329285
0.37947043776512146
0.37958046793937683
0.3794192373752594
0.3793124854564667
0.3792402446269989
0.37920936942100525
0.3789915144443512
0.37914204597473145
0.3791153132915497
0.3790573179721832
0.3790227770805359
0.3793689012527466
0.3787829577922821
0.3787699043750763
0.378898948431015
0.3787834346294403
0.3788084387779236
0.37867724895477295
0.3786182999610901
0.37869665026664734
0.37859776616096497
0.37866804003715515
0.3784174621105194
0.37851521372795105
0.3786095082759857
0.37846845388412476
0.37838977575302124
0.3783622086048126
0.3783949017524719
0.37830981612205505
0.37817615270614624
0.37853866815567017
0.37815767526626587
0.3781270980834961
0.3780321180820465
0.37801477313041687
0.3779350519180298
0.3779439926147461
0.3780052959918976
0.37791216373443604
0.37800800800323486
0.37833499908447266
0.37757420539855957
0.37784019112586975
0.3776315748691559
0.3776486814022064
0.37790432572364807
0.3778618276119232
0.37784579396247864
0.3775852620601654
0.3774852156639099
0.3773849606513977
0.3774409592151642
0.37770190834999084
0.37771591544151306
0.37731456756591797
0.37748661637306213
0.37759703397750854
0.3771488666534424
0.3775177299976349
0.37720340490341187
0.37729981541633606
0.3771882653236389
0.3771653473377228
0.3772677481174469
0.3772105574607849
0.3772146701812744
0.37712332606315613
0.3772291839122772
0.3772992789745331
0.3769749104976654
0.37701869010925293
0.37705686688423157
0.3770281672477722
0.3770042359828949
0.37698498368263245
0.37690696120262146
0.3770630657672882
0.3771267533302307
0.37698817253112793
0.37692105770111084
0.3769621253013611
0.37680673599243164
0.37679100036621094
0.3768465220928192
0.37674516439437866
0.3767513930797577
0.3766983151435852
0.3769683241844177
0.3767491579055786
0.3766024112701416
0.37672892212867737
0.3766612112522125
0.37664175033569336
0.37678268551826477
0.37680017948150635
0.3767012059688568
0.3766525685787201
0.3770570456981659
0.37660402059555054
0.3765507638454437
0.37652626633644104
0.37654057145118713
0.376476913690567
0.37655365467071533
0.376405268907547
0.37657660245895386
0.37656280398368835
0.37641042470932007
0.3765476644039154
0.3764388859272003
0.3766012191772461
0.37665948271751404
0.3765369951725006
0.3762553036212921
0.3765246272087097
0.3763149380683899
0.376371830701828
0.3762664794921875
0.3765677809715271
0.376319944858551
0.3764609396457672
0.37617257237434387
0.3762715756893158
0.3763161897659302
0.37598904967308044
0.3759850263595581
0.37602484226226807
0.37597548961639404
0.3759962022304535
0.3759571611881256
0.3760471045970917
0.37594810128211975
0.3759140968322754
0.3759945034980774
0.37604525685310364
0.375934898853302
0.37596195936203003
0.3759526014328003
0.3758896589279175
0.37592780590057373
0.37590745091438293
0.3758772909641266
0.3759225904941559
0.3759450912475586
0.37586578726768494
0.37599286437034607
0.3759143352508545
0.37597405910491943
0.37600669264793396
0.3760843575000763
0.37587201595306396
0.37580758333206177
0.37574437260627747
0.37575528025627136
0.3757408857345581
0.3757980167865753
0.3757854700088501
0.37578144669532776
0.3760527968406677
0.3757026791572571
0.37585189938545227
0.37571147084236145
0.375830739736557
0.3757062256336212
0.37576553225517273
0.3757281005382538
0.3756852447986603
0.37574753165245056
0.3757003843784332
0.3757215440273285
0.3756755292415619
0.37572094798088074
0.37560364603996277
0.37571650743484497
0.3756740689277649
0.3756929636001587
0.375625342130661
0.37572938203811646
0.3755760192871094
0.37557724118232727
0.3756145238876343
0.37557917833328247
0.375586599111557
0.37563592195510864
0.3756020665168762
0.3755895495414734
0.3757132589817047
0.37583425641059875
0.37555572390556335
0.3755388855934143
0.37552791833877563
0.3756018280982971
0.375501424074173
0.3754962682723999
0.3756001591682434
0.3755203187465668
0.37549519538879395
0.37544453144073486
0.3755093812942505
0.37547218799591064
0.37552815675735474
0.3754577934741974
0.37542808055877686
0.375453919172287
0.37550005316734314
0.3754613995552063
0.3754378855228424
0.37537723779678345
0.37540310621261597
0.37537476420402527
0.37555256485939026
0.37540656328201294
0.3753954768180847
0.3753058910369873
0.37538230419158936
0.37536120414733887
0.3753809928894043
0.37533390522003174
0.3753911554813385
0.37528520822525024
0.37544989585876465
0.37537893652915955
0.37531110644340515
0.37542033195495605
0.3752332627773285
0.3752150535583496
0.375259131193161
0.37517833709716797
0.3751796782016754
0.3751590847969055
0.3751957416534424
0.3751625418663025
0.37518149614334106
0.3752101957798004
0.37515023350715637
0.375212162733078
0.3752394914627075
0.37516161799430847
0.37516337633132935
0.37513813376426697
0.375130295753479
0.37516531348228455
0.375129371881485
0.3751022219657898
0.37514686584472656
0.3751930296421051
0.3750934302806854
0.37513458728790283
0.3750966489315033
0.3750847578048706
0.375100702047348
0.37514403462409973
0.37510591745376587
0.37513330578804016
0.3750695288181305
0.3751402497291565
0.37510648369789124
0.3750747740268707
0.3751128613948822
0.37513718008995056
0.37510785460472107
0.3750528395175934
0.3750556409358978
0.3750807046890259
0.3750726282596588
0.37507641315460205
0.375131756067276
0.37502625584602356
0.3751164674758911
0.3750549852848053
0.37506893277168274
0.3750639855861664
0.375032514333725
0.3750682473182678
0.3750380277633667
0.3751218020915985
0.3750365972518921
0.375057190656662
0.3751184642314911
0.37502118945121765
0.3750429153442383
0.37502703070640564
0.3750157952308655
0.37503206729888916
0.3750290274620056
0.3749885559082031
0.37501582503318787
0.37502241134643555
0.37501198053359985
0.3750078082084656
0.37498193979263306
0.3749772310256958
0.3749564588069916
0.37495777010917664
0.37501275539398193
0.37495777010917664
0.3749845623970032
0.37500980496406555
0.37495744228363037
0.37496423721313477
0.37495049834251404
0.3750377893447876
0.3749507665634155
0.3749678432941437
0.3749478757381439
0.375024676322937
0.3749087452888489
0.3749738037586212
0.37491822242736816
0.37491264939308167
0.37492915987968445
0.37498682737350464
0.3748997449874878
0.374907910823822
0.37491118907928467
0.3748694658279419
0.3749472200870514
0.37487977743148804
0.37491530179977417
0.37492215633392334
0.3749275207519531
0.3748869001865387
0.37487953901290894
0.37485095858573914
0.3748219907283783
0.37482717633247375
0.37483954429626465
0.3748214542865753
0.37485188245773315
0.3748614192008972
0.3748498260974884
0.3748159408569336
0.3748045265674591
0.37481898069381714
0.37481334805488586
0.3748150169849396
0.37480467557907104
0.37481915950775146
0.37479478120803833
0.374793142080307
0.3748010993003845
0.37478888034820557
0.37480276823043823
0.37481069564819336
0.3748137652873993
0.374828964471817
0.37480735778808594
0.3747870922088623
0.3747890293598175
0.37478506565093994
0.3747875988483429
0.3747836649417877
0.37479376792907715
0.3748123049736023
0.374786913394928
0.37478572130203247
0.37478873133659363
0.37476813793182373
0.3747827708721161
0.37481340765953064
0.37477684020996094
0.37481021881103516
0.3747614324092865
0.3747795522212982
0.3747749924659729
0.37475886940956116
0.37475648522377014
0.3747762143611908
0.37475454807281494
0.37479230761528015
0.3747881352901459
0.3747597336769104
0.3747982084751129
0.3747696876525879
0.374757319688797
0.37474092841148376
0.3747725188732147
0.374763160943985
0.3747718334197998
0.3747372329235077
0.3747456967830658
0.3747466504573822
0.374748170375824
0.374746710062027
0.37473469972610474
0.37478092312812805
0.37476420402526855
0.37479498982429504
0.3747222125530243
0.3747439384460449
0.37475916743278503
0.37471523880958557
0.37473151087760925
0.3747560381889343
0.3747372627258301
0.3747381865978241
0.3747560977935791
0.37475669384002686
0.37473827600479126
0.3747464716434479
0.3747628629207611
0.3747314512729645
0.3747299015522003
0.37471064925193787
0.37473925948143005
0.37472161650657654
0.37473997473716736
0.37471649050712585
0.374722421169281
0.3747209310531616
0.3747021555900574
0.3747328221797943
0.37470880150794983
0.37471529841423035
0.37470051646232605
0.37469905614852905
0.3747691214084625
0.3747231662273407
0.3746919631958008
0.3747222423553467
0.3747042417526245
0.3746940493583679
0.3747034966945648
0.37469348311424255
0.3746688663959503
0.37467437982559204
0.3746704161167145
0.374674528837204
0.3746756613254547
0.3746762275695801
0.3746736943721771
0.374662309885025
0.3746696710586548
0.37466126680374146
0.37466761469841003
0.37466564774513245
0.37466520071029663
0.3746768534183502
0.3746665418148041
0.37467139959335327
0.3746688663959503
0.3746630549430847
0.3746655583381653
0.3746725022792816
0.374663770198822
0.37466463446617126
0.3746902346611023
0.3746659457683563
0.3746578097343445
0.37466543912887573
0.3746582269668579
0.37465566396713257
0.37465688586235046
0.37466344237327576
0.3746697008609772
0.3746650218963623
0.3746561110019684
0.37465518712997437
0.3746631145477295
0.3746628165245056
0.3746499717235565
0.3746592104434967
0.3746555745601654
0.3746730387210846
0.3746541142463684
0.3746553063392639
0.3746497631072998
0.3746556341648102
0.3746472895145416
0.37465521693229675
0.3746453821659088
0.37465816736221313
0.37463581562042236
0.3746475875377655
0.37464386224746704
0.37463945150375366
0.3746529519557953
0.37463852763175964
0.3746388852596283
0.37463971972465515
0.3746526539325714
0.3746456801891327
0.3746424615383148
0.3746376633644104
0.37465721368789673
0.3746351897716522
0.37465205788612366
0.3746351897716522
0.3746427893638611
0.3746442198753357
0.37462955713272095
0.3746377229690552
0.37463024258613586
0.37462317943573
0.37463733553886414
0.3746398687362671
0.3746350407600403
0.37464433908462524
0.37463265657424927
0.3746308386325836
0.3746313452720642
0.37462660670280457
0.3746408522129059
0.3746291697025299
0.37465986609458923
0.3746347427368164
0.37463077902793884
0.3746252655982971
0.3746221363544464
0.3746494948863983
0.37462472915649414
0.3746282756328583
0.37462830543518066
0.37462472915649414
0.3746180534362793
0.3746267259120941
0.3746274709701538
0.3746142089366913
0.37462475895881653
0.3746183514595032
0.37461766600608826
0.3746176064014435
0.37461021542549133
0.3746265769004822
0.37460440397262573
0.3746112585067749
0.37460896372795105
0.3746112883090973
0.3746181130409241
0.374601811170578
0.3746119737625122
0.37461358308792114
0.3746112883090973
0.3746047616004944
0.3745996952056885
0.37460434436798096
0.3746004104614258
0.37460169196128845
0.37459906935691833
0.37460267543792725
0.37459996342658997
0.37459900975227356
0.37461474537849426
0.3746017813682556
0.37460100650787354
0.3746080696582794
0.37459680438041687
0.37459835410118103
0.37460172176361084
0.374602735042572
0.37459707260131836
0.37460023164749146
0.3745974600315094
0.37459808588027954
0.3745981454849243
0.3745953142642975
0.3746061623096466
0.3745982348918915
0.3745981454849243
0.37459465861320496
0.37459585070610046
0.3746030926704407
0.3746001422405243
0.37459248304367065
0.3745923936367035
0.37459298968315125
0.37459397315979004
0.37460386753082275
0.37459710240364075
0.37459370493888855
0.3745911121368408
0.3745918571949005
0.37459099292755127
0.374597430229187
0.3745971918106079
0.374620646238327
0.37458860874176025
0.37459254264831543
0.3745936453342438
0.37459132075309753
0.3745887875556946
0.3745889365673065
0.3745955526828766
0.3745867908000946
0.37458929419517517
0.3745879530906677
0.37459078431129456
0.37458541989326477
0.3745872974395752
0.3745919466018677
0.3745890259742737
0.3745860159397125
0.3745863437652588
0.37459227442741394
0.3745875060558319
0.3745874762535095
0.37458518147468567
0.3745846450328827
0.3745841085910797
0.3745865225791931
0.3745844066143036
0.3745814859867096
0.3745836615562439
0.37458521127700806
0.37458258867263794
0.37457945942878723
0.37458881735801697
0.37458088994026184
0.37458178400993347
0.37458357214927673
0.3745785057544708
0.3745853304862976
0.3745867609977722
0.37457993626594543
0.3745783269405365
0.3745795786380768
0.374578058719635
0.37457963824272156
0.3745865523815155
0.37457582354545593
0.3745783269405365
0.37457922101020813
0.3745879530906677
0.37458688020706177
0.37457290291786194
0.37457242608070374
0.37457138299942017
0.3745717704296112
0.374573677778244
0.3745710551738739
0.3745749890804291
0.374570369720459
0.37457752227783203
0.37456828355789185
0.3745686113834381
0.3745688796043396
0.37456992268562317
0.37457361817359924
0.37457072734832764
0.3745698034763336
0.37457093596458435
0.3745715916156769
0.37457093596458435
0.37457191944122314
0.3745684027671814
0.37456852197647095
0.37456852197647095
0.3745687007904053
0.37456807494163513
0.37456759810447693
0.37457001209259033
0.37456798553466797
0.37456846237182617
0.3745674192905426
0.37456879019737244
0.37456679344177246
0.3745667636394501
0.37456566095352173
0.3745669424533844
0.37456583976745605
0.37456658482551575
0.3745651841163635
0.3745676875114441
0.3745684325695038
0.37456607818603516
0.37456488609313965
0.37456488609313965
0.37456759810447693
0.37456536293029785
0.3745673894882202
0.37456414103507996
0.37456467747688293
0.374563992023468
0.3745637834072113
0.37456509470939636
0.37456604838371277
0.3745623528957367
0.3745660185813904
0.3745623230934143
0.3745681643486023
0.374562531709671
0.37456730008125305
0.374563604593277
0.37456104159355164
0.3745618760585785
0.3745664954185486
0.374563604593277
0.37456345558166504
0.3745647072792053
0.37456828355789185
0.3745625615119934
0.3745618760585785
0.37456122040748596
0.37455984950065613
0.37455976009368896
0.37456730008125305
0.3745613098144531
0.37456265091896057
0.374559611082077
0.3745622932910919
0.3745586574077606
0.37456056475639343
0.3745594620704651
0.3745582401752472
0.37456515431404114
0.3745596408843994
0.3745627701282501
0.37456390261650085
0.37456047534942627
0.37456029653549194
0.3745601773262024
0.37456032633781433
0.3745594918727875
0.37456214427948
0.37456151843070984
0.37455588579177856
0.37456026673316956
0.37456053495407104
0.37455686926841736
0.374559223651886
0.37455978989601135
0.37455499172210693
0.3745572566986084
0.3745558559894562
0.374553382396698
0.3745554983615875
0.3745540380477905
0.37455326318740845
0.37455636262893677
0.37455323338508606
0.37455499172210693
0.37455320358276367
0.3745526969432831
0.37455275654792786
0.37455248832702637
0.3745534121990204
0.37455248832702637
0.374553382396698
0.37455183267593384
0.37455689907073975
0.3745524287223816
0.37455320358276367
0.3745517134666443
0.3745516538619995
0.3745526671409607
0.3745528757572174
0.3745522201061249
0.3745521605014801
0.37455111742019653
0.37455424666404724
0.3745523989200592
0.3745560348033905
0.37455081939697266
0.3745507001876831
0.3745506703853607
0.37455177307128906
0.37455207109451294
0.37455031275749207
0.3745518922805786
0.3745521605014801
0.37455254793167114
0.3745511770248413
0.37455230951309204
0.374550461769104
0.3745504319667816
0.37455081939697266
0.374550461769104
0.37455087900161743
0.3745500147342682
0.37455031275749207
0.3745500147342682
0.3745490312576294
0.37454912066459656
0.37455129623413086
0.374550461769104
0.3745519816875458
0.37455031275749207
0.3745497167110443
0.3745492994785309
0.3745507299900055
0.37454912066459656
0.37454840540885925
0.3745490610599518
0.37455713748931885
0.3745499551296234
0.3745481073856354
0.3745500445365906
0.374552458524704
0.37454795837402344
0.3745485246181488
0.37455087900161743
0.3745492994785309
0.3745482563972473
0.37454912066459656
0.3745478689670563
0.3745477795600891
0.3745489716529846
0.37454766035079956
0.3745497465133667
0.37454748153686523
0.3745490312576294
0.37454691529273987
0.3745476305484772
0.3745473623275757
0.3745485842227936
0.3745478391647339
0.3745468258857727
0.3745473325252533
0.3745463192462921
0.37454724311828613
0.37454691529273987
0.3745462894439697
0.3745476007461548
0.3745475113391876
0.374545156955719
0.3745461106300354
0.37454748153686523
0.37454721331596375
0.37454935908317566
0.37454599142074585
0.37454769015312195
0.374546080827713
0.3745465576648712
0.3745456337928772
0.37454405426979065
0.3745446801185608
0.3745456337928772
0.3745443522930145
0.3745453357696533
0.37454473972320557
0.3745442032814026
0.374544233083725
0.3745442032814026
0.3745444715023041
0.37454405426979065
0.3745439946651459
0.37454497814178467
0.37454381585121155
0.37454450130462646
0.3745444416999817
0.3745444118976593
0.3745436668395996
0.37454351782798767
0.3745437562465668
0.3745438754558563
0.3745436668395996
0.3745441138744354
0.37454506754875183
0.3745439648628235
0.3745431900024414
0.3745439052581787
0.3745438754558563
0.37454336881637573
0.3745432198047638
0.37454357743263245
0.3745432198047638
0.3745434880256653
0.3745453655719757
0.37454378604888916
0.3745456039905548
0.3745434880256653
0.37454304099082947
0.3745430111885071
0.3745439946651459
0.3745425045490265
0.37454256415367126
0.37454289197921753
0.37454313039779663
0.37454289197921753
0.37454286217689514
0.3745434284210205
0.37454214692115784
0.37454357743263245
0.3745426535606384
0.3745432198047638
0.37454313039779663
0.37454336881637573
0.37454214692115784
0.37454262375831604
0.3745429515838623
0.3745422065258026
0.374542772769928
0.37454310059547424
0.3745439648628235
0.37454256415367126
0.37454283237457275
0.37454208731651306
0.3745420575141907
0.3745420575141907
0.374541699886322
0.3745449483394623
0.3745421767234802
0.3745417594909668
0.3745415210723877
0.3745420575141907
0.3745417296886444
0.3745420575141907
0.37454110383987427
0.3745422959327698
0.37454232573509216
0.3745412826538086
0.37454184889793396
0.3745415210723877
0.3745412230491638
0.37454113364219666
0.37454238533973694
0.37454158067703247
0.3745412528514862
0.37454167008399963
0.37454089522361755
0.374540776014328
0.37454095482826233
0.3745422959327698
0.37454140186309814
0.37454158067703247
0.3745414912700653
0.3745408356189728
0.3745408058166504
0.37454134225845337
0.3745410144329071
0.37454113364219666
0.3745408058166504
0.37454116344451904
0.374540776014328
0.37453988194465637
0.37453973293304443
0.3745400011539459
0.3745401203632355
0.3745400905609131
0.374539852142334
0.374539852142334
0.3745400607585907
0.3745400607585907
0.37453997135162354
0.37454116344451904
0.37453991174697876
0.3745398223400116
0.37453967332839966
0.37453973293304443
0.3745405375957489
0.3745397925376892
0.37453988194465637
0.37453967332839966
0.3745400607585907
0.3745397627353668
0.3745396137237549
0.37453943490982056
0.37453973293304443
0.37453949451446533
0.3745402693748474
0.37453922629356384
0.3745395243167877
0.37453943490982056
0.37453916668891907
0.37453967332839966
0.3745395839214325
0.3745393455028534
0.3745395243167877
0.3745390772819519
0.3745395541191101
0.37453949451446533
0.3745395839214325
0.37453949451446533
0.3745395243167877
0.3745390772819519
0.3745391070842743
0.3745391368865967
0.3745390474796295
0.3745391070842743
0.374539315700531
0.3745388984680176
0.37453892827033997
0.37453898787498474
0.37453949451446533
0.3745390772819519
0.37453898787498474
0.37453874945640564
0.3745388388633728
0.3745391070842743
0.37453922629356384
0.37453919649124146
0.3745391070842743
0.3745388686656952
0.3745388090610504
0.3745386600494385
0.37453919649124146
0.3745391070842743
0.3745388686656952
0.3745395243167877
0.3745395839214325
0.3745388388633728
0.3745391368865967
0.3745388984680176
0.37453848123550415
0.37453919649124146
0.37453868985176086
0.37453874945640564
0.37453868985176086
0.3745390772819519
0.3745388388633728
0.37453916668891907
0.3745383620262146
0.3745385706424713
0.37453967332839966
0.37453845143318176
0.37453848123550415
0.37453848123550415
0.3745388090610504
0.37453845143318176
0.3745383024215698
0.37453848123550415
0.3745388686656952
0.37453827261924744
0.3745383620262146
0.374538391828537
0.3745383620262146
0.3745383620262146
0.37453848123550415
0.3745390772819519
0.37453848123550415
0.37453824281692505
0.3745383024215698
0.37453827261924744
0.37453821301460266
0.37453770637512207
0.37453797459602356
0.3745376765727997
0.37453773617744446
0.37453776597976685
0.37453827261924744
0.3745378255844116
0.3745378255844116
0.37453770637512207
0.3745376467704773
0.3745375871658325
0.37453800439834595
0.37453755736351013
0.37453794479370117
0.37453773617744446
0.37453794479370117
0.3745380640029907
0.3745375871658325
0.3745378851890564
0.37453755736351013
0.37453752756118774
0.3745376765727997
0.37453746795654297
0.37453773617744446
0.37453770637512207
0.3745376765727997
0.37453752756118774
0.3745375871658325
0.37453755736351013
0.3745379149913788
0.3745376467704773
0.37453749775886536
0.37453749775886536
0.37453752756118774
0.3745374381542206
0.37453746795654297
0.3745373785495758
0.37453731894493103
0.37453731894493103
0.37453725934028625
0.37453752756118774
0.3745375871658325
0.37453749775886536
0.37453746795654297
0.37453752756118774
0.3745374381542206
0.37453731894493103
0.37453770637512207
0.37453725934028625
0.37453725934028625
0.37453728914260864
0.37453770637512207
0.37453731894493103
0.3745374381542206
0.37453722953796387
0.3745373785495758
0.3745373785495758
0.37453725934028625
0.37453746795654297
0.3745371997356415
0.37453722953796387
0.3745371401309967
0.37453722953796387
0.37453725934028625
0.37453708052635193
0.37453708052635193
0.37453731894493103
0.37453722953796387
0.3745371401309967
0.3745371401309967
0.37453705072402954
0.3745371103286743
0.3745371401309967
0.37453722953796387
0.37453708052635193
0.37453705072402954
0.37453722953796387
0.37453705072402954
0.3745369613170624
0.3745371103286743
0.3745369017124176
0.37453702092170715
0.3745371103286743
0.3745369017124176
0.37453702092170715
0.3745371997356415
0.37453702092170715
0.37453678250312805
0.37453705072402954
0.3745368719100952
0.37453702092170715
0.37453681230545044
0.3745369017124176
0.3745366632938385
0.3745371401309967
0.37453675270080566
0.37453675270080566
0.3745368421077728
0.3745371401309967
0.37453722953796387
0.3745366632938385
0.3745366334915161
0.3745366930961609
0.3745366632938385
0.3745366632938385
0.3745366036891937
0.37453675270080566
0.37453657388687134
0.3745366036891937
0.37453654408454895
0.3745366036891937
0.37453657388687134
0.3745366036891937
0.37453657388687134
0.37453654408454895
0.3745366632938385
0.37453678250312805
0.3745366632938385
0.37453651428222656
0.3745364546775818
0.37453657388687134
0.3745366930961609
0.3745364546775818
0.37453657388687134
0.3745364546775818
0.37453651428222656
0.3745368421077728
0.37453654408454895
0.37453651428222656
0.3745366036891937
0.37453651428222656
0.3745366632938385
0.3745364248752594
0.3745366334915161
0.3745364248752594
0.3745364546775818
0.37453657388687134
0.37453657388687134
0.3745364248752594
0.37453651428222656
0.374536395072937
0.37453651428222656
0.3745364546775818
0.374536395072937
0.374536395072937
0.374536395072937
0.3745364248752594
0.3745364248752594
0.3745363652706146
0.374536395072937
0.37453654408454895
0.3745363652706146
0.3745363652706146
0.3745364248752594
0.37453630566596985
0.3745363652706146
0.3745364546775818
0.374536395072937
0.3745363652706146
0.37453633546829224
0.3745364248752594
0.3745366036891937
0.3745363652706146
0.37453633546829224
0.37453633546829224
0.3745364248752594
0.3745363652706146
0.37453633546829224
0.37453630566596985
0.37453633546829224
0.37453627586364746
0.3745363652706146
0.37453630566596985
0.37453627586364746
0.3745363652706146
0.37453627586364746
0.37453633546829224
0.37453630566596985
0.3745362162590027
0.37453633546829224
0.37453633546829224
0.37453630566596985
0.37453630566596985
0.374536395072937
0.3745363652706146
0.37453630566596985
0.37453654408454895
0.37453627586364746
0.374536395072937
0.3745361864566803
0.3745361566543579
0.37453651428222656
0.3745362162590027
0.3745361566543579
0.3745361864566803
0.3745361566543579
0.37453627586364746
0.3745362162590027
0.3745361864566803
0.37453633546829224
0.37453609704971313
0.3745361268520355
0.37453609704971313
0.37453609704971313
0.37453606724739075
0.37453606724739075
0.3745361268520355
0.3745361268520355
0.37453609704971313
0.3745361268520355
0.37453606724739075
0.37453606724739075
0.37453609704971313
0.3745359778404236
0.37453606724739075
0.37453606724739075
0.37453606724739075
0.37453606724739075
0.37453603744506836
0.37453606724739075
0.37453606724739075
0.37453606724739075
0.3745359778404236
0.37453606724739075
0.3745359778404236
0.3745361268520355
0.37453603744506836
0.37453606724739075
0.3745359778404236
0.3745359778404236
0.3745359778404236
0.37453603744506836
0.37453606724739075
0.37453603744506836
0.37453606724739075
0.37453603744506836
0.3745359778404236
0.3745359778404236
0.37453603744506836
0.37453603744506836
0.37453603744506836
0.3745359778404236
0.3745359778404236
0.37453603744506836
0.37453603744506836
0.3745359480381012
0.37453606724739075
0.3745359480381012
0.3745359182357788
0.3745359182357788
0.37453603744506836
0.3745359480381012
0.37453603744506836
0.37453603744506836
0.3745359480381012
0.37453603744506836
0.3745359778404236
0.3745359778404236
0.37453606724739075
0.37453603744506836
0.37453603744506836
0.37453603744506836
0.3745359778404236
0.3745361268520355
0.3745359182357788
0.3745359778404236
0.3745359182357788
0.3745359182357788
0.3745359480381012
0.3745358884334564
0.37453603744506836
0.3745358884334564
0.3745359480381012
0.3745359480381012
0.3745359480381012
0.3745358884334564
0.3745358884334564
0.3745359480381012
0.3745359480381012
0.3745359182357788
0.3745358884334564
0.3745358884334564
0.3745359182357788
0.3745358884334564
0.3745359480381012
0.37453585863113403
0.37453585863113403
0.37453585863113403
0.3745358884334564
0.37453582882881165
0.3745358884334564
0.37453585863113403
0.37453585863113403
0.3745359182357788
0.3745359480381012
0.3745359182357788
0.3745358884334564
0.37453585863113403
0.37453582882881165
0.37453582882881165
0.3745358884334564
0.3745357394218445
0.37453576922416687
0.37453576922416687
0.37453582882881165
0.37453582882881165
0.37453576922416687
0.37453576922416687
0.37453582882881165
0.37453582882881165
0.37453576922416687
0.37453582882881165
0.3745357394218445
0.37453576922416687
0.3745357394218445
0.37453582882881165
0.37453585863113403
0.37453576922416687
0.3745357394218445
0.37453576922416687
0.37453582882881165
0.37453585863113403
0.3745357394218445
0.37453576922416687
0.37453576922416687
0.37453582882881165
0.37453576922416687
0.37453576922416687
0.37453582882881165
0.37453576922416687
0.37453582882881165
0.37453576922416687
0.3745357394218445
0.37453582882881165
0.37453582882881165
0.37453582882881165
0.3745357394218445
0.3745357394218445
0.3745357096195221
0.3745357394218445
0.37453576922416687
0.37453576922416687
0.37453582882881165
0.37453576922416687
0.3745356798171997
0.3745357394218445
0.37453576922416687
0.37453576922416687
0.37453576922416687
0.37453582882881165
0.3745357394218445
0.3745357394218445
0.3745357096195221
0.3745357096195221
0.3745357394218445
0.3745357096195221
0.3745357394218445
0.3745357394218445
0.3745357096195221
0.3745357394218445
0.3745357394218445
0.3745356798171997
0.37453576922416687
0.3745357394218445
0.3745357096195221
0.3745357096195221
0.3745357394218445
0.37453585863113403
0.3745357096195221
0.3745357394218445
0.3745356798171997
0.3745357394218445
0.3745357096195221
0.37453576922416687
0.3745357394218445
0.3745357096195221
0.3745357394218445
0.37453576922416687
0.37453582882881165
0.3745356798171997
0.3745357096195221
0.3745357394218445
0.3745357394218445
0.3745356798171997
0.37453576922416687
0.3745356500148773
0.3745357394218445
0.3745357394218445
0.3745356798171997
0.3745357394218445
0.3745357096195221
0.3745357394218445
0.37453576922416687
0.3745357394218445
0.3745357394218445
0.37453576922416687
0.3745356798171997
0.3745357394218445
0.3745357394218445
0.3745357394218445
0.3745356798171997
0.3745356798171997
0.3745356798171997
0.3745356500148773
0.3745357394218445
0.3745357096195221
0.3745357096195221
0.3745357394218445
0.3745356798171997
0.3745357096195221
0.3745356798171997
0.3745357096195221
0.3745356798171997
0.3745356798171997
0.3745357096195221
0.3745357394218445
0.3745357096195221
0.3745357096195221
0.37453576922416687
0.37453582882881165
0.3745357096195221
0.3745356798171997
0.3745356798171997
0.3745356500148773
0.3745356798171997
0.3745356798171997
0.3745356798171997
0.3745357096195221
0.3745356500148773
0.3745356500148773
0.3745356500148773
0.3745356500148773
0.3745356500148773
0.3745356798171997
0.3745356500148773
0.3745356500148773
0.3745357394218445
0.3745356798171997
0.3745357096195221
0.3745357096195221
0.3745357096195221
0.3745357096195221
0.3745356798171997
0.3745357096195221
0.3745356500148773
0.37453576922416687
0.37453562021255493
0.3745356798171997
0.3745357096195221
0.3745356798171997
0.3745356798171997
0.3745356798171997
0.3745356798171997
0.3745357096195221
0.3745356500148773
0.3745356500148773
0.3745357394218445
0.3745356500148773
0.3745356500148773
0.3745357096195221
0.3745356798171997
0.3745356798171997
0.3745356798171997
0.3745356500148773
0.3745356798171997
0.3745357096195221
0.3745357096195221
0.3745356500148773
0.3745356798171997
0.3745356798171997
0.3745356500148773
0.3745356798171997
0.37453562021255493
0.3745356798171997
0.3745356798171997
0.3745356500148773
0.3745356500148773
0.3745356798171997
0.3745356500148773
0.3745356798171997
0.3745357096195221
0.3745356500148773
0.3745356500148773
0.3745356500148773
0.3745356500148773
0.3745356500148773
0.37453559041023254
0.37453562021255493
0.37453562021255493
0.37453559041023254
0.3745356500148773
0.3745356500148773
0.3745356798171997
0.37453559041023254
0.3745356798171997
0.3745356500148773
0.3745356500148773
0.3745356798171997
0.3745356500148773
0.3745356500148773
0.37453559041023254
0.3745356500148773
0.3745357096195221
0.37453562021255493
0.3745356500148773
0.37453562021255493
0.3745356500148773
0.3745356500148773
0.3745356500148773
0.3745356798171997
0.3745356500148773
0.37453562021255493
0.3745356500148773
0.3745356500148773
0.3745356500148773
0.37453553080558777
0.3745356798171997
0.3745356500148773
0.37453559041023254
0.3745356798171997
0.3745356500148773
0.3745356500148773
0.3745356798171997
0.37453562021255493
0.37453562021255493
0.3745356500148773
0.37453562021255493
0.37453562021255493
0.37453559041023254
0.37453562021255493
0.37453562021255493
0.37453559041023254
0.37453559041023254
0.37453562021255493
0.3745356500148773
0.3745356500148773
0.37453559041023254
0.3745356500148773
0.3745356500148773
0.3745356500148773
0.37453553080558777
0.3745356798171997
0.37453562021255493
0.3745356500148773
0.37453559041023254
0.3745356500148773
0.3745356500148773
0.37453562021255493
0.37453559041023254
0.3745356500148773
0.37453562021255493
0.37453553080558777
0.37453559041023254
0.37453562021255493
0.37453562021255493
0.3745356500148773
0.37453562021255493
0.37453559041023254
0.37453559041023254
0.37453562021255493
0.3745356500148773
0.37453553080558777
0.37453559041023254
0.37453562021255493
0.37453562021255493
0.37453559041023254
0.3745356500148773
0.37453559041023254
0.37453553080558777
0.37453559041023254
0.37453562021255493
0.37453553080558777
0.37453559041023254
0.37453562021255493
0.37453553080558777
0.37453562021255493
0.37453562021255493
0.3745356500148773
0.37453559041023254
0.37453559041023254
0.3745356500148773
0.3745356500148773
0.37453562021255493
0.37453562021255493
0.37453562021255493
0.37453553080558777
0.37453559041023254
0.37453559041023254
0.37453559041023254
0.37453559041023254
0.37453559041023254
0.37453553080558777
0.37453559041023254
0.37453553080558777
0.37453559041023254
0.37453562021255493
0.37453559041023254
0.37453559041023254
0.37453559041023254
0.37453562021255493
0.37453559041023254
0.37453562021255493
0.37453559041023254
0.37453562021255493
0.37453559041023254
0.37453562021255493
0.3745355010032654
0.37453553080558777
0.37453562021255493
0.37453559041023254
0.37453559041023254
0.37453553080558777
0.37453559041023254
0.37453562021255493
0.37453559041023254
0.37453562021255493
0.37453559041023254
0.37453553080558777
0.37453559041023254
0.37453553080558777
0.37453559041023254
0.37453559041023254
0.37453559041023254
0.3745355010032654
0.37453559041023254
0.37453553080558777
0.37453559041023254
0.37453559041023254
0.37453559041023254
0.37453553080558777
0.37453559041023254
0.37453562021255493
0.37453553080558777
0.37453559041023254
0.37453559041023254
0.3745355010032654
0.37453559041023254
0.3745355010032654
0.37453559041023254
0.3745355010032654
0.37453553080558777
0.37453553080558777
0.37453562021255493
0.37453553080558777
0.37453553080558777
0.37453559041023254
0.37453559041023254
0.3745355010032654
0.37453553080558777
0.37453553080558777
0.37453553080558777
0.37453553080558777
0.37453553080558777
0.3745355010032654
0.3745355010032654
0.37453559041023254
0.3745355010032654
0.374535471200943
0.3745355010032654
0.37453553080558777
0.3745355010032654
0.37453553080558777
0.3745355010032654
0.37453553080558777
0.37453553080558777
0.37453553080558777
0.3745355010032654
0.37453553080558777
0.37453553080558777
0.37453553080558777
0.37453553080558777
0.37453553080558777
0.374535471200943
0.3745355010032654
0.3745355010032654
0.37453553080558777
0.37453553080558777
0.37453553080558777
0.37453553080558777
0.37453553080558777
0.3745355010032654
0.3745355010032654
0.37453553080558777
0.3745355010032654
0.3745355010032654
0.3745355010032654
0.3745355010032654
0.374535471200943
0.3745355010032654
0.374535471200943
0.374535471200943
0.374535471200943
0.3745355010032654
0.3745355010032654
0.3745355010032654
0.3745355010032654
0.3745354413986206
0.3745355010032654
0.374535471200943
0.374535471200943
0.3745355010032654
0.37453553080558777
0.37453553080558777
0.37453559041023254
0.37453553080558777
0.374535471200943
0.37453553080558777
0.3745355010032654
0.37453553080558777
0.37453553080558777
0.37453553080558777
0.3745355010032654
0.3745355010032654
0.374535471200943
0.3745354413986206
0.37453553080558777
0.37453559041023254
0.3745354413986206
0.3745354413986206
0.374535471200943
0.3745355010032654
0.37453553080558777
0.37453553080558777
0.3745354413986206
0.374535471200943
0.3745355010032654
0.37453562021255493
0.3745355010032654
0.3745355010032654
0.374535471200943
0.3745354413986206
0.374535471200943
0.3745354413986206
0.374535471200943
0.374535471200943
0.37453559041023254
0.374535471200943
0.3745354115962982
0.374535471200943
0.3745355010032654
0.37453553080558777
0.3745355010032654
0.37453553080558777
0.374535471200943
0.3745354413986206
0.3745355010032654
0.374535471200943
0.3745355010032654
0.374535471200943
0.3745355010032654
0.374535471200943
0.3745354115962982
0.3745355010032654
0.374535471200943
0.374535471200943
0.3745355010032654
0.374535471200943
0.3745355010032654
0.3745355010032654
0.374535471200943
0.3745354413986206
0.3745354413986206
0.3745354413986206
0.3745354413986206
0.3745354413986206
0.3745355010032654
0.374535471200943
0.3745354413986206
0.3745354413986206
0.374535471200943
0.374535471200943
0.3745354413986206
0.374535471200943
0.3745355010032654
0.374535471200943
0.3745354413986206
0.3745355010032654
0.374535471200943
0.3745354115962982
0.3745354115962982
0.3745354413986206
0.3745355010032654
0.3745354413986206
0.3745355010032654
0.3745354413986206
0.374535471200943
0.374535471200943
0.3745354413986206
0.3745354115962982
0.374535471200943
0.37453538179397583
0.374535471200943
0.3745355010032654
0.374535471200943
0.3745354413986206
0.3745354115962982
0.374535471200943
0.3745354413986206
0.3745354413986206
0.3745354413986206
0.3745354413986206
0.3745354413986206
0.37453553080558777
0.3745354413986206
0.3745354413986206
0.3745354413986206
0.3745354115962982
0.3745354413986206
0.374535471200943
0.3745355010032654
0.3745354115962982
0.3745354413986206
0.3745354413986206
0.374535471200943
0.374535471200943
0.3745354413986206
0.3745354413986206
0.37453538179397583
0.3745355010032654
0.37453553080558777
0.3745354413986206
0.3745354115962982
0.3745354413986206
0.3745354115962982
0.3745354115962982
0.37453535199165344
0.3745354413986206
0.374535471200943
0.3745354413986206
0.3745354413986206
0.3745354413986206
0.3745354115962982
0.3745354115962982
0.3745354115962982
0.3745354115962982
0.3745354115962982
0.3745354115962982
0.3745354413986206
0.374535471200943
0.3745354115962982
0.37453538179397583
0.37453538179397583
0.3745354413986206
0.3745354115962982
0.3745354115962982
0.3745354115962982
0.3745354413986206
0.3745354115962982
0.3745354115962982
0.3745354115962982
0.3745354413986206
0.374535471200943
0.3745354413986206
0.374535471200943
0.3745354115962982
0.3745354413986206
0.37453538179397583
0.3745354115962982
0.3745354115962982
0.374535471200943
0.37453538179397583
0.37453538179397583
0.3745354115962982
0.3745354413986206
0.3745354115962982
0.3745354115962982
0.37453538179397583
0.37453535199165344
0.3745354115962982
0.37453538179397583
0.37453538179397583
0.3745354115962982
0.3745354413986206
0.37453538179397583
0.3745354115962982
0.37453535199165344
0.3745354115962982
0.37453538179397583
0.37453538179397583
0.37453538179397583
0.37453538179397583
0.37453538179397583
0.37453538179397583
0.3745354413986206
0.37453529238700867
0.374535471200943
0.37453538179397583
0.3745354115962982
0.3745354413986206
0.37453535199165344
0.3745354115962982
0.3745354115962982
0.37453535199165344
0.37453538179397583
0.3745354115962982
0.37453538179397583
0.3745354413986206
0.37453538179397583
0.37453538179397583
0.37453538179397583
0.37453538179397583
0.37453535199165344
0.37453535199165344
0.3745354115962982
0.3745354413986206
0.37453529238700867
0.37453538179397583
0.3745354413986206
0.37453538179397583
0.37453538179397583
0.3745354115962982
0.37453538179397583
0.3745354115962982
0.37453535199165344
0.3745354115962982
0.37453538179397583
0.37453535199165344
0.3745352625846863
0.3745354115962982
0.3745354115962982
0.37453529238700867
0.3745354115962982
0.37453538179397583
0.37453538179397583
0.3745354115962982
0.37453535199165344
0.3745354115962982
0.37453538179397583
0.3745354413986206
0.37453535199165344
0.37453538179397583
0.37453535199165344
0.37453538179397583
0.37453535199165344
0.3745354115962982
0.37453538179397583
0.37453538179397583
0.37453535199165344
0.37453535199165344
0.37453529238700867
0.37453538179397583
0.3745352625846863
0.37453535199165344
0.37453535199165344
0.3745354115962982
0.37453538179397583
0.37453535199165344
0.37453535199165344
0.37453538179397583
0.37453529238700867
0.37453529238700867
0.37453538179397583
0.37453535199165344
0.3745354115962982
0.37453535199165344
0.3745354115962982
0.37453529238700867
0.3745352625846863
0.3745352625846863
0.37453529238700867
0.37453535199165344
0.37453535199165344
0.37453535199165344
0.37453538179397583
0.37453538179397583
0.3745354115962982
0.37453529238700867
0.37453538179397583
0.37453538179397583
0.37453529238700867
0.37453529238700867
0.37453535199165344
0.37453535199165344
0.3745352625846863
0.37453535199165344
0.37453535199165344
0.37453538179397583
0.37453535199165344
0.3745354115962982
0.37453538179397583
0.37453535199165344
0.3745352625846863
0.3745352625846863
0.37453535199165344
0.37453538179397583
0.37453535199165344
0.37453529238700867
0.3745352625846863
0.37453538179397583
0.37453529238700867
0.37453529238700867
0.37453529238700867
0.37453529238700867
0.37453538179397583
0.37453535199165344
0.37453538179397583
0.37453529238700867
0.37453529238700867
0.37453538179397583
0.37453529238700867
0.3745352625846863
0.37453529238700867
0.37453535199165344
0.37453535199165344
0.37453535199165344
0.37453538179397583
0.37453538179397583
0.37453529238700867
0.37453529238700867
0.37453535199165344
0.37453535199165344
0.3745352625846863
0.37453535199165344
0.37453529238700867
0.3745352029800415
0.37453529238700867
0.37453529238700867
0.3745354115962982
0.3745352625846863
0.3745352625846863
0.37453529238700867
0.37453529238700867
0.37453535199165344
0.37453535199165344
0.37453535199165344
0.37453529238700867
0.37453535199165344
0.37453529238700867
0.37453535199165344
0.37453529238700867
0.37453538179397583
0.37453529238700867
0.3745352625846863
0.3745352625846863
0.37453529238700867
0.3745352327823639
0.37453535199165344
0.3745352625846863
0.3745352625846863
0.3745352625846863
0.3745352327823639
0.3745352327823639
0.37453535199165344
0.37453535199165344
0.37453529238700867
0.3745352625846863
0.37453529238700867
0.3745352625846863
0.37453529238700867
0.3745352625846863
0.3745352029800415
0.37453535199165344
0.37453529238700867
0.3745352327823639
0.3745352625846863
0.37453529238700867
0.3745352625846863
0.3745352625846863
0.37453529238700867
0.3745352327823639
0.3745352625846863
0.3745352625846863
0.3745352625846863
0.3745352625846863
0.3745352327823639
0.37453529238700867
0.3745352327823639
0.37453529238700867
0.3745352327823639
0.3745352625846863
0.3745352327823639
0.37453529238700867
0.3745352625846863
0.3745352327823639
0.3745352625846863
0.3745352625846863
0.3745352625846863
0.3745352327823639
0.3745352625846863
0.3745352625846863
0.3745352625846863
0.3745352029800415
0.3745352625846863
0.3745351731777191
0.37453535199165344
0.3745352327823639
0.3745352029800415
0.3745352625846863
0.3745352327823639
0.3745352327823639
0.3745352029800415
0.3745352327823639
0.3745352327823639
0.3745352625846863
0.3745352327823639
0.3745352625846863
0.3745352327823639
0.3745352327823639
0.3745352327823639
0.3745352327823639
0.3745352029800415
0.3745352327823639
0.3745352625846863
0.3745352327823639
0.3745352029800415
0.3745352625846863
0.37453535199165344
0.3745352625846863
0.37453529238700867
0.3745352327823639
0.3745351731777191
0.3745352625846863
0.3745352625846863
0.3745352327823639
0.3745352327823639
0.3745352625846863
0.3745352029800415
0.3745352625846863
0.3745352327823639
0.3745352625846863
0.3745352327823639
0.3745352327823639
0.3745352029800415
0.3745352029800415
0.3745352625846863
0.3745351731777191
0.3745352029800415
0.3745352327823639
0.3745352327823639
0.3745352029800415
0.3745352029800415
0.3745352029800415
0.3745352625846863
0.3745352625846863
0.3745352327823639
0.3745352029800415
0.3745352327823639
0.3745352029800415
0.3745352029800415
0.3745352327823639
0.3745352327823639
0.3745352029800415
0.3745352029800415
0.3745352029800415
0.37453514337539673
0.3745352029800415
0.3745351731777191
0.3745352327823639
0.3745352625846863
0.37453529238700867
0.3745352029800415
0.3745352327823639
0.3745352327823639
0.3745352029800415
0.3745352327823639
0.3745352029800415
0.3745351731777191
0.3745352327823639
0.3745352029800415
0.3745351731777191
0.3745352327823639
0.3745352029800415
0.3745351731777191
0.3745351731777191
0.3745352029800415
0.3745352327823639
0.3745352327823639
0.3745351731777191
0.3745352029800415
0.3745352327823639
0.3745352029800415
0.3745352029800415
0.3745351731777191
0.37453514337539673
0.3745352029800415
0.3745352029800415
0.3745352029800415
0.3745352029800415
0.3745352029800415
0.3745352327823639
0.3745352029800415
0.3745351731777191
0.3745351731777191
0.3745352029800415
0.3745351731777191
0.3745352029800415
0.3745352327823639
0.3745351731777191
0.3745352029800415
0.3745352029800415
0.3745351731777191
0.3745352327823639
0.3745352327823639
0.3745351731777191
0.3745351731777191
0.3745351731777191
0.3745351731777191
0.3745351731777191
0.37453511357307434
0.3745352029800415
0.3745351731777191
0.3745352029800415
0.37453514337539673
0.3745351731777191
0.3745351731777191
0.3745351731777191
0.37453514337539673
0.3745351731777191
0.3745352029800415
0.3745352327823639
0.3745351731777191
0.3745351731777191
0.3745352029800415
0.3745351731777191
0.37453514337539673
0.3745352029800415
0.3745351731777191
0.37453514337539673
0.3745352029800415
0.37453514337539673
0.3745351731777191
0.3745351731777191
0.3745352029800415
0.3745351731777191
0.3745352625846863
0.3745352029800415
0.3745352029800415
0.3745352029800415
0.37453514337539673
0.3745352029800415
0.37453514337539673
0.3745352029800415
0.3745351731777191
0.37453514337539673
0.37453514337539673
0.3745351731777191
0.3745351731777191
0.3745351731777191
0.3745352029800415
0.37453511357307434
0.37453514337539673
0.3745351731777191
0.3745351731777191
0.3745351731777191
0.37453511357307434
0.37453514337539673
0.3745351731777191
0.3745351731777191
0.37453511357307434
0.37453514337539673
0.3745351731777191
0.3745352029800415
0.37453511357307434
0.37453514337539673
0.3745351731777191
0.3745351731777191
0.37453505396842957
0.37453514337539673
0.37453514337539673
0.3745352029800415
0.3745351731777191
0.3745352029800415
0.37453514337539673
0.37453511357307434
0.3745351731777191
0.37453505396842957
0.3745352029800415
0.37453514337539673
0.37453514337539673
0.37453511357307434
0.37453511357307434
0.3745351731777191
0.3745352029800415
0.3745351731777191
0.37453514337539673
0.37453514337539673
0.37453514337539673
0.37453514337539673
0.37453505396842957
0.37453505396842957
0.37453514337539673
0.3745351731777191
0.37453514337539673
0.37453514337539673
0.3745351731777191
0.3745351731777191
0.3745350241661072
0.37453511357307434
0.3745351731777191
0.37453514337539673
0.37453511357307434
0.37453514337539673
0.37453514337539673
0.3745351731777191
0.37453514337539673
0.37453514337539673
0.37453514337539673
0.37453511357307434
0.37453514337539673
0.37453511357307434
0.37453511357307434
0.3745351731777191
0.37453511357307434
0.37453511357307434
0.3745351731777191
0.37453511357307434
0.37453511357307434
0.37453514337539673
0.37453511357307434
0.37453505396842957
0.37453514337539673
0.37453511357307434
0.37453511357307434
0.37453514337539673
0.37453514337539673
0.37453505396842957
0.37453505396842957
0.37453514337539673
0.37453511357307434
0.37453511357307434
0.37453505396842957
0.37453511357307434
0.37453511357307434
0.3745351731777191
0.37453511357307434
0.37453511357307434
0.37453505396842957
0.37453505396842957
0.3745350241661072
0.37453511357307434
0.37453505396842957
0.37453511357307434
0.37453511357307434
0.37453505396842957
0.37453511357307434
0.37453511357307434
0.37453511357307434
0.37453511357307434
0.3745350241661072
0.37453514337539673
0.37453511357307434
0.37453511357307434
0.37453514337539673
0.3745350241661072
0.37453505396842957
0.37453511357307434
0.37453505396842957
0.37453511357307434
0.37453511357307434
0.37453505396842957
0.3745350241661072
0.37453505396842957
0.37453511357307434
0.37453514337539673
0.37453511357307434
0.3745350241661072
0.37453505396842957
0.3745350241661072
0.37453514337539673
0.3745350241661072
0.3745350241661072
0.37453511357307434
0.37453505396842957
0.37453511357307434
0.37453505396842957
0.37453511357307434
0.37453505396842957
0.3745349943637848
0.3745349943637848
0.3745350241661072
0.3745350241661072
0.37453505396842957
0.37453505396842957
0.37453505396842957
0.3745350241661072
0.37453511357307434
0.37453505396842957
0.37453511357307434
0.37453505396842957
0.3745350241661072
0.37453505396842957
0.3745349943637848
0.37453505396842957
0.3745350241661072
0.37453511357307434
0.3745350241661072
0.37453505396842957
0.3745350241661072
0.37453505396842957
0.37453511357307434
0.37453505396842957
0.37453505396842957
0.3745349943637848
0.3745350241661072
0.37453505396842957
0.3745350241661072
0.37453505396842957
0.3745350241661072
0.37453505396842957
0.37453505396842957
0.3745350241661072
0.3745350241661072
0.3745350241661072
0.3745350241661072
0.3745349943637848
0.37453505396842957
0.37453505396842957
0.37453505396842957
0.3745349943637848
0.37453505396842957
0.37453505396842957
0.37453505396842957
0.3745350241661072
0.37453505396842957
0.37453505396842957
0.3745350241661072
0.3745350241661072
0.37453505396842957
0.37453505396842957
0.37453511357307434
0.37453505396842957
0.3745349943637848
0.3745349645614624
0.3745349943637848
0.3745349645614624
0.37453505396842957
0.3745350241661072
0.3745349645614624
0.3745349943637848
0.3745350241661072
0.3745350241661072
0.3745350241661072
0.3745350241661072
0.37453505396842957
0.3745350241661072
0.3745350241661072
0.37453505396842957
0.3745350241661072
0.3745350241661072
0.3745350241661072
0.3745350241661072
0.3745350241661072
0.3745350241661072
0.3745349943637848
0.3745349943637848
0.37453505396842957
0.3745349645614624
0.3745350241661072
0.3745349943637848
0.3745350241661072
0.3745349943637848
0.37453505396842957
0.3745350241661072
0.37453505396842957
0.3745349943637848
0.3745349645614624
0.3745350241661072
0.37453493475914
0.3745350241661072
0.3745349943637848
0.3745350241661072
0.3745349943637848
0.3745349645614624
0.3745350241661072
0.3745349943637848
0.3745349943637848
0.3745349943637848
0.37453493475914
0.3745349943637848
0.37453505396842957
0.3745349645614624
0.3745349943637848
0.3745350241661072
0.3745349943637848
0.3745349943637848
0.3745350241661072
0.3745349645614624
0.3745350241661072
0.3745350241661072
0.3745349645614624
0.3745349645614624
0.3745349943637848
0.3745350241661072
0.3745350241661072
0.3745349645614624
0.3745349645614624
0.3745350241661072
0.3745349049568176
0.3745349645614624
0.3745350241661072
0.3745350241661072
0.3745349645614624
0.3745349645614624
0.37453493475914
0.37453505396842957
0.3745349943637848
0.3745349645614624
0.3745350241661072
0.3745349645614624
0.3745349943637848
0.3745349645614624
0.3745349645614624
0.3745349943637848
0.3745350241661072
0.3745350241661072
0.3745349645614624
0.3745349645614624
0.3745349943637848
0.3745349943637848
0.3745350241661072
0.3745349645614624
0.3745349943637848
0.3745350241661072
0.3745349645614624
0.3745349943637848
0.3745349645614624
0.3745349943637848
0.37453493475914
0.3745349049568176
0.3745349645614624
0.37453493475914
0.3745349049568176
0.37453493475914
0.3745349645614624
0.3745349645614624
0.3745349943637848
0.3745349943637848
0.3745349645614624
0.37453493475914
0.3745349049568176
0.37453493475914
0.37453493475914
0.3745349645614624
0.37453493475914
0.3745349645614624
0.37453493475914
0.3745349645614624
0.3745349943637848
0.3745349049568176
0.37453493475914
0.3745349645614624
0.37453493475914
0.37453493475914
0.3745349645614624
0.37453493475914
0.3745349645614624
0.37453493475914
0.3745349049568176
0.37453493475914
0.37453493475914
0.37453493475914
0.37453493475914
0.37453493475914
0.3745349645614624
0.37453493475914
0.3745349943637848
0.3745349645614624
0.3745349645614624
0.3745349645614624
0.3745349049568176
0.37453493475914
0.3745349049568176
0.37453493475914
0.3745349943637848
0.3745349645614624
0.37453484535217285
0.3745349943637848
0.3745349645614624
0.37453493475914
0.37453493475914
0.3745349645614624
0.37453493475914
0.37453493475914
0.3745349645614624
0.3745349645614624
0.37453493475914
0.3745349049568176
0.3745349049568176
0.3745349049568176
0.3745349645614624
0.37453493475914
0.3745349645614624
0.3745349645614624
0.37453493475914
0.3745349645614624
0.3745349645614624
0.3745349943637848
0.37453505396842957
0.3745349943637848
0.3745349049568176
0.3745349645614624
0.37453484535217285
0.3745349645614624
0.3745349645614624
0.37453484535217285
0.3745349645614624
0.37453493475914
0.37453493475914
0.3745349049568176
0.37453493475914
0.3745349049568176
0.3745349645614624
0.37453484535217285
0.37453493475914
0.37453484535217285
0.3745350241661072
0.3745349049568176
0.3745349645614624
0.3745349645614624
0.37453493475914
0.3745349049568176
0.3745349049568176
0.37453493475914
0.37453493475914
0.37453493475914
0.3745349049568176
0.37453484535217285
0.37453493475914
0.37453493475914
0.3745349049568176
0.37453484535217285
0.3745349049568176
0.37453493475914
0.37453484535217285
0.37453493475914
0.3745349049568176
0.3745349645614624
0.3745349645614624
0.37453493475914
0.37453481554985046
0.3745349645614624
0.37453493475914
0.3745349049568176
0.37453484535217285
0.3745349049568176
0.37453493475914
0.3745349049568176
0.37453484535217285
0.37453484535217285
0.37453484535217285
0.37453481554985046
0.37453493475914
0.37453493475914
0.37453484535217285
0.3745349049568176
0.3745349049568176
0.37453481554985046
0.37453484535217285
0.37453484535217285
0.3745349049568176
0.3745349645614624
0.3745349645614624
0.37453484535217285
0.3745349049568176
0.3745349049568176
0.3745349049568176
0.3745349049568176
0.3745347857475281
0.37453493475914
0.37453481554985046
0.37453484535217285
0.3745349049568176
0.3745349049568176
0.3745349049568176
0.37453484535217285
0.37453481554985046
0.37453481554985046
0.37453481554985046
0.37453481554985046
0.3745349049568176
0.37453484535217285
0.37453484535217285
0.37453484535217285
0.37453481554985046
0.37453481554985046
0.37453484535217285
0.37453484535217285
0.3745349049568176
0.37453484535217285
0.37453484535217285
0.37453481554985046
0.37453484535217285
0.3745347857475281
0.37453484535217285
0.37453484535217285
0.37453481554985046
0.3745349049568176
0.3745347857475281
0.37453484535217285
0.37453484535217285
0.37453484535217285
0.37453481554985046
0.37453481554985046
0.3745349049568176
0.3745349049568176
0.3745349049568176
0.37453484535217285
0.3745349049568176
0.3745349049568176
0.37453481554985046
0.37453484535217285
0.37453484535217285
0.37453481554985046
0.3745347857475281
0.37453484535217285
0.37453484535217285
0.3745347857475281
0.37453484535217285
0.37453481554985046
0.37453484535217285
0.37453484535217285
0.37453484535217285
0.3745349049568176
0.3745347857475281
0.37453481554985046
0.37453484535217285
0.37453484535217285
0.37453484535217285
0.37453484535217285
0.37453484535217285
0.37453481554985046
0.3745347857475281
0.3745347857475281
0.3745347857475281
0.37453481554985046
0.37453484535217285
0.3745347559452057
0.3745349049568176
0.3745347857475281
0.37453484535217285
0.37453481554985046
0.37453481554985046
0.37453481554985046
0.37453481554985046
0.3745347559452057
0.3745349049568176
0.3745347857475281
0.37453481554985046
0.3745347857475281
0.37453484535217285
0.37453481554985046
0.3745347857475281
0.37453484535217285
0.37453481554985046
0.3745347857475281
0.3745347559452057
0.3745347857475281
0.37453481554985046
0.3745347857475281
0.37453481554985046
0.37453481554985046
0.3745347559452057
0.37453484535217285
0.37453481554985046
0.3745347857475281
0.37453484535217285
0.3745347559452057
0.3745347857475281
0.3745347559452057
0.37453481554985046
0.37453481554985046
0.37453481554985046
0.37453484535217285
0.37453481554985046
0.3745347857475281
0.37453484535217285
0.3745347857475281
0.3745347857475281
0.37453481554985046
0.37453481554985046
0.3745347857475281
0.3745347857475281
0.3745347559452057
0.3745347559452057
0.37453484535217285
0.3745347559452057
0.37453481554985046
0.3745347857475281
0.3745347559452057
0.3745347857475281
0.3745347857475281
0.3745347857475281
0.3745347857475281
0.3745347857475281
0.3745347857475281
0.37453481554985046
0.37453481554985046
0.3745347857475281
0.37453481554985046
0.3745347857475281
0.3745347857475281
0.3745347857475281
0.3745347857475281
0.3745346963405609
0.3745347857475281
0.3745347857475281
0.37453481554985046
0.3745347857475281
0.3745347857475281
0.3745347857475281
0.3745347559452057
0.3745347261428833
0.3745347559452057
0.3745347857475281
0.3745347559452057
0.3745347857475281
0.3745347261428833
0.3745347261428833
0.3745347857475281
0.3745347261428833
0.3745347559452057
0.3745347857475281
0.3745347559452057
0.3745347857475281
0.3745347261428833
0.3745347261428833
0.37453481554985046
0.37453481554985046
0.3745347261428833
0.3745347559452057
0.3745347857475281
0.3745347559452057
0.3745347559452057
0.3745347559452057
0.3745347857475281
0.3745347857475281
0.3745347559452057
0.3745347559452057
0.3745347857475281
0.3745347857475281
0.3745347857475281
0.3745347857475281
0.3745347559452057
0.3745347261428833
0.3745347857475281
0.3745347559452057
0.37453481554985046
0.37453481554985046
0.3745347559452057
0.3745347559452057
0.3745347261428833
0.3745347559452057
0.3745346963405609
0.3745347261428833
0.3745347559452057
0.3745347857475281
0.3745347559452057
0.3745347559452057
0.3745347261428833
0.3745347261428833
0.3745347559452057
0.3745347261428833
0.3745347559452057
0.3745347857475281
0.3745347857475281
0.3745347559452057
0.3745346963405609
0.3745347261428833
0.3745346963405609
0.3745347559452057
0.3745347559452057
0.3745347857475281
0.3745347261428833
0.3745347261428833
0.3745347857475281
0.3745347559452057
0.3745347559452057
0.37453481554985046
0.3745347559452057
0.3745347559452057
0.3745347261428833
0.3745347559452057
0.3745347857475281
0.3745346963405609
0.3745347261428833
0.3745347261428833
0.3745347261428833
0.3745347261428833
0.3745347261428833
0.3745347857475281
0.3745347857475281
0.3745346963405609
0.3745347559452057
0.3745346963405609
0.3745347261428833
0.3745346963405609
0.3745347261428833
0.3745347261428833
0.3745347261428833
0.3745347857475281
0.3745347559452057
0.3745347261428833
0.3745346665382385
0.3745346963405609
0.3745346963405609
0.3745347559452057
0.3745347261428833
0.3745347559452057
0.3745347261428833
0.3745346963405609
0.3745347261428833
0.3745346665382385
0.3745347261428833
0.3745346665382385
0.3745347261428833
0.3745346963405609
0.3745346963405609
0.3745346963405609
0.3745347559452057
0.3745347261428833
0.37453481554985046
0.3745346963405609
0.3745346665382385
0.3745347559452057
0.3745347261428833
0.3745347261428833
0.3745347261428833
0.3745347559452057
0.3745347261428833
0.3745347261428833
0.3745346963405609
0.3745347559452057
0.3745347261428833
0.3745346963405609
0.3745346963405609
0.3745346963405609
0.3745347261428833
0.3745346963405609
0.3745346665382385
0.3745346665382385
0.3745347559452057
0.3745346665382385
0.3745346963405609
0.3745346963405609
0.3745347261428833
0.3745346963405609
0.3745346665382385
0.3745346963405609
0.3745346963405609
0.3745346963405609
0.3745346963405609
0.3745347261428833
0.3745347261428833
0.3745346665382385
0.3745346665382385
0.3745346665382385
0.3745346963405609
0.3745346665382385
0.3745346963405609
0.37453460693359375
0.3745346963405609
0.3745346665382385
0.3745347559452057
0.3745347559452057
0.3745347261428833
0.3745346963405609
0.3745346963405609
0.3745346665382385
0.37453460693359375
0.3745347261428833
0.3745347261428833
0.3745346963405609
0.3745347261428833
0.37453460693359375
0.3745346665382385
0.3745347261428833
0.3745346665382385
0.3745346665382385
0.3745346963405609
0.37453460693359375
0.3745346963405609
0.37453460693359375
0.3745346963405609
0.3745346665382385
0.37453460693359375
0.3745347261428833
0.3745346963405609
0.3745346665382385
0.3745346665382385
0.3745346963405609
0.3745347261428833
0.3745347261428833
0.37453460693359375
0.3745346665382385
0.3745346963405609
0.3745346665382385
0.37453460693359375
0.3745346665382385
0.3745346665382385
0.37453460693359375
0.3745346963405609
0.37453460693359375
0.3745346963405609
0.3745346665382385
0.3745346665382385
0.37453460693359375
0.37453460693359375
0.3745346665382385
0.3745346665382385
0.37453457713127136
0.3745346963405609
0.3745346665382385
0.37453457713127136
0.3745346665382385
0.37453460693359375
0.37453460693359375
0.37453460693359375
0.3745346665382385
0.37453460693359375
0.3745346665382385
0.37453460693359375
0.3745346665382385
0.3745346665382385
0.3745346665382385
0.3745346665382385
0.37453460693359375
0.3745346963405609
0.3745347261428833
0.3745346665382385
0.37453460693359375
0.3745346665382385
0.3745346963405609
0.3745346963405609
0.37453460693359375
0.3745347261428833
0.3745346665382385
0.3745347261428833
0.3745346665382385
0.3745346963405609
0.37453457713127136
0.3745346665382385
0.37453460693359375
0.37453460693359375
0.3745347261428833
0.3745346963405609
0.37453460693359375
0.37453460693359375
0.3745346665382385
0.37453457713127136
0.37453460693359375
0.37453460693359375
0.3745346963405609
0.37453460693359375
0.37453460693359375
0.3745346665382385
0.3745346665382385
0.37453460693359375
0.37453457713127136
0.37453460693359375
0.37453460693359375
0.374534547328949
0.37453457713127136
0.37453460693359375
0.37453457713127136
0.374534547328949
0.37453457713127136
0.3745347261428833
0.37453460693359375
0.37453457713127136
0.3745346665382385
0.37453457713127136
0.37453457713127136
0.3745345175266266
0.374534547328949
0.37453460693359375
0.37453457713127136
0.37453460693359375
0.3745346665382385
0.37453460693359375
0.374534547328949
0.374534547328949
0.3745345175266266
0.3745346665382385
0.3745346665382385
0.3745346665382385
0.37453457713127136
0.374534547328949
0.37453457713127136
0.37453457713127136
0.3745346665382385
0.37453460693359375
0.37453457713127136
0.37453457713127136
0.37453457713127136
0.37453460693359375
0.374534547328949
0.37453457713127136
0.374534547328949
0.374534547328949
0.37453460693359375
0.37453460693359375
0.374534547328949
0.37453460693359375
0.374534547328949
0.37453460693359375
0.37453457713127136
0.37453457713127136
0.37453457713127136
0.37453457713127136
0.374534547328949
0.374534547328949
0.374534547328949
0.374534547328949
0.37453457713127136
0.37453457713127136
0.37453457713127136
0.3745346665382385
0.374534547328949
0.3745346665382385
0.37453460693359375
0.37453460693359375
0.374534547328949
0.37453457713127136
0.374534547328949
0.37453457713127136
0.374534547328949
0.37453457713127136
0.37453460693359375
0.3745345175266266
0.37453457713127136
0.374534547328949
0.37453457713127136
0.3745345175266266
0.37453460693359375
0.374534547328949
0.3745345175266266
0.3745345175266266
0.3745345175266266
0.374534547328949
0.3745345175266266
0.374534547328949
0.374534547328949
0.3745345175266266
0.374534547328949
0.3745345175266266
0.3745345175266266
0.374534547328949
0.37453457713127136
0.37453457713127136
0.37453457713127136
0.37453457713127136
0.374534547328949
0.37453457713127136
0.37453460693359375
0.37453457713127136
0.374534547328949
0.374534547328949
0.3745345175266266
0.3745346665382385
0.37453457713127136
0.3745345175266266
0.37453457713127136
0.374534547328949
0.37453460693359375
0.374534547328949
0.37453457713127136
0.374534547328949
0.374534547328949
0.3745345175266266
0.374534547328949
0.37453457713127136
0.374534547328949
0.3745345175266266
0.3745344579219818
0.374534547328949
0.37453457713127136
0.3745345175266266
0.37453457713127136
0.3745345175266266
0.3745345175266266
0.374534547328949
0.3745345175266266
0.374534547328949
0.374534547328949
0.3745344877243042
0.37453457713127136
0.3745345175266266
0.3745344877243042
0.37453457713127136
0.374534547328949
0.37453457713127136
0.37453457713127136
0.3745345175266266
0.374534547328949
0.3745345175266266
0.374534547328949
0.3745344877243042
0.3745345175266266
0.3745345175266266
0.3745344579219818
0.374534547328949
0.3745344877243042
0.37453457713127136
0.374534547328949
0.3745345175266266
0.3745345175266266
0.3745344579219818
0.3745345175266266
0.3745344877243042
0.374534547328949
0.3745345175266266
0.37453457713127136
0.3745345175266266
0.374534547328949
0.3745345175266266
0.3745345175266266
0.3745344877243042
0.374534547328949
0.3745345175266266
0.3745344579219818
0.3745344877243042
0.3745345175266266
0.3745345175266266
0.3745344877243042
0.37453457713127136
0.3745344281196594
0.374534547328949
0.3745345175266266
0.374534547328949
0.3745345175266266
0.3745344877243042
0.3745344877243042
0.37453457713127136
0.3745344877243042
0.3745344877243042
0.3745344579219818
0.3745344281196594
0.3745345175266266
0.3745344877243042
0.3745344579219818
0.3745344877243042
0.3745344877243042
0.374534547328949
0.3745344877243042
0.3745345175266266
0.3745344877243042
0.3745344579219818
0.3745344877243042
0.3745344579219818
0.3745344877243042
0.374534547328949
0.3745344579219818
0.3745344877243042
0.3745344579219818
0.3745344579219818
0.3745345175266266
0.374534547328949
0.3745344579219818
0.3745344877243042
0.374534547328949
0.3745344579219818
0.3745344877243042
0.37453457713127136
0.3745345175266266
0.3745344877243042
0.374534547328949
0.3745344877243042
0.3745345175266266
0.3745344877243042
0.3745344579219818
0.3745344877243042
0.3745345175266266
0.3745344877243042
0.3745344877243042
0.3745344579219818
0.3745345175266266
0.3745344877243042
0.3745344579219818
0.3745344877243042
0.3745345175266266
0.3745344579219818
0.3745344579219818
0.3745344281196594
0.3745344579219818
0.3745344281196594
0.3745344877243042
0.3745344877243042
0.3745344579219818
0.3745344877243042
0.3745344877243042
0.3745344579219818
0.3745344579219818
0.3745345175266266
0.3745345175266266
0.3745344281196594
0.3745344579219818
0.37453436851501465
0.3745344281196594
0.3745344579219818
0.3745344579219818
0.3745344877243042
0.3745344579219818
0.3745344877243042
0.3745344877243042
0.3745344579219818
0.37453436851501465
0.3745344579219818
0.3745344281196594
0.3745344281196594
0.3745344579219818
0.3745344579219818
0.3745344579219818
0.3745344877243042
0.3745345175266266
0.3745344281196594
0.3745345175266266
0.3745344579219818
0.3745344281196594
0.3745344579219818
0.3745344877243042
0.3745344877243042
0.3745344877243042
0.37453436851501465
0.3745344579219818
0.3745344877243042
0.3745344579219818
0.3745345175266266
0.3745344877243042
0.3745345175266266
0.3745344877243042
0.3745344281196594
0.3745344579219818
0.3745344281196594
0.3745344877243042
0.3745344281196594
0.37453436851501465
0.3745344579219818
0.3745344579219818
0.3745344281196594
0.3745344579219818
0.3745344877243042
0.3745344877243042
0.37453436851501465
0.3745344579219818
0.3745344579219818
0.3745344281196594
0.3745344579219818
0.3745344281196594
0.3745344579219818
0.3745344281196594
0.37453436851501465
0.3745344281196594
0.37453436851501465
0.37453436851501465
0.3745344579219818
0.3745344281196594
0.37453436851501465
0.3745344281196594
0.37453436851501465
0.3745344281196594
0.3745344579219818
0.3745344281196594
0.37453436851501465
0.3745344281196594
0.37453433871269226
0.3745344877243042
0.3745344579219818
0.3745344281196594
0.3745344281196594
0.3745344281196594
0.3745345175266266
0.3745344281196594
0.3745344281196594
0.3745344281196594
0.37453433871269226
0.37453436851501465
0.3745344281196594
0.37453436851501465
0.3745343089103699
0.3745344579219818
0.37453436851501465
0.37453436851501465
0.37453436851501465
0.3745344281196594
0.37453436851501465
0.3745344281196594
0.3745344281196594
0.3745344579219818
0.37453436851501465
0.3745344579219818
0.3745344281196594
0.37453436851501465
0.3745344281196594
0.37453433871269226
0.3745344281196594
0.37453436851501465
0.37453436851501465
0.37453436851501465
0.3745344579219818
0.37453436851501465
0.3745344281196594
0.3745344281196594
0.3745344281196594
0.3745344281196594
0.37453436851501465
0.3745344281196594
0.37453433871269226
0.37453436851501465
0.3745344281196594
0.37453436851501465
0.37453436851501465
0.3745344281196594
0.3745343089103699
0.37453433871269226
0.3745344281196594
0.37453436851501465
0.3745344579219818
0.37453436851501465
0.37453433871269226
0.37453436851501465
0.37453436851501465
0.37453433871269226
0.3745344579219818
0.3745344281196594
0.37453433871269226
0.37453433871269226
0.37453433871269226
0.37453433871269226
0.37453436851501465
0.37453436851501465
0.37453436851501465
0.3745344281196594
0.37453436851501465
0.37453433871269226
0.37453436851501465
0.37453436851501465
0.37453436851501465
0.37453433871269226
0.37453433871269226
0.37453433871269226
0.3745344579219818
0.37453436851501465
0.3745343089103699
0.37453436851501465
0.3745344281196594
0.37453436851501465
0.37453436851501465
0.3745343089103699
0.37453436851501465
0.3745344281196594
0.37453433871269226
0.37453433871269226
0.3745343089103699
0.37453433871269226
0.3745344579219818
0.37453433871269226
0.37453433871269226
0.37453436851501465
0.37453433871269226
0.37453433871269226
0.37453433871269226
0.3745343089103699
0.37453433871269226
0.3745343089103699
0.3745343089103699
0.3745344281196594
0.37453436851501465
0.37453436851501465
0.3745342791080475
0.3745343089103699
0.37453433871269226
0.37453433871269226
0.37453433871269226
0.3745343089103699
0.3745343089103699
0.37453436851501465
0.37453433871269226
0.37453433871269226
0.37453433871269226
0.37453433871269226
0.3745343089103699
0.3745343089103699
0.37453436851501465
0.3745343089103699
0.3745343089103699
0.3745343089103699
0.3745343089103699
0.37453433871269226
0.3745342791080475
0.37453436851501465
0.3745343089103699
0.3745343089103699
0.3745343089103699
0.3745342493057251
0.3745343089103699
0.3745343089103699
0.37453433871269226
0.3745343089103699
0.37453433871269226
0.37453433871269226
0.3745343089103699
0.3745343089103699
0.37453436851501465
0.37453433871269226
0.37453436851501465
0.3745342791080475
0.3745343089103699
0.37453436851501465
0.37453433871269226
0.3745343089103699
0.3745342791080475
0.3745342493057251
0.3745343089103699
0.37453436851501465
0.3745342493057251
0.3745343089103699
0.3745342791080475
0.3745342791080475
0.3745343089103699
0.3745343089103699
0.3745343089103699
0.3745342791080475
0.3745342791080475
0.3745342791080475
0.3745342791080475
0.3745343089103699
0.3745343089103699
0.37453433871269226
0.3745343089103699
0.3745342791080475
0.3745342791080475
0.3745342493057251
0.3745343089103699
0.3745342791080475
0.3745342791080475
0.3745342791080475
0.3745343089103699
0.3745342493057251
0.3745342791080475
0.3745342791080475
0.3745342791080475
0.3745342791080475
0.3745343089103699
0.3745342791080475
0.3745342791080475
0.3745342791080475
0.3745342791080475
0.3745342791080475
0.3745343089103699
0.3745342791080475
0.3745343089103699
0.37453433871269226
0.3745343089103699
0.3745342493057251
0.3745342791080475
0.3745342493057251
0.3745342791080475
0.3745343089103699
0.3745342493057251
0.3745342493057251
0.3745342791080475
0.3745342493057251
0.3745342493057251
0.3745343089103699
0.3745342791080475
0.3745342791080475
0.3745343089103699
0.37453433871269226
0.3745343089103699
0.3745342493057251
0.3745342791080475
0.3745343089103699
0.3745343089103699
0.37453433871269226
0.3745342195034027
0.3745343089103699
0.3745343089103699
0.3745342493057251
0.3745342791080475
0.3745342493057251
0.3745343089103699
0.3745342195034027
0.3745342791080475
0.3745342791080475
0.3745342791080475
0.3745342791080475
0.3745342791080475
0.3745343089103699
0.3745342791080475
0.3745342195034027
0.3745342493057251
0.3745342791080475
0.3745343089103699
0.3745342195034027
0.3745342493057251
0.3745342493057251
0.3745342493057251
0.3745343089103699
0.3745343089103699
0.3745342791080475
0.3745343089103699
0.3745342195034027
0.3745342791080475
0.3745342195034027
0.3745342791080475
0.3745343089103699
0.3745342791080475
0.3745342791080475
0.3745342791080475
0.3745342493057251
0.3745342493057251
0.3745342791080475
0.37453415989875793
0.3745342493057251
0.3745342493057251
0.3745342791080475
0.3745342195034027
0.3745342195034027
0.3745342493057251
0.3745342791080475
0.3745342493057251
0.3745342493057251
0.3745342493057251
0.3745342493057251
0.3745342195034027
0.3745342791080475
0.3745342791080475
0.3745342195034027
0.3745342791080475
0.3745342791080475
0.3745342195034027
0.3745342195034027
0.3745342195034027
0.3745342493057251
0.3745342493057251
0.3745343089103699
0.37453415989875793
0.3745342195034027
0.3745342195034027
0.3745342493057251
0.3745342493057251
0.3745342791080475
0.3745342791080475
0.3745342493057251
0.3745342493057251
0.3745342791080475
0.3745342493057251
0.37453415989875793
0.37453415989875793
0.3745342195034027
0.3745342493057251
0.3745342791080475
0.3745342791080475
0.3745342493057251
0.3745342493057251
0.3745342791080475
0.37453415989875793
0.3745342791080475
0.3745342195034027
0.3745342195034027
0.3745342195034027
0.3745342195034027
0.3745342493057251
0.3745342493057251
0.3745342195034027
0.3745342493057251
0.37453415989875793
0.3745342493057251
0.3745342493057251
0.3745342195034027
0.3745342493057251
0.37453415989875793
0.3745342195034027
0.3745342195034027
0.3745342493057251
0.3745342791080475
0.3745342493057251
0.3745342195034027
0.3745342493057251
0.3745342195034027
0.3745342493057251
0.37453415989875793
0.3745342493057251
0.3745342195034027
0.37453415989875793
0.3745342493057251
0.3745342493057251
0.3745342493057251
0.3745342493057251
0.3745342493057251
0.37453415989875793
0.37453413009643555
0.3745342493057251
0.3745342195034027
0.3745342195034027
0.37453415989875793
0.3745342493057251
0.37453415989875793
0.3745342493057251
0.3745342195034027
0.37453415989875793
0.37453413009643555
0.37453413009643555
0.3745342195034027
0.37453415989875793
0.3745342195034027
0.3745342493057251
0.3745342493057251
0.37453415989875793
0.3745342195034027
0.3745342493057251
0.37453415989875793
0.37453415989875793
0.37453415989875793
0.37453415989875793
0.3745342195034027
0.3745342493057251
0.37453415989875793
0.37453413009643555
0.37453413009643555
0.3745342195034027
0.3745342195034027
0.3745342195034027
0.3745342195034027
0.3745342493057251
0.3745342195034027
0.37453413009643555
0.3745342195034027
0.37453415989875793
0.37453415989875793
0.37453413009643555
0.3745342195034027
0.3745342195034027
0.37453415989875793
0.37453415989875793
0.37453415989875793
0.3745342195034027
0.37453413009643555
0.3745342195034027
0.37453413009643555
0.3745342493057251
0.37453415989875793
0.37453415989875793
0.37453415989875793
0.3745342195034027
0.37453415989875793
0.37453415989875793
0.37453415989875793
0.37453415989875793
0.3745342195034027
0.37453415989875793
0.3745342195034027
0.37453415989875793
0.37453413009643555
0.37453415989875793
0.37453415989875793
0.37453413009643555
0.37453413009643555
0.37453415989875793
0.37453415989875793
0.37453415989875793
0.37453410029411316
0.37453413009643555
0.37453415989875793
0.37453407049179077
0.37453415989875793
0.37453413009643555
0.37453410029411316
0.37453413009643555
0.37453415989875793
0.37453415989875793
0.37453413009643555
0.37453415989875793
0.3745342195034027
0.37453410029411316
0.37453415989875793
0.37453413009643555
0.37453415989875793
0.37453415989875793
0.37453413009643555
0.37453413009643555
0.37453410029411316
0.37453415989875793
0.37453415989875793
0.37453413009643555
0.37453410029411316
0.37453413009643555
0.37453413009643555
0.3745342195034027
0.37453407049179077
0.37453415989875793
0.37453410029411316
0.37453415989875793
0.37453410029411316
0.37453410029411316
0.37453410029411316
0.37453413009643555
0.37453410029411316
0.37453415989875793
0.37453413009643555
0.37453410029411316
0.37453410029411316
0.37453413009643555
0.37453413009643555
0.37453407049179077
0.37453415989875793
0.37453413009643555
0.37453410029411316
0.37453415989875793
0.37453413009643555
0.37453410029411316
0.37453413009643555
0.37453410029411316
0.37453410029411316
0.3745342195034027
0.37453410029411316
0.37453415989875793
0.3745342195034027
0.37453413009643555
0.37453410029411316
0.37453410029411316
0.37453410029411316
0.3745342195034027
0.37453410029411316
0.37453415989875793
0.37453413009643555
0.37453415989875793
0.37453410029411316
0.3745342195034027
0.37453410029411316
0.37453407049179077
0.37453413009643555
0.37453415989875793
0.37453407049179077
0.37453415989875793
0.37453410029411316
0.37453410029411316
0.37453407049179077
0.37453410029411316
0.37453413009643555
0.37453415989875793
0.37453415989875793
0.37453410029411316
0.37453415989875793
0.37453407049179077
0.37453413009643555
0.37453413009643555
0.37453415989875793
0.37453407049179077
0.37453413009643555
0.37453410029411316
0.37453410029411316
0.37453407049179077
0.37453410029411316
0.37453410029411316
0.37453407049179077
0.374534010887146
0.3745340406894684
0.37453413009643555
0.37453407049179077
0.37453415989875793
0.37453410029411316
0.37453410029411316
0.37453415989875793
0.37453407049179077
0.37453410029411316
0.37453407049179077
0.37453407049179077
0.37453413009643555
0.37453413009643555
0.37453410029411316
0.37453410029411316
0.37453410029411316
0.37453407049179077
0.37453407049179077
0.37453410029411316
0.37453410029411316
0.37453413009643555
0.37453410029411316
0.37453407049179077
0.37453413009643555
0.37453407049179077
0.3745340406894684
0.37453410029411316
0.374534010887146
0.37453410029411316
0.374534010887146
0.37453413009643555
0.37453407049179077
0.37453410029411316
0.3745340406894684
0.3745340406894684
0.37453410029411316
0.37453407049179077
0.37453407049179077
0.37453410029411316
0.37453407049179077
0.374534010887146
0.3745340406894684
0.37453407049179077
0.3745340406894684
0.37453407049179077
0.37453410029411316
0.37453407049179077
0.3745340406894684
0.37453407049179077
0.37453410029411316
0.37453410029411316
0.3745340406894684
0.37453410029411316
0.3745340406894684
0.3745340406894684
0.3745340406894684
0.37453413009643555
0.374534010887146
0.37453407049179077
0.37453407049179077
0.37453407049179077
0.3745340406894684
0.37453407049179077
0.3745340406894684
0.37453407049179077
0.3745340406894684
0.37453413009643555
0.3745340406894684
0.3745340406894684
0.3745340406894684
0.37453410029411316
0.3745340406894684
0.37453407049179077
0.37453410029411316
0.37453410029411316
0.3745340406894684
0.37453407049179077
0.37453407049179077
0.37453410029411316
0.374534010887146
0.37453407049179077
0.37453407049179077
0.3745340406894684
0.37453413009643555
0.37453413009643555
0.37453407049179077
0.3745340406894684
0.374534010887146
0.3745340406894684
0.3745340406894684
0.37453407049179077
0.3745340406894684
0.37453410029411316
0.37453407049179077
0.37453407049179077
0.374534010887146
0.3745340406894684
0.37453407049179077
0.3745340406894684
0.374534010887146
0.374534010887146
0.37453407049179077
0.374534010887146
0.3745340406894684
0.37453407049179077
0.3745340406894684
0.37453407049179077
0.374534010887146
0.3745340406894684
0.3745339810848236
0.374534010887146
0.374534010887146
0.37453407049179077
0.37453407049179077
0.374534010887146
0.37453407049179077
0.374534010887146
0.3745340406894684
0.3745339810848236
0.37453407049179077
0.3745340406894684
0.3745340406894684
0.374534010887146
0.374534010887146
0.3745339810848236
0.37453407049179077
0.3745339810848236
0.3745339810848236
0.37453407049179077
0.374534010887146
0.3745340406894684
0.3745340406894684
0.3745339810848236
0.3745340406894684
0.37453407049179077
0.374534010887146
0.3745340406894684
0.37453410029411316
0.3745340406894684
0.3745339810848236
0.374534010887146
0.374534010887146
0.3745340406894684
0.3745340406894684
0.3745340406894684
0.374534010887146
0.3745339810848236
0.3745339810848236
0.3745339810848236
0.3745340406894684
0.374534010887146
0.374534010887146
0.374534010887146
0.374534010887146
0.374534010887146
0.3745339810848236
0.3745340406894684
0.374534010887146
0.374534010887146
0.374534010887146
0.374534010887146
0.37453410029411316
0.3745339810848236
0.3745339810848236
0.3745340406894684
0.3745340406894684
0.3745340406894684
0.37453407049179077
0.3745340406894684
0.3745340406894684
0.374534010887146
0.374534010887146
0.3745340406894684
0.3745339810848236
0.374534010887146
0.3745339810848236
0.3745340406894684
0.3745339810848236
0.3745339810848236
0.374534010887146
0.374534010887146
0.374534010887146
0.3745340406894684
0.37453392148017883
0.3745339810848236
0.3745340406894684
0.3745339810848236
0.374534010887146
0.3745339810848236
0.3745339810848236
0.374534010887146
0.374534010887146
0.374534010887146
0.3745339810848236
0.374534010887146
0.3745339810848236
0.37453389167785645
0.374534010887146
0.3745340406894684
0.374534010887146
0.374534010887146
0.374534010887146
0.374534010887146
0.374534010887146
0.3745339810848236
0.374534010887146
0.3745339810848236
0.3745339810848236
0.3745340406894684
0.37453392148017883
0.3745339810848236
0.3745339810848236
0.3745339810848236
0.374534010887146
0.3745339810848236
0.374534010887146
0.3745339810848236
0.3745339810848236
0.37453389167785645
0.374534010887146
0.3745339810848236
0.37453392148017883
0.37453389167785645
0.37453392148017883
0.37453392148017883
0.37453389167785645
0.374534010887146
0.3745339810848236
0.3745339810848236
0.3745339810848236
0.374534010887146
0.3745339810848236
0.3745339810848236
0.37453392148017883
0.3745339810848236
0.37453392148017883
0.3745339810848236
0.3745339810848236
0.3745339810848236
0.37453392148017883
0.3745339810848236
0.3745339810848236
0.37453392148017883
0.374534010887146
0.374534010887146
0.37453389167785645
0.3745339810848236
0.3745339810848236
0.3745339810848236
0.37453392148017883
0.37453389167785645
0.37453392148017883
0.37453386187553406
0.37453392148017883
0.37453386187553406
0.37453392148017883
0.37453389167785645
0.3745339810848236
0.37453392148017883
0.37453389167785645
0.37453386187553406
0.37453389167785645
0.37453392148017883
0.37453389167785645
0.3745339810848236
0.37453392148017883
0.374534010887146
0.3745339810848236
0.37453389167785645
0.37453392148017883
0.374534010887146
0.3745339810848236
0.37453392148017883
0.37453392148017883
0.37453392148017883
0.37453392148017883
0.37453392148017883
0.37453392148017883
0.3745339810848236
0.37453389167785645
0.37453389167785645
0.37453392148017883
0.37453386187553406
0.37453389167785645
0.37453392148017883
0.37453392148017883
0.37453392148017883
0.37453389167785645
0.37453392148017883
0.37453389167785645
0.37453386187553406
0.37453389167785645
0.37453386187553406
0.374534010887146
0.37453392148017883
0.37453392148017883
0.37453386187553406
0.37453383207321167
0.37453389167785645
0.3745339810848236
0.37453392148017883
0.37453392148017883
0.37453392148017883
0.37453386187553406
0.3745339810848236
0.37453392148017883
0.37453392148017883
0.37453386187553406
0.37453389167785645
0.37453389167785645
0.37453389167785645
0.37453389167785645
0.37453392148017883
0.37453392148017883
0.37453392148017883
0.3745339810848236
0.37453389167785645
0.37453386187553406
0.37453389167785645
0.37453383207321167
0.3745339810848236
0.37453389167785645
0.37453389167785645
0.37453386187553406
0.37453386187553406
0.37453392148017883
0.37453386187553406
0.37453389167785645
0.37453389167785645
0.37453386187553406
0.37453389167785645
0.37453389167785645
0.3745339810848236
0.37453392148017883
0.3745339810848236
0.37453386187553406
0.37453389167785645
0.37453392148017883
0.37453389167785645
0.37453386187553406
0.37453392148017883
0.37453392148017883
0.37453392148017883
0.37453389167785645
0.37453383207321167
0.37453392148017883
0.37453383207321167
0.37453389167785645
0.37453389167785645
0.37453389167785645
0.37453389167785645
0.37453386187553406
0.37453386187553406
0.37453386187553406
0.37453389167785645
0.37453389167785645
0.37453383207321167
0.37453389167785645
0.37453386187553406
0.37453386187553406
0.37453386187553406
0.37453386187553406
0.37453392148017883
0.37453386187553406
0.37453389167785645
0.37453389167785645
0.37453392148017883
0.3745338022708893
0.37453386187553406
0.37453383207321167
0.37453386187553406
0.37453389167785645
0.37453386187553406
0.37453386187553406
0.37453383207321167
0.37453383207321167
0.37453386187553406
0.37453389167785645
0.37453389167785645
0.37453389167785645
0.37453383207321167
0.37453383207321167
0.37453386187553406
0.37453383207321167
0.37453383207321167
0.37453383207321167
0.3745338022708893
0.37453389167785645
0.37453383207321167
0.37453383207321167
0.37453389167785645
0.37453386187553406
0.37453386187553406
0.37453386187553406
0.37453389167785645
0.37453386187553406
0.37453383207321167
0.37453383207321167
0.37453389167785645
0.37453383207321167
0.37453383207321167
0.37453386187553406
0.3745338022708893
0.37453383207321167
0.37453383207321167
0.37453386187553406
0.37453386187553406
0.37453383207321167
0.37453386187553406
0.37453383207321167
0.37453383207321167
0.37453383207321167
0.37453383207321167
0.37453383207321167
0.37453386187553406
0.37453386187553406
0.3745338022708893
0.37453386187553406
0.37453383207321167
0.3745338022708893
0.37453386187553406
0.37453386187553406
0.37453386187553406
0.37453383207321167
0.3745337426662445
0.37453383207321167
0.37453383207321167
0.37453383207321167
0.3745338022708893
0.37453386187553406
0.37453383207321167
0.3745338022708893
0.3745338022708893
0.37453383207321167
0.3745338022708893
0.37453389167785645
0.3745338022708893
0.3745338022708893
0.3745337724685669
0.37453383207321167
0.37453383207321167
0.37453383207321167
0.37453383207321167
0.37453389167785645
0.37453383207321167
0.37453383207321167
0.37453383207321167
0.3745338022708893
0.37453383207321167
0.37453383207321167
0.37453386187553406
0.37453383207321167
0.37453386187553406
0.37453383207321167
0.3745338022708893
0.37453383207321167
0.3745337724685669
0.37453383207321167
0.37453383207321167
0.37453386187553406
0.37453383207321167
0.37453389167785645
0.37453383207321167
0.3745338022708893
0.3745338022708893
0.3745338022708893
0.3745338022708893
0.3745337724685669
0.3745337724685669
0.3745337724685669
0.3745338022708893
0.3745338022708893
0.3745338022708893
0.3745338022708893
0.3745338022708893
0.3745337724685669
0.3745338022708893
0.3745338022708893
0.3745337724685669
0.3745338022708893
0.3745338022708893
0.3745337426662445
0.3745338022708893
0.3745338022708893
0.3745338022708893
0.37453383207321167
0.37453383207321167
0.3745338022708893
0.3745337724685669
0.3745337724685669
0.3745337426662445
0.3745337724685669
0.3745337724685669
0.3745337724685669
0.37453383207321167
0.3745338022708893
0.3745338022708893
0.3745337724685669
0.3745337724685669
0.3745338022708893
0.3745338022708893
0.3745337426662445
0.3745338022708893
0.3745337724685669
0.3745337426662445
0.3745338022708893
0.3745337724685669
0.37453383207321167
0.37453386187553406
0.3745338022708893
0.3745337724685669
0.37453383207321167
0.3745338022708893
0.3745337724685669
0.3745337724685669
0.3745338022708893
0.3745337724685669
0.3745337724685669
0.3745337724685669
0.3745337724685669
0.3745337724685669
0.3745338022708893
0.37453383207321167
0.3745337426662445
0.3745337724685669
0.3745338022708893
0.3745337426662445
0.3745338022708893
0.3745337724685669
0.3745337724685669
0.3745337426662445
0.3745337724685669
0.3745338022708893
0.3745338022708893
0.37453383207321167
0.3745338022708893
0.3745338022708893
0.3745337724685669
0.37453368306159973
0.3745337724685669
0.3745338022708893
0.3745337724685669
0.3745337426662445
0.3745337724685669
0.3745337426662445
0.3745337724685669
0.3745337724685669
0.3745337426662445
0.3745337724685669
0.37453386187553406
0.37453368306159973
0.37453365325927734
0.3745337724685669
0.3745337426662445
0.3745337724685669
0.37453368306159973
0.37453368306159973
0.37453368306159973
0.37453368306159973
0.3745337426662445
0.3745337426662445
0.3745337724685669
0.3745337724685669
0.3745338022708893
0.3745337724685669
0.37453368306159973
0.3745337724685669
0.3745337426662445
0.3745337426662445
0.3745337724685669
0.37453368306159973
0.37453368306159973
0.3745337724685669
0.3745337426662445
0.37453368306159973
0.37453368306159973
0.37453365325927734
0.37453368306159973
0.3745337724685669
0.37453368306159973
0.3745337426662445
0.3745337724685669
0.3745337724685669
0.3745337724685669
0.3745337426662445
0.3745337724685669
0.3745337426662445
0.3745337724685669
0.37453368306159973
0.3745337724685669
0.3745337426662445
0.3745338022708893
0.37453383207321167
0.37453368306159973
0.3745337724685669
0.3745337426662445
0.3745337426662445
0.3745337426662445
0.3745337426662445
0.37453365325927734
0.37453365325927734
0.3745337426662445
0.37453368306159973
0.3745337724685669
0.37453368306159973
0.3745337426662445
0.37453365325927734
0.3745337426662445
0.37453368306159973
0.3745337724685669
0.37453368306159973
0.37453365325927734
0.3745337724685669
0.37453368306159973
0.37453368306159973
0.37453365325927734
0.3745337724685669
0.3745338022708893
0.3745337724685669
0.37453368306159973
0.37453368306159973
0.37453368306159973
0.37453368306159973
0.37453365325927734
0.3745337426662445
0.3745337426662445
0.37453368306159973
0.3745337426662445
0.3745337426662445
0.3745337426662445
0.3745337724685669
0.37453362345695496
0.3745337724685669
0.3745337426662445
0.3745337426662445
0.37453365325927734
0.37453368306159973
0.3745337426662445
0.37453368306159973
0.37453365325927734
0.37453368306159973
0.37453368306159973
0.37453368306159973
0.3745337426662445
0.37453368306159973
0.37453368306159973
0.37453365325927734
0.37453365325927734
0.37453368306159973
0.37453365325927734
0.3745337724685669
0.3745337724685669
0.3745337426662445
0.37453368306159973
0.3745337426662445
0.3745337426662445
0.3745337426662445
0.37453368306159973
0.37453365325927734
0.37453368306159973
0.37453365325927734
0.3745337426662445
0.3745337426662445
0.37453365325927734
0.3745337426662445
0.37453368306159973
0.3745337426662445
0.37453362345695496
0.37453368306159973
0.37453368306159973
0.37453368306159973
0.37453368306159973
0.37453362345695496
0.37453365325927734
0.37453359365463257
0.37453362345695496
0.37453362345695496
0.37453365325927734
0.37453362345695496
0.37453368306159973
0.37453362345695496
0.37453365325927734
0.37453359365463257
0.37453368306159973
0.37453368306159973
0.37453365325927734
0.37453368306159973
0.37453359365463257
0.37453362345695496
0.37453365325927734
0.37453368306159973
0.37453368306159973
0.37453365325927734
0.37453365325927734
0.37453362345695496
0.37453368306159973
0.37453368306159973
0.37453362345695496
0.37453365325927734
0.37453365325927734
0.37453362345695496
0.37453368306159973
0.37453365325927734
0.37453368306159973
0.37453365325927734
0.37453365325927734
0.37453368306159973
0.37453368306159973
0.37453368306159973
0.37453365325927734
0.37453359365463257
0.37453362345695496
0.37453359365463257
0.37453362345695496
0.37453362345695496
0.37453365325927734
0.37453368306159973
0.37453365325927734
0.37453362345695496
0.37453362345695496
0.37453362345695496
0.37453362345695496
0.37453362345695496
0.37453365325927734
0.37453368306159973
0.37453362345695496
0.37453362345695496
0.37453362345695496
0.37453365325927734
0.37453362345695496
0.37453368306159973
0.37453362345695496
0.37453365325927734
0.37453365325927734
0.37453365325927734
0.37453359365463257
0.37453362345695496
0.37453362345695496
0.37453362345695496
0.37453359365463257
0.37453362345695496
0.37453362345695496
0.37453365325927734
0.37453365325927734
0.37453365325927734
0.37453362345695496
0.37453362345695496
0.37453362345695496
0.37453365325927734
0.37453365325927734
0.37453365325927734
0.37453362345695496
0.37453362345695496
0.37453365325927734
0.37453362345695496
0.37453362345695496
0.37453362345695496
0.37453362345695496
0.37453362345695496
0.37453359365463257
0.37453365325927734
0.37453362345695496
0.37453362345695496
0.37453362345695496
0.37453362345695496
0.3745335638523102
0.37453362345695496
0.37453365325927734
0.37453359365463257
0.37453362345695496
0.37453359365463257
0.3745335638523102
0.37453359365463257
0.37453362345695496
0.37453359365463257
0.37453362345695496
0.37453362345695496
0.37453365325927734
0.37453362345695496
0.37453365325927734
0.37453362345695496
0.37453362345695496
0.3745335638523102
0.37453362345695496
0.37453359365463257
0.37453359365463257
0.37453359365463257
0.3745335638523102
0.3745335638523102
0.3745335340499878
0.3745335638523102
0.37453362345695496
0.37453359365463257
0.37453359365463257
0.37453362345695496
0.3745335340499878
0.3745335340499878
0.3745335340499878
0.37453359365463257
0.37453359365463257
0.3745335340499878
0.37453362345695496
0.37453359365463257
0.37453362345695496
0.37453362345695496
0.3745335638523102
0.37453362345695496
0.37453362345695496
0.3745335638523102
0.37453365325927734
0.3745335638523102
0.3745335638523102
0.37453359365463257
0.37453365325927734
0.37453362345695496
0.37453359365463257
0.37453362345695496
0.3745335638523102
0.37453362345695496
0.37453362345695496
0.37453362345695496
0.3745335638523102
0.37453362345695496
0.37453362345695496
0.3745335638523102
0.3745335042476654
0.3745335638523102
0.3745335340499878
0.37453359365463257
0.3745335638523102
0.3745335638523102
0.3745335638523102
0.3745335340499878
0.37453359365463257
0.3745335638523102
0.37453359365463257
0.37453362345695496
0.3745335638523102
0.3745335638523102
0.3745335340499878
0.37453359365463257
0.3745335638523102
0.37453359365463257
0.3745335340499878
0.3745335340499878
0.37453359365463257
0.3745335638523102
0.37453359365463257
0.3745335638523102
0.3745335340499878
0.37453359365463257
0.37453359365463257
0.3745335638523102
0.37453362345695496
0.3745335340499878
0.3745335638523102
0.3745335340499878
0.3745335638523102
0.3745335340499878
0.3745335340499878
0.3745335638523102
0.3745335340499878
0.3745335042476654
0.3745335638523102
0.3745335638523102
0.3745335340499878
0.3745335638523102
0.37453362345695496
0.37453359365463257
0.3745335340499878
0.37453362345695496
0.3745335638523102
0.37453359365463257
0.3745335340499878
0.3745335340499878
0.3745335638523102
0.37453359365463257
0.3745335340499878
0.3745335042476654
0.3745335340499878
0.3745335340499878
0.3745335638523102
0.3745335340499878
0.3745335340499878
0.3745335638523102
0.3745335340499878
0.3745335042476654
0.3745335042476654
0.3745335042476654
0.3745335638523102
0.3745335638523102
0.3745335638523102
0.3745335042476654
0.3745335340499878
0.3745335042476654
0.3745335638523102
0.3745335638523102
0.3745335638523102
0.3745335340499878
0.3745335340499878
0.3745335340499878
0.3745335042476654
0.3745335042476654
0.3745335638523102
0.37453344464302063
0.3745335340499878
0.3745335042476654
0.3745335340499878
0.3745335340499878
0.3745335638523102
0.3745335042476654
0.37453359365463257
0.3745335340499878
0.3745335340499878
0.3745335042476654
0.37453344464302063
0.3745335340499878
0.37453359365463257
0.37453344464302063
0.3745335340499878
0.3745335042476654
0.3745335340499878
0.37453344464302063
0.3745335042476654
0.3745335340499878
0.37453341484069824
0.3745335638523102
0.3745335042476654
0.3745335340499878
0.37453344464302063
0.3745335042476654
0.3745335340499878
0.3745335340499878
0.3745335340499878
0.3745335042476654
0.3745335340499878
0.3745335042476654
0.3745335042476654
0.37453344464302063
0.3745335638523102
0.3745335340499878
0.37453344464302063
0.3745335042476654
0.3745335340499878
0.37453344464302063
0.3745335340499878
0.3745335042476654
0.3745335340499878
0.3745335340499878
0.3745335042476654
0.3745335042476654
0.3745335340499878
0.37453344464302063
0.3745335042476654
0.37453344464302063
0.3745335042476654
0.37453344464302063
0.3745335042476654
0.3745335340499878
0.3745335042476654
0.3745335042476654
0.37453344464302063
0.37453344464302063
0.3745335042476654
0.3745335042476654
0.37453344464302063
0.3745335042476654
0.3745335340499878
0.37453344464302063
0.3745335042476654
0.3745335042476654
0.37453341484069824
0.37453341484069824
0.37453344464302063
0.37453344464302063
0.3745335042476654
0.37453344464302063
0.3745335042476654
0.37453344464302063
0.37453344464302063
0.3745335042476654
0.37453341484069824
0.37453341484069824
0.37453344464302063
0.37453344464302063
0.3745335042476654
0.3745335042476654
0.3745335042476654
0.3745335042476654
0.37453341484069824
0.3745335340499878
0.3745335340499878
0.37453344464302063
0.3745335042476654
0.3745335042476654
0.37453341484069824
0.37453344464302063
0.3745335042476654
0.37453344464302063
0.37453344464302063
0.37453344464302063
0.3745335042476654
0.3745335042476654
0.37453341484069824
0.3745335042476654
0.3745335042476654
0.37453344464302063
0.37453344464302063
0.37453344464302063
0.37453344464302063
0.37453341484069824
0.37453341484069824
0.37453344464302063
0.3745335042476654
0.3745335042476654
0.3745335042476654
0.37453341484069824
0.37453344464302063
0.3745335042476654
0.37453341484069824
0.3745335042476654
0.37453341484069824
0.37453344464302063
0.37453341484069824
0.3745335340499878
0.37453341484069824
0.37453341484069824
0.37453344464302063
0.3745335042476654
0.37453344464302063
0.37453341484069824
0.37453341484069824
0.37453341484069824
0.37453341484069824
0.37453344464302063
0.37453344464302063
0.37453341484069824
0.37453344464302063
0.37453344464302063
0.37453341484069824
0.37453344464302063
0.3745335042476654
0.37453344464302063
0.37453341484069824
0.3745335340499878
0.37453335523605347
0.3745335042476654
0.37453341484069824
0.37453344464302063
0.37453344464302063
0.37453344464302063
0.37453341484069824
0.37453341484069824
0.37453341484069824
0.37453338503837585
0.37453344464302063
0.37453341484069824
0.37453341484069824
0.37453341484069824
0.37453338503837585
0.3745333254337311
0.37453341484069824
0.37453341484069824
0.37453338503837585
0.37453338503837585
0.37453338503837585
0.37453338503837585
0.37453338503837585
0.3745335042476654
0.37453341484069824
0.37453341484069824
0.37453341484069824
0.37453338503837585
0.37453344464302063
0.37453335523605347
0.37453344464302063
0.37453338503837585
0.37453341484069824
0.37453344464302063
0.37453344464302063
0.37453338503837585
0.37453338503837585
0.37453341484069824
0.37453344464302063
0.37453341484069824
0.37453341484069824
0.37453344464302063
0.37453344464302063
0.37453341484069824
0.37453338503837585
0.37453335523605347
0.37453335523605347
0.37453338503837585
0.37453341484069824
0.37453338503837585
0.37453338503837585
0.3745333254337311
0.37453341484069824
0.37453335523605347
0.3745333254337311
0.37453344464302063
0.37453341484069824
0.37453335523605347
0.37453338503837585
0.37453341484069824
0.37453335523605347
0.37453338503837585
0.37453335523605347
0.37453344464302063
0.37453338503837585
0.37453338503837585
0.37453338503837585
0.37453338503837585
0.37453341484069824
0.37453341484069824
0.37453338503837585
0.37453338503837585
0.37453335523605347
0.37453341484069824
0.37453335523605347
0.3745333254337311
0.37453335523605347
0.37453341484069824
0.37453341484069824
0.37453341484069824
0.37453344464302063
0.37453338503837585
0.37453335523605347
0.3745333254337311
0.37453335523605347
0.37453335523605347
0.37453335523605347
0.3745332956314087
0.37453335523605347
0.37453341484069824
0.3745332360267639
0.37453335523605347
0.37453338503837585
0.3745332956314087
0.37453335523605347
0.37453338503837585
0.37453335523605347
0.37453335523605347
0.37453335523605347
0.37453335523605347
0.3745333254337311
0.37453335523605347
0.3745333254337311
0.37453335523605347
0.37453338503837585
0.37453338503837585
0.37453335523605347
0.37453338503837585
0.37453338503837585
0.37453335523605347
0.3745333254337311
0.37453338503837585
0.37453338503837585
0.3745333254337311
0.3745333254337311
0.37453335523605347
0.3745333254337311
0.3745332956314087
0.3745333254337311
0.37453335523605347
0.37453335523605347
0.37453335523605347
0.3745333254337311
0.3745333254337311
0.37453338503837585
0.37453335523605347
0.37453335523605347
0.37453335523605347
0.37453335523605347
0.37453335523605347
0.37453335523605347
0.3745333254337311
0.37453335523605347
0.3745332956314087
0.37453338503837585
0.37453335523605347
0.37453335523605347
0.37453335523605347
0.37453335523605347
0.3745332956314087
0.3745332956314087
0.3745333254337311
0.37453335523605347
0.37453338503837585
0.3745333254337311
0.37453335523605347
0.37453338503837585
0.3745333254337311
0.3745332956314087
0.3745332956314087
0.37453335523605347
0.3745333254337311
0.3745333254337311
0.3745333254337311
0.3745333254337311
0.3745333254337311
0.3745333254337311
0.3745333254337311
0.3745332956314087
0.37453335523605347
0.3745333254337311
0.3745333254337311
0.3745333254337311
0.3745332360267639
0.3745332956314087
0.3745333254337311
0.3745333254337311
0.37453341484069824
0.3745332360267639
0.3745333254337311
0.3745332360267639
0.3745333254337311
0.3745333254337311
0.3745333254337311
0.3745333254337311
0.3745333254337311
0.3745332956314087
0.3745332360267639
0.3745332956314087
0.3745332956314087
0.3745332956314087
0.3745332956314087
0.37453335523605347
0.3745333254337311
0.37453335523605347
0.3745332956314087
0.3745333254337311
0.3745332956314087
0.3745333254337311
0.3745332956314087
0.3745333254337311
0.3745332956314087
0.3745333254337311
0.3745333254337311
0.3745332956314087
0.3745332360267639
0.3745332956314087
0.37453335523605347
0.3745332956314087
0.3745333254337311
0.3745333254337311
0.3745332956314087
0.3745333254337311
0.3745332956314087
0.3745333254337311
0.3745333254337311
0.3745332956314087
0.3745332956314087
0.37453335523605347
0.3745332956314087
0.3745332956314087
0.3745332956314087
0.3745332956314087
0.37453320622444153
0.3745333254337311
0.3745332360267639
0.37453317642211914
0.3745332956314087
0.3745332360267639
0.3745332360267639
0.3745332360267639
0.3745332956314087
0.3745332956314087
0.37453338503837585
0.3745332360267639
0.37453335523605347
0.3745332360267639
0.3745332360267639
0.3745333254337311
0.3745332956314087
0.37453320622444153
0.3745332360267639
0.3745332956314087
0.3745332956314087
0.3745332360267639
0.3745332956314087
0.3745332360267639
0.3745332956314087
0.3745332956314087
0.3745333254337311
0.3745332360267639
0.3745332360267639
0.37453320622444153
0.37453317642211914
0.3745332360267639
0.37453320622444153
0.3745332360267639
0.3745332360267639
0.3745332956314087
0.3745332360267639
0.3745332360267639
0.3745332360267639
0.3745332360267639
0.3745332956314087
0.3745332360267639
0.3745332956314087
0.3745332956314087
0.3745333254337311
0.3745332360267639
0.3745333254337311
0.3745332360267639
0.3745332360267639
0.3745332956314087
0.37453320622444153
0.3745332360267639
0.37453320622444153
0.37453320622444153
0.37453320622444153
0.3745332956314087
0.37453320622444153
0.37453320622444153
0.37453320622444153
0.3745332956314087
0.3745332360267639
0.37453320622444153
0.3745332360267639
0.3745332360267639
0.37453320622444153
0.37453320622444153
0.37453317642211914
0.37453320622444153
0.3745332360267639
0.37453317642211914
0.3745332360267639
0.3745332360267639
0.3745332360267639
0.3745332360267639
0.3745332360267639
0.3745332360267639
0.3745332360267639
0.3745332956314087
0.3745332360267639
0.37453317642211914
0.37453320622444153
0.3745332360267639
0.3745333254337311
0.37453320622444153
0.3745332360267639
0.37453320622444153
0.37453320622444153
0.37453320622444153
0.3745332956314087
0.3745332360267639
0.3745332956314087
0.37453320622444153
0.3745332360267639
0.37453317642211914
0.37453320622444153
0.3745332360267639
0.3745332360267639
0.37453320622444153
0.3745332956314087
0.37453317642211914
0.3745332956314087
0.37453320622444153
0.3745332360267639
0.3745332360267639
0.37453320622444153
0.3745332360267639
0.37453317642211914
0.3745332360267639
0.37453320622444153
0.3745332360267639
0.3745332360267639
0.37453320622444153
0.37453317642211914
0.37453317642211914
0.37453320622444153
0.37453314661979675
0.37453317642211914
0.37453320622444153
0.37453317642211914
0.3745332360267639
0.37453317642211914
0.37453320622444153
0.37453320622444153
0.3745332360267639
0.3745332360267639
0.37453314661979675
0.37453317642211914
0.37453320622444153
0.37453335523605347
0.37453320622444153
0.37453317642211914
0.37453311681747437
0.37453320622444153
0.37453320622444153
0.3745332360267639
0.37453317642211914
0.37453314661979675
0.37453317642211914
0.37453314661979675
0.37453320622444153
0.37453320622444153
0.37453317642211914
0.37453314661979675
0.37453314661979675
0.37453320622444153
0.37453317642211914
0.37453320622444153
0.37453317642211914
0.37453317642211914
0.37453317642211914
0.37453317642211914
0.37453317642211914
0.37453317642211914
0.37453320622444153
0.37453320622444153
0.37453314661979675
0.37453314661979675
0.37453317642211914
0.37453317642211914
0.37453320622444153
0.3745332360267639
0.37453320622444153
0.3745332360267639
0.37453317642211914
0.37453314661979675
0.37453317642211914
0.37453314661979675
0.37453317642211914
0.37453320622444153
0.37453317642211914
0.37453317642211914
0.37453317642211914
0.37453320622444153
0.37453311681747437
0.37453317642211914
0.37453314661979675
0.37453317642211914
0.37453320622444153
0.37453314661979675
0.37453320622444153
0.37453317642211914
0.37453314661979675
0.37453317642211914
0.37453317642211914
0.37453314661979675
0.37453317642211914
0.37453314661979675
0.37453317642211914
0.37453317642211914
0.37453320622444153
0.37453317642211914
0.37453314661979675
0.3745330572128296
0.37453314661979675
0.37453311681747437
0.37453314661979675
0.37453314661979675
0.37453317642211914
0.37453314661979675
0.37453317642211914
0.37453317642211914
0.37453314661979675
0.37453317642211914
0.37453317642211914
0.37453311681747437
0.37453314661979675
0.37453314661979675
0.37453314661979675
0.37453314661979675
0.374533087015152
0.37453314661979675
0.37453320622444153
0.37453311681747437
0.37453314661979675
0.37453311681747437
0.37453317642211914
0.37453314661979675
0.37453314661979675
0.37453314661979675
0.37453311681747437
0.37453311681747437
0.374533087015152
0.37453320622444153
0.37453311681747437
0.37453320622444153
0.37453317642211914
0.374533087015152
0.37453314661979675
0.37453317642211914
0.37453311681747437
0.37453314661979675
0.37453311681747437
0.37453314661979675
0.37453314661979675
0.37453314661979675
0.37453314661979675
0.374533087015152
0.37453311681747437
0.37453320622444153
0.37453311681747437
0.374533087015152
0.37453311681747437
0.37453311681747437
0.37453317642211914
0.37453314661979675
0.37453317642211914
0.37453311681747437
0.374533087015152
0.37453314661979675
0.37453317642211914
0.37453314661979675
0.37453311681747437
0.37453311681747437
0.37453314661979675
0.37453311681747437
0.37453311681747437
0.37453311681747437
0.37453311681747437
0.37453311681747437
0.374533087015152
0.3745330572128296
0.37453314661979675
0.37453311681747437
0.37453314661979675
0.37453311681747437
0.37453314661979675
0.37453314661979675
0.374533087015152
0.374533087015152
0.37453314661979675
0.37453311681747437
0.374533087015152
0.37453314661979675
0.37453311681747437
0.374533087015152
0.37453311681747437
0.374533087015152
0.37453311681747437
0.374533087015152
0.3745330572128296
0.37453314661979675
0.37453317642211914
0.374533087015152
0.37453311681747437
0.374533087015152
0.37453311681747437
0.3745329976081848
0.374533087015152
0.37453311681747437
0.374533087015152
0.37453311681747437
0.374533087015152
0.374533087015152
0.374533087015152
0.37453311681747437
0.374533087015152
0.37453311681747437
0.37453314661979675
0.374533087015152
0.374533087015152
0.37453311681747437
0.374533087015152
0.3745330572128296
0.374533087015152
0.37453311681747437
0.37453311681747437
0.3745330572128296
0.374533087015152
0.374533087015152
0.374533087015152
0.3745330572128296
0.374533087015152
0.3745330572128296
0.37453311681747437
0.374533087015152
0.374533087015152
0.374533087015152
0.374533087015152
0.374533087015152
0.3745329976081848
0.37453311681747437
0.3745330572128296
0.3745330572128296
0.37453314661979675
0.3745330572128296
0.37453311681747437
0.374533087015152
0.374533087015152
0.3745330572128296
0.3745330572128296
0.3745330572128296
0.3745330572128296
0.374533087015152
0.374533087015152
0.374533087015152
0.374533087015152
0.3745329976081848
0.3745330572128296
0.3745329976081848
0.374533087015152
0.374533087015152
0.37453311681747437
0.37453311681747437
0.3745330572128296
0.374533087015152
0.37453311681747437
0.374533087015152
0.37453311681747437
0.3745329976081848
0.3745329976081848
0.3745329976081848
0.3745330572128296
0.374533087015152
0.3745330572128296
0.3745330572128296
0.3745330572128296
0.374533087015152
0.374533087015152
0.3745330572128296
0.37453293800354004
0.3745330572128296
0.374533087015152
0.374533087015152
0.37453311681747437
0.3745329976081848
0.3745329976081848
0.3745329976081848
0.3745329976081848
0.3745330572128296
0.3745329976081848
0.374533087015152
0.3745330572128296
0.3745330572128296
0.37453311681747437
0.3745329976081848
0.3745329678058624
0.3745329976081848
0.3745329678058624
0.3745330572128296
0.3745330572128296
0.3745330572128296
0.3745329678058624
0.3745329678058624
0.374533087015152
0.37453293800354004
0.374533087015152
0.3745329678058624
0.3745329976081848
0.3745329976081848
0.3745330572128296
0.374533087015152
0.3745329976081848
0.3745329976081848
0.3745329976081848
0.3745330572128296
0.3745329678058624
0.3745329976081848
0.37453311681747437
0.3745330572128296
0.3745329678058624
0.3745329976081848
0.3745329976081848
0.3745330572128296
0.3745329976081848
0.3745329976081848
0.3745329678058624
0.3745329976081848
0.3745329976081848
0.3745330572128296
0.3745329976081848
0.374533087015152
0.3745330572128296
0.3745330572128296
0.3745329976081848
0.3745329678058624
0.3745329976081848
0.3745330572128296
0.3745330572128296
0.374533087015152
0.3745329976081848
0.3745329678058624
0.3745330572128296
0.3745329678058624
0.3745329976081848
0.3745329976081848
0.3745329678058624
0.374533087015152
0.3745329678058624
0.3745330572128296
0.3745329976081848
0.37453293800354004
0.3745330572128296
0.374533087015152
0.3745329976081848
0.3745329678058624
0.37453293800354004
0.3745329678058624
0.3745329976081848
0.37453293800354004
0.3745329678058624
0.3745329976081848
0.3745329976081848
0.3745329976081848
0.3745329678058624
0.3745329976081848
0.3745329976081848
0.3745329976081848
0.3745330572128296
0.3745329678058624
0.3745330572128296
0.374533087015152
0.37453293800354004
0.3745329976081848
0.3745329678058624
0.3745329678058624
0.3745329678058624
0.3745329976081848
0.3745329976081848
0.3745329678058624
0.3745329678058624
0.37453293800354004
0.37453293800354004
0.3745329976081848
0.3745329678058624
0.3745329976081848
0.3745329678058624
0.3745329976081848
0.3745329678058624
0.3745329678058624
0.3745329678058624
0.3745329678058624
0.3745329678058624
0.37453293800354004
0.3745329976081848
0.3745329678058624
0.3745329678058624
0.37453293800354004
0.37453293800354004
0.37453293800354004
0.3745329976081848
0.3745329678058624
0.37453293800354004
0.3745329678058624
0.3745329678058624
0.3745329678058624
0.37453293800354004
0.37453293800354004
0.3745329678058624
0.37453293800354004
0.3745329678058624
0.37453293800354004
0.37453293800354004
0.37453293800354004
0.3745329678058624
0.37453293800354004
0.37453293800354004
0.37453293800354004
0.37453290820121765
0.37453293800354004
0.3745329678058624
0.37453293800354004
0.37453290820121765
0.37453290820121765
0.3745329976081848
0.37453290820121765
0.37453290820121765
0.3745329678058624
0.3745329678058624
0.37453293800354004
0.37453290820121765
0.3745329678058624
0.37453293800354004
0.37453290820121765
0.37453287839889526
0.3745329678058624
0.3745329678058624
0.3745330572128296
0.3745329678058624
0.3745329976081848
0.3745329976081848
0.3745329678058624
0.37453293800354004
0.37453293800354004
0.37453293800354004
0.37453293800354004
0.37453293800354004
0.37453290820121765
0.37453293800354004
0.37453293800354004
0.37453293800354004
0.3745329678058624
0.3745329976081848
0.37453293800354004
0.3745329678058624
0.3745329678058624
0.37453287839889526
0.37453293800354004
0.37453293800354004
0.37453290820121765
0.37453290820121765
0.37453290820121765
0.37453293800354004
0.37453287839889526
0.37453290820121765
0.37453293800354004
0.37453293800354004
0.37453290820121765
0.37453293800354004
0.3745328485965729
0.37453293800354004
0.37453293800354004
0.37453290820121765
0.37453290820121765
0.37453293800354004
0.37453290820121765
0.37453293800354004
0.37453293800354004
0.3745329976081848
0.37453290820121765
0.37453287839889526
0.37453293800354004
0.37453293800354004
0.37453287839889526
0.37453293800354004
0.37453290820121765
0.37453287839889526
0.37453293800354004
0.37453290820121765
0.37453293800354004
0.37453287839889526
0.37453290820121765
0.37453290820121765
0.37453290820121765
0.37453290820121765
0.3745329678058624
0.37453293800354004
0.37453287839889526
0.3745328485965729
0.37453290820121765
0.3745328187942505
0.37453290820121765
0.37453290820121765
0.37453293800354004
0.37453287839889526
0.3745329976081848
0.3745328485965729
0.37453290820121765
0.37453290820121765
0.37453290820121765
0.37453290820121765
0.37453293800354004
0.3745329678058624
0.37453290820121765
0.37453293800354004
0.37453290820121765
0.37453287839889526
0.3745328485965729
0.3745328485965729
0.37453290820121765
0.3745329678058624
0.37453293800354004
0.3745328485965729
0.37453290820121765
0.37453287839889526
0.37453290820121765
0.37453290820121765
0.37453293800354004
0.37453290820121765
0.37453293800354004
0.37453287839889526
0.37453287839889526
0.37453293800354004
0.37453290820121765
0.37453287839889526
0.37453287839889526
0.37453287839889526
0.37453287839889526
0.3745328485965729
0.37453287839889526
0.3745328485965729
0.37453293800354004
0.3745328485965729
0.3745328485965729
0.3745328485965729
0.37453290820121765
0.37453290820121765
0.37453287839889526
0.37453290820121765
0.3745328485965729
0.37453287839889526
0.37453287839889526
0.3745328485965729
0.37453290820121765
0.37453287839889526
0.37453287839889526
0.37453287839889526
0.37453290820121765
0.37453290820121765
0.37453287839889526
0.3745328485965729
0.37453287839889526
0.3745328187942505
0.37453290820121765
0.37453290820121765
0.3745328485965729
0.37453287839889526
0.37453287839889526
0.37453287839889526
0.3745328485965729
0.37453287839889526
0.37453287839889526
0.3745328187942505
0.37453287839889526
0.3745328485965729
0.3745328485965729
0.37453290820121765
0.37453287839889526
0.3745328485965729
0.37453287839889526
0.37453290820121765
0.37453287839889526
0.3745328485965729
0.37453290820121765
0.3745328485965729
0.37453287839889526
0.37453293800354004
0.3745328485965729
0.37453287839889526
0.37453287839889526
0.3745328485965729
0.3745328485965729
0.37453290820121765
0.37453287839889526
0.3745328485965729
0.3745328485965729
0.3745328485965729
0.3745328187942505
0.37453290820121765
0.37453287839889526
0.37453287839889526
0.3745328187942505
0.37453287839889526
0.3745327591896057
0.3745328485965729
0.37453287839889526
0.3745328187942505
0.37453287839889526
0.3745328485965729
0.37453287839889526
0.3745328485965729
0.3745328485965729
0.37453287839889526
0.3745328485965729
0.3745328485965729
0.3745328485965729
0.37453287839889526
0.3745328485965729
0.3745328485965729
0.3745328187942505
0.3745328187942505
0.37453287839889526
0.3745328187942505
0.37453287839889526
0.3745328187942505
0.37453287839889526
0.3745328187942505
0.3745328187942505
0.3745328187942505
0.3745328485965729
0.3745328485965729
0.37453287839889526
0.3745328485965729
0.3745327591896057
0.3745328187942505
0.3745328485965729
0.3745328187942505
0.3745328485965729
0.3745328187942505
0.3745328187942505
0.3745328485965729
0.3745328187942505
0.3745328485965729
0.3745327591896057
0.3745328187942505
0.3745327591896057
0.3745328187942505
0.3745328187942505
0.37453290820121765
0.37453287839889526
0.3745328187942505
0.3745328187942505
0.3745328485965729
0.3745328187942505
0.3745327293872833
0.37453287839889526
0.3745328187942505
0.3745327591896057
0.3745327591896057
0.3745327591896057
0.3745328187942505
0.3745328485965729
0.3745328187942505
0.3745327591896057
0.3745328485965729
0.3745328485965729
0.37453287839889526
0.3745327293872833
0.37453287839889526
0.3745328187942505
0.37453287839889526
0.3745327591896057
0.3745328485965729
0.3745328187942505
0.3745327591896057
0.3745327591896057
0.3745328187942505
0.3745328187942505
0.3745328187942505
0.3745327591896057
0.3745328187942505
0.3745327293872833
0.3745327591896057
0.3745328485965729
0.3745327591896057
0.3745327591896057
0.3745327591896057
0.3745327293872833
0.3745327293872833
0.3745328485965729
0.3745327591896057
0.3745327591896057
0.3745327591896057
0.3745327591896057
0.37453269958496094
0.3745328187942505
0.3745328187942505
0.3745327293872833
0.3745328485965729
0.37453269958496094
0.37453269958496094
0.3745328187942505
0.3745327591896057
0.3745327293872833
0.3745327591896057
0.3745327591896057
0.3745328485965729
0.3745328187942505
0.3745327293872833
0.3745328485965729
0.3745327293872833
0.3745327591896057
0.3745327591896057
0.37453269958496094
0.3745328187942505
0.3745327293872833
0.3745327591896057
0.3745328485965729
0.3745328187942505
0.3745327293872833
0.3745328187942505
0.3745327591896057
0.3745327591896057
0.3745327293872833
0.3745327591896057
0.3745327293872833
0.3745327293872833
0.3745327591896057
0.3745327293872833
0.3745327591896057
0.3745327591896057
0.3745327591896057
0.37453269958496094
0.3745327293872833
0.3745327591896057
0.3745327591896057
0.3745327293872833
0.3745327293872833
0.37453269958496094
0.37453269958496094
0.3745327591896057
0.3745327293872833
0.37453269958496094
0.3745327293872833
0.3745327293872833
0.3745327293872833
0.3745327591896057
0.3745327293872833
0.3745327293872833
0.3745327591896057
0.3745327293872833
0.3745327591896057
0.37453269958496094
0.3745327293872833
0.3745327293872833
0.3745327293872833
0.3745327293872833
0.3745327293872833
0.3745327591896057
0.3745327293872833
0.3745327591896057
0.3745327293872833
0.3745327591896057
0.37453269958496094
0.3745327591896057
0.3745327591896057
0.37453269958496094
0.3745327591896057
0.3745327293872833
0.37453266978263855
0.3745327293872833
0.37453269958496094
0.3745328187942505
0.37453269958496094
0.37453269958496094
0.3745327293872833
0.37453269958496094
0.37453269958496094
0.37453269958496094
0.3745327293872833
0.3745327293872833
0.37453269958496094
0.37453269958496094
0.3745327591896057
0.3745327293872833
0.37453269958496094
0.3745327293872833
0.3745327293872833
0.3745327293872833
0.3745328187942505
0.3745327293872833
0.37453266978263855
0.37453266978263855
0.37453269958496094
0.3745327293872833
0.37453269958496094
0.3745327293872833
0.3745328187942505
0.37453266978263855
0.3745327591896057
0.37453269958496094
0.37453266978263855
0.37453269958496094
0.3745327293872833
0.37453269958496094
0.37453266978263855
0.37453266978263855
0.37453266978263855
0.37453266978263855
0.37453269958496094
0.37453269958496094
0.3745327293872833
0.3745327293872833
0.37453266978263855
0.37453269958496094
0.37453263998031616
0.3745327293872833
0.37453266978263855
0.37453269958496094
0.3745327293872833
0.37453266978263855
0.3745327293872833
0.3745327591896057
0.37453269958496094
0.3745327293872833
0.3745327293872833
0.37453266978263855
0.37453266978263855
0.37453266978263855
0.3745328187942505
0.37453266978263855
0.37453269958496094
0.37453266978263855
0.37453269958496094
0.37453266978263855
0.37453263998031616
0.37453266978263855
0.37453269958496094
0.3745327293872833
0.37453263998031616
0.37453263998031616
0.3745327293872833
0.37453266978263855
0.37453266978263855
0.37453269958496094
0.37453266978263855
0.37453266978263855
0.37453269958496094
0.37453263998031616
0.37453269958496094
0.37453266978263855
0.37453266978263855
0.37453269958496094
0.37453263998031616
0.37453263998031616
0.37453263998031616
0.37453266978263855
0.37453269958496094
0.3745328187942505
0.37453266978263855
0.37453266978263855
0.37453266978263855
0.37453269958496094
0.37453266978263855
0.37453266978263855
0.37453263998031616
0.37453269958496094
0.37453266978263855
0.37453266978263855
0.37453266978263855
0.37453269958496094
0.37453263998031616
0.37453263998031616
0.37453263998031616
0.37453266978263855
0.3745326101779938
0.37453269958496094
0.37453269958496094
0.37453269958496094
0.37453263998031616
0.37453266978263855
0.37453266978263855
0.37453263998031616
0.37453269958496094
0.37453263998031616
0.3745327293872833
0.37453266978263855
0.37453266978263855
0.37453263998031616
0.3745326101779938
0.37453266978263855
0.37453263998031616
0.37453263998031616
0.3745325803756714
0.3745326101779938
0.37453263998031616
0.37453266978263855
0.37453266978263855
0.37453266978263855
0.37453266978263855
0.37453263998031616
0.3745327293872833
0.37453263998031616
0.37453266978263855
0.3745326101779938
0.37453263998031616
0.37453266978263855
0.37453269958496094
0.37453266978263855
0.3745326101779938
0.37453263998031616
0.37453269958496094
0.37453266978263855
0.3745326101779938
0.37453266978263855
0.3745326101779938
0.37453263998031616
0.3745326101779938
0.3745326101779938
0.37453266978263855
0.3745326101779938
0.37453263998031616
0.3745326101779938
0.3745326101779938
0.37453263998031616
0.37453263998031616
0.37453263998031616
0.37453263998031616
0.37453263998031616
0.37453263998031616
0.37453266978263855
0.37453263998031616
0.37453269958496094
0.3745325803756714
0.3745326101779938
0.37453266978263855
0.37453263998031616
0.3745326101779938
0.37453263998031616
0.3745325803756714
0.37453266978263855
0.3745326101779938
0.3745326101779938
0.37453263998031616
0.3745325803756714
0.37453266978263855
0.3745326101779938
0.3745326101779938
0.3745326101779938
0.3745325803756714
0.37453263998031616
0.37453263998031616
0.37453263998031616
0.3745325207710266
0.3745326101779938
0.37453266978263855
0.3745325803756714
0.3745325207710266
0.3745326101779938
0.3745326101779938
0.37453263998031616
0.3745326101779938
0.3745325803756714
0.3745326101779938
0.37453263998031616
0.37453263998031616
0.3745326101779938
0.3745326101779938
0.37453263998031616
0.37453263998031616
0.37453263998031616
0.37453263998031616
0.3745326101779938
0.3745326101779938
0.3745326101779938
0.37453263998031616
0.3745326101779938
0.3745325803756714
0.3745325803756714
0.3745325803756714
0.3745325803756714
0.3745325803756714
0.37453263998031616
0.3745326101779938
0.3745326101779938
0.37453263998031616
0.37453263998031616
0.3745325803756714
0.37453263998031616
0.3745326101779938
0.3745325207710266
0.3745326101779938
0.3745325207710266
0.3745325207710266
0.3745326101779938
0.37453263998031616
0.3745325803756714
0.3745325803756714
0.3745325803756714
0.37453263998031616
0.3745325803756714
0.3745325803756714
0.3745326101779938
0.3745325803756714
0.3745326101779938
0.3745325207710266
0.3745325207710266
0.3745326101779938
0.37453263998031616
0.3745325207710266
0.3745325803756714
0.3745326101779938
0.3745325803756714
0.3745325803756714
0.37453263998031616
0.3745325803756714
0.3745325207710266
0.3745325207710266
0.3745325207710266
0.3745325207710266
0.3745325803756714
0.3745324909687042
0.3745326101779938
0.3745326101779938
0.3745326101779938
0.3745325207710266
0.3745326101779938
0.3745325207710266
0.3745326101779938
0.3745326101779938
0.3745325207710266
0.3745325803756714
0.3745325207710266
0.3745324909687042
0.3745325207710266
0.3745325803756714
0.37453263998031616
0.3745325803756714
0.3745325207710266
0.3745325207710266
0.3745324909687042
0.3745325207710266
0.3745325207710266
0.3745325207710266
0.3745325207710266
0.3745324909687042
0.3745325803756714
0.3745325803756714
0.3745324909687042
0.3745325803756714
0.3745326101779938
0.3745324909687042
0.3745325803756714
0.3745326101779938
0.3745325207710266
0.3745325803756714
0.3745325207710266
0.3745325803756714
0.3745325803756714
0.3745326101779938
0.3745325803756714
0.3745326101779938
0.3745325207710266
0.3745325803756714
0.3745325207710266
0.3745324909687042
0.3745325803756714
0.3745325803756714
0.3745325207710266
0.3745325803756714
0.3745324909687042
0.3745325207710266
0.3745326101779938
0.3745325803756714
0.3745324909687042
0.3745325207710266
0.3745325207710266
0.3745325803756714
0.3745325803756714
0.3745325803756714
0.3745325207710266
0.3745325207710266
0.3745325207710266
0.3745325803756714
0.3745325207710266
0.37453246116638184
0.3745326101779938
0.3745325207710266
0.3745324909687042
0.3745325207710266
0.3745324909687042
0.3745324909687042
0.37453246116638184
0.3745325207710266
0.3745325803756714
0.3745325207710266
0.3745325207710266
0.37453246116638184
0.3745324909687042
0.3745325207710266
0.3745324909687042
0.37453246116638184
0.37453246116638184
0.3745325803756714
0.3745325207710266
0.3745325207710266
0.3745324909687042
0.3745325207710266
0.37453246116638184
0.3745324909687042
0.3745324909687042
0.3745325207710266
0.3745325803756714
0.37453246116638184
0.3745324909687042
0.3745325207710266
0.3745324909687042
0.3745325803756714
0.3745325803756714
0.3745325207710266
0.3745325207710266
0.3745324909687042
0.37453246116638184
0.3745324909687042
0.3745325207710266
0.3745325207710266
0.3745324909687042
0.3745325207710266
0.3745325803756714
0.3745325207710266
0.3745324909687042
0.3745325803756714
0.3745324909687042
0.3745324909687042
0.3745324909687042
0.3745324909687042
0.3745324909687042
0.37453246116638184
0.37453246116638184
0.3745324909687042
0.3745325207710266
0.3745324909687042
0.37453246116638184
0.37453246116638184
0.37453246116638184
0.3745325207710266
0.3745324909687042
0.3745324909687042
0.3745324909687042
0.37453246116638184
0.3745325207710266
0.37453246116638184
0.37453246116638184
0.37453243136405945
0.37453246116638184
0.37453243136405945
0.3745324909687042
0.3745325207710266
0.3745324909687042
0.3745325207710266
0.37453246116638184
0.3745324909687042
0.3745325207710266
0.3745324909687042
0.3745325207710266
0.3745324909687042
0.37453246116638184
0.37453246116638184
0.3745324909687042
0.37453246116638184
0.37453246116638184
0.3745324909687042
0.37453246116638184
0.37453246116638184
0.3745325207710266
0.3745324909687042
0.37453246116638184
0.37453246116638184
0.37453246116638184
0.37453246116638184
0.37453246116638184
0.37453246116638184
0.37453246116638184
0.37453243136405945
0.3745324909687042
0.37453246116638184
0.37453246116638184
0.37453243136405945
0.37453246116638184
0.3745324909687042
0.37453246116638184
0.37453240156173706
0.37453243136405945
0.37453246116638184
0.3745324909687042
0.37453246116638184
0.3745325207710266
0.37453246116638184
0.3745323717594147
0.37453246116638184
0.37453243136405945
0.3745324909687042
0.37453246116638184
0.37453246116638184
0.37453240156173706
0.37453240156173706
0.37453246116638184
0.37453240156173706
0.37453246116638184
0.37453240156173706
0.37453243136405945
0.37453246116638184
0.37453246116638184
0.37453243136405945
0.37453243136405945
0.37453243136405945
0.37453246116638184
0.37453243136405945
0.37453243136405945
0.37453240156173706
0.37453240156173706
0.37453243136405945
0.37453243136405945
0.37453243136405945
0.3745325207710266
0.37453246116638184
0.37453243136405945
0.37453246116638184
0.37453243136405945
0.37453243136405945
0.37453243136405945
0.3745323121547699
0.37453243136405945
0.37453243136405945
0.37453243136405945
0.37453243136405945
0.37453240156173706
0.3745324909687042
0.37453243136405945
0.37453240156173706
0.37453243136405945
0.37453243136405945
0.37453243136405945
0.37453246116638184
0.37453246116638184
0.37453246116638184
0.37453243136405945
0.37453246116638184
0.37453240156173706
0.37453243136405945
0.37453243136405945
0.37453240156173706
0.37453243136405945
0.37453243136405945
0.3745323717594147
0.37453240156173706
0.37453240156173706
0.37453246116638184
0.37453240156173706
0.3745323717594147
0.37453243136405945
0.37453246116638184
0.37453240156173706
0.37453240156173706
0.37453240156173706
0.37453243136405945
0.37453240156173706
0.37453243136405945
0.37453240156173706
0.37453243136405945
0.37453240156173706
0.37453240156173706
0.3745323717594147
0.37453240156173706
0.37453240156173706
0.37453243136405945
0.3745323717594147
0.37453243136405945
0.37453243136405945
0.37453240156173706
0.37453240156173706
0.3745323717594147
0.37453240156173706
0.37453243136405945
0.3745323717594147
0.37453240156173706
0.37453243136405945
0.3745323717594147
0.37453243136405945
0.37453240156173706
0.37453243136405945
0.37453240156173706
0.37453246116638184
0.37453240156173706
0.37453243136405945
0.37453240156173706
0.37453240156173706
0.37453240156173706
0.37453243136405945
0.37453240156173706
0.3745323717594147
0.3745323717594147
0.3745323717594147
0.37453240156173706
0.3745323121547699
0.37453240156173706
0.37453243136405945
0.37453243136405945
0.3745323717594147
0.37453240156173706
0.37453243136405945
0.3745323717594147
0.3745323717594147
0.3745323717594147
0.3745323717594147
0.3745323717594147
0.37453240156173706
0.3745323717594147
0.37453240156173706
0.3745323121547699
0.3745323121547699
0.3745323717594147
0.3745323121547699
0.3745323717594147
0.37453240156173706
0.3745323717594147
0.3745323717594147
0.37453240156173706
0.3745323717594147
0.3745322525501251
0.3745323717594147
0.3745322823524475
0.3745323121547699
0.37453240156173706
0.3745323717594147
0.37453240156173706
0.37453243136405945
0.3745323717594147
0.3745323717594147
0.3745323717594147
0.3745322823524475
0.3745322823524475
0.3745323121547699
0.3745323717594147
0.3745323121547699
0.3745323121547699
0.3745323717594147
0.3745323121547699
0.3745323717594147
0.3745323121547699
0.3745323717594147
0.3745323717594147
0.3745323121547699
0.3745323717594147
0.3745323717594147
0.37453240156173706
0.3745323717594147
0.3745323717594147
0.3745323121547699
0.3745323121547699
0.3745323121547699
0.37453240156173706
0.3745323717594147
0.3745323121547699
0.37453240156173706
0.3745323717594147
0.3745323121547699
0.3745323717594147
0.3745323121547699
0.3745322823524475
0.3745323121547699
0.3745323717594147
0.3745323121547699
0.3745322823524475
0.3745323717594147
0.3745323717594147
0.3745323121547699
0.3745323121547699
0.3745322823524475
0.3745323717594147
0.3745323121547699
0.3745323121547699
0.3745323121547699
0.37453240156173706
0.3745323121547699
0.3745323717594147
0.3745323717594147
0.3745323121547699
0.3745322525501251
0.3745323121547699
0.3745322823524475
0.3745322823524475
0.3745323121547699
0.3745323121547699
0.3745322823524475
0.3745323717594147
0.3745323717594147
0.3745323121547699
0.3745322525501251
0.3745323121547699
0.3745323121547699
0.3745322525501251
0.3745323717594147
0.37453240156173706
0.3745323121547699
0.37453240156173706
0.3745323717594147
0.3745323121547699
0.3745322823524475
0.3745323121547699
0.3745322823524475
0.3745323121547699
0.3745322823524475
0.3745323717594147
0.3745323121547699
0.3745322823524475
0.3745323121547699
0.3745322823524475
0.3745323717594147
0.3745323717594147
0.3745323121547699
0.3745322823524475
0.3745322823524475
0.3745323717594147
0.3745323121547699
0.3745322525501251
0.3745323717594147
0.3745322823524475
0.3745323121547699
0.3745323121547699
0.3745322823524475
0.3745323121547699
0.3745323121547699
0.3745323121547699
0.3745322823524475
0.3745322823524475
0.3745322823524475
0.3745323121547699
0.3745322823524475
0.3745322823524475
0.3745323121547699
0.3745323121547699
0.3745323121547699
0.3745322823524475
0.3745323121547699
0.3745322823524475
0.3745322823524475
0.3745322823524475
0.3745322823524475
0.3745322525501251
0.3745322823524475
0.3745322823524475
0.3745322823524475
0.3745322823524475
0.3745322525501251
0.3745323121547699
0.3745322823524475
0.3745322823524475
0.3745322525501251
0.3745322823524475
0.3745322525501251
0.3745322823524475
0.3745322823524475
0.3745322525501251
0.3745323121547699
0.37453222274780273
0.3745322823524475
0.3745322525501251
0.3745322525501251
0.3745322823524475
0.3745323121547699
0.3745322525501251
0.37453222274780273
0.3745322823524475
0.3745323121547699
0.3745323121547699
0.3745322525501251
0.3745323121547699
0.3745322525501251
0.3745322525501251
0.3745322823524475
0.3745322823524475
0.3745323121547699
0.3745322525501251
0.3745322525501251
0.3745322525501251
0.3745323717594147
0.37453222274780273
0.3745322525501251
0.37453222274780273
0.3745322525501251
0.37453222274780273
0.37453222274780273
0.3745322525501251
0.3745323121547699
0.3745322525501251
0.37453222274780273
0.3745322525501251
0.37453222274780273
0.3745322525501251
0.37453222274780273
0.3745322525501251
0.37453222274780273
0.37453222274780273
0.3745322525501251
0.3745322525501251
0.37453222274780273
0.3745322823524475
0.37453222274780273
0.3745322823524475
0.37453222274780273
0.3745322525501251
0.3745322525501251
0.3745322823524475
0.3745322823524475
0.37453219294548035
0.37453222274780273
0.37453222274780273
0.37453216314315796
0.3745322525501251
0.37453222274780273
0.37453222274780273
0.3745322525501251
0.37453222274780273
0.37453219294548035
0.37453219294548035
0.37453219294548035
0.37453222274780273
0.37453219294548035
0.3745322525501251
0.3745322525501251
0.3745322525501251
0.3745322525501251
0.37453219294548035
0.3745322525501251
0.3745322525501251
0.37453216314315796
0.37453222274780273
0.37453219294548035
0.3745322525501251
0.3745322823524475
0.3745322525501251
0.37453222274780273
0.37453222274780273
0.37453222274780273
0.37453219294548035
0.37453222274780273
0.3745322525501251
0.3745322823524475
0.3745322525501251
0.3745322525501251
0.3745322525501251
0.37453219294548035
0.3745322525501251
0.37453222274780273
0.3745322823524475
0.37453222274780273
0.3745322525501251
0.37453219294548035
0.37453222274780273
0.37453219294548035
0.37453219294548035
0.37453219294548035
0.37453222274780273
0.3745322525501251
0.37453216314315796
0.37453222274780273
0.37453219294548035
0.37453222274780273
0.37453219294548035
0.3745322525501251
0.37453222274780273
0.37453216314315796
0.37453222274780273
0.37453219294548035
0.37453222274780273
0.37453219294548035
0.3745322525501251
0.37453219294548035
0.37453216314315796
0.37453219294548035
0.37453222274780273
0.37453219294548035
0.3745322525501251
0.37453219294548035
0.37453219294548035
0.37453219294548035
0.37453219294548035
0.37453213334083557
0.3745322525501251
0.37453222274780273
0.3745322525501251
0.37453219294548035
0.37453219294548035
0.37453213334083557
0.37453216314315796
0.37453219294548035
0.37453222274780273
0.37453216314315796
0.3745322525501251
0.37453222274780273
0.37453219294548035
0.37453219294548035
0.37453222274780273
0.37453213334083557
0.37453222274780273
0.37453219294548035
0.37453222274780273
0.37453216314315796
0.3745322525501251
0.37453213334083557
0.37453222274780273
0.37453213334083557
0.37453216314315796
0.37453216314315796
0.37453213334083557
0.3745322525501251
0.37453222274780273
0.37453219294548035
0.37453216314315796
0.37453219294548035
0.37453219294548035
0.37453219294548035
0.37453219294548035
0.37453213334083557
0.37453216314315796
0.37453213334083557
0.37453222274780273
0.37453222274780273
0.37453216314315796
0.37453216314315796
0.37453219294548035
0.37453216314315796
0.37453216314315796
0.37453219294548035
0.37453216314315796
0.37453222274780273
0.37453216314315796
0.37453219294548035
0.37453213334083557
0.37453213334083557
0.37453219294548035
0.37453222274780273
0.37453216314315796
0.37453216314315796
0.37453216314315796
0.37453219294548035
0.37453219294548035
0.37453216314315796
0.37453219294548035
0.37453216314315796
0.37453213334083557
0.37453216314315796
0.37453219294548035
0.37453213334083557
0.37453216314315796
0.37453219294548035
0.37453216314315796
0.37453219294548035
0.37453216314315796
0.37453219294548035
0.37453216314315796
0.37453213334083557
0.37453219294548035
0.37453219294548035
0.37453219294548035
0.37453216314315796
0.37453216314315796
0.37453216314315796
0.37453216314315796
0.37453213334083557
0.37453219294548035
0.37453216314315796
0.37453219294548035
0.3745320737361908
0.37453216314315796
0.3745320439338684
0.37453213334083557
0.37453213334083557
0.37453213334083557
0.37453219294548035
0.37453213334083557
0.37453216314315796
0.37453219294548035
0.37453216314315796
0.3745320737361908
0.37453213334083557
0.37453219294548035
0.37453216314315796
0.37453213334083557
0.3745320737361908
0.37453213334083557
0.37453213334083557
0.37453219294548035
0.37453219294548035
0.37453219294548035
0.37453216314315796
0.37453213334083557
0.37453213334083557
0.3745320737361908
0.37453213334083557
0.37453213334083557
0.37453216314315796
0.3745320439338684
0.37453213334083557
0.3745320737361908
0.37453216314315796
0.3745320737361908
0.37453213334083557
0.37453213334083557
0.37453213334083557
0.37453213334083557
0.37453213334083557
0.37453216314315796
0.374532014131546
0.37453213334083557
0.37453216314315796
0.3745320737361908
0.37453216314315796
0.3745320439338684
0.37453213334083557
0.37453213334083557
0.37453213334083557
0.3745320737361908
0.3745320737361908
0.37453213334083557
0.37453216314315796
0.37453219294548035
0.3745320737361908
0.37453213334083557
0.37453213334083557
0.37453213334083557
0.37453213334083557
0.3745320737361908
0.3745320439338684
0.37453213334083557
0.374532014131546
0.37453216314315796
0.37453213334083557
0.37453213334083557
0.3745320737361908
0.3745320439338684
0.3745320439338684
0.3745320737361908
0.3745320439338684
0.37453213334083557
0.3745320737361908
0.3745320439338684
0.3745320737361908
0.3745320737361908
0.37453213334083557
0.37453216314315796
0.37453213334083557
0.3745320737361908
0.3745320439338684
0.3745320737361908
0.3745320439338684
0.37453213334083557
0.3745320737361908
0.37453213334083557
0.37453213334083557
0.3745320439338684
0.3745320737361908
0.37453213334083557
0.3745320737361908
0.37453213334083557
0.3745320439338684
0.3745320737361908
0.374532014131546
0.3745320737361908
0.3745320439338684
0.3745320737361908
0.3745320737361908
0.3745320439338684
0.37453213334083557
0.3745320737361908
0.374532014131546
0.3745320439338684
0.37453213334083557
0.3745320737361908
0.3745320439338684
0.374532014131546
0.37453213334083557
0.3745320737361908
0.3745320737361908
0.3745320439338684
0.3745320737361908
0.3745320439338684
0.3745320439338684
0.3745320439338684
0.3745320439338684
0.3745320737361908
0.374532014131546
0.3745320439338684
0.3745320439338684
0.3745320737361908
0.3745320737361908
0.37453213334083557
0.37453213334083557
0.374532014131546
0.3745320737361908
0.374532014131546
0.3745320737361908
0.37453213334083557
0.3745320439338684
0.3745320439338684
0.3745320439338684
0.374532014131546
0.374532014131546
0.3745320439338684
0.37453195452690125
0.37453198432922363
0.3745320439338684
0.3745320439338684
0.3745320439338684
0.3745320439338684
0.374532014131546
0.3745320439338684
0.374532014131546
0.3745320439338684
0.374532014131546
0.374532014131546
0.374532014131546
0.3745320439338684
0.3745320439338684
0.3745320737361908
0.37453198432922363
0.3745320737361908
0.3745320439338684
0.374532014131546
0.374532014131546
0.3745320439338684
0.374532014131546
0.37453195452690125
0.3745320439338684
0.3745320439338684
0.374532014131546
0.3745320439338684
0.3745320737361908
0.3745320439338684
0.3745320439338684
0.3745320439338684
0.37453198432922363
0.37453198432922363
0.37453198432922363
0.374532014131546
0.374532014131546
0.3745320439338684
0.374532014131546
0.3745320439338684
0.3745320737361908
0.3745320737361908
0.37453198432922363
0.374532014131546
0.3745320439338684
0.374532014131546
0.374532014131546
0.37453198432922363
0.374532014131546
0.37453198432922363
0.374532014131546
0.374532014131546
0.3745320439338684
0.37453198432922363
0.374532014131546
0.37453198432922363
0.37453198432922363
0.374532014131546
0.3745320439338684
0.3745320439338684
0.374532014131546
0.374532014131546
0.37453198432922363
0.3745320439338684
0.374532014131546
0.374532014131546
0.3745320439338684
0.374532014131546
0.3745320737361908
0.374532014131546
0.37453198432922363
0.374532014131546
0.37453198432922363
0.3745320439338684
0.374532014131546
0.37453198432922363
0.37453198432922363
0.37453198432922363
0.37453198432922363
0.37453198432922363
0.374532014131546
0.374532014131546
0.37453195452690125
0.3745320439338684
0.3745320439338684
0.374532014131546
0.374532014131546
0.37453198432922363
0.37453198432922363
0.37453195452690125
0.3745320439338684
0.374532014131546
0.37453198432922363
0.37453195452690125
0.37453198432922363
0.37453198432922363
0.37453195452690125
0.37453195452690125
0.374532014131546
0.374532014131546
0.37453198432922363
0.37453198432922363
0.37453192472457886
0.37453195452690125
0.37453198432922363
0.374532014131546
0.374532014131546
0.374532014131546
0.37453195452690125
0.3745320439338684
0.37453198432922363
0.37453198432922363
0.37453198432922363
0.3745320439338684
0.37453192472457886
0.374532014131546
0.37453195452690125
0.37453192472457886
0.37453198432922363
0.37453195452690125
0.374532014131546
0.374532014131546
0.37453195452690125
0.37453192472457886
0.37453195452690125
0.37453195452690125
0.374532014131546
0.37453195452690125
0.37453198432922363
0.37453192472457886
0.37453198432922363
0.374532014131546
0.37453198432922363
0.37453198432922363
0.37453192472457886
0.374532014131546
0.37453195452690125
0.37453195452690125
0.37453195452690125
0.37453198432922363
0.37453198432922363
0.37453195452690125
0.37453198432922363
0.374532014131546
0.37453195452690125
0.37453192472457886
0.37453192472457886
0.37453195452690125
0.37453195452690125
0.37453198432922363
0.37453198432922363
0.37453192472457886
0.37453198432922363
0.37453192472457886
0.37453192472457886
0.37453195452690125
0.37453195452690125
0.37453198432922363
0.37453195452690125
0.37453198432922363
0.37453192472457886
0.37453198432922363
0.37453192472457886
0.37453198432922363
0.37453198432922363
0.37453195452690125
0.37453192472457886
0.37453192472457886
0.37453192472457886
0.37453195452690125
0.37453192472457886
0.37453198432922363
0.37453198432922363
0.37453189492225647
0.37453198432922363
0.374532014131546
0.37453192472457886
0.37453198432922363
0.37453192472457886
0.37453198432922363
0.37453192472457886
0.37453189492225647
0.37453195452690125
0.37453189492225647
0.37453195452690125
0.37453192472457886
0.37453192472457886
0.37453195452690125
0.37453192472457886
0.37453189492225647
0.37453189492225647
0.37453195452690125
0.37453198432922363
0.37453192472457886
0.37453195452690125
0.37453192472457886
0.37453198432922363
0.37453192472457886
0.37453195452690125
0.37453192472457886
0.37453192472457886
0.37453189492225647
0.37453192472457886
0.37453192472457886
0.37453192472457886
0.37453195452690125
0.37453189492225647
0.37453189492225647
0.37453189492225647
0.37453189492225647
0.37453192472457886
0.37453192472457886
0.37453192472457886
0.37453192472457886
0.37453189492225647
0.37453195452690125
0.37453192472457886
0.37453195452690125
0.37453192472457886
0.37453192472457886
0.37453192472457886
0.37453192472457886
0.37453195452690125
0.37453192472457886
0.37453192472457886
0.3745318353176117
0.37453192472457886
0.3745318353176117
0.3745318353176117
0.37453198432922363
0.3745318353176117
0.37453192472457886
0.3745318353176117
0.37453195452690125
0.37453192472457886
0.37453192472457886
0.374532014131546
0.3745318353176117
0.37453189492225647
0.37453195452690125
0.37453192472457886
0.37453198432922363
0.3745318353176117
0.3745318353176117
0.3745318353176117
0.37453189492225647
0.37453189492225647
0.3745318353176117
0.37453189492225647
0.37453192472457886
0.37453189492225647
0.37453189492225647
0.37453189492225647
0.3745318353176117
0.37453198432922363
0.3745318055152893
0.37453192472457886
0.37453192472457886
0.37453192472457886
0.37453195452690125
0.37453189492225647
0.3745318353176117
0.37453189492225647
0.37453192472457886
0.3745318353176117
0.37453198432922363
0.3745318353176117
0.3745318353176117
0.3745318353176117
0.37453192472457886
0.37453189492225647
0.37453192472457886
0.37453189492225647
0.37453189492225647
0.37453189492225647
0.37453192472457886
0.37453189492225647
0.37453189492225647
0.37453189492225647
0.37453192472457886
0.37453192472457886
0.3745318353176117
0.37453189492225647
0.3745318353176117
0.37453192472457886
0.3745318353176117
0.37453189492225647
0.37453192472457886
0.37453189492225647
0.3745318353176117
0.3745318353176117
0.3745317757129669
0.3745318353176117
0.37453189492225647
0.37453189492225647
0.37453189492225647
0.3745318353176117
0.37453189492225647
0.3745318353176117
0.37453195452690125
0.3745317757129669
0.37453189492225647
0.37453192472457886
0.3745318353176117
0.3745318353176117
0.3745318353176117
0.3745318353176117
0.37453189492225647
0.3745317757129669
0.37453189492225647
0.37453189492225647
0.37453189492225647
0.3745318353176117
0.3745318353176117
0.3745318055152893
0.37453189492225647
0.37453189492225647
0.3745318055152893
0.3745318353176117
0.3745318353176117
0.3745317757129669
0.3745318353176117
0.3745318353176117
0.3745318353176117
0.3745318055152893
0.3745318353176117
0.3745318055152893
0.37453189492225647
0.3745317757129669
0.3745318353176117
0.3745318055152893
0.3745318055152893
0.3745317757129669
0.3745318353176117
0.3745317757129669
0.37453174591064453
0.3745318055152893
0.3745318055152893
0.3745318353176117
0.3745317757129669
0.3745318353176117
0.37453189492225647
0.3745317757129669
0.37453189492225647
0.3745318353176117
0.3745318353176117
0.37453171610832214
0.3745318055152893
0.3745317757129669
0.3745317757129669
0.3745318353176117
0.3745318353176117
0.3745318055152893
0.3745317757129669
0.3745318055152893
0.3745318353176117
0.3745317757129669
0.3745317757129669
0.3745318055152893
0.3745318055152893
0.3745318353176117
0.3745317757129669
0.3745317757129669
0.3745318055152893
0.3745318353176117
0.3745317757129669
0.37453189492225647
0.3745318353176117
0.3745317757129669
0.3745317757129669
0.3745318055152893
0.3745318055152893
0.3745317757129669
0.3745318353176117
0.3745317757129669
0.3745318055152893
0.3745318353176117
0.3745318055152893
0.3745318353176117
0.3745318055152893
0.3745317757129669
0.37453189492225647
0.3745317757129669
0.3745317757129669
0.3745317757129669
0.3745318055152893
0.3745318353176117
0.3745318055152893
0.37453174591064453
0.37453174591064453
0.3745318055152893
0.3745318055152893
0.3745317757129669
0.3745317757129669
0.37453174591064453
0.3745318055152893
0.3745318055152893
0.3745317757129669
0.3745317757129669
0.37453174591064453
0.3745317757129669
0.3745318353176117
0.37453174591064453
0.37453174591064453
0.3745317757129669
0.3745318055152893
0.3745318055152893
0.37453171610832214
0.3745317757129669
0.37453171610832214
0.3745317757129669
0.37453171610832214
0.37453174591064453
0.37453174591064453
0.3745317757129669
0.3745318055152893
0.37453171610832214
0.3745317757129669
0.3745317757129669
0.37453174591064453
0.37453174591064453
0.3745318055152893
0.37453189492225647
0.3745317757129669
0.3745318055152893
0.3745317757129669
0.37453174591064453
0.37453174591064453
0.3745318055152893
0.37453171610832214
0.3745317757129669
0.3745317757129669
0.37453174591064453
0.37453168630599976
0.3745318353176117
0.37453174591064453
0.3745318353176117
0.3745318055152893
0.3745318055152893
0.37453174591064453
0.37453171610832214
0.37453171610832214
0.3745317757129669
0.37453174591064453
0.3745318055152893
0.3745317757129669
0.37453174591064453
0.37453168630599976
0.37453174591064453
0.37453174591064453
0.37453174591064453
0.37453174591064453
0.37453171610832214
0.37453174591064453
0.37453171610832214
0.3745318055152893
0.37453171610832214
0.37453171610832214
0.3745317757129669
0.37453174591064453
0.37453174591064453
0.37453174591064453
0.37453171610832214
0.37453174591064453
0.3745317757129669
0.37453171610832214
0.37453174591064453
0.3745317757129669
0.37453174591064453
0.3745317757129669
0.3745317757129669
0.3745317757129669
0.3745317757129669
0.37453174591064453
0.37453168630599976
0.3745317757129669
0.37453174591064453
0.3745317757129669
0.3745317757129669
0.37453174591064453
0.37453168630599976
0.37453174591064453
0.37453171610832214
0.37453174591064453
0.37453174591064453
0.37453174591064453
0.3745317757129669
0.37453171610832214
0.37453174591064453
0.37453171610832214
0.37453171610832214
0.37453171610832214
0.37453171610832214
0.37453171610832214
0.37453171610832214
0.37453174591064453
0.37453171610832214
0.3745317757129669
0.37453174591064453
0.37453171610832214
0.37453171610832214
0.37453171610832214
0.37453171610832214
0.37453168630599976
0.37453168630599976
0.37453168630599976
0.37453174591064453
0.37453171610832214
0.37453174591064453
0.37453171610832214
0.37453171610832214
0.37453174591064453
0.37453174591064453
0.37453168630599976
0.37453168630599976
0.37453168630599976
0.3745317757129669
0.37453168630599976
0.37453171610832214
0.37453174591064453
0.37453174591064453
0.37453171610832214
0.37453171610832214
0.37453171610832214
0.37453165650367737
0.37453174591064453
0.37453171610832214
0.37453174591064453
0.37453171610832214
0.37453174591064453
0.37453171610832214
0.37453171610832214
0.37453168630599976
0.37453171610832214
0.37453171610832214
0.37453171610832214
0.37453168630599976
0.37453171610832214
0.37453168630599976
0.37453168630599976
0.37453171610832214
0.37453174591064453
0.37453168630599976
0.37453168630599976
0.37453165650367737
0.37453168630599976
0.37453168630599976
0.37453168630599976
0.37453174591064453
0.37453171610832214
0.37453171610832214
0.37453171610832214
0.37453168630599976
0.37453165650367737
0.37453171610832214
0.37453165650367737
0.37453168630599976
0.37453168630599976
0.37453165650367737
0.37453171610832214
0.37453168630599976
0.37453171610832214
0.37453168630599976
0.37453171610832214
0.37453168630599976
0.37453168630599976
0.37453165650367737
0.37453174591064453
0.37453168630599976
0.37453171610832214
0.37453165650367737
0.37453171610832214
0.37453168630599976
0.37453168630599976
0.37453171610832214
0.37453168630599976
0.37453171610832214
0.3745315968990326
0.37453165650367737
0.37453168630599976
0.37453168630599976
0.37453165650367737
0.37453168630599976
0.37453168630599976
0.37453168630599976
0.37453168630599976
0.37453171610832214
0.37453171610832214
0.37453171610832214
0.3745315968990326
0.37453171610832214
0.37453165650367737
0.37453165650367737
0.37453171610832214
0.37453165650367737
0.3745315670967102
0.37453165650367737
0.37453165650367737
0.3745315968990326
0.37453168630599976
0.37453165650367737
0.37453168630599976
0.3745315968990326
0.37453165650367737
0.37453165650367737
0.37453165650367737
0.37453168630599976
0.37453165650367737
0.37453168630599976
0.37453165650367737
0.37453168630599976
0.3745315968990326
0.3745315968990326
0.37453168630599976
0.37453165650367737
0.37453165650367737
0.3745315968990326
0.3745315372943878
0.37453165650367737
0.37453165650367737
0.3745315968990326
0.3745315968990326
0.3745315968990326
0.37453165650367737
0.3745315670967102
0.3745315670967102
0.3745315670967102
0.3745315968990326
0.3745315968990326
0.3745315968990326
0.3745315372943878
0.3745315968990326
0.37453171610832214
0.37453165650367737
0.3745315670967102
0.37453168630599976
0.37453165650367737
0.37453168630599976
0.3745315968990326
0.3745315968990326
0.37453165650367737
0.37453165650367737
0.37453165650367737
0.3745315968990326
0.37453165650367737
0.37453168630599976
0.37453165650367737
0.37453168630599976
0.3745315968990326
0.3745315670967102
0.3745315968990326
0.3745315670967102
0.37453171610832214
0.3745315968990326
0.3745315670967102
0.3745315670967102
0.3745315968990326
0.3745315670967102
0.37453165650367737
0.3745315372943878
0.3745315968990326
0.37453165650367737
0.3745315968990326
0.3745315968990326
0.3745315968990326
0.3745315670967102
0.3745315968990326
0.37453171610832214
0.3745315968990326
0.3745315968990326
0.37453165650367737
0.37453165650367737
0.3745315968990326
0.37453165650367737
0.3745315968990326
0.3745315670967102
0.3745315372943878
0.3745315968990326
0.37453165650367737
0.3745315968990326
0.37453165650367737
0.3745315968990326
0.3745315968990326
0.3745315670967102
0.3745315670967102
0.3745315670967102
0.3745315372943878
0.3745315968990326
0.3745315968990326
0.3745315968990326
0.3745315670967102
0.3745315968990326
0.3745315968990326
0.3745315372943878
0.3745315670967102
0.37453150749206543
0.3745315968990326
0.3745315968990326
0.3745315670967102
0.37453150749206543
0.37453165650367737
0.3745315670967102
0.3745315968990326
0.3745315670967102
0.3745315372943878
0.3745315968990326
0.3745315670967102
0.3745315670967102
0.37453165650367737
0.3745315670967102
0.3745315372943878
0.3745315968990326
0.3745315372943878
0.37453165650367737
0.3745315372943878
0.3745315968990326
0.3745315968990326
0.3745315670967102
0.37453150749206543
0.3745315372943878
0.3745315670967102
0.3745315670967102
0.3745315372943878
0.37453165650367737
0.3745315670967102
0.3745315968990326
0.3745315968990326
0.3745315372943878
0.3745315670967102
0.37453165650367737
0.3745315670967102
0.3745315372943878
0.3745315670967102
0.3745315670967102
0.3745315372943878
0.3745315670967102
0.3745315372943878
0.3745315670967102
0.3745315372943878
0.3745315372943878
0.3745315372943878
0.3745315670967102
0.3745315670967102
0.3745315372943878
0.3745315670967102
0.3745315670967102
0.37453150749206543
0.3745315670967102
0.3745315372943878
0.3745315670967102
0.3745315670967102
0.3745315968990326
0.3745315670967102
0.37453147768974304
0.3745315372943878
0.3745315372943878
0.37453150749206543
0.3745315670967102
0.3745315968990326
0.3745315670967102
0.3745315372943878
0.3745315670967102
0.3745315670967102
0.3745315968990326
0.3745315670967102
0.3745315372943878
0.37453150749206543
0.37453147768974304
0.3745315372943878
0.3745315372943878
0.3745315372943878
0.3745315372943878
0.3745315670967102
0.3745315372943878
0.37453165650367737
0.3745315372943878
0.3745315372943878
0.3745315372943878
0.37453147768974304
0.3745315372943878
0.37453150749206543
0.3745315670967102
0.37453150749206543
0.3745315968990326
0.3745315372943878
0.3745315670967102
0.37453150749206543
0.3745315372943878
0.37453150749206543
0.3745315670967102
0.3745315670967102
0.3745315372943878
0.37453147768974304
0.37453150749206543
0.37453150749206543
0.37453150749206543
0.3745315372943878
0.3745315372943878
0.3745315372943878
0.37453147768974304
0.37453147768974304
0.37453150749206543
0.37453150749206543
0.3745315372943878
0.3745315670967102
0.37453144788742065
0.37453144788742065
0.37453147768974304
0.37453147768974304
0.3745315372943878
0.37453150749206543
0.37453147768974304
0.37453150749206543
0.37453150749206543
0.37453150749206543
0.37453147768974304
0.3745315372943878
0.3745315372943878
0.37453147768974304
0.37453147768974304
0.37453150749206543
0.37453150749206543
0.37453150749206543
0.37453144788742065
0.37453150749206543
0.3745315670967102
0.3745315372943878
0.3745315372943878
0.3745315372943878
0.37453150749206543
0.37453147768974304
0.37453147768974304
0.37453150749206543
0.37453147768974304
0.37453144788742065
0.37453150749206543
0.37453147768974304
0.3745315372943878
0.37453150749206543
0.37453150749206543
0.37453147768974304
0.3745315372943878
0.37453147768974304
0.3745315372943878
0.3745315670967102
0.37453147768974304
0.3745315372943878
0.37453150749206543
0.37453150749206543
0.3745315670967102
0.37453150749206543
0.37453150749206543
0.37453144788742065
0.3745315372943878
0.37453150749206543
0.37453150749206543
0.37453150749206543
0.37453147768974304
0.3745315372943878
0.37453144788742065
0.37453150749206543
0.37453147768974304
0.37453144788742065
0.37453144788742065
0.37453147768974304
0.37453144788742065
0.37453150749206543
0.37453147768974304
0.37453144788742065
0.37453147768974304
0.37453150749206543
0.37453147768974304
0.37453144788742065
0.37453147768974304
0.37453150749206543
0.37453150749206543
0.3745315372943878
0.37453147768974304
0.37453150749206543
0.37453147768974304
0.37453147768974304
0.37453144788742065
0.37453150749206543
0.37453147768974304
0.37453147768974304
0.37453147768974304
0.37453150749206543
0.37453150749206543
0.37453150749206543
0.37453144788742065
0.3745313882827759
0.37453147768974304
0.37453144788742065
0.37453147768974304
0.3745313882827759
0.37453147768974304
0.37453147768974304
0.37453144788742065
0.3745313584804535
0.37453144788742065
0.37453150749206543
0.3745313882827759
0.3745313882827759
0.3745315670967102
0.37453147768974304
0.37453150749206543
0.3745313584804535
0.37453144788742065
0.37453147768974304
0.3745313882827759
0.37453150749206543
0.3745313882827759
0.37453147768974304
0.37453144788742065
0.37453144788742065
0.3745313882827759
0.37453144788742065
0.37453147768974304
0.37453150749206543
0.37453147768974304
0.37453144788742065
0.37453147768974304
0.3745313882827759
0.3745313882827759
0.3745313882827759
0.37453144788742065
0.3745313882827759
0.3745313882827759
0.3745313882827759
0.37453144788742065
0.3745313882827759
0.3745313882827759
0.3745313882827759
0.3745313882827759
0.37453144788742065
0.37453144788742065
0.37453147768974304
0.37453144788742065
0.3745313882827759
0.37453144788742065
0.37453144788742065
0.3745313882827759
0.37453147768974304
0.3745313584804535
0.37453147768974304
0.3745313882827759
0.37453144788742065
0.3745313882827759
0.37453147768974304
0.37453147768974304
0.37453144788742065
0.3745313882827759
0.37453144788742065
0.3745313882827759
0.3745313584804535
0.37453144788742065
0.3745313882827759
0.3745313584804535
0.37453144788742065
0.3745313584804535
0.3745313584804535
0.3745313882827759
0.37453144788742065
0.3745315670967102
0.3745313882827759
0.37453144788742065
0.37453144788742065
0.37453144788742065
0.3745313584804535
0.37453150749206543
0.3745313584804535
0.3745313882827759
0.3745313882827759
0.3745313584804535
0.3745313882827759
0.3745313882827759
0.3745313286781311
0.3745313584804535
0.37453144788742065
0.3745313882827759
0.37453147768974304
0.37453144788742065
0.3745313882827759
0.3745313584804535
0.3745313882827759
0.3745313882827759
0.37453144788742065
0.3745313882827759
0.3745313584804535
0.37453147768974304
0.3745313882827759
0.37453144788742065
0.3745313584804535
0.3745313882827759
0.3745313584804535
0.3745313882827759
0.3745313882827759
0.3745312988758087
0.3745313584804535
0.37453144788742065
0.3745313584804535
0.3745313584804535
0.3745313584804535
0.3745313882827759
0.3745313882827759
0.3745313882827759
0.3745313584804535
0.37453144788742065
0.3745313882827759
0.3745313882827759
0.3745313584804535
0.3745313882827759
0.3745313584804535
0.3745313286781311
0.37453147768974304
0.3745313584804535
0.3745313584804535
0.3745313882827759
0.3745313286781311
0.37453144788742065
0.3745313882827759
0.3745313584804535
0.3745313584804535
0.3745313584804535
0.3745313882827759
0.3745313286781311
0.3745313584804535
0.3745313882827759
0.3745313882827759
0.3745313584804535
0.3745313882827759
0.3745313584804535
0.3745313882827759
0.3745313286781311
0.3745313882827759
0.3745312988758087
0.3745313584804535
0.3745313584804535
0.3745313882827759
0.3745313286781311
0.3745313286781311
0.3745313584804535
0.3745313286781311
0.3745313584804535
0.3745313286781311
0.3745313882827759
0.3745313584804535
0.3745313584804535
0.3745313584804535
0.3745313286781311
0.3745313286781311
0.3745313584804535
0.3745313584804535
0.3745313584804535
0.3745313286781311
0.3745313584804535
0.3745313286781311
0.3745313882827759
0.3745313286781311
0.37453144788742065
0.3745313286781311
0.3745313584804535
0.3745313882827759
0.3745313584804535
0.3745313584804535
0.3745313584804535
0.3745313584804535
0.3745313286781311
0.3745313584804535
0.3745313286781311
0.3745313584804535
0.3745313882827759
0.3745312988758087
0.3745312988758087
0.3745312988758087
0.3745313286781311
0.3745313584804535
0.3745313882827759
0.37453144788742065
0.3745312988758087
0.3745313286781311
0.3745313584804535
0.3745313584804535
0.3745313286781311
0.3745313286781311
0.3745313286781311
0.3745313286781311
0.3745312988758087
0.3745313286781311
0.3745313286781311
0.3745312988758087
0.3745312988758087
0.3745313584804535
0.3745313286781311
0.3745313286781311
0.3745313286781311
0.37453126907348633
0.3745313286781311
0.3745313584804535
0.3745312988758087
0.3745312988758087
0.37453126907348633
0.3745313286781311
0.3745313286781311
0.3745312988758087
0.3745313286781311
0.3745313286781311
0.37453126907348633
0.3745312988758087
0.3745313286781311
0.3745313286781311
0.3745312988758087
0.3745313286781311
0.3745312988758087
0.3745313584804535
0.3745313286781311
0.37453126907348633
0.3745313286781311
0.3745312988758087
0.37453126907348633
0.3745312988758087
0.3745313286781311
0.3745313286781311
0.3745312988758087
0.3745313286781311
0.3745313286781311
0.3745312988758087
0.3745313584804535
0.3745313584804535
0.3745313286781311
0.3745312988758087
0.3745313286781311
0.3745312988758087
0.3745312988758087
0.3745312988758087
0.37453126907348633
0.3745313286781311
0.37453123927116394
0.3745312988758087
0.3745312988758087
0.3745313286781311
0.3745313286781311
0.37453126907348633
0.37453126907348633
0.3745312988758087
0.3745312988758087
0.3745312988758087
0.3745312988758087
0.3745312988758087
0.37453126907348633
0.37453126907348633
0.37453126907348633
0.3745313286781311
0.3745312988758087
0.3745312988758087
0.37453126907348633
0.3745312988758087
0.37453126907348633
0.3745313286781311
0.3745313286781311
0.3745313286781311
0.37453126907348633
0.37453126907348633
0.37453123927116394
0.3745313286781311
0.3745312988758087
0.37453123927116394
0.37453123927116394
0.37453126907348633
0.37453126907348633
0.37453120946884155
0.37453126907348633
0.3745312988758087
0.3745313584804535
0.37453123927116394
0.37453126907348633
0.37453126907348633
0.3745313286781311
0.3745312988758087
0.3745313584804535
0.3745313286781311
0.37453120946884155
0.3745312988758087
0.37453123927116394
0.37453123927116394
0.37453126907348633
0.37453126907348633
0.37453123927116394
0.37453126907348633
0.37453126907348633
0.37453126907348633
0.37453126907348633
0.37453126907348633
0.3745312988758087
0.37453123927116394
0.37453126907348633
0.3745312988758087
0.37453126907348633
0.37453126907348633
0.37453126907348633
0.37453126907348633
0.3745312988758087
0.37453120946884155
0.37453126907348633
0.37453126907348633
0.37453126907348633
0.37453126907348633
0.37453123927116394
0.37453120946884155
0.37453126907348633
0.37453120946884155
0.37453123927116394
0.37453120946884155
0.37453126907348633
0.37453123927116394
0.37453126907348633
0.37453123927116394
0.3745313286781311
0.3745311498641968
0.3745312988758087
0.37453123927116394
0.3745312988758087
0.37453123927116394
0.37453120946884155
0.3745311498641968
0.37453126907348633
0.37453120946884155
0.37453123927116394
0.37453123927116394
0.37453120946884155
0.37453123927116394
0.37453120946884155
0.37453123927116394
0.37453123927116394
0.37453123927116394
0.37453120946884155
0.37453123927116394
0.37453123927116394
0.37453123927116394
0.37453123927116394
0.37453126907348633
0.37453126907348633
0.37453123927116394
0.37453123927116394
0.37453123927116394
0.37453123927116394
0.37453126907348633
0.37453123927116394
0.37453120946884155
0.37453123927116394
0.3745312988758087
0.37453120946884155
0.37453126907348633
0.37453123927116394
0.37453123927116394
0.37453123927116394
0.3745311498641968
0.37453120946884155
0.37453123927116394
0.37453126907348633
0.37453120946884155
0.37453120946884155
0.37453126907348633
0.3745311498641968
0.37453123927116394
0.37453123927116394
0.37453123927116394
0.37453126907348633
0.3745312988758087
0.37453123927116394
0.37453120946884155
0.37453123927116394
0.37453120946884155
0.37453120946884155
0.3745311498641968
0.37453120946884155
0.37453126907348633
0.3745311498641968
0.37453123927116394
0.37453120946884155
0.37453123927116394
0.3745311200618744
0.37453123927116394
0.3745311498641968
0.37453123927116394
0.37453126907348633
0.3745311498641968
0.37453120946884155
0.37453126907348633
0.3745311200618744
0.37453120946884155
0.37453120946884155
0.37453123927116394
0.3745311498641968
0.37453120946884155
0.37453120946884155
0.37453123927116394
0.37453120946884155
0.3745311200618744
0.37453123927116394
0.3745311200618744
0.37453120946884155
0.37453123927116394
0.37453120946884155
0.3745311498641968
0.3745311498641968
0.37453123927116394
0.3745311498641968
0.37453120946884155
0.3745311498641968
0.37453120946884155
0.37453120946884155
0.3745311498641968
0.37453120946884155
0.3745311498641968
0.37453123927116394
0.37453123927116394
0.37453120946884155
0.3745311498641968
0.3745311200618744
0.3745311498641968
0.3745311498641968
0.3745311498641968
0.3745311498641968
0.37453120946884155
0.3745311498641968
0.37453120946884155
0.37453120946884155
0.37453120946884155
0.3745311498641968
0.374531090259552
0.3745311498641968
0.3745311200618744
0.3745311200618744
0.37453120946884155
0.37453120946884155
0.3745311498641968
0.3745311498641968
0.3745311498641968
0.37453120946884155
0.3745311498641968
0.3745311498641968
0.3745311200618744
0.3745311498641968
0.3745311200618744
0.37453120946884155
0.37453123927116394
0.37453120946884155
0.3745311498641968
0.37453120946884155
0.3745311498641968
0.3745311498641968
0.37453120946884155
0.374531090259552
0.3745311200618744
0.37453123927116394
0.37453120946884155
0.3745311200618744
0.3745311200618744
0.3745311200618744
0.3745311200618744
0.3745311498641968
0.3745311498641968
0.3745311498641968
0.3745311498641968
0.3745311200618744
0.3745311200618744
0.3745311200618744
0.3745311498641968
0.37453120946884155
0.3745311200618744
0.3745311498641968
0.3745311200618744
0.374531090259552
0.3745311498641968
0.3745310306549072
0.374531090259552
0.374531090259552
0.3745311200618744
0.374531090259552
0.37453120946884155
0.3745311498641968
0.3745311200618744
0.374531090259552
0.374531090259552
0.3745311200618744
0.374531090259552
0.374531090259552
0.3745310604572296
0.37453120946884155
0.374531090259552
0.3745311200618744
0.3745311200618744
0.3745311200618744
0.3745311498641968
0.3745311498641968
0.3745311200618744
0.3745311200618744
0.3745311498641968
0.374531090259552
0.37453120946884155
0.3745311498641968
0.374531090259552
0.3745310604572296
0.374531090259552
0.3745311498641968
0.374531090259552
0.374531090259552
0.374531090259552
0.374531090259552
0.3745311498641968
0.3745311498641968
0.3745311498641968
0.374531090259552
0.374531090259552
0.374531090259552
0.374531090259552
0.374531090259552
0.3745311200618744
0.374531090259552
0.374531090259552
0.374531090259552
0.374531090259552
0.3745311498641968
0.3745311498641968
0.3745311200618744
0.3745311200618744
0.3745310604572296
0.374531090259552
0.374531090259552
0.3745310604572296
0.3745311200618744
0.374531090259552
0.3745311498641968
0.3745310604572296
0.3745311498641968
0.3745311200618744
0.374531090259552
0.374531090259552
0.3745310604572296
0.374531090259552
0.374531090259552
0.374531090259552
0.3745310604572296
0.374531090259552
0.374531090259552
0.3745311200618744
0.37453120946884155
0.374531090259552
0.3745310604572296
0.3745311200618744
0.374531090259552
0.3745311200618744
0.3745310604572296
0.3745311498641968
0.374531090259552
0.3745311200618744
0.3745311200618744
0.3745311200618744
0.3745310604572296
0.3745310604572296
0.374531090259552
0.374531090259552
0.3745311200618744
0.37453120946884155
0.3745311200618744
0.3745310306549072
0.3745310604572296
0.3745310306549072
0.3745310604572296
0.374531090259552
0.3745310604572296
0.374531090259552
0.374531090259552
0.3745310306549072
0.3745310604572296
0.374531090259552
0.3745310604572296
0.374531090259552
0.3745310604572296
0.3745310604572296
0.374531090259552
0.374531090259552
0.3745310306549072
0.374531090259552
0.3745310604572296
0.3745310306549072
0.3745310604572296
0.3745310306549072
0.3745310604572296
0.374531090259552
0.374531090259552
0.3745310306549072
0.3745310604572296
0.374531090259552
0.3745310604572296
0.3745310306549072
0.3745310604572296
0.37453100085258484
0.3745310604572296
0.3745310604572296
0.374531090259552
0.3745310604572296
0.3745310306549072
0.3745310306549072
0.374531090259552
0.374531090259552
0.37453100085258484
0.374531090259552
0.37453097105026245
0.3745310604572296
0.3745310604572296
0.3745310306549072
0.3745311200618744
0.3745310306549072
0.37453100085258484
0.3745310306549072
0.3745310306549072
0.3745310604572296
0.3745310306549072
0.374531090259552
0.3745310604572296
0.3745310604572296
0.3745310604572296
0.3745310604572296
0.3745310604572296
0.3745310604572296
0.3745310604572296
0.3745310604572296
0.3745310306549072
0.3745310306549072
0.3745310604572296
0.3745310604572296
0.3745310306549072
0.3745310604572296
0.37453100085258484
0.3745310604572296
0.3745310604572296
0.37453100085258484
0.3745310604572296
0.37453100085258484
0.37453100085258484
0.3745310604572296
0.37453100085258484
0.3745310604572296
0.3745310306549072
0.3745310306549072
0.3745310306549072
0.3745310604572296
0.3745310306549072
0.3745310604572296
0.3745310306549072
0.3745310306549072
0.3745310306549072
0.3745310306549072
0.3745310306549072
0.37453100085258484
0.3745310306549072
0.3745310306549072
0.37453097105026245
0.3745310604572296
0.3745310306549072
0.3745310306549072
0.3745310306549072
0.37453100085258484
0.3745310306549072
0.37453097105026245
0.3745310306549072
0.37453100085258484
0.37453100085258484
0.3745310306549072
0.3745310604572296
0.3745310306549072
0.37453100085258484
0.3745310306549072
0.3745310604572296
0.37453100085258484
0.3745310306549072
0.3745310306549072
0.37453100085258484
0.37453100085258484
0.3745310306549072
0.37453097105026245
0.3745310604572296
0.3745310604572296
0.37453100085258484
0.37453100085258484
0.37453100085258484
0.3745310306549072
0.3745310306549072
0.3745310306549072
0.3745310306549072
0.37453100085258484
0.3745310306549072
0.37453100085258484
0.3745310306549072
0.37453097105026245
0.37453100085258484
0.37453100085258484
0.37453097105026245
0.37453100085258484
0.37453097105026245
0.37453097105026245
0.3745310306549072
0.3745310604572296
0.37453097105026245
0.37453100085258484
0.3745309114456177
0.3745310306549072
0.37453100085258484
0.3745310306549072
0.37453097105026245
0.3745310306549072
0.3745310306549072
0.37453100085258484
0.3745310604572296
0.37453097105026245
0.37453100085258484
0.37453100085258484
0.3745310306549072
0.3745309114456177
0.37453100085258484
0.37453100085258484
0.37453100085258484
0.37453097105026245
0.3745310306549072
0.37453100085258484
0.37453097105026245
0.3745310306549072
0.37453097105026245
0.37453100085258484
0.37453100085258484
0.3745309114456177
0.3745309114456177
0.3745309114456177
0.37453097105026245
0.3745310306549072
0.37453097105026245
0.37453100085258484
0.37453097105026245
0.37453097105026245
0.37453100085258484
0.37453100085258484
0.37453097105026245
0.37453097105026245
0.37453097105026245
0.3745309114456177
0.37453100085258484
0.37453097105026245
0.37453097105026245
0.37453097105026245
0.37453097105026245
0.3745310306549072
0.3745309114456177
0.3745309114456177
0.3745310306549072
0.3745309114456177
0.37453100085258484
0.37453100085258484
0.37453097105026245
0.3745309114456177
0.37453097105026245
0.37453097105026245
0.37453097105026245
0.37453097105026245
0.3745309114456177
0.3745309114456177
0.3745309114456177
0.3745309114456177
0.37453097105026245
0.37453097105026245
0.3745308816432953
0.37453097105026245
0.37453100085258484
0.37453097105026245
0.37453100085258484
0.37453100085258484
0.37453097105026245
0.3745309114456177
0.3745308816432953
0.3745309114456177
0.37453097105026245
0.37453100085258484
0.37453097105026245
0.37453097105026245
0.3745308816432953
0.37453100085258484
0.37453100085258484
0.37453097105026245
0.37453097105026245
0.3745308816432953
0.37453100085258484
0.3745309114456177
0.3745309114456177
0.37453097105026245
0.3745309114456177
0.37453097105026245
0.37453100085258484
0.37453097105026245
0.3745309114456177
0.37453097105026245
0.3745309114456177
0.37453097105026245
0.37453100085258484
0.37453100085258484
0.37453100085258484
0.3745309114456177
0.3745309114456177
0.3745308816432953
0.3745309114456177
0.37453097105026245
0.37453097105026245
0.3745308816432953
0.37453097105026245
0.37453097105026245
0.3745308816432953
0.3745309114456177
0.37453097105026245
0.3745309114456177
0.3745309114456177
0.3745308816432953
0.37453097105026245
0.37453100085258484
0.3745309114456177
0.37453097105026245
0.37453100085258484
0.3745309114456177
0.3745308518409729
0.3745308518409729
0.3745308816432953
0.3745308816432953
0.37453097105026245
0.3745309114456177
0.3745309114456177
0.3745308816432953
0.3745309114456177
0.37453097105026245
0.3745308816432953
0.3745309114456177
0.3745308816432953
0.3745309114456177
0.3745308816432953
0.3745308518409729
0.37453097105026245
0.3745308816432953
0.3745309114456177
0.3745308816432953
0.3745308816432953
0.37453097105026245
0.3745308816432953
0.3745308816432953
0.3745308518409729
0.3745308816432953
0.3745308816432953
0.3745308816432953
0.3745308220386505
0.3745308220386505
0.3745309114456177
0.3745308220386505
0.3745308816432953
0.3745308816432953
0.3745308220386505
0.3745308518409729
0.3745308816432953
0.3745309114456177
0.3745308816432953
0.3745308816432953
0.3745308220386505
0.37453097105026245
0.3745308816432953
0.3745308816432953
0.3745308518409729
0.3745308518409729
0.3745308816432953
0.3745308220386505
0.3745308816432953
0.3745308220386505
0.3745308816432953
0.3745308518409729
0.3745308816432953
0.3745308816432953
0.3745308816432953
0.3745308816432953
0.3745308816432953
0.3745308816432953
0.3745308220386505
0.3745308816432953
0.3745308816432953
0.3745308518409729
0.3745308816432953
0.3745308220386505
0.3745308518409729
0.3745308816432953
0.3745308816432953
0.3745307922363281
0.3745308518409729
0.3745308816432953
0.3745308816432953
0.3745308816432953
0.3745309114456177
0.3745308816432953
0.3745308518409729
0.3745308518409729
0.3745308220386505
0.3745308816432953
0.3745308220386505
0.3745308816432953
0.3745308518409729
0.3745308518409729
0.3745308816432953
0.3745309114456177
0.3745308220386505
0.3745308816432953
0.3745308816432953
0.3745308518409729
0.3745308518409729
0.3745308816432953
0.3745308220386505
0.3745308816432953
0.3745308220386505
0.3745308816432953
0.3745308518409729
0.3745308518409729
0.3745307922363281
0.3745308816432953
0.3745308220386505
0.3745308518409729
0.3745308220386505
0.3745308518409729
0.3745308220386505
0.3745308220386505
0.3745308816432953
0.3745308220386505
0.3745308220386505
0.3745308518409729
0.3745308518409729
0.3745308220386505
0.3745308220386505
0.3745308518409729
0.3745308518409729
0.3745308220386505
0.3745308518409729
0.3745308220386505
0.3745308220386505
0.3745308220386505
0.3745308220386505
0.3745308220386505
0.3745308816432953
0.3745308518409729
0.3745308220386505
0.3745308816432953
0.3745308518409729
0.3745307922363281
0.3745308220386505
0.37453076243400574
0.3745308816432953
0.3745308816432953
0.3745308816432953
0.3745308518409729
0.3745308220386505
0.3745308518409729
0.3745308816432953
0.3745308220386505
0.37453076243400574
0.3745308518409729
0.3745307922363281
0.3745308518409729
0.3745307922363281
0.3745307922363281
0.3745308220386505
0.3745308220386505
0.3745308518409729
0.3745308518409729
0.3745308816432953
0.3745308220386505
0.3745307922363281
0.3745307922363281
0.37453076243400574
0.3745308220386505
0.3745307922363281
0.3745308220386505
0.3745307922363281
0.3745307922363281
0.37453076243400574
0.3745308518409729
0.3745308518409729
0.3745307922363281
0.3745308220386505
0.3745307922363281
0.37453076243400574
0.3745308518409729
0.3745308220386505
0.37453076243400574
0.3745308220386505
0.3745307922363281
0.3745307922363281
0.3745308518409729
0.3745308518409729
0.37453076243400574
0.37453076243400574
0.3745308220386505
0.37453076243400574
0.3745308220386505
0.3745307922363281
0.3745308220386505
0.3745307922363281
0.37453076243400574
0.3745308220386505
0.3745307922363281
0.3745308220386505
0.3745307922363281
0.3745308220386505
0.3745307922363281
0.3745308518409729
0.3745307922363281
0.3745307922363281
0.3745307922363281
0.3745308220386505
0.3745307922363281
0.37453076243400574
0.3745307922363281
0.37453070282936096
0.37453076243400574
0.3745307922363281
0.3745308816432953
0.37453070282936096
0.3745308220386505
0.37453076243400574
0.3745308220386505
0.3745308220386505
0.37453076243400574
0.37453076243400574
0.3745307922363281
0.3745308518409729
0.37453076243400574
0.3745308220386505
0.3745308220386505
0.3745308220386505
0.37453076243400574
0.37453076243400574
0.3745308220386505
0.37453076243400574
0.37453070282936096
0.37453076243400574
0.37453076243400574
0.37453076243400574
0.37453070282936096
0.3745307922363281
0.3745307922363281
0.37453076243400574
0.3745308220386505
0.37453076243400574
0.37453076243400574
0.37453070282936096
0.3745307922363281
0.37453076243400574
0.37453076243400574
0.37453076243400574
0.37453076243400574
0.3745307922363281
0.37453076243400574
0.3745308220386505
0.37453070282936096
0.37453076243400574
0.37453070282936096
0.37453070282936096
0.37453076243400574
0.3745306730270386
0.3745307922363281
0.37453070282936096
0.37453070282936096
0.37453076243400574
0.37453076243400574
0.3745307922363281
0.37453076243400574
0.37453076243400574
0.37453070282936096
0.3745307922363281
0.37453070282936096
0.37453076243400574
0.3745307922363281
0.37453076243400574
0.3745308518409729
0.3745308220386505
0.37453070282936096
0.37453076243400574
0.37453076243400574
0.37453076243400574
0.37453076243400574
0.37453076243400574
0.37453076243400574
0.37453070282936096
0.37453076243400574
0.3745306730270386
0.37453076243400574
0.37453070282936096
0.37453076243400574
0.37453076243400574
0.37453070282936096
0.37453070282936096
0.37453076243400574
0.37453070282936096
0.37453076243400574
0.37453070282936096
0.37453076243400574
0.3745308220386505
0.37453076243400574
0.3745306730270386
0.37453070282936096
0.37453070282936096
0.3745306730270386
0.37453070282936096
0.37453076243400574
0.37453076243400574
0.3745306730270386
0.37453076243400574
0.37453070282936096
0.37453070282936096
0.37453076243400574
0.37453076243400574
0.37453070282936096
0.3745306730270386
0.37453070282936096
0.37453070282936096
0.37453076243400574
0.37453076243400574
0.37453076243400574
0.37453076243400574
0.37453070282936096
0.3745306730270386
0.37453076243400574
0.37453070282936096
0.37453070282936096
0.37453070282936096
0.37453070282936096
0.37453070282936096
0.37453070282936096
0.3745306432247162
0.37453076243400574
0.3745306730270386
0.3745306432247162
0.37453076243400574
0.3745306730270386
0.3745306730270386
0.37453070282936096
0.37453070282936096
0.3745306134223938
0.3745306730270386
0.37453070282936096
0.37453076243400574
0.37453070282936096
0.3745306730270386
0.3745307922363281
0.37453076243400574
0.37453070282936096
0.3745306432247162
0.37453076243400574
0.37453070282936096
0.37453070282936096
0.3745306432247162
0.37453070282936096
0.3745306730270386
0.3745306730270386
0.37453070282936096
0.37453070282936096
0.37453076243400574
0.37453076243400574
0.3745306730270386
0.37453076243400574
0.3745306730270386
0.3745306432247162
0.3745306730270386
0.37453076243400574
0.37453070282936096
0.37453076243400574
0.3745306730270386
0.3745306432247162
0.3745306730270386
0.3745306730270386
0.3745306730270386
0.3745306730270386
0.3745306730270386
0.3745306432247162
0.3745306432247162
0.3745306730270386
0.3745306730270386
0.3745306432247162
0.3745306730270386
0.3745306730270386
0.3745306730270386
0.3745306432247162
0.3745306730270386
0.3745306730270386
0.37453070282936096
0.3745306134223938
0.3745306134223938
0.3745306730270386
0.3745306134223938
0.3745306730270386
0.37453070282936096
0.3745306432247162
0.3745306432247162
0.3745306134223938
0.3745306730270386
0.3745306134223938
0.37453070282936096
0.3745306432247162
0.3745306730270386
0.3745306730270386
0.3745306432247162
0.3745306432247162
0.3745306134223938
0.3745306432247162
0.3745306432247162
0.3745306730270386
0.3745306134223938
0.3745306730270386
0.3745306730270386
0.3745306134223938
0.3745306432247162
0.3745306134223938
0.3745306432247162
0.3745306730270386
0.3745306134223938
0.3745306432247162
0.3745306730270386
0.3745306134223938
0.3745306432247162
0.3745306432247162
0.3745306134223938
0.3745305836200714
0.3745306134223938
0.3745306730270386
0.3745306730270386
0.37453070282936096
0.3745306432247162
0.3745306730270386
0.3745306730270386
0.3745306432247162
0.3745306432247162
0.3745305836200714
0.3745306134223938
0.3745306730270386
0.3745306730270386
0.3745305836200714
0.3745306432247162
0.3745306730270386
0.3745306134223938
0.3745306432247162
0.3745306432247162
0.3745306134223938
0.3745306432247162
0.3745305836200714
0.3745306134223938
0.3745306432247162
0.3745306432247162
0.3745306134223938
0.3745306134223938
0.3745306134223938
0.3745306730270386
0.3745306134223938
0.3745306432247162
0.3745305836200714
0.3745305836200714
0.3745306134223938
0.3745306730270386
0.3745306134223938
0.3745306134223938
0.3745306134223938
0.3745306730270386
0.3745306730270386
0.3745306134223938
0.3745306730270386
0.3745306730270386
0.3745306134223938
0.374530553817749
0.3745306134223938
0.3745306134223938
0.3745306134223938
0.3745305836200714
0.3745306432247162
0.3745306432247162
0.3745306432247162
0.3745306134223938
0.3745306134223938
0.3745306432247162
0.3745306432247162
0.3745306134223938
0.3745306432247162
0.3745306730270386
0.3745306134223938
0.3745306134223938
0.3745306134223938
0.37453052401542664
0.3745306432247162
0.3745306730270386
0.3745306432247162
0.3745306134223938
0.3745306432247162
0.3745306134223938
0.3745305836200714
0.374530553817749
0.3745306432247162
0.3745306134223938
0.3745305836200714
0.3745306134223938
0.3745305836200714
0.3745306134223938
0.374530553817749
0.3745306134223938
0.3745306432247162
0.3745306134223938
0.374530553817749
0.3745306134223938
0.3745306134223938
0.3745306134223938
0.374530553817749
0.3745306134223938
0.3745305836200714
0.3745305836200714
0.374530553817749
0.3745305836200714
0.3745306134223938
0.374530553817749
0.3745306134223938
0.3745305836200714
0.3745306134223938
0.3745305836200714
0.3745306432247162
0.3745305836200714
0.3745306134223938
0.3745306134223938
0.3745305836200714
0.3745306730270386
0.3745305836200714
0.3745306134223938
0.3745305836200714
0.3745305836200714
0.3745306134223938
0.3745305836200714
0.37453052401542664
0.374530553817749
0.374530553817749
0.3745306134223938
0.3745306134223938
0.3745305836200714
0.3745305836200714
0.3745305836200714
0.374530553817749
0.3745305836200714
0.3745306134223938
0.374530553817749
0.3745306134223938
0.37453052401542664
0.374530553817749
0.374530553817749
0.3745305836200714
0.374530553817749
0.3745305836200714
0.3745305836200714
0.37453052401542664
0.374530553817749
0.37453052401542664
0.3745305836200714
0.37453052401542664
0.374530553817749
0.3745306134223938
0.3745305836200714
0.374530553817749
0.3745305836200714
0.374530553817749
0.37453052401542664
0.3745305836200714
0.374530553817749
0.374530553817749
0.374530553817749
0.374530553817749
0.374530553817749
0.374530553817749
0.3745306134223938
0.3745305836200714
0.37453052401542664
0.374530553817749
0.37453052401542664
0.3745305836200714
0.374530553817749
0.3745306134223938
0.37453052401542664
0.37453052401542664
0.3745306134223938
0.374530553817749
0.374530553817749
0.37453052401542664
0.374530553817749
0.3745305836200714
0.3745305836200714
0.37453052401542664
0.37453046441078186
0.374530553817749
0.374530553817749
0.37453052401542664
0.374530553817749
0.37453052401542664
0.37453046441078186
0.37453052401542664
0.3745305836200714
0.3745305836200714
0.374530553817749
0.3745306134223938
0.3745305836200714
0.374530553817749
0.37453052401542664
0.374530553817749
0.374530553817749
0.374530553817749
0.37453052401542664
0.374530553817749
0.374530553817749
0.37453052401542664
0.37453052401542664
0.37453052401542664
0.374530553817749
0.374530553817749
0.37453052401542664
0.374530553817749
0.37453046441078186
0.374530553817749
0.37453046441078186
0.37453052401542664
0.37453052401542664
0.3745305836200714
0.37453052401542664
0.37453052401542664
0.37453046441078186
0.3745306134223938
0.37453052401542664
0.374530553817749
0.3745305836200714
0.37453052401542664
0.37453052401542664
0.374530553817749
0.37453052401542664
0.37453052401542664
0.37453052401542664
0.374530553817749
0.374530553817749
0.37453052401542664
0.37453052401542664
0.374530553817749
0.37453052401542664
0.37453052401542664
0.374530553817749
0.37453046441078186
0.374530553817749
0.374530553817749
0.37453052401542664
0.3745305836200714
0.374530553817749
0.37453052401542664
0.374530553817749
0.37453052401542664
0.37453052401542664
0.37453046441078186
0.37453046441078186
0.37453052401542664
0.37453052401542664
0.37453046441078186
0.374530553817749
0.37453046441078186
0.37453046441078186
0.37453052401542664
0.37453046441078186
0.37453052401542664
0.37453052401542664
0.37453052401542664
0.3745304346084595
0.37453046441078186
0.37453052401542664
0.374530553817749
0.37453052401542664
0.37453046441078186
0.37453046441078186
0.37453046441078186
0.374530553817749
0.37453046441078186
0.374530553817749
0.37453052401542664
0.3745304346084595
0.3745304346084595
0.37453052401542664
0.37453046441078186
0.37453046441078186
0.37453046441078186
0.3745304346084595
0.37453052401542664
0.3745304346084595
0.374530553817749
0.37453046441078186
0.37453046441078186
0.37453052401542664
0.3745304346084595
0.37453046441078186
0.37453046441078186
0.37453046441078186
0.3745304346084595
0.37453046441078186
0.37453046441078186
0.3745304048061371
0.3745304346084595
0.3745304346084595
0.374530553817749
0.37453052401542664
0.3745304346084595
0.37453052401542664
0.37453046441078186
0.37453046441078186
0.37453046441078186
0.37453052401542664
0.37453052401542664
0.3745304048061371
0.37453046441078186
0.374530553817749
0.37453046441078186
0.3745304048061371
0.37453046441078186
0.3745304346084595
0.37453052401542664
0.37453046441078186
0.3745304048061371
0.374530553817749
0.3745304048061371
0.3745304346084595
0.3745304346084595
0.3745304346084595
0.3745304346084595
0.3745304346084595
0.3745304048061371
0.3745304346084595
0.3745304346084595
0.3745304048061371
0.3745304346084595
0.37453046441078186
0.3745304346084595
0.3745304346084595
0.3745304346084595
0.3745304346084595
0.3745303750038147
0.3745304346084595
0.37453046441078186
0.3745304346084595
0.3745304048061371
0.37453046441078186
0.37453046441078186
0.37453052401542664
0.3745304346084595
0.3745304346084595
0.37453052401542664
0.37453046441078186
0.3745304048061371
0.3745304346084595
0.3745304346084595
0.37453046441078186
0.3745304346084595
0.3745304048061371
0.37453046441078186
0.3745303452014923
0.3745304346084595
0.3745304048061371
0.3745304346084595
0.37453046441078186
0.37453046441078186
0.3745304048061371
0.3745304346084595
0.3745304346084595
0.3745304346084595
0.3745304346084595
0.3745304346084595
0.3745304346084595
0.3745304346084595
0.3745304346084595
0.37453046441078186
0.3745303750038147
0.3745303750038147
0.3745304048061371
0.37453046441078186
0.3745304346084595
0.37453046441078186
0.3745304346084595
0.3745303750038147
0.3745304346084595
0.37453046441078186
0.3745304346084595
0.3745304346084595
0.3745304346084595
0.37453046441078186
0.3745304048061371
0.3745304346084595
0.3745303750038147
0.3745304346084595
0.37453046441078186
0.37453046441078186
0.3745303750038147
0.3745304048061371
0.3745304048061371
0.3745304048061371
0.37453046441078186
0.3745303750038147
0.3745303750038147
0.3745304346084595
0.3745304048061371
0.3745304048061371
0.3745304048061371
0.3745304346084595
0.3745304346084595
0.3745304346084595
0.3745303750038147
0.3745304346084595
0.3745303153991699
0.3745304048061371
0.3745304048061371
0.3745304048061371
0.3745304048061371
0.3745304346084595
0.37453046441078186
0.3745303750038147
0.3745304048061371
0.3745303750038147
0.3745304048061371
0.3745304048061371
0.3745303750038147
0.3745303750038147
0.3745304048061371
0.3745304048061371
0.3745303750038147
0.3745304346084595
0.3745304048061371
0.3745304346084595
0.3745303750038147
0.3745304048061371
0.3745304048061371
0.3745303750038147
0.3745304048061371
0.3745304048061371
0.3745304048061371
0.3745304048061371
0.3745303750038147
0.3745303452014923
0.3745304346084595
0.3745304048061371
0.3745303452014923
0.3745303452014923
0.3745303750038147
0.3745303750038147
0.3745303153991699
0.3745303452014923
0.3745304048061371
0.3745304048061371
0.3745304048061371
0.3745303750038147
0.3745304048061371
0.3745304048061371
0.3745303750038147
0.3745303452014923
0.3745303750038147
0.3745304048061371
0.3745303452014923
0.3745303452014923
0.3745303452014923
0.3745303452014923
0.3745303452014923
0.3745303452014923
0.3745304048061371
0.3745303452014923
0.3745304346084595
0.3745304048061371
0.3745303750038147
0.3745303750038147
0.3745303750038147
0.3745304048061371
0.3745303750038147
0.3745303750038147
0.3745303452014923
0.3745303750038147
0.3745303452014923
0.3745303452014923
0.3745303452014923
0.3745303153991699
0.3745304048061371
0.3745303750038147
0.3745303750038147
0.3745303750038147
0.3745304048061371
0.3745303452014923
0.3745303452014923
0.3745303153991699
0.3745303750038147
0.3745303452014923
0.3745303750038147
0.3745303452014923
0.3745303452014923
0.3745303452014923
0.3745303750038147
0.37453028559684753
0.3745303452014923
0.3745303452014923
0.3745304048061371
0.3745303750038147
0.3745303153991699
0.3745303750038147
0.3745303452014923
0.3745303452014923
0.3745303452014923
0.3745303452014923
0.3745303452014923
0.3745303750038147
0.3745304048061371
0.3745303452014923
0.3745303452014923
0.3745303452014923
0.3745303452014923
0.3745303153991699
0.3745303153991699
0.3745303153991699
0.3745304048061371
0.3745303452014923
0.3745303452014923
0.3745303452014923
0.3745303750038147
0.3745303750038147
0.3745303153991699
0.3745303452014923
0.3745303452014923
0.3745303153991699
0.3745303153991699
0.3745303750038147
0.3745303452014923
0.37453028559684753
0.3745303153991699
0.3745303452014923
0.3745303452014923
0.3745303452014923
0.3745303452014923
0.3745303153991699
0.3745304048061371
0.3745304048061371
0.3745303750038147
0.3745303750038147
0.3745303750038147
0.3745303452014923
0.3745303452014923
0.37453028559684753
0.3745304048061371
0.3745303452014923
0.3745303452014923
0.3745303452014923
0.3745303452014923
0.37453028559684753
0.3745303750038147
0.3745303750038147
0.3745303750038147
0.37453022599220276
0.3745303452014923
0.37453028559684753
0.3745304048061371
0.3745303452014923
0.3745303153991699
0.37453028559684753
0.3745303452014923
0.3745303452014923
0.37453028559684753
0.3745303452014923
0.3745303153991699
0.3745303153991699
0.3745303153991699
0.3745303452014923
0.3745303452014923
0.3745303153991699
0.3745303452014923
0.37453028559684753
0.3745303750038147
0.3745303452014923
0.3745303153991699
0.37453028559684753
0.3745303452014923
0.3745303153991699
0.3745303153991699
0.3745303153991699
0.37453028559684753
0.37453028559684753
0.37453022599220276
0.37453028559684753
0.37453022599220276
0.37453022599220276
0.3745303750038147
0.37453022599220276
0.3745303452014923
0.37453028559684753
0.37453028559684753
0.3745303153991699
0.3745303452014923
0.3745303153991699
0.3745303153991699
0.37453028559684753
0.37453019618988037
0.37453022599220276
0.37453028559684753
0.37453028559684753
0.3745303452014923
0.3745303153991699
0.37453028559684753
0.37453022599220276
0.3745303153991699
0.3745303153991699
0.3745303153991699
0.37453022599220276
0.3745303153991699
0.3745303153991699
0.37453028559684753
0.37453028559684753
0.37453022599220276
0.3745303452014923
0.3745303153991699
0.3745303452014923
0.37453022599220276
0.37453028559684753
0.37453022599220276
0.37453028559684753
0.37453022599220276
0.37453028559684753
0.37453022599220276
0.3745303153991699
0.37453028559684753
0.37453019618988037
0.37453019618988037
0.3745303153991699
0.37453028559684753
0.37453028559684753
0.3745303452014923
0.37453028559684753
0.3745303153991699
0.37453022599220276
0.37453028559684753
0.37453022599220276
0.37453028559684753
0.3745303153991699
0.37453022599220276
0.3745303153991699
0.37453022599220276
0.37453022599220276
0.37453028559684753
0.37453022599220276
0.37453028559684753
0.37453028559684753
0.3745303452014923
0.37453022599220276
0.37453022599220276
0.3745303153991699
0.37453022599220276
0.37453028559684753
0.37453022599220276
0.37453022599220276
0.3745303153991699
0.3745303452014923
0.37453028559684753
0.37453022599220276
0.37453019618988037
0.37453028559684753
0.37453022599220276
0.37453028559684753
0.37453022599220276
0.37453019618988037
0.37453022599220276
0.37453019618988037
0.37453028559684753
0.37453028559684753
0.37453022599220276
0.37453019618988037
0.37453028559684753
0.37453022599220276
0.37453022599220276
0.37453019618988037
0.37453022599220276
0.37453022599220276
0.37453022599220276
0.37453019618988037
0.37453022599220276
0.37453019618988037
0.37453028559684753
0.37453019618988037
0.37453019618988037
0.37453028559684753
0.37453019618988037
0.374530166387558
0.37453022599220276
0.37453028559684753
0.37453022599220276
0.37453019618988037
0.37453022599220276
0.37453028559684753
0.37453019618988037
0.37453019618988037
0.37453019618988037
0.37453022599220276
0.37453022599220276
0.37453022599220276
0.37453028559684753
0.37453028559684753
0.37453022599220276
0.37453019618988037
0.37453019618988037
0.37453028559684753
0.3745303153991699
0.37453028559684753
0.37453022599220276
0.37453019618988037
0.37453019618988037
0.37453022599220276
0.37453019618988037
0.37453028559684753
0.37453019618988037
0.37453019618988037
0.374530166387558
0.37453022599220276
0.37453022599220276
0.37453019618988037
0.37453019618988037
0.3745303153991699
0.37453022599220276
0.37453019618988037
0.37453019618988037
0.37453022599220276
0.37453019618988037
0.37453019618988037
0.374530166387558
0.37453022599220276
0.37453022599220276
0.3745301365852356
0.374530166387558
0.374530166387558
0.37453019618988037
0.37453019618988037
0.374530166387558
0.374530166387558
0.37453022599220276
0.3745301365852356
0.37453019618988037
0.37453019618988037
0.37453019618988037
0.37453019618988037
0.37453019618988037
0.37453022599220276
0.37453028559684753
0.374530166387558
0.3745301365852356
0.37453019618988037
0.37453022599220276
0.3745301365852356
0.37453019618988037
0.374530166387558
0.374530166387558
0.37453019618988037
0.374530166387558
0.37453019618988037
0.374530166387558
0.37453019618988037
0.374530166387558
0.374530166387558
0.37453019618988037
0.37453022599220276
0.374530166387558
0.37453019618988037
0.374530166387558
0.37453019618988037
0.3745301365852356
0.37453019618988037
0.37453019618988037
0.3745301365852356
0.374530166387558
0.37453022599220276
0.37453019618988037
0.374530166387558
0.37453019618988037
0.37453019618988037
0.374530166387558
0.37453022599220276
