0.66893470287323
0.6350235939025879
0.6060728430747986
0.5804266333580017
0.5576925873756409
0.5367647409439087
0.5183800458908081
0.502368688583374
0.4881959855556488
0.47599729895591736
0.4649689793586731
0.45537862181663513
0.44702452421188354
0.4398490786552429
0.43318718671798706
0.42699486017227173
0.4217333197593689
0.41704392433166504
0.4127434194087982
0.4092595875263214
0.40597379207611084
0.40290817618370056
0.4003666639328003
0.39794111251831055
0.39598751068115234
0.3941880464553833
0.39273253083229065
0.3914789855480194
0.39051544666290283
0.38962048292160034
0.3890114426612854
0.38832780718803406
0.3880474865436554
0.38743242621421814
0.38711774349212646
0.38665491342544556
0.3864240050315857
0.3862422704696655
0.3860326409339905
0.3857581615447998
0.38565564155578613
0.3856040835380554
0.38538074493408203
0.3853685259819031
0.3849957287311554
0.3851676285266876
0.3849443793296814
0.3848279118537903
0.3845904469490051
0.3846559226512909
0.3848533630371094
0.38453876972198486
0.3843202292919159
0.38423386216163635
0.384139746427536
0.3839905858039856
0.38406991958618164
0.38384756445884705
0.3838285207748413
0.38368216156959534
0.3838788568973541
0.3835582137107849
0.38342714309692383
0.38328051567077637
0.3832314610481262
0.3832148611545563
0.3832787275314331
0.38309165835380554
0.3831912875175476
0.383046418428421
0.38305097818374634
0.3830392360687256
0.38292667269706726
0.38298705220222473
0.38284850120544434
0.3827957212924957
0.3828989267349243
0.3827749490737915
0.38278886675834656
0.38262689113616943
0.38269466161727905
0.38265329599380493
0.38265395164489746
0.38269922137260437
0.3824920654296875
0.382490336894989
0.38266465067863464
0.38251474499702454
0.3823882043361664
0.38236087560653687
0.382426917552948
0.38231196999549866
0.3824104368686676
0.3822553753852844
0.38231712579727173
0.3822169303894043
0.3822934925556183
0.38222017884254456
0.38223719596862793
0.3821945786476135
0.3822903633117676
0.3822334110736847
0.3821609914302826
0.3821145296096802
0.38204050064086914
0.38198035955429077
0.3820497691631317
0.3819403350353241
0.38194334506988525
0.38220304250717163
0.381916344165802
0.38186678290367126
0.3817911148071289
0.3819865882396698
0.381904274225235
0.38184598088264465
0.381822794675827
0.38175347447395325
0.3818218410015106
0.38185644149780273
0.38172170519828796
0.381848007440567
0.3817845582962036
0.3816926181316376
0.38166841864585876
0.3816714882850647
0.38158515095710754
0.3817388117313385
0.38158056139945984
0.3816458284854889
0.3816525340080261
0.3817085325717926
0.38158124685287476
0.3816283941268921
0.38148146867752075
0.381514310836792
0.3814859986305237
0.38162076473236084
0.38155725598335266
0.38149675726890564
0.38139811158180237
0.38162851333618164
0.3814118802547455
0.3813480734825134
0.3815440535545349
0.38132306933403015
0.38137930631637573
0.38118109107017517
0.38132354617118835
0.3812482953071594
0.38120701909065247
0.3812788128852844
0.38117220997810364
0.3812372386455536
0.3811548948287964
0.38121867179870605
0.3811284899711609
0.38112303614616394
0.3811267912387848
0.38107797503471375
0.3811119496822357
0.3809836506843567
0.3809812664985657
0.38108256459236145
0.3808000981807709
0.3809385895729065
0.38083362579345703
0.38091278076171875
0.38081368803977966
0.3807101249694824
0.38072827458381653
0.3807370364665985
0.38076892495155334
0.38068607449531555
0.3808041512966156
0.3806627094745636
0.380654901266098
0.38050344586372375
0.38044804334640503
0.3805127739906311
0.380703866481781
0.38044944405555725
0.3804672360420227
0.38043829798698425
0.3803894817829132
0.3803729712963104
0.3804986774921417
0.3802865743637085
0.3803906738758087
0.38029295206069946
0.38023534417152405
0.3802197277545929
0.3802536725997925
0.38020288944244385
0.380132794380188
0.38020461797714233
0.3801586627960205
0.3803628981113434
0.38046225905418396
0.38011449575424194
0.3800763487815857
0.3801370859146118
0.3800666630268097
0.38004082441329956
0.3799901604652405
0.3800516724586487
0.37999221682548523
0.3800225853919983
0.3801406919956207
0.3798631727695465
0.3798903524875641
0.3798830509185791
0.37998977303504944
0.37986308336257935
0.37981295585632324
0.37973925471305847
0.37980082631111145
0.3797995150089264
0.3798355758190155
0.37974923849105835
0.3798118829727173
0.3797281086444855
0.3796868622303009
0.37968772649765015
0.3797447979450226
0.37966832518577576
0.3795487582683563
0.3796151578426361
0.37959662079811096
0.37963688373565674
0.37955814599990845
0.37953436374664307
0.37946346402168274
0.37950676679611206
0.379563570022583
0.37963733077049255
0.37939584255218506
0.37948015332221985
0.3793804347515106
0.37944477796554565
0.37936127185821533
0.37933048605918884
0.3794552683830261
0.37925827503204346
0.37926068902015686
0.3791692554950714
0.3792894184589386
0.3792508840560913
0.37914547324180603
0.37918248772621155
0.37906932830810547
0.3791132867336273
0.3790903687477112
0.37891528010368347
0.3789445757865906
0.3788761496543884
0.3789040148258209
0.37881913781166077
0.3787705898284912
0.3786360025405884
0.3786395490169525
0.3786099851131439
0.37866878509521484
0.3788624703884125
0.3784990906715393
0.37860915064811707
0.3784312307834625
0.37844374775886536
0.3783619701862335
0.3782629668712616
0.37826642394065857
0.37827014923095703
0.37835782766342163
0.3781929314136505
0.3781074285507202
0.37823623418807983
0.3780340850353241
0.37810665369033813
0.37809717655181885
0.3781289756298065
0.37802404165267944
0.3779333829879761
0.377871572971344
0.3779779076576233
0.3779008984565735
0.377835750579834
0.37792086601257324
0.37794482707977295
0.3778066635131836
0.37786388397216797
0.3777194023132324
0.37777528166770935
0.37773171067237854
0.37770766019821167
0.37765035033226013
0.37764012813568115
0.37755319476127625
0.377653568983078
0.377550333738327
0.3774333894252777
0.3773766756057739
0.377400666475296
0.3774210512638092
0.3772743344306946
0.3773173987865448
0.3773594796657562
0.3772960305213928
0.3771871030330658
0.3772372603416443
0.3771924674510956
0.3772261440753937
0.3773585855960846
0.37747740745544434
0.37701156735420227
0.3773689866065979
0.3771266043186188
0.3771270215511322
0.37727075815200806
0.37703391909599304
0.37708908319473267
0.3770337700843811
0.3768303394317627
0.3769127428531647
0.3768523931503296
0.37682780623435974
0.3769564926624298
0.376986026763916
0.3770191967487335
0.37681815028190613
0.3766743838787079
0.3765897750854492
0.37655654549598694
0.3765728175640106
0.376522034406662
0.3765077292919159
0.3764835596084595
0.3764651417732239
0.37645554542541504
0.3765404224395752
0.37648218870162964
0.37643855810165405
0.376435786485672
0.37642669677734375
0.3764541745185852
0.37644529342651367
0.3764236867427826
0.3763759136199951
0.3763749897480011
0.3763722777366638
0.37632036209106445
0.37632572650909424
0.3763386309146881
0.3762626349925995
0.37642449140548706
0.3763620853424072
0.37631186842918396
0.37622925639152527
0.37628456950187683
0.37631288170814514
0.37626931071281433
0.3762023150920868
0.37622931599617004
0.3762149512767792
0.3762211203575134
0.3762425482273102
0.37614959478378296
0.37617093324661255
0.37626999616622925
0.37606576085090637
0.37611714005470276
0.3760816156864166
0.37615951895713806
0.37610501050949097
0.3761138617992401
0.37614360451698303
0.3760735094547272
0.3760739266872406
0.37609127163887024
0.3760749101638794
0.3761090636253357
0.376062273979187
0.3759891390800476
0.37603896856307983
0.37599530816078186
0.3759938180446625
0.37605252861976624
0.3759711980819702
0.375919908285141
0.3759479820728302
0.37593433260917664
0.37593603134155273
0.3758961260318756
0.37591686844825745
0.37592944502830505
0.3758727014064789
0.37586072087287903
0.37584739923477173
0.37589335441589355
0.3758608102798462
0.3758528530597687
0.3758232593536377
0.3758111298084259
0.3758026957511902
0.37580356001853943
0.3758390545845032
0.37576553225517273
0.37583813071250916
0.37583303451538086
0.37576988339424133
0.37575241923332214
0.3757295608520508
0.3757314085960388
0.37568143010139465
0.375744104385376
0.3757019639015198
0.3756807744503021
0.3757294714450836
0.37565362453460693
0.3756611943244934
0.3756788372993469
0.375596284866333
0.375680536031723
0.37560948729515076
0.37563517689704895
0.375598281621933
0.37561148405075073
0.37557777762413025
0.3755131661891937
0.3755289614200592
0.3755539059638977
0.37543192505836487
0.3754207193851471
0.3754468858242035
0.37540337443351746
0.3754130005836487
0.3753837049007416
0.3754250407218933
0.37535423040390015
0.3753792643547058
0.37538278102874756
0.3753145933151245
0.37531736493110657
0.37533295154571533
0.37540289759635925
0.3753495514392853
0.3753024935722351
0.3753070831298828
0.37527790665626526
0.3752767741680145
0.37525999546051025
0.37523484230041504
0.3752576410770416
0.3752405345439911
0.37522733211517334
0.37521955370903015
0.3751850128173828
0.37523162364959717
0.3752026855945587
0.3751833140850067
0.3752237856388092
0.3751722276210785
0.3751828372478485
0.3751455843448639
0.37519991397857666
0.37514346837997437
0.37514132261276245
0.3751261532306671
0.3751407861709595
0.3751296103000641
0.3751141428947449
0.37509679794311523
0.37510427832603455
0.37510642409324646
0.3751222789287567
0.3750845491886139
0.3750891089439392
0.375090092420578
0.37510356307029724
0.37507373094558716
0.37509503960609436
0.37506672739982605
0.37507858872413635
0.3750152885913849
0.37503039836883545
0.37503963708877563
0.37503308057785034
0.3750377297401428
0.3750188648700714
0.37502536177635193
0.3749888837337494
0.3749745786190033
0.37496358156204224
0.3750114440917969
0.3749617338180542
0.37494680285453796
0.3749415874481201
0.37496617436408997
0.3749293386936188
0.37494221329689026
0.3749108612537384
0.37490880489349365
0.37489473819732666
0.37492141127586365
0.37489813566207886
0.3748800754547119
0.37490344047546387
0.37485575675964355
0.37488946318626404
0.3748917877674103
0.37488478422164917
0.3748372197151184
0.3748372495174408
0.37484341859817505
0.37492063641548157
0.37483108043670654
0.3748180866241455
0.37480953335762024
0.3747886121273041
0.374767929315567
0.37478557229042053
0.3747881352901459
0.3747726082801819
0.3747940957546234
0.37473371624946594
0.3747839629650116
0.37473535537719727
0.37476837635040283
0.37470927834510803
0.3747000992298126
0.37471461296081543
0.3746711015701294
0.37466520071029663
0.37466156482696533
0.37467527389526367
0.3746466040611267
0.3746483325958252
0.374631404876709
0.37464022636413574
0.37464672327041626
0.374674528837204
0.3746406137943268
0.37463265657424927
0.3746323585510254
0.3746178150177002
0.3746097683906555
0.3746057450771332
0.37459465861320496
0.3746013343334198
0.37459832429885864
0.37458378076553345
0.3746300935745239
0.3745824992656708
0.3745874762535095
0.3745690584182739
0.37457790970802307
0.37458160519599915
0.37456148862838745
0.37456485629081726
0.3745684027671814
0.3745472729206085
0.37454524636268616
0.37453681230545044
0.3745517134666443
0.37453678250312805
0.3745340406894684
0.3745240569114685
0.3745201826095581
0.3745300769805908
0.3744999170303345
0.3745039403438568
0.3745041787624359
0.37448495626449585
0.3745269775390625
0.37447869777679443
0.3744922876358032
0.37447407841682434
0.37449973821640015
0.3744856119155884
0.3744792938232422
0.3744712173938751
0.3744564652442932
0.3744584918022156
0.37444594502449036
0.3744449019432068
0.37447208166122437
0.37443894147872925
0.37445375323295593
0.3744277060031891
0.3744332194328308
0.3744269013404846
0.37442290782928467
0.3744140565395355
0.3744165897369385
0.37440916895866394
0.37442290782928467
0.37440571188926697
0.3743981719017029
0.37438833713531494
0.3743906319141388
0.3743849992752075
0.3743806779384613
0.37438368797302246
0.3743881285190582
0.37439170479774475
0.3743756413459778
0.3743668496608734
0.37438899278640747
0.37436020374298096
0.3743645250797272
0.3743567168712616
0.3743712604045868
0.37434878945350647
0.37434113025665283
0.37434202432632446
0.3743421137332916
0.3743411898612976
0.3743460476398468
0.37432608008384705
0.3743251860141754
0.3743274211883545
0.37432432174682617
0.37431174516677856
0.37430429458618164
0.37431299686431885
0.37433475255966187
0.37430113554000854
0.37431037425994873
0.3742997348308563
0.37429526448249817
0.37428006529808044
0.3742690980434418
0.37426021695137024
0.37426504492759705
0.37426087260246277
0.3742622137069702
0.374258816242218
0.3742586374282837
0.37425291538238525
0.37425822019577026
0.3742573857307434
0.374256432056427
0.37424564361572266
0.37424808740615845
0.37425297498703003
0.37424176931381226
0.3742431700229645
0.3742404282093048
0.37423813343048096
0.3742418587207794
0.3742307126522064
0.3742327392101288
0.37423694133758545
0.3742246627807617
0.37422919273376465
0.3742295503616333
0.3742412328720093
0.3742198944091797
0.37421754002571106
0.37421756982803345
0.37422478199005127
0.3742183446884155
0.3742181360721588
0.3742152452468872
0.37421512603759766
0.37421274185180664
0.3742147982120514
0.37420815229415894
0.374210000038147
0.3742048442363739
0.3742053508758545
0.37420326471328735
0.3742038607597351
0.37419795989990234
0.37420567870140076
0.3741949498653412
0.374193400144577
0.3741912543773651
0.3741973042488098
0.37419527769088745
0.3741897642612457
0.3741878569126129
0.37418410181999207
0.37419041991233826
0.3741798400878906
0.3741883933544159
0.37418702244758606
0.37418290972709656
0.3741763234138489
0.3741759955883026
0.3741745054721832
0.37419092655181885
0.37417593598365784
0.3741736114025116
0.3741680383682251
0.37417078018188477
0.3741690218448639
0.37417054176330566
0.37416234612464905
0.3741614520549774
0.37416186928749084
0.3741583824157715
0.3741593658924103
0.37415987253189087
0.37415793538093567
0.3741568326950073
0.3741549849510193
0.3741507828235626
0.37414875626564026
0.37414637207984924
0.37415170669555664
0.37414395809173584
0.374144583940506
0.37414151430130005
0.3741472065448761
0.37414324283599854
0.3741326332092285
0.37413489818573
0.3741337060928345
0.3741355836391449
0.37413620948791504
0.3741337060928345
0.37413427233695984
0.3741244673728943
0.3741397261619568
0.3741300702095032
0.37412023544311523
0.37411969900131226
0.3741194009780884
0.37412476539611816
0.37411198019981384
0.37411072850227356
0.37410545349121094
0.3741053342819214
0.37410712242126465
0.3741070628166199
0.3741130828857422
0.3741060495376587
0.37410682439804077
0.37410199642181396
0.3741002082824707
0.37410107254981995
0.374098539352417
0.37410035729408264
0.37410107254981995
0.3741011917591095
0.3741011917591095
0.3740984797477722
0.374095618724823
0.3740931749343872
0.37409698963165283
0.37409257888793945
0.3740929961204529
0.3740985095500946
0.37409716844558716
0.3740953505039215
0.3741065263748169
0.37409019470214844
0.3740881085395813
0.3740881383419037
0.3740979731082916
0.37408778071403503
0.3740870952606201
0.3740861415863037
0.37408557534217834
0.3740867078304291
0.37408268451690674
0.37408262491226196
0.37408363819122314
0.3740830421447754
0.3740820288658142
0.37408146262168884
0.374097615480423
0.37408074736595154
0.3740784525871277
0.3740779459476471
0.3740786910057068
0.3740769624710083
0.37407562136650085
0.3740789294242859
0.3740736246109009
0.3740732669830322
0.3740747570991516
0.3740730285644531
0.37407171726226807
0.37407439947128296
0.37406986951828003
0.37407347559928894
0.3740682005882263
0.3740690350532532
0.3740690350532532
0.3740672171115875
0.37406861782073975
0.37406906485557556
0.3740656077861786
0.3740660548210144
0.3740721046924591
0.37406790256500244
0.37406137585639954
0.37406250834465027
0.374063104391098
0.37406209111213684
0.3740604519844055
0.3740602135658264
0.37405917048454285
0.3740600049495697
0.37405848503112793
0.37405988574028015
0.3740578889846802
0.3740565776824951
0.37405332922935486
0.3740532398223877
0.37405380606651306
0.37405332922935486
0.374051570892334
0.3740542232990265
0.3740515410900116
0.374051034450531
0.37404775619506836
0.37405136227607727
0.37405070662498474
0.374047189950943
0.3740461766719818
0.37404876947402954
0.37405112385749817
0.37404486536979675
0.3740481734275818
0.3740423917770386
0.3740416467189789
0.3740427494049072
0.37404724955558777
0.374036580324173
0.3740364909172058
0.37403589487075806
0.37403571605682373
0.374036967754364
0.37403514981269836
0.3740347921848297
0.37403619289398193
0.3740360140800476
0.3740399479866028
0.37403225898742676
0.37403205037117004
0.3740376830101013
0.3740333616733551
0.3740326166152954
0.3740348815917969
0.3740326464176178
0.3740338385105133
0.3740319311618805
0.37403404712677
0.3740309476852417
0.3740306496620178
0.374028742313385
0.37403175234794617
0.37402966618537903
0.37402889132499695
0.3740289807319641
0.3740282356739044
0.3740280866622925
0.3740294277667999
0.3740288019180298
0.37402772903442383
0.37402665615081787
0.3740261197090149
0.37402576208114624
0.37402966618537903
0.3740248680114746
0.37402528524398804
0.37402406334877014
0.3740273416042328
0.37402433156967163
0.3740239441394806
0.37402501702308655
0.3740238547325134
0.3740217387676239
0.374022901058197
0.3740214407444
0.37402427196502686
0.374021053314209
0.3740193545818329
0.37402138113975525
0.37401992082595825
0.37402069568634033
0.37402185797691345
0.3740191161632538
0.37401899695396423
0.3740183711051941
0.3740200698375702
0.3740169107913971
0.3740173578262329
0.37401682138442993
0.374016672372818
0.374015748500824
0.37401697039604187
0.3740147352218628
0.3740139305591583
0.37401553988456726
0.3740222156047821
0.3740137815475464
0.37401753664016724
0.37401264905929565
0.37401270866394043
0.37401214241981506
0.3740123212337494
0.37401193380355835
0.37401270866394043
0.3740125894546509
0.3740113079547882
0.3740099370479584
0.3740103840827942
0.3740100562572479
0.3740154504776001
0.37400802969932556
0.37400898337364197
0.37400883436203003
0.37400802969932556
0.37400662899017334
0.37400537729263306
0.3740052878856659
0.3740066587924957
0.37400510907173157
0.37401464581489563
0.3740053176879883
0.3740043044090271
0.37400418519973755
0.3740028738975525
0.37400320172309875
0.37400299310684204
0.3740023970603943
0.3740002512931824
0.37399986386299133
0.37399911880493164
0.37399905920028687
0.37399953603744507
0.3740007281303406
0.37399837374687195
0.37399768829345703
0.3739982843399048
0.3739997446537018
0.3739963471889496
0.3739977180957794
0.37399762868881226
0.37399691343307495
0.37399786710739136
0.37399694323539734
0.37399566173553467
0.37399595975875854
0.3739968538284302
0.3739958107471466
0.373994916677475
0.3739956021308899
0.37399542331695557
0.3739956021308899
0.37399575114250183
0.3739948868751526
0.37399423122406006
0.3739947974681854
0.37399354577064514
0.37399378418922424
0.3739936649799347
0.37399402260780334
0.3739926517009735
0.3739970028400421
0.3739928901195526
0.3739946782588959
0.3739919662475586
0.3739928901195526
0.37399202585220337
0.3739915192127228
0.37399381399154663
0.3739914298057556
0.373991459608078
0.37399137020111084
0.3739915192127228
0.37399110198020935
0.3739894926548004
0.37399086356163025
0.3739904463291168
0.3739907741546631
0.37398961186408997
0.37399008870124817
0.3739895224571228
0.37398940324783325
0.37398937344551086
0.3739885985851288
0.37398818135261536
0.37398844957351685
0.3739878237247467
0.3739883601665497
0.37398821115493774
0.3739872872829437
0.37398698925971985
0.37398776412010193
0.37398675084114075
0.37398770451545715
0.37398621439933777
0.37399035692214966
0.37398582696914673
0.3739859163761139
0.3739851713180542
0.37398526072502136
0.3739856481552124
0.37398776412010193
0.37398552894592285
0.3739853799343109
0.37398386001586914
0.37398427724838257
0.373983770608902
0.3739832639694214
0.3739836812019348
0.37398380041122437
0.373982697725296
0.3739825189113617
0.3739829361438751
0.37398314476013184
0.37398192286491394
0.3739822208881378
0.3739812672138214
0.37398165464401245
0.37398266792297363
0.3739809989929199
0.373981773853302
0.3739822804927826
0.3739815652370453
0.37398263812065125
0.37397971749305725
0.3739798665046692
0.37397947907447815
0.3739798367023468
0.37397879362106323
0.37397781014442444
0.37397781014442444
0.37397781014442444
0.37397798895835876
0.373977392911911
0.37397751212120056
0.3739778995513916
0.37397709488868713
0.3739771544933319
0.3739771246910095
0.3739771842956543
0.3739767372608185
0.3739767372608185
0.3739766776561737
0.3739764392375946
0.37397658824920654
0.3739764392375946
0.3739762008190155
0.3739767372608185
0.3739761412143707
0.373975932598114
0.3739757537841797
0.3739761710166931
0.3739754557609558
0.37397536635398865
0.37397557497024536
0.3739757835865021
0.37397539615631104
0.3739752769470215
0.37397512793540955
0.37397509813308716
0.3739749789237976
0.37397468090057373
0.37397468090057373
0.37397444248199463
0.37397459149360657
0.37397485971450806
0.37397417426109314
0.37397500872612
0.3739742934703827
0.3739743232727051
0.3739738464355469
0.3739745318889618
0.3739737272262573
0.3739737570285797
0.3739740550518036
0.37397339940071106
0.3739736080169678
0.3739732503890991
0.37397345900535583
0.37397319078445435
0.37397342920303345
0.37397301197052
0.3739728629589081
0.37397295236587524
0.37397271394729614
0.3739732503890991
0.3739725351333618
0.3739725649356842
0.37397244572639465
0.3739723563194275
0.37397223711013794
0.3739720582962036
0.37397247552871704
0.37397250533103943
0.3739721477031708
0.37397220730781555
0.3739716708660126
0.3739728331565857
0.3739716708660126
0.3739716708660126
0.37397170066833496
0.3739715814590454
0.3739711344242096
0.3739713132381439
0.37397119402885437
0.37397146224975586
0.3739708662033081
0.3739713132381439
0.37397071719169617
0.37397071719169617
0.3739716708660126
0.37397071719169617
0.3739703893661499
0.37397250533103943
0.3739702105522156
0.37397047877311707
0.37397000193595886
0.373970091342926
0.3739708364009857
0.373969703912735
0.37396955490112305
0.37396949529647827
0.37396925687789917
0.3739694654941559
0.37396910786628723
0.3739691376686096
0.3739691376686096
0.37396931648254395
0.3739697337150574
0.3739687204360962
0.3739684522151947
0.37396830320358276
0.37396833300590515
0.37396812438964844
0.3739681541919708
0.3739682137966156
0.373968243598938
0.37396806478500366
0.3739681541919708
0.3739684522151947
0.37396788597106934
0.3739679157733917
0.3739679753780365
0.3739677965641022
0.37396785616874695
0.37396806478500366
0.37396761775016785
0.37396761775016785
0.37396761775016785
0.37396737933158875
0.3739676773548126
0.3739677369594574
0.37396764755249023
0.3739674389362335
0.3739675283432007
0.3739675283432007
0.3739672899246216
0.37396717071533203
0.3739675283432007
0.37396714091300964
0.3739670217037201
0.3739669620990753
0.37396714091300964
0.3739668130874634
0.3739670217037201
0.373966783285141
0.37396687269210815
0.3739665746688843
0.37396663427352905
0.3739668130874634
0.3739667236804962
0.3739664554595947
0.3739663362503052
0.3739668130874634
0.3739665746688843
0.37396669387817383
0.37396663427352905
0.3739664852619171
0.37396612763404846
0.37396639585494995
0.37396636605262756
0.37396612763404846
0.3739660680294037
0.37396594882011414
0.3739664554595947
0.37396594882011414
0.3739660382270813
0.3739660382270813
0.373965859413147
0.37396591901779175
0.37396565079689026
0.3739655613899231
0.3739655613899231
0.3739657700061798
0.3739655315876007
0.37396547198295593
0.37396562099456787
0.3739655315876007
0.373965322971344
0.3739652633666992
0.373965322971344
0.37396514415740967
0.37396517395973206
0.3739650845527649
0.37396499514579773
0.373965322971344
0.37396499514579773
0.37396496534347534
0.37396538257598877
0.3739648461341858
0.37396469712257385
0.37396493554115295
0.373964786529541
0.3739646375179291
0.3739645481109619
0.37396445870399475
0.3739645481109619
0.37396445870399475
0.37396445870399475
0.3739646077156067
0.3739642798900604
0.37396469712257385
0.3739643096923828
0.3739646077156067
0.3739642798900604
0.37396442890167236
0.3739640414714813
0.37396395206451416
0.3739640414714813
0.37396377325057983
0.37396377325057983
0.37396374344825745
0.37396371364593506
0.3739636540412903
0.3739635944366455
0.3739635646343231
0.3739638030529022
0.3739635944366455
0.37396353483200073
0.37396347522735596
0.37396371364593506
0.3739634156227112
0.37396347522735596
0.3739633560180664
0.3739633560180664
0.373963326215744
0.373963326215744
0.373963326215744
0.37396326661109924
0.3739633560180664
0.3739633560180664
0.37396323680877686
0.37396326661109924
0.37396326661109924
0.3739631772041321
0.3739631772041321
0.3739631772041321
0.3739633858203888
0.3739631175994873
0.37396299839019775
0.37396305799484253
0.37396302819252014
0.3739630877971649
0.3739629089832306
0.37396299839019775
0.3739628791809082
0.3739628493785858
0.3739629089832306
0.3739628195762634
0.3739628195762634
0.3739628195762634
0.3739628791809082
0.37396278977394104
0.3739629089832306
0.3739626705646515
0.3739626407623291
0.3739627003669739
0.37396278977394104
0.37396273016929626
0.3739626109600067
0.3739626407623291
0.3739626109600067
0.3739623725414276
0.37396249175071716
0.37396255135536194
0.3739624619483948
0.3739624619483948
0.3739624321460724
0.3739623725414276
0.3739624321460724
0.37396240234375
0.37396255135536194
0.3739624321460724
0.3739621937274933
0.3739624321460724
0.3739621937274933
0.3739622235298157
0.3739621043205261
0.3739621937274933
0.3739622235298157
0.3739621937274933
0.37396201491355896
0.3739621937274933
0.37396225333213806
0.37396201491355896
0.3739621937274933
0.3739624321460724
0.37396207451820374
0.3739619553089142
0.3739619851112366
0.3739619553089142
0.37396201491355896
0.3739618957042694
0.3739619255065918
0.3739619255065918
0.37396174669265747
0.37396174669265747
0.37396174669265747
0.373961865901947
0.3739616870880127
0.37396156787872314
0.37396174669265747
0.3739616274833679
0.3739616870880127
0.37396156787872314
0.3739617168903351
0.373961478471756
0.37396150827407837
0.3739616572856903
0.37396132946014404
0.37396132946014404
0.37396132946014404
0.3739613890647888
0.3739613890647888
0.37396132946014404
0.37396132946014404
0.37396129965782166
0.37396129965782166
0.37396129965782166
0.37396132946014404
0.37396126985549927
0.3739612400531769
0.3739612400531769
0.3739612400531769
0.3739612102508545
0.3739612102508545
0.3739611506462097
0.3739612400531769
0.3739612102508545
0.3739611804485321
0.3739612400531769
0.3739611506462097
0.3739611804485321
0.37396109104156494
0.37396109104156494
0.37396109104156494
0.3739611506462097
0.37396106123924255
0.37396106123924255
0.3739610016345978
0.37396109104156494
0.37396109104156494
0.3739609718322754
0.3739610016345978
0.37396103143692017
0.3739610016345978
0.3739609718322754
0.3739609718322754
0.373960942029953
0.373960942029953
0.3739608824253082
0.3739610016345978
0.3739608824253082
0.373960942029953
0.3739609718322754
0.373960942029953
0.37396082282066345
0.373960942029953
0.37396082282066345
0.3739607334136963
0.37396085262298584
0.37396079301834106
0.37396079301834106
0.37396082282066345
0.37396079301834106
0.37396079301834106
0.37396079301834106
0.3739607632160187
0.3739607036113739
0.3739607334136963
0.3739607036113739
0.3739606440067291
0.3739607036113739
0.3739607632160187
0.3739607632160187
0.3739607334136963
0.3739607036113739
0.37396061420440674
0.37396061420440674
0.37396055459976196
0.37396058440208435
0.3739607632160187
0.3739604949951172
0.37396058440208435
0.3739604949951172
0.3739604949951172
0.37396055459976196
0.3739604949951172
0.3739605247974396
0.37396058440208435
0.3739604651927948
0.37396037578582764
0.3739604949951172
0.37396031618118286
0.37396037578582764
0.3739604651927948
0.37396037578582764
0.3739604651927948
0.3739604651927948
0.37396037578582764
0.3739604651927948
0.3739602863788605
0.37396040558815
0.37396031618118286
0.37396031618118286
0.37396031618118286
0.3739602863788605
0.37396031618118286
0.37396034598350525
0.3739602565765381
0.37396013736724854
0.3739601671695709
0.3739601969718933
0.3739601671695709
0.3739602565765381
0.37396013736724854
0.3739601671695709
0.3739601671695709
0.37396010756492615
0.37396013736724854
0.37396013736724854
0.37396010756492615
0.3739601671695709
0.3739601969718933
0.37396007776260376
0.37396013736724854
0.37396013736724854
0.37396013736724854
0.37396004796028137
0.37396007776260376
0.37396010756492615
0.37396007776260376
0.37396007776260376
0.37396004796028137
0.37396004796028137
0.373960018157959
0.373960018157959
0.3739599585533142
0.37396007776260376
0.3739599585533142
0.373960018157959
0.37396007776260376
0.37396007776260376
0.3739599585533142
0.3739599585533142
0.37396004796028137
0.3739599585533142
0.3739599585533142
0.3739599585533142
0.373960018157959
0.3739599287509918
0.3739599585533142
0.3739599585533142
0.3739599585533142
0.3739599585533142
0.3739599585533142
0.3739599287509918
0.3739599585533142
0.3739599287509918
0.3739599287509918
0.3739599287509918
0.3739599585533142
0.37395989894866943
0.37395989894866943
0.37395986914634705
0.3739599287509918
0.37395986914634705
0.37395989894866943
0.37395989894866943
0.37395986914634705
0.37395989894866943
0.37395986914634705
0.37395989894866943
0.3739599287509918
0.37395980954170227
0.37395983934402466
0.37395986914634705
0.37395980954170227
0.37395983934402466
0.37395983934402466
0.37395980954170227
0.37395983934402466
0.3739597797393799
0.37395980954170227
0.37395983934402466
0.3739597797393799
0.3739599287509918
0.3739597797393799
0.3739597201347351
0.3739597201347351
0.3739597797393799
0.3739597797393799
0.3739597201347351
0.3739596903324127
0.3739597201347351
0.3739596903324127
0.3739597797393799
0.37395983934402466
0.3739596903324127
0.3739596903324127
0.37395980954170227
0.37395966053009033
0.3739596903324127
0.3739596903324127
0.3739596903324127
0.3739596903324127
0.3739597201347351
0.37395966053009033
0.37395963072776794
0.3739596903324127
0.37395966053009033
0.37395963072776794
0.37395960092544556
0.37395963072776794
0.37395966053009033
0.37395963072776794
0.37395966053009033
0.37395966053009033
0.37395966053009033
0.37395963072776794
0.37395960092544556
0.37395963072776794
0.37395963072776794
0.37395957112312317
0.37395960092544556
0.37395957112312317
0.37395963072776794
0.37395960092544556
0.37395957112312317
0.37395957112312317
0.3739595413208008
0.37395957112312317
0.37395957112312317
0.37395960092544556
0.3739595413208008
0.37395957112312317
0.373959481716156
0.37395957112312317
0.3739595413208008
0.3739595413208008
0.3739595413208008
0.37395960092544556
0.37395957112312317
0.37395957112312317
0.3739595413208008
0.37395960092544556
0.373959481716156
0.3739595413208008
0.37395960092544556
0.373959481716156
0.37395957112312317
0.37395957112312317
0.3739595413208008
0.373959481716156
0.3739595413208008
0.37395957112312317
0.373959481716156
0.3739595413208008
0.3739594519138336
0.373959481716156
0.3739594519138336
0.373959481716156
0.37395957112312317
0.3739594519138336
0.3739595413208008
0.3739594519138336
0.37395957112312317
0.373959481716156
0.3739595413208008
0.373959481716156
0.37395957112312317
0.373959481716156
0.373959481716156
0.373959481716156
0.3739594519138336
0.373959481716156
0.3739594519138336
0.373959481716156
0.373959481716156
0.3739594519138336
0.3739594519138336
0.3739594519138336
0.373959481716156
0.3739594519138336
0.3739594519138336
0.373959481716156
0.37395942211151123
0.3739594519138336
0.3739594519138336
0.37395942211151123
0.3739594519138336
0.373959481716156
0.3739594519138336
0.37395942211151123
0.37395942211151123
0.37395936250686646
0.3739594519138336
0.3739594519138336
0.37395942211151123
0.37395942211151123
0.3739594519138336
0.37395936250686646
0.37395939230918884
0.37395939230918884
0.37395939230918884
0.37395939230918884
0.37395936250686646
0.37395939230918884
0.37395936250686646
0.3739594519138336
0.37395936250686646
0.37395939230918884
0.37395936250686646
0.37395942211151123
0.37395942211151123
0.37395936250686646
0.37395939230918884
0.37395936250686646
0.37395936250686646
0.37395933270454407
0.37395936250686646
0.37395933270454407
0.37395933270454407
0.37395936250686646
0.37395939230918884
0.37395939230918884
0.37395936250686646
0.37395936250686646
0.37395942211151123
0.37395942211151123
0.37395939230918884
0.3739592730998993
0.3739592730998993
0.37395942211151123
0.37395933270454407
0.37395933270454407
0.37395933270454407
0.37395933270454407
0.37395933270454407
0.37395933270454407
0.37395939230918884
0.3739592432975769
0.37395939230918884
0.37395933270454407
0.37395936250686646
0.37395933270454407
0.3739592730998993
0.37395939230918884
0.3739592730998993
0.37395933270454407
0.37395936250686646
0.3739592730998993
0.3739592730998993
0.37395939230918884
0.3739592432975769
0.37395933270454407
0.3739592730998993
0.3739592730998993
0.37395936250686646
0.37395936250686646
0.37395933270454407
0.37395933270454407
0.37395936250686646
0.3739592432975769
0.3739592432975769
0.3739592730998993
0.37395933270454407
0.3739592730998993
0.3739592730998993
0.3739592432975769
0.3739592730998993
0.3739592730998993
0.3739592730998993
0.37395933270454407
0.3739592730998993
0.3739592432975769
0.3739592730998993
0.37395933270454407
0.3739592432975769
0.3739592730998993
0.3739592730998993
0.3739592730998993
0.3739592730998993
0.37395936250686646
0.3739592432975769
0.3739592730998993
0.37395933270454407
0.3739592432975769
0.3739592432975769
0.3739592432975769
0.3739592432975769
0.3739592432975769
0.3739592432975769
0.3739592730998993
0.3739592432975769
0.3739592134952545
0.3739592432975769
0.3739592432975769
0.3739592134952545
0.3739592134952545
0.3739592432975769
0.3739592432975769
0.3739592134952545
0.3739592134952545
0.37395915389060974
0.3739592730998993
0.3739592432975769
0.37395918369293213
0.37395918369293213
0.3739592432975769
0.3739592134952545
0.3739592134952545
0.3739592432975769
0.3739592432975769
0.37395918369293213
0.3739592432975769
0.3739592432975769
0.3739592134952545
0.3739592134952545
0.3739592134952545
0.37395918369293213
0.3739592134952545
0.3739592134952545
0.3739592134952545
0.3739592432975769
0.37395918369293213
0.37395915389060974
0.3739592134952545
0.3739592134952545
0.3739592432975769
0.3739592134952545
0.37395912408828735
0.37395915389060974
0.37395918369293213
0.37395918369293213
0.37395915389060974
0.3739592134952545
0.37395915389060974
0.37395918369293213
0.37395915389060974
0.37395915389060974
0.37395915389060974
0.37395915389060974
0.37395918369293213
0.37395915389060974
0.3739592432975769
0.37395915389060974
0.37395912408828735
0.37395915389060974
0.37395918369293213
0.37395912408828735
0.37395918369293213
0.37395918369293213
0.37395915389060974
0.37395918369293213
0.3739592134952545
0.37395915389060974
0.37395912408828735
0.37395915389060974
0.37395915389060974
0.37395915389060974
0.37395915389060974
0.37395915389060974
0.37395912408828735
0.37395912408828735
0.37395912408828735
0.37395912408828735
0.37395909428596497
0.37395915389060974
0.37395915389060974
0.37395915389060974
0.37395909428596497
0.37395909428596497
0.37395912408828735
0.37395912408828735
0.37395918369293213
0.37395912408828735
0.37395915389060974
0.37395915389060974
0.37395909428596497
0.37395909428596497
0.37395909428596497
0.37395912408828735
0.37395909428596497
0.37395912408828735
0.37395909428596497
0.37395912408828735
0.37395909428596497
0.37395909428596497
0.37395912408828735
0.37395909428596497
0.37395909428596497
0.37395909428596497
0.37395909428596497
0.37395915389060974
0.3739590346813202
0.37395909428596497
0.3739590346813202
0.3739590346813202
0.37395909428596497
0.37395909428596497
0.37395909428596497
0.37395909428596497
0.37395909428596497
0.37395909428596497
0.37395915389060974
0.37395909428596497
0.37395912408828735
0.3739590346813202
0.37395912408828735
0.3739590346813202
0.37395909428596497
0.37395912408828735
0.3739590048789978
0.3739590346813202
0.37395909428596497
0.3739590048789978
0.37395909428596497
0.3739590048789978
0.3739590346813202
0.3739590048789978
0.3739590346813202
0.3739590048789978
0.3739590048789978
0.37395909428596497
0.3739590048789978
0.3739590346813202
0.3739590048789978
0.3739590346813202
0.3739590346813202
0.3739590346813202
0.3739590048789978
0.3739590048789978
0.3739590346813202
0.3739589750766754
0.3739590048789978
0.3739590346813202
0.3739590048789978
0.3739590048789978
0.3739590346813202
0.3739589750766754
0.3739589750766754
0.3739590048789978
0.3739590048789978
0.3739590048789978
0.3739590048789978
0.3739590346813202
0.3739590048789978
0.3739590346813202
0.3739590048789978
0.3739590346813202
0.3739589750766754
0.3739590048789978
0.373958945274353
0.3739589750766754
0.3739590048789978
0.3739589750766754
0.3739589750766754
0.3739590346813202
0.3739589750766754
0.3739590048789978
0.373958945274353
0.373958945274353
0.3739590048789978
0.3739589750766754
0.3739589750766754
0.3739590048789978
0.3739590346813202
0.3739589750766754
0.37395891547203064
0.37395891547203064
0.37395891547203064
0.373958945274353
0.37395891547203064
0.37395891547203064
0.373958945274353
0.3739589750766754
0.3739589750766754
0.37395891547203064
0.3739589750766754
0.373958945274353
0.37395891547203064
0.3739589750766754
0.373958945274353
0.373958945274353
0.3739590048789978
0.373958945274353
0.373958945274353
0.3739589750766754
0.37395888566970825
0.373958945274353
0.3739589750766754
0.37395891547203064
0.37395888566970825
0.37395891547203064
0.3739589750766754
0.373958945274353
0.3739589750766754
0.37395891547203064
0.373958945274353
0.3739589750766754
0.373958945274353
0.37395891547203064
0.37395891547203064
0.37395891547203064
0.37395891547203064
0.37395891547203064
0.37395891547203064
0.373958945274353
0.373958945274353
0.37395891547203064
0.37395885586738586
0.3739589750766754
0.37395888566970825
0.37395891547203064
0.37395891547203064
0.37395891547203064
0.37395885586738586
0.373958945274353
0.37395888566970825
0.37395891547203064
0.37395891547203064
0.37395885586738586
0.37395888566970825
0.37395891547203064
0.37395888566970825
0.37395891547203064
0.37395888566970825
0.37395891547203064
0.37395888566970825
0.37395891547203064
0.37395891547203064
0.373958945274353
0.37395888566970825
0.37395885586738586
0.37395885586738586
0.37395891547203064
0.3739587962627411
0.37395885586738586
0.37395888566970825
0.37395888566970825
0.3739587962627411
0.37395888566970825
0.37395888566970825
0.37395885586738586
0.37395885586738586
0.3739587962627411
0.37395888566970825
0.37395885586738586
0.37395885586738586
0.37395885586738586
0.37395885586738586
0.37395888566970825
0.37395888566970825
0.37395885586738586
0.3739587962627411
0.37395885586738586
0.3739587664604187
0.37395885586738586
0.3739587664604187
0.3739587664604187
0.37395888566970825
0.37395891547203064
0.3739587962627411
0.3739587962627411
0.3739587962627411
0.3739587962627411
0.37395888566970825
0.3739587962627411
0.3739587962627411
0.37395885586738586
0.37395885586738586
0.37395885586738586
0.3739587962627411
0.3739587962627411
0.3739587962627411
0.3739587664604187
0.3739587962627411
0.3739587366580963
0.3739587962627411
0.3739587664604187
0.3739587962627411
0.3739587366580963
0.37395885586738586
0.3739587366580963
0.3739587664604187
0.3739587664604187
0.3739587664604187
0.3739587962627411
0.3739587664604187
0.3739587664604187
0.37395888566970825
0.3739587962627411
0.37395885586738586
0.3739587366580963
0.3739587664604187
0.3739587664604187
0.3739587664604187
0.3739587962627411
0.3739587962627411
0.3739587366580963
0.3739587068557739
0.3739587664604187
0.3739587366580963
0.3739587366580963
0.3739587962627411
0.3739587664604187
0.3739587664604187
0.3739587366580963
0.3739587366580963
0.3739587068557739
0.3739587664604187
0.3739587366580963
0.3739587664604187
0.3739587366580963
0.3739587366580963
0.3739587068557739
0.3739587664604187
0.3739587366580963
0.37395864725112915
0.3739587664604187
0.3739587366580963
0.3739587068557739
0.3739587366580963
0.3739587068557739
0.3739587366580963
0.3739587366580963
0.3739587366580963
0.3739587068557739
0.3739587068557739
0.3739587664604187
0.37395864725112915
0.3739587366580963
0.3739587068557739
0.3739587068557739
0.3739587068557739
0.3739587068557739
0.37395867705345154
0.3739587664604187
0.3739587068557739
0.3739587068557739
0.3739587366580963
0.37395867705345154
0.3739587068557739
0.3739587366580963
0.3739587068557739
0.3739587068557739
0.3739587366580963
0.3739587068557739
0.37395864725112915
0.37395867705345154
0.3739587068557739
0.3739587068557739
0.37395867705345154
0.3739587068557739
0.3739587068557739
0.37395867705345154
0.3739587068557739
0.37395864725112915
0.3739587068557739
0.37395867705345154
0.37395867705345154
0.3739587068557739
0.37395864725112915
0.37395867705345154
0.37395867705345154
0.37395867705345154
0.37395864725112915
0.37395867705345154
0.37395867705345154
0.37395867705345154
0.37395864725112915
0.37395867705345154
0.37395861744880676
0.37395861744880676
0.37395867705345154
0.3739587068557739
0.37395861744880676
0.37395867705345154
0.3739587068557739
0.37395867705345154
0.37395861744880676
0.37395864725112915
0.37395864725112915
0.37395864725112915
0.37395867705345154
0.37395861744880676
0.373958557844162
0.37395867705345154
0.37395861744880676
0.37395864725112915
0.37395861744880676
0.37395861744880676
0.37395861744880676
0.37395864725112915
0.37395864725112915
0.37395861744880676
0.37395861744880676
0.373958557844162
0.37395864725112915
0.373958557844162
0.373958557844162
0.373958557844162
0.37395861744880676
0.37395864725112915
0.37395864725112915
0.37395861744880676
0.373958557844162
0.37395861744880676
0.37395864725112915
0.37395864725112915
0.37395861744880676
0.373958557844162
0.373958557844162
0.37395861744880676
0.37395861744880676
0.37395861744880676
0.37395864725112915
0.3739585280418396
0.37395861744880676
0.3739584982395172
0.373958557844162
0.373958557844162
0.37395861744880676
0.373958557844162
0.3739585280418396
0.373958557844162
0.37395861744880676
0.37395864725112915
0.37395861744880676
0.3739585280418396
0.373958557844162
0.373958557844162
0.3739585280418396
0.373958557844162
0.3739585280418396
0.37395861744880676
0.373958557844162
0.3739585280418396
0.373958557844162
0.37395864725112915
0.3739585280418396
0.3739584982395172
0.373958557844162
0.373958557844162
0.3739585280418396
0.373958557844162
0.3739585280418396
0.3739585280418396
0.373958557844162
0.3739585280418396
0.373958557844162
0.373958557844162
0.373958557844162
0.3739585280418396
0.37395861744880676
0.3739585280418396
0.3739584982395172
0.3739584982395172
0.3739585280418396
0.3739584982395172
0.3739584982395172
0.3739585280418396
0.3739584982395172
0.3739585280418396
0.3739584982395172
0.3739584684371948
0.3739585280418396
0.3739584684371948
0.3739585280418396
0.3739584982395172
0.3739584982395172
0.3739585280418396
0.3739585280418396
0.3739584982395172
0.3739584982395172
0.3739584684371948
0.3739584684371948
0.3739584684371948
0.3739585280418396
0.3739584684371948
0.3739584684371948
0.37395843863487244
0.3739584684371948
0.3739584684371948
0.3739585280418396
0.3739584684371948
0.3739584684371948
0.37395843863487244
0.3739584982395172
0.37395843863487244
0.3739584684371948
0.3739584982395172
0.3739584684371948
0.3739584684371948
0.3739584982395172
0.3739584684371948
0.3739584684371948
0.3739584684371948
0.37395843863487244
0.3739584982395172
0.3739584982395172
0.37395843863487244
0.3739584684371948
0.37395840883255005
0.37395843863487244
0.37395843863487244
0.37395840883255005
0.37395840883255005
0.37395843863487244
0.37395840883255005
0.3739583492279053
0.37395840883255005
0.3739584684371948
0.37395840883255005
0.37395843863487244
0.3739584982395172
0.37395843863487244
0.37395843863487244
0.37395843863487244
0.37395843863487244
0.37395843863487244
0.37395840883255005
0.37395843863487244
0.37395840883255005
0.3739584684371948
0.37395840883255005
0.373958557844162
0.3739584684371948
0.37395840883255005
0.37395840883255005
0.37395840883255005
0.37395840883255005
0.37395840883255005
0.37395840883255005
0.3739583194255829
0.3739583492279053
0.37395843863487244
0.37395840883255005
0.37395843863487244
0.37395840883255005
0.37395843863487244
0.37395840883255005
0.37395840883255005
0.3739583492279053
0.37395843863487244
0.37395840883255005
0.3739583194255829
0.37395843863487244
0.3739583492279053
0.3739583492279053
0.3739583194255829
0.37395840883255005
0.3739583194255829
0.3739583492279053
0.3739583492279053
0.3739583194255829
0.3739583194255829
0.37395840883255005
0.37395840883255005
0.37395843863487244
0.37395843863487244
0.3739583492279053
0.3739583194255829
0.3739583492279053
0.3739583194255829
0.3739583194255829
0.37395840883255005
0.3739583194255829
0.3739583492279053
0.3739582896232605
0.3739583492279053
0.3739583194255829
0.3739583194255829
0.3739582896232605
0.3739583492279053
0.3739582896232605
0.3739583492279053
0.37395840883255005
0.37395840883255005
0.3739583194255829
0.3739583194255829
0.3739582896232605
0.3739583194255829
0.3739583194255829
0.37395840883255005
0.3739583492279053
0.37395840883255005
0.3739583194255829
0.3739582896232605
0.3739583194255829
0.3739583194255829
0.3739583194255829
0.3739582896232605
0.3739583194255829
0.3739582896232605
0.3739583194255829
0.3739583194255829
0.3739583194255829
0.3739582598209381
0.3739582896232605
0.3739583194255829
0.3739582896232605
0.3739582598209381
0.3739582896232605
0.3739583194255829
0.3739582896232605
0.3739582598209381
0.3739583492279053
0.3739583194255829
0.3739582598209381
0.3739582300186157
0.3739583194255829
0.3739582896232605
0.3739583194255829
0.3739582598209381
0.3739582598209381
0.3739582598209381
0.3739582598209381
0.3739582896232605
0.3739582598209381
0.3739582300186157
0.3739582300186157
0.3739582896232605
0.3739582896232605
0.3739582598209381
0.3739582896232605
0.3739582598209381
0.3739582598209381
0.3739582598209381
0.3739582598209381
0.3739582896232605
0.3739582598209381
0.3739582300186157
0.3739582598209381
0.3739582598209381
0.3739582896232605
0.3739582598209381
0.3739582598209381
0.3739582598209381
0.3739582300186157
0.3739582598209381
0.3739582300186157
0.37395820021629333
0.3739582598209381
0.37395817041397095
0.3739582598209381
0.3739582300186157
0.3739582896232605
0.37395820021629333
0.37395817041397095
0.3739582300186157
0.3739582300186157
0.37395820021629333
0.37395820021629333
0.37395817041397095
0.37395817041397095
0.3739582300186157
0.37395817041397095
0.37395820021629333
0.3739582300186157
0.3739582598209381
0.37395820021629333
0.37395820021629333
0.37395820021629333
0.37395820021629333
0.37395820021629333
0.37395820021629333
0.3739582300186157
0.37395817041397095
0.37395820021629333
0.37395817041397095
0.37395820021629333
0.37395820021629333
0.37395820021629333
0.37395811080932617
0.37395820021629333
0.3739582300186157
0.37395820021629333
0.37395820021629333
0.37395817041397095
0.37395817041397095
0.37395817041397095
0.37395811080932617
0.37395817041397095
0.37395817041397095
0.37395817041397095
0.3739580810070038
0.37395811080932617
0.37395820021629333
0.37395817041397095
0.37395817041397095
0.37395811080932617
0.37395817041397095
0.37395820021629333
0.37395817041397095
0.3739582300186157
0.37395811080932617
0.37395817041397095
0.37395811080932617
0.37395817041397095
0.37395820021629333
0.37395811080932617
0.37395811080932617
0.37395817041397095
0.37395817041397095
0.37395811080932617
0.37395811080932617
0.37395811080932617
0.37395817041397095
0.37395811080932617
0.37395811080932617
0.3739580810070038
0.3739580810070038
0.3739580512046814
0.3739580810070038
0.37395811080932617
0.37395811080932617
0.3739580810070038
0.3739580810070038
0.37395811080932617
0.37395811080932617
0.3739580810070038
0.3739580512046814
0.37395811080932617
0.37395817041397095
0.3739580810070038
0.37395811080932617
0.37395811080932617
0.3739580810070038
0.373958021402359
0.37395811080932617
0.3739580512046814
0.3739580512046814
0.37395817041397095
0.3739580512046814
0.3739580512046814
0.3739580512046814
0.3739580512046814
0.3739580810070038
0.3739580810070038
0.3739580512046814
0.3739580810070038
0.3739580810070038
0.3739580810070038
0.37395811080932617
0.3739580810070038
0.3739580512046814
0.3739580810070038
0.3739580512046814
0.3739580810070038
0.3739580512046814
0.373958021402359
0.3739580810070038
0.373958021402359
0.373958021402359
0.3739580810070038
0.3739580512046814
0.373958021402359
0.373958021402359
0.3739580512046814
0.3739580512046814
0.3739580810070038
0.373958021402359
0.3739580810070038
0.373958021402359
0.373958021402359
0.373958021402359
0.3739580512046814
0.373958021402359
0.3739580810070038
0.3739579916000366
0.373958021402359
0.3739580512046814
0.373958021402359
0.373958021402359
0.3739580810070038
0.3739580512046814
0.373958021402359
0.3739580512046814
0.373958021402359
0.3739580512046814
0.3739580512046814
0.373958021402359
0.37395796179771423
0.373958021402359
0.37395796179771423
0.3739579916000366
0.3739580512046814
0.3739580512046814
0.373958021402359
0.373958021402359
0.3739579916000366
0.373958021402359
0.373958021402359
0.3739579916000366
0.3739579916000366
0.3739579916000366
0.37395793199539185
0.37395796179771423
0.37395796179771423
0.3739580512046814
0.373958021402359
0.37395796179771423
0.373958021402359
0.37395796179771423
0.3739579916000366
0.373958021402359
0.37395796179771423
0.37395796179771423
0.3739579916000366
0.37395793199539185
0.37395796179771423
0.3739579916000366
0.3739579916000366
0.373958021402359
0.3739579916000366
0.3739579916000366
0.37395796179771423
0.37395793199539185
0.3739579916000366
0.37395796179771423
0.3739579916000366
0.37395793199539185
0.37395796179771423
0.37395793199539185
0.37395793199539185
0.37395796179771423
0.37395796179771423
0.37395796179771423
0.37395796179771423
0.37395796179771423
0.373958021402359
0.37395793199539185
0.37395793199539185
0.37395796179771423
0.37395793199539185
0.37395796179771423
0.37395793199539185
0.37395793199539185
0.37395793199539185
0.37395787239074707
0.37395793199539185
0.37395796179771423
0.37395796179771423
0.37395796179771423
0.37395793199539185
0.37395793199539185
0.37395793199539185
0.37395793199539185
0.37395793199539185
0.37395793199539185
0.37395787239074707
0.37395793199539185
0.37395793199539185
0.37395793199539185
0.37395793199539185
0.3739578127861023
0.3739578425884247
0.3739578425884247
0.3739578425884247
0.3739578425884247
0.37395793199539185
0.3739578425884247
0.3739578425884247
0.37395787239074707
0.3739578425884247
0.37395793199539185
0.37395793199539185
0.37395787239074707
0.37395787239074707
0.37395787239074707
0.37395793199539185
0.37395787239074707
0.3739578425884247
0.37395793199539185
0.3739578425884247
0.3739578425884247
0.3739578127861023
0.3739578425884247
0.37395787239074707
0.37395787239074707
0.3739578425884247
0.3739578425884247
0.37395793199539185
0.3739578425884247
0.37395787239074707
0.3739578127861023
0.3739578425884247
0.37395787239074707
0.3739578425884247
0.37395793199539185
0.3739578425884247
0.3739578425884247
0.37395787239074707
0.37395787239074707
0.3739578127861023
0.3739578425884247
0.37395793199539185
0.3739578425884247
0.3739578425884247
0.3739578127861023
0.37395787239074707
0.3739577829837799
0.3739578127861023
0.3739578127861023
0.37395787239074707
0.37395787239074707
0.3739577829837799
0.3739578425884247
0.3739578127861023
0.3739578425884247
0.3739578127861023
0.3739578127861023
0.3739578127861023
0.3739577829837799
0.3739578127861023
0.3739577829837799
0.3739577829837799
0.3739578127861023
0.3739578425884247
0.37395787239074707
0.3739578127861023
0.3739578127861023
0.3739577829837799
0.3739577829837799
0.3739578127861023
0.3739578127861023
0.3739578127861023
0.3739578425884247
0.3739577829837799
0.3739577531814575
0.3739578127861023
0.37395766377449036
0.3739577531814575
0.3739577531814575
0.3739577829837799
0.3739578127861023
0.37395772337913513
0.3739578127861023
0.3739577531814575
0.3739577531814575
0.3739577829837799
0.3739577829837799
0.3739577829837799
0.3739577531814575
0.37395772337913513
0.37395772337913513
0.3739577829837799
0.3739577829837799
0.3739578127861023
0.3739577531814575
0.3739577829837799
0.3739577829837799
0.37395766377449036
0.37395772337913513
0.3739577531814575
0.37395772337913513
0.37395766377449036
0.3739577531814575
0.3739577531814575
0.3739577531814575
0.37395772337913513
0.3739577531814575
0.3739577531814575
0.37395772337913513
0.3739577829837799
0.37395772337913513
0.37395772337913513
0.37395772337913513
0.3739577829837799
0.37395763397216797
0.3739577829837799
0.37395763397216797
0.37395772337913513
0.37395772337913513
0.37395772337913513
0.37395766377449036
0.37395763397216797
0.37395772337913513
0.37395766377449036
0.37395766377449036
0.37395772337913513
0.3739577531814575
0.37395766377449036
0.37395766377449036
0.37395766377449036
0.37395772337913513
0.37395766377449036
0.37395772337913513
0.37395763397216797
0.37395763397216797
0.37395766377449036
0.37395766377449036
0.37395772337913513
0.37395763397216797
0.37395772337913513
0.37395766377449036
0.37395766377449036
0.37395766377449036
0.37395763397216797
0.37395772337913513
0.37395766377449036
0.3739576041698456
0.37395763397216797
0.37395763397216797
0.37395763397216797
0.37395763397216797
0.37395763397216797
0.37395766377449036
0.37395766377449036
0.37395763397216797
0.37395763397216797
0.3739576041698456
0.3739576041698456
0.37395772337913513
0.3739576041698456
0.3739576041698456
0.3739576041698456
0.37395763397216797
0.37395763397216797
0.37395766377449036
0.3739575743675232
0.3739575743675232
0.37395766377449036
0.3739576041698456
0.3739576041698456
0.3739576041698456
0.37395763397216797
0.3739576041698456
0.3739576041698456
0.3739575743675232
0.37395772337913513
0.37395766377449036
0.37395766377449036
0.37395766377449036
0.37395763397216797
0.3739576041698456
0.37395763397216797
0.3739576041698456
0.37395763397216797
0.37395763397216797
0.3739576041698456
0.37395763397216797
0.37395763397216797
0.3739576041698456
0.3739576041698456
0.37395763397216797
0.3739576041698456
0.3739576041698456
0.37395763397216797
0.3739576041698456
0.37395763397216797
0.37395763397216797
0.3739576041698456
0.3739575743675232
0.3739576041698456
0.3739576041698456
0.3739576041698456
0.3739575743675232
0.3739575445652008
0.3739575445652008
0.3739575445652008
0.3739576041698456
0.3739575445652008
0.3739575743675232
0.3739576041698456
0.3739576041698456
0.3739576041698456
0.3739575445652008
0.3739575445652008
0.3739575743675232
0.3739575743675232
0.3739575445652008
0.3739575445652008
0.3739575445652008
0.3739575445652008
0.3739575445652008
0.3739575445652008
0.37395748496055603
0.3739575445652008
0.3739575147628784
0.3739575445652008
0.3739575743675232
0.3739575147628784
0.3739575445652008
0.3739575147628784
0.3739575445652008
0.3739575743675232
0.3739575743675232
0.3739575743675232
0.3739575445652008
0.3739575445652008
0.37395748496055603
0.3739575147628784
0.3739575445652008
0.3739575743675232
0.3739575445652008
0.3739575147628784
0.37395748496055603
0.3739575147628784
0.3739575147628784
0.37395748496055603
0.3739575445652008
0.37395748496055603
0.3739575445652008
0.3739575445652008
0.3739575445652008
0.3739575147628784
0.3739575147628784
0.3739575147628784
0.3739575147628784
0.37395748496055603
0.3739575445652008
0.3739575445652008
0.3739575743675232
0.3739575445652008
0.37395748496055603
0.37395748496055603
0.37395748496055603
0.37395742535591125
0.37395748496055603
0.3739575147628784
0.3739575147628784
0.3739575147628784
0.3739575147628784
0.37395748496055603
0.37395748496055603
0.37395748496055603
0.37395748496055603
0.37395748496055603
0.3739575147628784
0.37395748496055603
0.3739575445652008
0.37395748496055603
0.3739575147628784
0.37395742535591125
0.37395742535591125
0.3739575147628784
0.37395742535591125
0.37395748496055603
0.37395739555358887
0.37395742535591125
0.37395742535591125
0.37395748496055603
0.37395742535591125
0.37395742535591125
0.37395748496055603
0.37395742535591125
0.37395742535591125
0.37395739555358887
0.37395742535591125
0.37395748496055603
0.37395742535591125
0.37395748496055603
0.37395748496055603
0.37395748496055603
0.37395748496055603
0.37395748496055603
0.3739573657512665
0.37395742535591125
0.37395739555358887
0.37395748496055603
0.37395739555358887
0.3739573657512665
0.3739573657512665
0.37395742535591125
0.37395748496055603
0.37395742535591125
0.37395742535591125
0.37395742535591125
0.3739573657512665
0.37395739555358887
0.37395748496055603
0.37395739555358887
0.37395739555358887
0.3739573359489441
0.37395739555358887
0.3739573657512665
0.3739573657512665
0.37395739555358887
0.3739573657512665
0.37395748496055603
0.3739573657512665
0.37395739555358887
0.37395739555358887
0.37395739555358887
0.37395739555358887
0.3739573657512665
0.37395739555358887
0.3739573657512665
0.3739573657512665
0.3739573657512665
0.37395739555358887
0.3739573657512665
0.37395739555358887
0.37395739555358887
0.3739573657512665
0.3739573657512665
0.3739573359489441
0.3739573657512665
0.3739573657512665
0.3739573359489441
0.3739573657512665
0.3739573061466217
0.3739573657512665
0.3739573359489441
0.3739573657512665
0.37395739555358887
0.3739573061466217
0.37395739555358887
0.37395739555358887
0.3739573657512665
0.3739573657512665
0.3739573359489441
0.3739573061466217
0.3739572763442993
0.3739573359489441
0.3739573657512665
0.3739573657512665
0.3739573657512665
0.3739573061466217
0.3739573359489441
0.3739573359489441
0.3739572763442993
0.3739573061466217
0.3739573657512665
0.3739573359489441
0.3739573061466217
0.3739573061466217
0.3739572763442993
0.37395739555358887
0.3739573061466217
0.3739573359489441
0.3739573061466217
0.3739573061466217
0.3739573359489441
0.3739573359489441
0.3739572763442993
0.3739573359489441
0.3739573061466217
0.3739573061466217
0.3739573061466217
0.3739572763442993
0.3739572763442993
0.3739573061466217
0.3739573061466217
0.3739573359489441
0.3739573061466217
0.3739573061466217
0.3739573657512665
0.3739572763442993
0.3739573359489441
0.3739573061466217
0.3739573061466217
0.3739572763442993
0.3739573359489441
0.3739572763442993
0.3739573061466217
0.37395724654197693
0.3739572763442993
0.37395718693733215
0.37395724654197693
0.3739572763442993
0.3739572763442993
0.37395718693733215
0.3739573657512665
0.3739572763442993
0.3739573061466217
0.37395724654197693
0.37395724654197693
0.37395724654197693
0.37395724654197693
0.3739572763442993
0.3739572763442993
0.3739573061466217
0.3739573061466217
0.37395724654197693
0.3739572763442993
0.3739573061466217
0.3739572763442993
0.37395724654197693
0.37395718693733215
0.3739572763442993
0.3739573061466217
0.37395724654197693
0.37395724654197693
0.3739572763442993
0.37395718693733215
0.37395718693733215
0.37395715713500977
0.3739572763442993
0.37395718693733215
0.3739572763442993
0.37395718693733215
0.3739573061466217
0.37395718693733215
0.37395715713500977
0.37395718693733215
0.37395718693733215
0.37395718693733215
0.37395724654197693
0.37395718693733215
0.37395715713500977
0.37395718693733215
0.37395718693733215
0.37395724654197693
0.37395724654197693
0.37395715713500977
0.37395724654197693
0.37395718693733215
0.37395715713500977
0.37395715713500977
0.37395724654197693
0.37395718693733215
0.37395718693733215
0.37395724654197693
0.37395724654197693
0.37395715713500977
0.37395715713500977
0.37395715713500977
0.37395715713500977
0.37395718693733215
0.37395718693733215
0.37395718693733215
0.3739571273326874
0.37395718693733215
0.37395715713500977
0.37395715713500977
0.37395724654197693
0.37395715713500977
0.37395718693733215
0.37395718693733215
0.37395718693733215
0.373957097530365
0.37395715713500977
0.37395724654197693
0.3739572763442993
0.37395718693733215
0.373957097530365
0.37395718693733215
0.37395718693733215
0.373957097530365
0.37395715713500977
0.37395715713500977
0.3739571273326874
0.37395715713500977
0.37395715713500977
0.3739571273326874
0.373957097530365
0.3739571273326874
0.37395715713500977
0.373957097530365
0.3739571273326874
0.37395715713500977
0.373957097530365
0.3739571273326874
0.373957097530365
0.373957097530365
0.373957097530365
0.3739571273326874
0.373957097530365
0.3739570677280426
0.373957097530365
0.3739570677280426
0.373957097530365
0.3739571273326874
0.3739570677280426
0.373957097530365
0.37395715713500977
0.373957097530365
0.373957097530365
0.373957097530365
0.3739571273326874
0.3739571273326874
0.373957097530365
0.3739571273326874
0.373957097530365
0.37395715713500977
0.3739570677280426
0.3739570379257202
0.3739571273326874
0.373957097530365
0.373957097530365
0.3739571273326874
0.3739570379257202
0.373957097530365
0.3739570677280426
0.373957097530365
0.373957097530365
0.3739570677280426
0.373957097530365
0.3739570677280426
0.3739570677280426
0.373957097530365
0.3739570677280426
0.3739570677280426
0.3739570379257202
0.3739570081233978
0.3739570677280426
0.3739570677280426
0.373957097530365
0.3739570379257202
0.3739570677280426
0.3739570379257202
0.3739570677280426
0.373957097530365
0.3739570379257202
0.3739570081233978
0.3739570677280426
0.3739570379257202
0.3739570379257202
0.3739570379257202
0.3739570379257202
0.3739570379257202
0.3739570677280426
0.3739570081233978
0.3739570677280426
0.3739570677280426
0.3739570677280426
0.3739570379257202
0.3739570379257202
0.3739570379257202
0.3739570677280426
0.3739570081233978
0.3739570379257202
0.3739570081233978
0.3739570379257202
0.3739570677280426
0.3739570677280426
0.3739570081233978
0.3739570081233978
0.3739570379257202
0.3739570081233978
0.3739570379257202
0.37395694851875305
0.3739570081233978
0.3739570379257202
0.3739570081233978
0.3739570081233978
0.37395694851875305
0.37395694851875305
0.3739570081233978
0.3739570081233978
0.3739570379257202
0.3739570081233978
0.37395694851875305
0.37395691871643066
0.37395694851875305
0.37395694851875305
0.3739570081233978
0.3739570081233978
0.37395694851875305
0.37395694851875305
0.3739570081233978
0.3739570081233978
0.37395691871643066
0.37395691871643066
0.37395694851875305
0.37395694851875305
0.37395694851875305
0.37395691871643066
0.3739570081233978
0.37395694851875305
0.37395691871643066
0.37395694851875305
0.37395694851875305
0.3739570379257202
0.37395691871643066
0.37395691871643066
0.37395691871643066
0.37395691871643066
0.37395691871643066
0.37395694851875305
0.37395691871643066
0.37395694851875305
0.37395691871643066
0.37395694851875305
0.37395694851875305
0.37395691871643066
0.37395694851875305
0.3739568889141083
0.3739568889141083
0.3739568889141083
0.37395691871643066
0.37395694851875305
0.37395691871643066
0.3739570081233978
0.37395691871643066
0.37395691871643066
0.3739568591117859
0.3739568591117859
0.37395691871643066
0.3739568293094635
0.37395691871643066
0.3739568591117859
0.37395691871643066
0.3739568889141083
0.3739568889141083
0.37395691871643066
0.3739568889141083
0.3739568591117859
0.3739568889141083
0.37395691871643066
0.37395691871643066
0.3739568591117859
0.37395694851875305
0.37395694851875305
0.3739568889141083
0.3739568591117859
0.3739568889141083
0.3739568889141083
0.3739568293094635
0.3739568889141083
0.3739568591117859
0.37395691871643066
0.3739568889141083
0.3739568889141083
0.3739568889141083
0.3739568889141083
0.3739568591117859
0.37395691871643066
0.3739568889141083
0.3739568889141083
0.37395691871643066
0.3739568591117859
0.3739568591117859
0.3739568889141083
0.3739568889141083
0.3739568591117859
0.37395691871643066
0.3739568293094635
0.3739568591117859
0.3739568591117859
0.3739568293094635
0.3739568293094635
0.37395673990249634
0.3739567995071411
0.3739568293094635
0.3739568591117859
0.3739568293094635
0.3739568591117859
0.3739568293094635
0.3739568889141083
0.3739567995071411
0.3739568591117859
0.3739568293094635
0.3739567995071411
0.3739568293094635
0.3739568293094635
0.3739568591117859
0.3739567995071411
0.3739568293094635
0.3739567995071411
0.37395673990249634
0.3739567995071411
0.3739568293094635
0.3739567995071411
0.3739568293094635
0.3739568889141083
0.3739567995071411
0.3739568293094635
0.3739567995071411
0.3739568293094635
0.3739567995071411
0.3739567995071411
0.37395673990249634
0.3739567995071411
0.37395673990249634
0.37395673990249634
0.3739568293094635
0.37395673990249634
0.3739567995071411
0.3739568591117859
0.3739567995071411
0.3739567995071411
0.3739567995071411
0.37395673990249634
0.37395673990249634
0.37395668029785156
0.37395673990249634
0.37395673990249634
0.37395671010017395
0.37395673990249634
0.3739567995071411
0.37395671010017395
0.37395673990249634
0.3739568293094635
0.37395671010017395
0.3739567995071411
0.37395671010017395
0.37395673990249634
0.3739567995071411
0.3739567995071411
0.37395671010017395
0.37395673990249634
0.37395671010017395
0.37395671010017395
0.37395671010017395
0.37395671010017395
0.37395671010017395
0.37395671010017395
0.37395671010017395
0.3739567995071411
0.37395673990249634
0.37395673990249634
0.37395668029785156
0.37395671010017395
0.37395673990249634
0.3739567995071411
0.3739567995071411
0.37395671010017395
0.37395671010017395
0.37395673990249634
0.37395671010017395
0.3739566504955292
0.3739567995071411
0.37395673990249634
0.37395671010017395
0.37395671010017395
0.37395671010017395
0.37395673990249634
0.37395671010017395
0.37395673990249634
0.37395671010017395
0.37395673990249634
0.3739566206932068
0.3739566206932068
0.3739566504955292
0.3739566206932068
0.37395671010017395
0.37395668029785156
0.37395668029785156
0.37395671010017395
0.37395668029785156
0.37395668029785156
0.3739566504955292
0.37395668029785156
0.3739566504955292
0.3739566504955292
0.37395671010017395
0.37395673990249634
0.37395668029785156
0.3739566504955292
0.3739566504955292
0.37395671010017395
0.37395668029785156
0.37395668029785156
0.37395668029785156
0.3739566206932068
0.3739565908908844
0.37395668029785156
0.3739566206932068
0.37395668029785156
0.3739566504955292
0.3739566206932068
0.3739566504955292
0.3739566504955292
0.3739566206932068
0.3739566504955292
0.3739566206932068
0.37395671010017395
0.3739566504955292
0.3739566206932068
0.3739566504955292
0.37395668029785156
0.3739566504955292
0.3739566504955292
0.3739566206932068
0.373956561088562
0.37395668029785156
0.37395668029785156
0.37395668029785156
0.3739566206932068
0.3739566504955292
0.3739565908908844
0.3739566206932068
0.3739566206932068
0.3739566504955292
0.3739565908908844
0.37395668029785156
0.3739566504955292
0.3739566504955292
0.3739566504955292
0.3739565908908844
0.3739566206932068
0.3739565908908844
0.3739566206932068
0.3739565908908844
0.3739566206932068
0.3739565908908844
0.373956561088562
0.3739566206932068
0.3739565908908844
0.3739566206932068
0.3739565908908844
0.3739565908908844
0.3739566206932068
0.3739566206932068
0.3739565908908844
0.3739565908908844
0.3739566206932068
0.37395650148391724
0.3739565908908844
0.373956561088562
0.3739566206932068
0.3739565908908844
0.373956561088562
0.3739565908908844
0.373956561088562
0.3739565908908844
0.3739565908908844
0.3739565908908844
0.3739565908908844
0.37395650148391724
0.3739565908908844
0.3739565908908844
0.373956561088562
0.3739566206932068
0.373956561088562
0.373956561088562
0.37395650148391724
0.373956561088562
0.373956561088562
0.3739566206932068
0.3739565908908844
0.373956561088562
0.373956561088562
0.373956561088562
0.37395650148391724
0.3739565908908844
0.373956561088562
0.3739565908908844
0.37395650148391724
0.373956561088562
0.3739565908908844
0.373956561088562
0.373956561088562
0.373956561088562
0.373956561088562
0.37395650148391724
0.37395647168159485
0.37395650148391724
0.37395647168159485
0.37395650148391724
0.3739565908908844
0.37395650148391724
0.373956561088562
0.373956561088562
0.373956561088562
0.37395647168159485
0.37395647168159485
0.37395650148391724
0.373956561088562
0.37395650148391724
0.37395647168159485
0.37395644187927246
0.37395650148391724
0.37395647168159485
0.37395650148391724
0.37395644187927246
0.37395647168159485
0.37395650148391724
0.37395647168159485
0.37395644187927246
0.3739564120769501
0.37395647168159485
0.37395650148391724
0.37395647168159485
0.37395647168159485
0.37395647168159485
0.37395650148391724
0.37395650148391724
0.37395647168159485
0.37395644187927246
0.37395650148391724
0.37395650148391724
0.3739564120769501
0.37395644187927246
0.37395644187927246
0.37395650148391724
0.37395647168159485
0.37395647168159485
0.37395647168159485
0.37395644187927246
0.37395644187927246
0.3739564120769501
0.37395647168159485
0.37395644187927246
0.37395650148391724
0.37395644187927246
0.37395647168159485
0.37395647168159485
0.37395644187927246
0.3739564120769501
0.3739564120769501
0.3739563822746277
0.37395644187927246
0.37395650148391724
0.37395647168159485
0.37395644187927246
0.3739564120769501
0.3739563822746277
0.3739564120769501
0.37395644187927246
0.3739564120769501
0.37395647168159485
0.37395644187927246
0.37395644187927246
0.3739564120769501
0.37395647168159485
0.37395644187927246
0.3739564120769501
0.37395644187927246
0.37395644187927246
0.3739564120769501
0.3739563822746277
0.37395644187927246
0.3739564120769501
0.37395644187927246
0.3739564120769501
0.3739564120769501
0.3739564120769501
0.3739564120769501
0.3739564120769501
0.3739563524723053
0.3739563822746277
0.3739563822746277
0.3739563822746277
0.3739563822746277
0.3739563822746277
0.3739564120769501
0.3739564120769501
0.3739564120769501
0.3739563822746277
0.3739563822746277
0.3739563524723053
0.3739563822746277
0.3739563524723053
0.3739564120769501
0.3739563822746277
0.3739564120769501
0.3739563524723053
0.3739563226699829
0.3739563822746277
0.3739563822746277
0.3739563822746277
0.3739563822746277
0.3739563822746277
0.3739563822746277
0.3739563524723053
0.3739563524723053
0.3739563822746277
0.3739563822746277
0.3739563524723053
0.3739564120769501
0.3739563226699829
0.3739563524723053
0.3739563524723053
0.3739563226699829
0.3739563822746277
0.37395626306533813
0.3739563226699829
0.3739563226699829
0.3739563524723053
0.3739563822746277
0.37395626306533813
0.3739563226699829
0.3739563226699829
0.3739563226699829
0.3739563524723053
0.3739563822746277
0.3739563822746277
0.3739563226699829
0.3739563822746277
0.3739563226699829
0.3739563822746277
0.3739563226699829
0.3739563524723053
0.3739563524723053
0.3739563524723053
0.3739563226699829
0.3739563226699829
0.37395623326301575
0.3739563226699829
0.3739563524723053
0.3739563524723053
0.37395626306533813
0.3739563226699829
0.3739563524723053
0.3739563524723053
0.3739563226699829
0.3739563226699829
0.3739563226699829
0.3739563226699829
0.37395626306533813
0.3739563226699829
0.37395626306533813
0.3739563226699829
0.3739563226699829
0.3739563226699829
0.3739563524723053
0.3739563226699829
0.3739563226699829
0.37395626306533813
0.3739563226699829
0.3739563226699829
0.37395623326301575
0.37395626306533813
0.3739563226699829
0.3739563226699829
0.37395626306533813
0.37395623326301575
0.37395626306533813
0.37395623326301575
0.37395623326301575
0.37395623326301575
0.37395623326301575
0.37395620346069336
0.37395626306533813
0.37395623326301575
0.3739563226699829
0.37395626306533813
0.37395623326301575
0.37395626306533813
0.3739563226699829
0.37395617365837097
0.37395623326301575
0.37395623326301575
0.37395620346069336
0.37395620346069336
0.37395626306533813
0.37395620346069336
0.37395626306533813
0.37395623326301575
0.37395620346069336
0.37395623326301575
0.37395623326301575
0.37395623326301575
0.37395620346069336
0.37395620346069336
0.37395620346069336
0.37395620346069336
0.37395617365837097
0.37395623326301575
0.37395620346069336
0.37395620346069336
0.37395623326301575
0.37395617365837097
0.37395623326301575
0.37395620346069336
0.37395620346069336
0.37395623326301575
0.37395623326301575
0.37395617365837097
0.37395617365837097
0.37395620346069336
0.37395626306533813
0.37395623326301575
0.37395620346069336
0.37395623326301575
0.37395620346069336
0.37395623326301575
0.37395620346069336
0.37395617365837097
0.37395617365837097
0.37395620346069336
0.37395620346069336
0.37395623326301575
0.37395617365837097
0.3739561140537262
0.37395620346069336
0.37395620346069336
0.37395617365837097
0.37395617365837097
0.3739561140537262
0.37395617365837097
0.3739561438560486
0.3739561438560486
0.37395617365837097
0.3739561438560486
0.37395617365837097
0.3739561438560486
0.37395620346069336
0.37395620346069336
0.37395620346069336
0.37395617365837097
0.37395617365837097
0.3739561438560486
0.3739561438560486
0.37395620346069336
0.37395620346069336
0.3739561140537262
0.3739561438560486
0.3739561140537262
0.37395617365837097
0.3739561438560486
0.37395617365837097
0.37395620346069336
0.37395617365837097
0.3739561438560486
0.3739561438560486
0.3739561438560486
0.37395617365837097
0.3739561140537262
0.3739561140537262
0.3739561438560486
0.37395617365837097
0.3739561438560486
0.3739561438560486
0.3739561438560486
0.3739561438560486
0.3739561438560486
0.3739561438560486
0.3739561140537262
0.3739561438560486
0.3739561140537262
0.3739560842514038
0.3739561140537262
0.3739561438560486
0.3739561140537262
0.3739561140537262
0.37395602464675903
0.3739560842514038
0.37395602464675903
0.37395602464675903
0.3739561438560486
0.3739561140537262
0.37395602464675903
0.3739560842514038
0.3739560842514038
0.3739560842514038
0.37395602464675903
0.3739560842514038
0.3739560842514038
0.3739560842514038
0.3739560842514038
0.3739560842514038
0.3739560842514038
0.3739561140537262
0.3739561438560486
0.3739560842514038
0.3739561140537262
0.37395602464675903
0.3739560842514038
0.37395602464675903
0.37395602464675903
0.37395602464675903
0.37395602464675903
0.3739560842514038
0.3739560842514038
0.3739560842514038
0.37395602464675903
0.37395602464675903
0.37395599484443665
0.3739560842514038
0.3739560842514038
0.37395602464675903
0.37395602464675903
0.37395599484443665
0.3739560842514038
0.37395602464675903
0.37395602464675903
0.37395602464675903
0.37395602464675903
0.37395602464675903
0.3739560842514038
0.3739560842514038
0.37395599484443665
0.37395599484443665
0.37395602464675903
0.37395599484443665
0.37395596504211426
0.37395596504211426
0.37395602464675903
0.37395602464675903
0.3739560842514038
0.37395599484443665
0.3739560842514038
0.37395596504211426
0.37395599484443665
0.37395596504211426
0.37395602464675903
0.37395596504211426
0.37395596504211426
0.37395599484443665
0.37395599484443665
0.37395602464675903
0.37395599484443665
0.37395599484443665
0.37395599484443665
0.37395602464675903
0.37395596504211426
0.37395602464675903
0.37395596504211426
0.37395593523979187
0.37395599484443665
0.37395599484443665
0.37395602464675903
0.37395599484443665
0.37395593523979187
0.37395596504211426
0.37395596504211426
0.37395596504211426
0.37395599484443665
0.37395596504211426
0.37395599484443665
0.37395596504211426
0.37395599484443665
0.37395599484443665
0.37395596504211426
0.37395596504211426
0.37395599484443665
0.37395596504211426
0.37395593523979187
0.37395599484443665
0.37395593523979187
0.37395596504211426
0.37395593523979187
0.37395593523979187
0.37395596504211426
0.37395596504211426
0.37395593523979187
0.37395596504211426
0.37395593523979187
0.37395593523979187
0.37395596504211426
0.37395596504211426
0.37395593523979187
0.3739559054374695
0.37395596504211426
0.3739559054374695
0.37395593523979187
0.37395593523979187
0.37395593523979187
0.37395593523979187
0.37395593523979187
0.3739559054374695
0.37395593523979187
0.3739558756351471
0.3739559054374695
0.37395593523979187
0.37395593523979187
0.37395593523979187
0.3739559054374695
0.3739559054374695
0.3739559054374695
0.3739559054374695
0.3739559054374695
0.3739559054374695
0.37395596504211426
0.37395593523979187
0.37395596504211426
0.3739559054374695
0.3739558756351471
0.37395593523979187
0.3739558756351471
0.3739558756351471
0.3739559054374695
0.3739558756351471
0.37395596504211426
0.3739559054374695
0.3739559054374695
0.3739559054374695
0.3739558160305023
0.3739559054374695
0.3739558756351471
0.37395593523979187
0.37395593523979187
0.3739558160305023
0.3739558756351471
0.3739558756351471
0.3739558756351471
0.3739558756351471
0.3739559054374695
0.3739559054374695
0.3739558756351471
0.3739558756351471
0.3739558756351471
0.37395578622817993
0.3739558160305023
0.3739558756351471
0.3739558160305023
0.3739558756351471
0.3739559054374695
0.3739558160305023
0.3739558160305023
0.3739558160305023
0.3739558160305023
0.3739558756351471
0.3739559054374695
0.3739559054374695
0.3739558160305023
0.3739558756351471
0.37395578622817993
0.3739558160305023
0.3739559054374695
0.3739558756351471
0.3739558160305023
0.37395578622817993
0.3739558160305023
0.3739558756351471
0.3739558160305023
0.3739558160305023
0.3739558160305023
0.3739558756351471
0.3739558756351471
0.3739559054374695
0.37395578622817993
0.37395578622817993
0.37395578622817993
0.37395578622817993
0.37395575642585754
0.3739558160305023
0.37395575642585754
0.3739558160305023
0.37395575642585754
0.3739558160305023
0.37395578622817993
0.3739558160305023
0.37395575642585754
0.37395572662353516
0.37395575642585754
0.37395575642585754
0.37395578622817993
0.37395578622817993
0.37395578622817993
0.37395578622817993
0.37395575642585754
0.37395572662353516
0.37395572662353516
0.3739558756351471
0.37395575642585754
0.3739558160305023
0.37395578622817993
0.37395575642585754
0.37395578622817993
0.37395578622817993
0.37395575642585754
0.37395578622817993
0.37395575642585754
0.37395578622817993
0.37395575642585754
0.37395578622817993
0.37395575642585754
0.37395572662353516
0.37395572662353516
0.3739556670188904
0.37395575642585754
0.37395572662353516
0.37395575642585754
0.37395572662353516
0.37395575642585754
0.37395569682121277
0.37395572662353516
0.37395572662353516
0.37395575642585754
0.37395572662353516
0.37395572662353516
0.37395572662353516
0.37395575642585754
0.3739556670188904
0.37395572662353516
0.37395578622817993
0.37395572662353516
0.37395572662353516
0.37395572662353516
0.37395569682121277
0.37395572662353516
0.37395572662353516
0.37395572662353516
0.37395575642585754
0.37395569682121277
0.37395572662353516
0.37395575642585754
0.37395575642585754
0.37395572662353516
0.37395569682121277
0.37395569682121277
0.37395572662353516
0.37395569682121277
0.37395572662353516
0.37395569682121277
0.37395572662353516
0.37395569682121277
0.3739556670188904
0.37395572662353516
0.37395572662353516
0.3739556670188904
0.373955637216568
0.3739556670188904
0.37395569682121277
0.37395572662353516
0.37395569682121277
0.37395569682121277
0.373955637216568
0.3739556670188904
0.37395572662353516
0.3739556670188904
0.37395569682121277
0.37395572662353516
0.3739556670188904
0.3739556670188904
0.3739556670188904
0.3739556670188904
0.3739555776119232
0.3739556670188904
0.37395569682121277
0.37395569682121277
0.3739556670188904
0.373955637216568
0.37395569682121277
0.3739556670188904
0.3739556670188904
0.3739556670188904
0.3739556670188904
0.373955637216568
0.373955637216568
0.373955637216568
0.37395569682121277
0.373955637216568
0.373955637216568
0.373955637216568
0.373955637216568
0.3739556670188904
0.373955637216568
0.3739555776119232
0.373955637216568
0.373955637216568
0.3739555776119232
0.373955637216568
0.3739556670188904
0.3739555776119232
0.3739556670188904
0.373955637216568
0.373955637216568
0.37395569682121277
0.373955637216568
0.3739555776119232
0.373955637216568
0.373955637216568
0.373955637216568
0.373955637216568
0.3739555776119232
0.3739555776119232
0.3739556670188904
0.3739556670188904
0.3739555776119232
0.3739555776119232
0.3739555776119232
0.373955637216568
0.373955637216568
0.37395548820495605
0.3739555776119232
0.37395554780960083
0.373955637216568
0.373955637216568
0.3739555776119232
0.373955637216568
0.373955637216568
0.373955637216568
0.3739555776119232
0.37395551800727844
0.3739555776119232
0.3739555776119232
0.3739555776119232
0.373955637216568
0.3739555776119232
0.373955637216568
0.373955637216568
0.37395554780960083
0.373955637216568
0.3739555776119232
0.37395551800727844
0.37395554780960083
0.37395554780960083
0.37395551800727844
0.37395551800727844
0.3739555776119232
0.37395554780960083
0.37395554780960083
0.37395554780960083
0.37395554780960083
0.37395551800727844
0.3739555776119232
0.37395551800727844
0.37395551800727844
0.37395551800727844
0.37395554780960083
0.373955637216568
0.37395551800727844
0.373955637216568
0.37395548820495605
0.37395551800727844
0.37395554780960083
0.37395548820495605
0.37395548820495605
0.37395551800727844
0.37395545840263367
0.37395551800727844
0.37395548820495605
0.37395548820495605
0.37395554780960083
0.37395551800727844
0.37395554780960083
0.37395551800727844
0.37395548820495605
0.3739555776119232
0.37395551800727844
0.37395551800727844
0.37395548820495605
0.37395548820495605
0.37395554780960083
0.37395551800727844
0.37395551800727844
0.37395551800727844
0.37395554780960083
0.37395551800727844
0.37395548820495605
0.37395545840263367
0.37395545840263367
0.37395548820495605
0.37395551800727844
0.37395551800727844
0.3739554286003113
0.37395545840263367
0.37395551800727844
0.37395548820495605
0.37395545840263367
0.37395551800727844
0.3739554286003113
0.37395551800727844
0.37395545840263367
0.37395551800727844
0.37395548820495605
0.37395551800727844
0.37395545840263367
0.37395548820495605
0.37395548820495605
0.37395548820495605
0.37395545840263367
0.37395545840263367
0.37395545840263367
0.37395548820495605
0.37395548820495605
0.37395545840263367
0.37395548820495605
0.3739554286003113
0.3739554286003113
0.37395545840263367
0.37395545840263367
0.37395545840263367
0.3739554286003113
0.37395548820495605
0.3739554286003113
0.37395545840263367
0.3739554286003113
0.3739553987979889
0.3739553987979889
0.3739554286003113
0.3739554286003113
0.3739553987979889
0.37395548820495605
0.3739553987979889
0.3739554286003113
0.3739554286003113
0.37395545840263367
0.37395545840263367
0.3739553987979889
0.3739554286003113
0.3739554286003113
0.3739554286003113
0.3739553987979889
0.3739554286003113
0.3739553987979889
0.3739553391933441
0.3739554286003113
0.3739553987979889
0.3739553987979889
0.3739554286003113
0.3739553391933441
0.3739553987979889
0.3739553987979889
0.3739554286003113
0.3739553987979889
0.3739553391933441
0.3739554286003113
0.3739553391933441
0.3739553987979889
0.3739553391933441
0.3739553987979889
0.3739554286003113
0.3739553391933441
0.3739553987979889
0.3739554286003113
0.3739553987979889
0.3739553987979889
0.3739553391933441
0.3739553391933441
0.3739554286003113
0.3739553987979889
0.37395530939102173
0.37395530939102173
0.3739553987979889
0.3739553391933441
0.3739553987979889
0.3739553987979889
0.3739553391933441
0.37395530939102173
0.3739553391933441
0.3739553391933441
0.37395530939102173
0.3739553391933441
0.37395530939102173
0.37395530939102173
0.37395530939102173
0.37395530939102173
0.37395530939102173
0.37395527958869934
0.3739553391933441
0.3739553391933441
0.3739553391933441
0.37395530939102173
0.37395524978637695
0.3739553391933441
0.37395527958869934
0.3739553391933441
0.3739553391933441
0.37395527958869934
0.3739553391933441
0.3739553391933441
0.37395527958869934
0.37395530939102173
0.37395530939102173
0.37395530939102173
0.37395530939102173
0.37395530939102173
0.37395530939102173
0.37395530939102173
0.37395530939102173
0.37395527958869934
0.37395521998405457
0.37395530939102173
0.37395530939102173
0.37395527958869934
0.37395527958869934
0.37395527958869934
0.37395530939102173
0.37395524978637695
0.37395527958869934
0.37395524978637695
0.37395524978637695
0.37395530939102173
0.37395530939102173
0.37395524978637695
0.37395530939102173
0.37395524978637695
0.37395530939102173
0.37395524978637695
0.37395527958869934
0.37395527958869934
0.37395527958869934
0.37395530939102173
0.37395524978637695
0.37395530939102173
0.37395524978637695
0.37395524978637695
0.37395521998405457
0.37395527958869934
0.37395524978637695
0.37395530939102173
0.37395521998405457
0.3739551901817322
0.37395530939102173
0.37395524978637695
0.37395530939102173
0.37395521998405457
0.37395521998405457
0.37395521998405457
0.37395524978637695
0.37395524978637695
0.37395524978637695
0.3739551305770874
0.37395527958869934
0.37395524978637695
0.3739551901817322
0.37395524978637695
0.3739551901817322
0.37395524978637695
0.3739551901817322
0.37395524978637695
0.3739551901817322
0.37395530939102173
0.3739551901817322
0.37395521998405457
0.37395524978637695
0.3739551901817322
0.37395521998405457
0.3739551901817322
0.37395521998405457
0.37395521998405457
0.37395521998405457
0.37395524978637695
0.37395524978637695
0.37395524978637695
0.3739551901817322
0.37395521998405457
0.37395521998405457
0.3739551901817322
0.37395521998405457
0.3739551901817322
0.3739551901817322
0.3739551901817322
0.37395521998405457
0.3739551901817322
0.373955100774765
0.3739551901817322
0.37395524978637695
0.3739551901817322
0.3739551901817322
0.37395521998405457
0.37395521998405457
0.37395521998405457
0.3739551901817322
0.3739551901817322
0.3739551901817322
0.3739551305770874
0.37395524978637695
0.3739551901817322
0.373955100774765
0.3739551305770874
0.3739551901817322
0.37395521998405457
0.3739551305770874
0.3739551305770874
0.37395521998405457
0.3739551901817322
0.373955100774765
0.3739550709724426
0.3739551305770874
0.3739551901817322
0.373955100774765
0.3739551901817322
0.3739551305770874
0.37395521998405457
0.3739551305770874
0.373955100774765
0.3739551901817322
0.37395521998405457
0.373955100774765
0.3739551305770874
0.373955100774765
0.373955100774765
0.3739551901817322
0.3739551901817322
0.3739550709724426
0.373955100774765
0.3739551901817322
0.3739551305770874
0.373955100774765
0.373955100774765
0.3739550709724426
0.3739551305770874
0.3739550709724426
0.373955100774765
0.373955100774765
0.3739550709724426
0.3739551305770874
0.3739551305770874
0.3739550709724426
0.3739551901817322
0.373955100774765
0.37395504117012024
0.37395504117012024
0.3739550709724426
0.37395504117012024
0.373955100774765
0.373955100774765
0.3739550709724426
0.373955100774765
0.373955100774765
0.373955100774765
0.3739551901817322
0.3739550709724426
0.3739550709724426
0.37395504117012024
0.373955100774765
0.3739550709724426
0.373955100774765
0.3739550709724426
0.373955100774765
0.37395501136779785
0.373955100774765
0.373955100774765
0.37395501136779785
0.37395504117012024
0.37395504117012024
0.3739550709724426
0.3739550709724426
0.37395504117012024
0.3739550709724426
0.37395504117012024
0.37395504117012024
0.3739550709724426
0.37395504117012024
0.37395504117012024
0.3739550709724426
0.3739550709724426
0.37395504117012024
0.37395504117012024
0.3739550709724426
0.3739550709724426
0.37395504117012024
0.37395504117012024
0.37395504117012024
0.37395501136779785
0.37395504117012024
0.37395504117012024
0.37395501136779785
0.37395501136779785
0.37395501136779785
0.373955100774765
0.37395504117012024
0.3739549517631531
0.37395501136779785
0.37395501136779785
0.37395504117012024
0.37395498156547546
0.37395504117012024
0.37395501136779785
0.37395501136779785
0.37395501136779785
0.37395504117012024
0.37395501136779785
0.37395501136779785
0.37395504117012024
0.37395504117012024
0.37395501136779785
0.37395501136779785
0.37395501136779785
0.37395501136779785
0.37395498156547546
0.3739548921585083
0.37395498156547546
0.37395498156547546
0.37395501136779785
0.37395501136779785
0.37395498156547546
0.37395501136779785
0.3739549517631531
0.3739549517631531
0.37395498156547546
0.37395501136779785
0.37395498156547546
0.37395498156547546
0.37395498156547546
0.37395501136779785
0.3739549517631531
0.3739549517631531
0.3739549517631531
0.37395501136779785
0.37395498156547546
0.3739548921585083
0.37395498156547546
0.3739549517631531
0.3739549517631531
0.37395501136779785
0.3739549517631531
0.3739549517631531
0.3739548921585083
0.3739549517631531
0.37395501136779785
0.3739549517631531
0.37395501136779785
0.37395498156547546
0.37395498156547546
0.3739548921585083
0.37395498156547546
0.3739548921585083
0.3739548921585083
0.3739549517631531
0.3739549517631531
0.3739548921585083
0.37395498156547546
0.3739549517631531
0.37395498156547546
0.3739549517631531
0.3739548921585083
0.3739548921585083
0.3739548921585083
0.3739549517631531
0.3739548921585083
0.3739548325538635
0.3739549517631531
0.3739548921585083
0.3739548921585083
0.3739548623561859
0.37395498156547546
0.3739549517631531
0.3739548623561859
0.3739548623561859
0.3739548623561859
0.3739548921585083
0.3739548623561859
0.3739548921585083
0.3739548623561859
0.3739548921585083
0.3739548921585083
0.3739548623561859
0.3739548325538635
0.3739548921585083
0.37395480275154114
0.3739549517631531
0.3739548623561859
0.3739548921585083
0.3739548623561859
0.3739548921585083
0.3739548623561859
0.3739548325538635
0.37395480275154114
0.3739548623561859
0.3739548325538635
0.3739548623561859
0.3739548623561859
0.3739549517631531
0.3739548921585083
0.3739548325538635
0.3739548325538635
0.3739548921585083
0.3739548921585083
0.3739548921585083
0.3739548623561859
0.3739548921585083
0.3739548325538635
0.3739548325538635
0.37395480275154114
0.37395480275154114
0.3739548921585083
0.3739548623561859
0.3739548325538635
0.3739548325538635
0.3739548623561859
0.37395480275154114
0.3739548623561859
0.37395480275154114
0.37395480275154114
0.3739548325538635
0.3739548325538635
0.3739548325538635
0.3739548325538635
0.3739548325538635
0.37395480275154114
0.37395480275154114
0.37395480275154114
0.37395477294921875
0.3739548325538635
0.37395477294921875
0.37395480275154114
0.3739548325538635
0.3739548623561859
0.37395480275154114
0.3739548325538635
0.37395474314689636
0.3739548325538635
0.37395480275154114
0.37395477294921875
0.37395477294921875
0.37395477294921875
0.37395477294921875
0.3739548623561859
0.37395477294921875
0.3739548325538635
0.3739548325538635
0.37395477294921875
0.37395480275154114
0.37395480275154114
0.37395480275154114
0.37395477294921875
0.37395474314689636
0.37395480275154114
0.37395480275154114
0.37395480275154114
0.3739548325538635
0.37395477294921875
0.37395480275154114
0.37395474314689636
0.37395474314689636
0.37395474314689636
0.37395477294921875
0.37395480275154114
0.37395477294921875
0.37395477294921875
0.37395474314689636
0.37395477294921875
0.37395474314689636
0.37395477294921875
0.37395474314689636
0.37395480275154114
0.3739548325538635
0.373954713344574
0.37395474314689636
0.37395477294921875
0.373954713344574
0.373954713344574
0.37395474314689636
0.3739546537399292
0.37395474314689636
0.37395477294921875
0.37395477294921875
0.37395474314689636
0.37395477294921875
0.37395477294921875
0.37395474314689636
0.37395477294921875
0.37395474314689636
0.373954713344574
0.373954713344574
0.373954713344574
0.37395474314689636
0.3739546537399292
0.373954713344574
0.373954713344574
0.37395474314689636
0.3739546239376068
0.37395480275154114
0.37395474314689636
0.373954713344574
0.373954713344574
0.37395474314689636
0.37395474314689636
0.373954713344574
0.37395474314689636
0.373954713344574
0.3739546537399292
0.3739546537399292
0.373954713344574
0.37395474314689636
0.373954713344574
0.373954713344574
0.373954713344574
0.37395474314689636
0.3739546537399292
0.3739546537399292
0.3739546239376068
0.373954713344574
0.373954713344574
0.3739546537399292
0.3739546537399292
0.3739546537399292
0.373954713344574
0.3739546537399292
0.3739546537399292
0.373954713344574
0.3739545941352844
0.3739546537399292
0.373954713344574
0.3739546239376068
0.3739546537399292
0.3739546537399292
0.3739546537399292
0.3739546239376068
0.3739546537399292
0.3739546537399292
0.3739546537399292
0.3739545941352844
0.3739546239376068
0.3739546239376068
0.3739546239376068
0.3739546537399292
0.3739546239376068
0.3739546537399292
0.373954713344574
0.3739546239376068
0.3739545941352844
0.3739546239376068
0.3739546537399292
0.37395474314689636
0.3739545941352844
0.3739546537399292
0.3739546239376068
0.3739546239376068
0.3739546239376068
0.3739546537399292
0.3739546239376068
0.37395456433296204
0.3739545941352844
0.37395456433296204
0.3739546239376068
0.3739545941352844
0.3739546239376068
0.37395453453063965
0.3739545941352844
0.3739546239376068
0.3739546239376068
0.37395456433296204
0.3739545941352844
0.3739545941352844
0.37395456433296204
0.3739545941352844
0.3739546239376068
0.37395453453063965
0.3739546239376068
0.37395456433296204
0.37395453453063965
0.37395453453063965
0.37395456433296204
0.37395453453063965
0.3739545941352844
0.37395456433296204
0.3739545941352844
0.3739545941352844
0.3739546239376068
0.37395456433296204
0.3739545941352844
0.3739545941352844
0.3739546239376068
0.37395453453063965
0.37395453453063965
0.3739545941352844
0.37395453453063965
0.37395456433296204
0.37395453453063965
0.37395456433296204
0.37395456433296204
0.37395453453063965
0.37395453453063965
0.37395450472831726
0.37395456433296204
0.37395456433296204
0.37395453453063965
0.37395453453063965
0.37395450472831726
0.37395456433296204
0.37395453453063965
0.37395450472831726
0.37395450472831726
0.37395453453063965
0.37395456433296204
0.37395450472831726
0.37395453453063965
0.37395456433296204
0.37395453453063965
0.37395450472831726
0.37395456433296204
0.37395456433296204
0.37395453453063965
0.37395453453063965
0.37395456433296204
0.37395450472831726
0.37395456433296204
0.37395453453063965
0.37395450472831726
0.3739544749259949
0.37395453453063965
0.3739544749259949
0.37395453453063965
0.37395453453063965
0.37395453453063965
0.37395450472831726
0.37395453453063965
0.37395450472831726
0.3739544749259949
0.37395450472831726
0.37395450472831726
0.37395453453063965
0.37395450472831726
0.3739544749259949
0.37395450472831726
0.37395450472831726
0.37395450472831726
0.3739544749259949
0.37395450472831726
0.3739544153213501
0.3739544153213501
0.3739544749259949
0.3739544749259949
0.3739544153213501
0.37395453453063965
0.3739544153213501
0.37395450472831726
0.37395450472831726
0.3739544749259949
0.37395450472831726
0.3739544749259949
0.37395450472831726
0.3739544749259949
0.37395453453063965
0.3739544749259949
0.37395450472831726
0.3739544153213501
0.3739544153213501
0.37395450472831726
0.3739544749259949
0.3739543855190277
0.3739544749259949
0.3739544153213501
0.3739544153213501
0.3739544749259949
0.3739544749259949
0.3739544749259949
0.3739543855190277
0.3739544153213501
0.3739544749259949
0.3739543855190277
0.3739543855190277
0.37395450472831726
0.3739543855190277
0.3739544153213501
0.3739544749259949
0.3739543855190277
0.3739543855190277
0.3739544153213501
0.3739544153213501
0.3739544153213501
0.3739543557167053
0.3739544749259949
0.3739543855190277
0.3739543557167053
0.3739543855190277
0.3739544153213501
0.37395450472831726
0.3739543855190277
0.3739543557167053
0.3739544153213501
0.3739544153213501
0.3739543855190277
0.3739543855190277
0.37395432591438293
0.3739544153213501
0.3739543557167053
0.3739543855190277
0.3739543557167053
0.3739543855190277
0.3739543855190277
0.3739543557167053
0.3739543855190277
0.3739543557167053
0.3739543557167053
0.3739543855190277
0.3739544153213501
0.37395432591438293
0.3739543557167053
0.37395432591438293
0.3739543855190277
0.37395432591438293
0.3739543557167053
0.3739543557167053
0.3739543855190277
0.3739543557167053
0.37395432591438293
0.3739543557167053
0.3739543557167053
0.37395432591438293
0.3739543557167053
0.37395432591438293
0.3739543855190277
0.3739543855190277
0.3739543557167053
0.37395432591438293
0.37395432591438293
0.37395432591438293
0.3739543557167053
0.37395432591438293
0.37395432591438293
0.3739543855190277
0.37395432591438293
0.37395432591438293
0.37395429611206055
0.37395429611206055
0.37395432591438293
0.37395432591438293
0.37395432591438293
0.37395432591438293
0.37395432591438293
0.37395432591438293
0.37395429611206055
0.37395426630973816
0.37395432591438293
0.37395429611206055
0.37395429611206055
0.37395432591438293
0.3739543557167053
0.37395432591438293
0.3739543557167053
0.37395432591438293
0.37395432591438293
0.37395429611206055
0.37395432591438293
0.37395426630973816
0.37395432591438293
0.3739543557167053
0.37395429611206055
0.37395429611206055
0.37395429611206055
0.37395429611206055
0.37395429611206055
0.37395429611206055
0.37395432591438293
0.37395429611206055
0.37395432591438293
0.37395432591438293
0.3739542067050934
0.37395429611206055
0.37395426630973816
0.37395429611206055
0.37395426630973816
0.37395426630973816
0.37395429611206055
0.37395429611206055
0.37395432591438293
0.37395426630973816
0.37395432591438293
0.3739542067050934
0.3739542067050934
0.3739542067050934
0.37395429611206055
0.37395429611206055
0.373954176902771
0.37395429611206055
0.37395429611206055
0.37395426630973816
0.37395426630973816
0.37395426630973816
0.3739542067050934
0.373954176902771
0.373954176902771
0.373954176902771
0.37395426630973816
0.37395426630973816
0.373954176902771
0.3739542067050934
0.3739541471004486
0.373954176902771
0.37395429611206055
0.37395426630973816
0.373954176902771
0.373954176902771
0.3739542067050934
0.3739542067050934
0.3739542067050934
0.3739542067050934
0.37395426630973816
0.3739542067050934
0.3739542067050934
0.373954176902771
0.3739542067050934
0.37395426630973816
0.3739541471004486
0.373954176902771
0.3739541471004486
0.373954176902771
0.37395426630973816
0.3739542067050934
0.373954176902771
0.3739542067050934
0.3739542067050934
0.3739541471004486
0.373954176902771
0.3739541471004486
0.3739541471004486
0.3739541471004486
0.3739541471004486
0.3739541172981262
0.373954176902771
0.3739541172981262
0.3739542067050934
0.3739541172981262
0.373954176902771
0.3739541471004486
0.373954176902771
0.3739541172981262
0.3739541471004486
0.373954176902771
0.3739542067050934
0.3739542067050934
0.373954176902771
0.373954176902771
0.3739541172981262
0.3739541172981262
0.3739541172981262
0.3739541471004486
0.3739541471004486
0.3739541471004486
0.3739541172981262
0.3739541471004486
0.373954176902771
0.373954176902771
0.3739541172981262
0.3739541471004486
0.3739541471004486
0.373954176902771
0.373954176902771
0.3739541172981262
0.3739541471004486
0.3739541471004486
0.37395408749580383
0.37395408749580383
0.3739541471004486
0.3739541172981262
0.373954176902771
0.3739541172981262
0.3739541172981262
0.3739541172981262
0.3739541172981262
0.37395408749580383
0.3739541471004486
0.3739541471004486
0.3739541471004486
0.37395405769348145
0.3739541172981262
0.373954176902771
0.37395408749580383
0.37395408749580383
0.3739541471004486
0.37395405769348145
0.37395408749580383
0.37395408749580383
0.37395408749580383
0.37395405769348145
0.37395408749580383
0.37395405769348145
0.37395408749580383
0.37395408749580383
0.37395408749580383
0.37395408749580383
0.3739541172981262
0.37395402789115906
0.37395408749580383
0.37395408749580383
0.37395405769348145
0.3739541172981262
0.3739541172981262
0.3739541172981262
0.37395408749580383
0.37395405769348145
0.37395408749580383
0.3739541172981262
0.37395405769348145
0.37395408749580383
0.37395405769348145
0.37395405769348145
0.37395405769348145
0.37395405769348145
0.37395405769348145
0.37395405769348145
0.37395408749580383
0.37395405769348145
0.37395408749580383
0.37395408749580383
0.37395402789115906
0.37395408749580383
0.37395402789115906
0.37395408749580383
0.37395405769348145
0.37395405769348145
0.37395402789115906
0.3739539682865143
0.37395405769348145
0.37395402789115906
0.37395408749580383
0.37395405769348145
0.37395402789115906
0.37395402789115906
0.37395402789115906
0.37395402789115906
0.37395402789115906
0.3739539384841919
0.37395405769348145
0.37395402789115906
0.37395405769348145
0.3739539682865143
0.37395402789115906
0.37395402789115906
0.37395402789115906
0.3739539682865143
0.37395402789115906
0.3739539682865143
0.37395405769348145
0.3739539682865143
0.37395402789115906
0.37395402789115906
0.3739539682865143
0.3739539682865143
0.37395402789115906
0.3739539682865143
0.3739539384841919
0.3739539682865143
0.3739539682865143
0.3739539682865143
0.3739539682865143
0.3739539682865143
0.37395402789115906
0.3739539682865143
0.3739539682865143
0.3739539682865143
0.3739539682865143
0.3739539384841919
0.37395405769348145
0.3739539384841919
0.3739539384841919
0.37395402789115906
0.3739539682865143
0.3739539682865143
0.3739539384841919
0.3739539384841919
0.3739539682865143
0.3739539086818695
0.3739539384841919
0.3739539384841919
0.3739539682865143
0.37395402789115906
0.3739539384841919
0.3739539086818695
0.3739539384841919
0.3739539384841919
0.3739539682865143
0.37395402789115906
0.3739539086818695
0.3739538788795471
0.3739538788795471
0.3739539384841919
0.3739538788795471
0.3739539086818695
0.3739539384841919
0.3739539384841919
0.3739539384841919
0.3739538788795471
0.3739539086818695
0.3739538788795471
0.3739539384841919
0.3739539086818695
0.3739538788795471
0.3739539384841919
0.3739539086818695
0.3739539086818695
0.3739539086818695
0.3739538788795471
0.3739539086818695
0.3739539086818695
0.3739539086818695
0.3739539086818695
0.3739538788795471
0.3739538788795471
0.3739539086818695
0.3739538788795471
0.3739539086818695
0.3739538788795471
0.3739539086818695
0.3739539086818695
0.3739539384841919
0.3739539384841919
0.3739539086818695
0.37395384907722473
0.3739539086818695
0.3739539086818695
0.3739538788795471
0.3739538788795471
0.37395384907722473
0.37395381927490234
0.3739539086818695
0.37395384907722473
0.37395384907722473
0.3739539086818695
0.3739539086818695
0.3739539086818695
0.37395384907722473
0.3739538788795471
0.3739539086818695
0.37395384907722473
0.3739539086818695
0.37395384907722473
0.3739538788795471
0.37395384907722473
0.37395384907722473
0.37395384907722473
0.37395381927490234
0.37395384907722473
0.3739539086818695
0.37395384907722473
0.37395384907722473
0.37395384907722473
0.3739538788795471
0.37395381927490234
0.37395384907722473
0.3739538788795471
0.37395384907722473
0.37395381927490234
0.3739538788795471
0.37395381927490234
0.37395381927490234
0.3739538788795471
0.37395384907722473
0.37395381927490234
0.37395378947257996
0.37395381927490234
0.37395384907722473
0.37395384907722473
0.37395381927490234
0.37395384907722473
0.37395381927490234
0.37395378947257996
0.37395381927490234
0.37395381927490234
0.37395381927490234
0.37395378947257996
0.37395384907722473
0.37395378947257996
0.37395381927490234
0.37395381927490234
0.37395381927490234
0.37395381927490234
0.3739537298679352
0.37395381927490234
0.3739538788795471
0.37395381927490234
0.37395381927490234
0.37395381927490234
0.37395384907722473
0.37395381927490234
0.3739537298679352
0.37395378947257996
0.37395378947257996
0.37395378947257996
0.37395384907722473
0.37395378947257996
0.37395381927490234
0.3739537000656128
0.3739537298679352
0.37395378947257996
0.37395381927490234
0.37395381927490234
0.37395378947257996
0.37395378947257996
0.37395378947257996
0.37395378947257996
0.3739537298679352
0.37395378947257996
0.37395384907722473
0.3739537298679352
0.37395378947257996
0.3739537000656128
0.37395378947257996
0.37395378947257996
0.37395378947257996
0.3739537298679352
0.3739537298679352
0.3739537298679352
0.37395378947257996
0.3739537298679352
0.3739537298679352
0.3739537298679352
0.3739537000656128
0.3739537000656128
0.3739537298679352
0.37395378947257996
0.3739537298679352
0.3739537000656128
0.3739537298679352
0.3739536702632904
0.3739537298679352
0.3739537000656128
0.3739537000656128
0.3739537298679352
0.3739537298679352
0.3739536702632904
0.3739537298679352
0.3739537298679352
0.3739537298679352
0.3739537000656128
0.3739537000656128
0.3739537000656128
0.3739536702632904
0.3739537298679352
0.3739536702632904
0.3739536702632904
0.3739537000656128
0.3739537000656128
0.3739537000656128
0.3739537000656128
0.3739536702632904
0.3739537000656128
0.3739536702632904
0.3739537000656128
0.373953640460968
0.3739536702632904
0.3739537000656128
0.373953640460968
0.3739536702632904
0.3739536702632904
0.373953640460968
0.37395361065864563
0.373953640460968
0.3739536702632904
0.373953640460968
0.3739536702632904
0.3739537000656128
0.3739537000656128
0.3739536702632904
0.3739536702632904
0.37395361065864563
0.3739536702632904
0.3739537000656128
0.3739537000656128
0.3739537298679352
0.37395378947257996
0.373953640460968
0.373953640460968
0.3739536702632904
0.373953640460968
0.3739536702632904
0.373953640460968
0.373953640460968
0.37395361065864563
0.3739537000656128
0.37395361065864563
0.373953640460968
0.373953640460968
0.37395361065864563
0.373953640460968
0.373953640460968
0.373953640460968
0.37395361065864563
0.373953640460968
0.373953640460968
0.3739536702632904
0.373953640460968
0.37395361065864563
0.37395361065864563
0.37395358085632324
0.37395358085632324
0.373953640460968
0.37395361065864563
0.373953640460968
0.373953640460968
0.37395361065864563
0.373953640460968
0.37395358085632324
0.3739536702632904
0.3739536702632904
0.37395358085632324
0.37395358085632324
0.37395361065864563
0.37395358085632324
0.37395361065864563
0.37395361065864563
0.37395361065864563
0.37395361065864563
0.37395358085632324
0.37395358085632324
0.37395361065864563
0.37395361065864563
0.37395358085632324
0.37395358085632324
0.37395358085632324
0.37395361065864563
0.37395361065864563
0.37395361065864563
0.37395361065864563
0.37395358085632324
0.37395358085632324
0.37395355105400085
0.37395355105400085
0.3739534616470337
0.37395358085632324
0.37395355105400085
0.37395361065864563
0.37395361065864563
0.37395361065864563
0.37395361065864563
0.3739534914493561
0.37395361065864563
0.37395358085632324
0.37395355105400085
0.37395358085632324
0.37395358085632324
0.3739534616470337
0.37395355105400085
0.37395358085632324
0.37395355105400085
0.37395358085632324
0.37395355105400085
0.37395361065864563
0.37395355105400085
0.3739534616470337
0.3739534616470337
0.37395355105400085
0.3739534914493561
0.37395358085632324
0.37395358085632324
0.3739534318447113
0.37395355105400085
0.37395361065864563
0.3739534914493561
0.37395355105400085
0.37395355105400085
0.37395355105400085
0.37395355105400085
0.3739534914493561
0.3739534616470337
0.3739534616470337
0.3739534616470337
0.3739534616470337
0.3739534914493561
0.3739534914493561
0.3739534914493561
0.37395358085632324
0.37395355105400085
0.3739534914493561
0.3739534616470337
0.37395355105400085
0.37395355105400085
0.3739534318447113
0.37395355105400085
0.3739534914493561
0.3739534914493561
0.3739534318447113
0.3739534616470337
0.3739534318447113
0.3739534914493561
0.3739534616470337
0.3739534616470337
0.3739534616470337
0.37395355105400085
0.3739534616470337
0.3739534616470337
0.3739534318447113
0.3739534616470337
0.3739534616470337
0.3739534616470337
0.3739534318447113
0.3739534616470337
0.3739534616470337
0.3739534914493561
0.3739534616470337
0.3739534318447113
0.3739534318447113
0.3739534020423889
0.3739534914493561
0.3739534616470337
0.3739534616470337
0.37395337224006653
0.3739534914493561
0.3739534616470337
0.3739534020423889
0.3739534318447113
0.3739534318447113
0.3739534616470337
0.3739534318447113
0.3739534020423889
0.3739534318447113
0.3739534020423889
0.37395337224006653
0.3739534020423889
0.3739534318447113
0.3739534020423889
0.3739534318447113
0.3739534616470337
0.3739534318447113
0.37395337224006653
0.3739534318447113
0.3739534020423889
0.37395337224006653
0.3739534020423889
0.3739534616470337
0.37395337224006653
0.3739534318447113
0.37395337224006653
0.37395337224006653
0.3739534020423889
0.37395337224006653
0.3739534318447113
0.3739534020423889
0.37395337224006653
0.3739534020423889
0.3739534020423889
0.37395337224006653
0.3739534318447113
0.3739534020423889
0.3739534020423889
0.37395337224006653
0.37395337224006653
0.3739534020423889
0.37395337224006653
0.37395334243774414
0.3739534020423889
0.37395337224006653
0.37395337224006653
0.3739534020423889
0.37395328283309937
0.37395334243774414
0.3739534020423889
0.3739534020423889
0.37395334243774414
0.37395334243774414
0.3739534020423889
0.3739534020423889
0.37395337224006653
0.3739534020423889
0.37395334243774414
0.37395328283309937
0.37395337224006653
0.37395334243774414
0.37395337224006653
0.37395334243774414
0.37395334243774414
0.37395337224006653
0.37395328283309937
0.37395328283309937
0.37395334243774414
0.37395334243774414
0.37395328283309937
0.37395334243774414
0.37395334243774414
0.37395334243774414
0.37395328283309937
0.37395334243774414
0.37395334243774414
0.37395334243774414
0.373953253030777
0.37395337224006653
0.37395334243774414
0.37395334243774414
0.37395337224006653
0.37395328283309937
0.37395334243774414
0.37395334243774414
0.37395334243774414
0.37395334243774414
0.37395334243774414
0.37395328283309937
0.37395334243774414
0.37395334243774414
0.37395334243774414
0.37395328283309937
0.3739532232284546
0.37395337224006653
0.373953253030777
0.37395328283309937
0.37395334243774414
0.37395328283309937
0.37395328283309937
0.37395328283309937
0.37395328283309937
0.37395334243774414
0.373953253030777
0.373953253030777
0.373953253030777
0.373953253030777
0.37395328283309937
0.373953253030777
0.373953253030777
0.37395328283309937
0.373953253030777
0.3739532232284546
0.373953253030777
0.373953253030777
0.373953253030777
0.373953253030777
0.37395328283309937
0.373953253030777
0.37395328283309937
0.37395328283309937
0.37395328283309937
0.373953253030777
0.373953253030777
0.373953253030777
0.373953253030777
0.3739532232284546
0.3739532232284546
0.373953253030777
0.373953253030777
0.37395334243774414
0.3739532232284546
0.373953253030777
0.3739531934261322
0.3739532232284546
0.373953253030777
0.37395334243774414
0.3739532232284546
0.373953253030777
0.3739531934261322
0.3739532232284546
0.3739532232284546
0.3739532232284546
0.37395328283309937
0.3739532232284546
0.3739531934261322
0.37395328283309937
0.3739531636238098
0.3739532232284546
0.3739531934261322
0.3739531934261322
0.3739532232284546
0.3739531934261322
0.3739531934261322
0.3739532232284546
0.3739531338214874
0.3739531636238098
0.3739531934261322
0.3739531636238098
0.3739531934261322
0.3739532232284546
0.3739531636238098
0.3739532232284546
0.373953253030777
0.3739531934261322
0.3739531338214874
0.3739531636238098
0.3739531934261322
0.3739531934261322
0.3739531636238098
0.3739532232284546
0.3739531934261322
0.3739531636238098
0.3739532232284546
0.3739531636238098
0.3739531934261322
0.3739531934261322
0.3739531934261322
0.3739531338214874
0.3739531934261322
0.3739532232284546
0.3739531636238098
0.3739531636238098
0.3739531338214874
0.37395310401916504
0.3739532232284546
0.3739531338214874
0.3739531338214874
0.37395310401916504
0.3739531934261322
0.3739531338214874
0.3739531636238098
0.3739531636238098
0.3739531636238098
0.3739531338214874
0.3739531636238098
0.3739531636238098
0.3739531636238098
0.3739531338214874
0.37395310401916504
0.3739531636238098
0.37395310401916504
0.3739531338214874
0.37395310401916504
0.3739531934261322
0.37395310401916504
0.37395310401916504
0.3739531636238098
0.3739531636238098
0.37395310401916504
0.3739531338214874
0.37395310401916504
0.37395310401916504
0.37395310401916504
0.3739531338214874
0.37395310401916504
0.3739531636238098
0.3739531338214874
0.37395310401916504
0.37395304441452026
0.3739531338214874
0.3739531636238098
0.3739531338214874
0.37395310401916504
0.3739531636238098
0.37395304441452026
0.37395310401916504
0.37395304441452026
0.37395310401916504
0.37395310401916504
0.37395310401916504
0.3739531338214874
0.37395304441452026
0.37395310401916504
0.37395304441452026
0.3739531338214874
0.37395310401916504
0.3739531338214874
0.37395304441452026
0.37395304441452026
0.37395304441452026
0.37395310401916504
0.37395310401916504
0.37395310401916504
0.3739530146121979
0.3739530146121979
0.3739530146121979
0.3739530146121979
0.37395310401916504
0.3739531338214874
0.37395304441452026
0.37395304441452026
0.37395310401916504
0.37395304441452026
0.3739529848098755
0.37395310401916504
0.3739529848098755
0.37395304441452026
0.3739530146121979
0.3739529848098755
0.37395304441452026
0.3739529848098755
0.3739530146121979
0.37395304441452026
0.3739529848098755
0.3739530146121979
0.3739529848098755
0.37395304441452026
0.37395310401916504
0.37395304441452026
0.3739530146121979
0.3739530146121979
0.3739529848098755
0.3739530146121979
0.3739530146121979
0.3739530146121979
0.3739529848098755
0.3739530146121979
0.37395304441452026
0.3739530146121979
0.37395304441452026
0.3739530146121979
0.3739529848098755
0.37395310401916504
0.37395304441452026
0.3739530146121979
0.3739529848098755
0.3739529848098755
0.3739529848098755
0.3739529848098755
0.3739530146121979
0.3739530146121979
0.3739529550075531
0.3739529550075531
0.3739529550075531
0.3739530146121979
0.3739529848098755
0.3739529252052307
0.3739528954029083
0.3739529848098755
0.3739529550075531
0.3739530146121979
0.3739529848098755
0.3739529848098755
0.3739529848098755
0.3739530146121979
0.3739529848098755
0.3739529848098755
0.3739529848098755
0.3739529550075531
0.3739529550075531
0.3739529848098755
0.3739529252052307
0.3739528954029083
0.3739529252052307
0.3739529550075531
0.3739529550075531
0.3739529252052307
0.3739529848098755
0.3739529550075531
0.3739529252052307
0.3739529252052307
0.3739529252052307
0.3739529550075531
0.3739529550075531
0.3739529550075531
0.3739529848098755
0.3739529848098755
0.3739529550075531
0.3739529252052307
0.3739529550075531
0.3739529252052307
0.3739529252052307
0.3739529848098755
0.3739529848098755
0.3739529550075531
0.3739528954029083
0.3739529252052307
0.3739529550075531
0.3739528954029083
0.3739529252052307
0.3739529252052307
0.3739529550075531
0.3739528954029083
0.37395286560058594
0.3739529550075531
0.3739529848098755
0.3739528954029083
0.3739529550075531
0.3739529252052307
0.3739529252052307
0.3739528954029083
0.3739529252052307
0.3739528954029083
0.37395286560058594
0.3739528954029083
0.3739528954029083
0.37395286560058594
0.37395286560058594
0.3739529252052307
0.3739529252052307
0.3739528954029083
0.3739528954029083
0.3739528954029083
0.3739528954029083
0.3739528954029083
0.37395280599594116
0.3739528954029083
0.37395280599594116
0.3739528954029083
0.37395280599594116
0.3739528954029083
0.37395286560058594
0.3739528954029083
0.3739528954029083
0.37395286560058594
0.37395280599594116
0.37395286560058594
0.37395280599594116
0.3739527761936188
0.37395286560058594
0.3739528954029083
0.3739528954029083
0.37395286560058594
0.37395280599594116
0.3739528954029083
0.37395280599594116
0.3739527761936188
0.37395280599594116
0.37395280599594116
0.37395286560058594
0.3739527761936188
0.37395286560058594
0.3739528954029083
0.37395280599594116
0.37395286560058594
0.3739527761936188
0.37395280599594116
0.37395280599594116
0.37395286560058594
0.37395280599594116
0.37395280599594116
0.37395286560058594
0.3739527761936188
0.37395286560058594
0.3739527761936188
0.37395286560058594
0.3739528954029083
0.3739527761936188
0.37395280599594116
0.3739527761936188
0.3739528954029083
0.3739527761936188
0.3739527463912964
0.37395280599594116
0.3739527761936188
0.37395280599594116
0.37395280599594116
0.37395280599594116
0.3739527761936188
0.37395280599594116
0.3739527463912964
0.37395280599594116
0.3739527761936188
0.3739527761936188
0.3739527463912964
0.373952716588974
0.3739527761936188
0.3739527761936188
0.37395286560058594
0.3739527761936188
0.37395280599594116
0.3739527761936188
0.373952716588974
0.37395280599594116
0.3739527761936188
0.3739527463912964
0.37395280599594116
0.3739527761936188
0.3739527761936188
0.3739527463912964
0.3739527463912964
0.3739527761936188
0.3739527463912964
0.3739527463912964
0.3739527463912964
0.373952716588974
0.3739527463912964
0.3739527463912964
0.373952716588974
0.3739527761936188
0.373952716588974
0.3739527463912964
0.373952716588974
0.3739527463912964
0.3739527761936188
0.373952716588974
0.373952716588974
0.3739527463912964
0.3739527463912964
0.3739527463912964
0.3739527761936188
0.3739526867866516
0.373952716588974
0.373952716588974
0.373952716588974
0.373952716588974
0.3739526867866516
0.3739527463912964
0.3739526867866516
0.3739526867866516
0.3739527463912964
0.373952716588974
0.3739527463912964
0.3739526569843292
0.373952716588974
0.3739527761936188
0.373952716588974
0.3739527761936188
0.3739526867866516
0.3739526867866516
0.373952716588974
0.3739526867866516
0.373952716588974
0.3739526867866516
0.3739527761936188
0.373952716588974
0.373952716588974
0.373952716588974
0.3739526867866516
0.3739526867866516
0.3739526867866516
0.3739526867866516
0.3739526867866516
0.3739526867866516
0.373952716588974
0.373952716588974
0.3739526569843292
0.3739526569843292
0.3739526569843292
0.3739526867866516
0.3739526569843292
0.3739526569843292
0.3739526569843292
0.373952716588974
0.3739526569843292
0.3739526569843292
0.3739526867866516
0.37395259737968445
0.3739526867866516
0.37395256757736206
0.3739526569843292
0.37395259737968445
0.3739526867866516
0.3739526569843292
0.3739526569843292
0.3739526867866516
0.37395259737968445
0.3739526569843292
0.3739526867866516
0.37395259737968445
0.37395259737968445
0.3739526569843292
0.37395256757736206
0.3739526569843292
0.3739526569843292
0.37395259737968445
0.37395259737968445
0.37395256757736206
0.37395256757736206
0.3739526569843292
0.37395259737968445
0.37395259737968445
0.3739526867866516
0.37395256757736206
0.37395259737968445
0.37395259737968445
0.3739526569843292
0.3739526569843292
0.37395259737968445
0.3739526569843292
0.37395256757736206
0.37395259737968445
0.37395256757736206
0.37395259737968445
0.37395259737968445
0.3739526569843292
0.3739525377750397
0.37395256757736206
0.37395259737968445
0.37395256757736206
0.37395256757736206
0.37395259737968445
0.3739525377750397
0.3739525377750397
0.3739525079727173
0.3739525377750397
0.37395259737968445
0.37395256757736206
0.3739525377750397
0.37395256757736206
0.37395259737968445
0.3739525377750397
0.37395259737968445
0.37395256757736206
0.3739525377750397
0.3739525079727173
0.3739525377750397
0.37395256757736206
0.3739526569843292
0.3739525377750397
0.3739525377750397
0.3739525377750397
0.3739525079727173
0.3739525377750397
0.3739525079727173
0.3739525079727173
0.3739525079727173
0.3739525377750397
0.3739524781703949
0.3739525377750397
0.3739525377750397
0.3739525079727173
0.37395256757736206
0.3739525079727173
0.3739525079727173
0.37395256757736206
0.3739524781703949
0.3739525079727173
0.3739525079727173
0.3739525079727173
0.3739524781703949
0.3739525079727173
0.3739525377750397
0.3739524781703949
0.3739525377750397
0.3739524781703949
0.3739525079727173
0.3739525079727173
0.3739525079727173
0.3739524483680725
0.37395256757736206
0.3739524781703949
0.3739524781703949
0.3739524781703949
0.3739525377750397
0.3739525079727173
0.3739525377750397
0.3739524483680725
0.3739524781703949
0.3739525079727173
0.3739525377750397
0.3739524781703949
0.3739525079727173
0.3739525079727173
0.37395256757736206
0.3739524781703949
0.3739525377750397
0.3739524781703949
0.3739524483680725
0.3739524483680725
0.3739524185657501
0.3739524781703949
0.3739524483680725
0.3739524483680725
0.3739524781703949
0.3739524781703949
0.3739524483680725
0.3739524483680725
0.3739524781703949
0.3739524483680725
0.3739524781703949
0.3739524483680725
0.3739524185657501
0.3739524483680725
0.3739524483680725
0.3739524483680725
0.3739524781703949
0.3739524185657501
0.3739524781703949
0.3739524781703949
0.3739524483680725
0.3739524483680725
0.3739524483680725
0.3739524483680725
0.3739524483680725
0.3739524185657501
0.3739524185657501
0.3739524483680725
0.3739524483680725
0.37395235896110535
0.3739524781703949
0.3739524185657501
0.3739524483680725
0.3739524483680725
0.3739525079727173
0.3739524483680725
0.3739524185657501
0.3739524781703949
0.3739524483680725
0.3739524185657501
0.3739524483680725
0.3739524483680725
0.3739524483680725
0.37395235896110535
0.3739524483680725
0.37395235896110535
0.37395235896110535
0.3739524185657501
0.37395235896110535
0.3739524185657501
0.3739524483680725
0.3739524185657501
0.37395235896110535
0.3739524185657501
0.3739524483680725
0.3739524185657501
0.37395232915878296
0.3739524483680725
0.37395235896110535
0.3739524483680725
0.37395235896110535
0.3739524185657501
0.37395235896110535
0.3739524483680725
0.37395235896110535
0.37395232915878296
0.37395235896110535
0.37395229935646057
0.3739524185657501
0.37395235896110535
0.37395235896110535
0.37395235896110535
0.37395235896110535
0.37395235896110535
0.37395235896110535
0.3739524185657501
0.37395235896110535
0.37395235896110535
0.37395235896110535
0.3739524185657501
0.37395229935646057
0.37395232915878296
0.37395232915878296
0.37395235896110535
0.37395229935646057
0.37395232915878296
0.37395232915878296
0.37395232915878296
0.37395232915878296
0.37395235896110535
0.37395232915878296
0.37395235896110535
0.37395229935646057
0.37395229935646057
0.3739522695541382
0.37395229935646057
0.3739522695541382
0.37395229935646057
0.37395232915878296
0.37395232915878296
0.37395232915878296
0.37395235896110535
0.37395229935646057
0.37395229935646057
0.3739522695541382
0.37395229935646057
0.3739522695541382
0.37395232915878296
0.37395229935646057
0.37395232915878296
0.3739522695541382
0.3739522695541382
0.37395229935646057
0.3739522695541382
0.37395229935646057
0.37395229935646057
0.3739522695541382
0.3739522695541382
0.3739522695541382
0.37395229935646057
0.37395229935646057
0.3739522397518158
0.37395229935646057
0.3739522695541382
0.3739522695541382
0.3739522695541382
0.37395229935646057
0.3739522397518158
0.37395229935646057
0.3739522397518158
0.3739522397518158
0.3739522695541382
0.3739522397518158
0.3739522397518158
0.3739522397518158
0.37395229935646057
0.37395229935646057
0.3739522695541382
0.37395229935646057
0.3739522695541382
0.3739522695541382
0.373952180147171
0.3739522397518158
0.3739522695541382
0.37395229935646057
0.3739522397518158
0.3739522397518158
0.3739522397518158
0.3739522695541382
0.3739522397518158
0.3739522397518158
0.37395229935646057
0.3739522397518158
0.3739522397518158
0.3739522397518158
0.3739522397518158
0.3739522695541382
0.373952180147171
0.3739522397518158
0.3739522397518158
0.3739522099494934
0.3739522099494934
0.3739522397518158
0.3739522397518158
0.3739522695541382
0.3739522397518158
0.3739522397518158
0.3739522099494934
0.373952180147171
0.3739522099494934
0.3739522099494934
0.3739522099494934
0.3739522397518158
0.3739522099494934
0.373952180147171
0.3739522099494934
0.3739522099494934
0.3739522099494934
0.373952180147171
0.3739522099494934
0.3739522397518158
0.373952180147171
0.373952180147171
0.373952180147171
0.37395212054252625
0.373952180147171
0.3739522099494934
0.3739522099494934
0.373952180147171
0.3739522397518158
0.3739522099494934
0.373952180147171
0.373952180147171
0.373952180147171
0.373952180147171
0.373952180147171
0.373952180147171
0.3739522397518158
0.37395212054252625
0.3739522099494934
0.373952180147171
0.373952180147171
0.37395212054252625
0.373952180147171
0.3739522695541382
0.373952180147171
0.3739522397518158
0.37395212054252625
0.373952180147171
0.37395209074020386
0.373952180147171
0.37395212054252625
0.3739522099494934
0.37395209074020386
0.37395209074020386
0.373952180147171
0.373952180147171
0.37395212054252625
0.37395212054252625
0.3739522099494934
0.37395212054252625
0.373952180147171
0.37395209074020386
0.37395212054252625
0.37395212054252625
0.3739522099494934
0.37395212054252625
0.37395212054252625
0.37395212054252625
0.37395209074020386
0.37395209074020386
0.37395209074020386
0.37395209074020386
0.373952180147171
0.373952180147171
0.3739522099494934
0.373952180147171
0.37395209074020386
0.37395212054252625
0.37395206093788147
0.37395206093788147
0.37395212054252625
0.37395206093788147
0.37395206093788147
0.37395212054252625
0.37395209074020386
0.37395209074020386
0.37395206093788147
0.37395212054252625
0.37395209074020386
0.37395206093788147
0.373952180147171
0.3739520311355591
0.37395209074020386
0.37395209074020386
0.37395212054252625
0.37395206093788147
0.3739520311355591
0.3739520311355591
0.37395209074020386
0.37395209074020386
0.37395209074020386
0.37395206093788147
0.3739520311355591
0.3739520311355591
0.37395209074020386
0.37395206093788147
0.37395209074020386
0.37395206093788147
0.37395209074020386
0.37395209074020386
0.37395209074020386
0.37395206093788147
0.37395206093788147
0.3739520013332367
0.37395209074020386
0.37395206093788147
0.3739520013332367
0.3739520311355591
0.37395206093788147
0.3739519715309143
0.3739520311355591
0.3739520311355591
0.37395206093788147
0.3739520311355591
0.37395206093788147
0.3739520311355591
0.3739520311355591
0.37395209074020386
0.3739520013332367
0.37395206093788147
0.3739520013332367
0.37395206093788147
0.3739520311355591
0.37395206093788147
0.3739520311355591
0.3739520311355591
0.3739520013332367
0.3739520013332367
0.3739520013332367
0.3739520311355591
0.3739520311355591
0.37395209074020386
0.3739520311355591
0.3739520311355591
0.3739519715309143
0.3739520013332367
0.3739519715309143
0.3739519715309143
0.3739520013332367
0.3739520311355591
0.3739519715309143
0.3739520311355591
0.3739520311355591
0.3739520013332367
0.3739519715309143
0.3739520013332367
0.3739520013332367
0.3739520311355591
0.3739520013332367
0.3739520311355591
0.37395206093788147
0.3739519715309143
0.3739520311355591
0.3739520013332367
0.3739519715309143
0.3739519417285919
0.3739520311355591
0.3739519715309143
0.3739519417285919
0.3739519417285919
0.3739519715309143
0.3739519417285919
0.3739519715309143
0.3739519417285919
0.3739519417285919
0.3739519715309143
0.3739519417285919
0.3739519715309143
0.3739519715309143
0.37395188212394714
0.3739519417285919
0.3739519715309143
0.3739519715309143
0.3739519715309143
0.3739519715309143
0.3739520013332367
0.37395188212394714
0.37395185232162476
0.3739519715309143
0.3739519715309143
0.3739519417285919
0.3739519417285919
0.37395188212394714
0.3739519417285919
0.3739519715309143
0.3739519715309143
0.3739519417285919
0.3739519715309143
0.3739519417285919
0.37395188212394714
0.3739519417285919
0.3739519417285919
0.3739519417285919
0.3739519715309143
0.37395182251930237
0.37395188212394714
0.3739519417285919
0.37395185232162476
0.3739519417285919
0.37395185232162476
0.37395185232162476
0.37395188212394714
0.3739519417285919
0.37395185232162476
0.37395185232162476
0.37395188212394714
0.37395185232162476
0.37395188212394714
0.37395188212394714
0.37395188212394714
0.37395188212394714
0.37395185232162476
0.37395188212394714
0.37395182251930237
0.37395188212394714
0.37395185232162476
0.37395188212394714
0.3739519417285919
0.37395182251930237
0.37395188212394714
0.37395185232162476
0.37395185232162476
0.37395182251930237
0.37395188212394714
0.37395188212394714
0.37395185232162476
0.37395182251930237
0.37395182251930237
0.37395185232162476
0.37395179271698
0.37395188212394714
0.37395185232162476
0.37395185232162476
0.37395188212394714
0.37395185232162476
0.37395179271698
0.37395188212394714
0.37395182251930237
0.37395179271698
0.37395182251930237
0.37395182251930237
0.37395185232162476
0.37395182251930237
0.37395179271698
0.37395182251930237
0.37395182251930237
0.37395179271698
0.3739517629146576
0.37395179271698
0.37395182251930237
0.37395185232162476
0.37395188212394714
0.37395185232162476
0.37395182251930237
0.37395185232162476
0.37395182251930237
0.37395182251930237
0.37395182251930237
0.3739517629146576
0.37395179271698
0.37395182251930237
0.3739517629146576
0.37395182251930237
0.37395185232162476
0.37395182251930237
0.37395182251930237
0.37395182251930237
0.37395179271698
0.37395182251930237
0.37395179271698
0.37395179271698
0.37395179271698
0.37395179271698
0.3739517629146576
0.37395179271698
0.3739517629146576
0.3739517629146576
0.37395179271698
0.3739517629146576
0.37395182251930237
0.3739517629146576
0.37395182251930237
0.3739517331123352
0.37395179271698
0.3739517629146576
0.37395179271698
0.37395182251930237
0.37395179271698
0.37395179271698
0.3739517331123352
0.3739517629146576
0.3739517629146576
0.3739517629146576
0.3739517629146576
0.37395179271698
0.3739517629146576
0.37395179271698
0.3739517629146576
0.3739517331123352
0.37395179271698
0.37395179271698
0.37395167350769043
0.3739517629146576
0.37395167350769043
0.3739517331123352
0.37395167350769043
0.3739517629146576
0.3739517629146576
0.37395179271698
0.3739517629146576
0.3739517331123352
0.3739517331123352
0.3739517331123352
0.37395167350769043
0.37395167350769043
0.37395167350769043
0.3739517331123352
0.3739517629146576
0.3739517331123352
0.37395164370536804
0.3739517629146576
0.3739517629146576
0.37395179271698
0.3739517331123352
0.3739517331123352
0.3739517629146576
0.37395179271698
0.3739517331123352
0.3739517331123352
0.3739517331123352
0.3739517331123352
0.37395164370536804
0.3739517331123352
0.3739517629146576
0.3739517331123352
0.37395167350769043
0.37395167350769043
0.3739517331123352
0.37395167350769043
0.3739517629146576
0.37395167350769043
0.3739517331123352
0.37395167350769043
0.37395164370536804
0.37395164370536804
0.37395167350769043
0.37395167350769043
0.37395167350769043
0.37395167350769043
0.37395161390304565
0.37395164370536804
0.37395167350769043
0.37395167350769043
0.37395161390304565
0.37395161390304565
0.37395167350769043
0.37395161390304565
0.37395164370536804
0.3739517331123352
0.37395167350769043
0.37395164370536804
0.37395167350769043
0.3739517331123352
0.37395164370536804
0.37395164370536804
0.3739517331123352
0.37395158410072327
0.37395164370536804
0.37395161390304565
0.37395161390304565
0.37395167350769043
0.37395164370536804
0.37395161390304565
0.37395167350769043
0.37395161390304565
0.3739517331123352
0.37395164370536804
0.37395164370536804
0.37395167350769043
0.37395164370536804
0.37395158410072327
0.37395164370536804
0.37395161390304565
0.37395161390304565
0.37395164370536804
0.37395164370536804
0.37395158410072327
0.37395164370536804
0.3739515542984009
0.37395164370536804
0.37395158410072327
0.37395161390304565
0.37395161390304565
0.37395161390304565
0.37395161390304565
0.37395164370536804
0.37395161390304565
0.37395167350769043
0.37395158410072327
0.37395161390304565
0.37395161390304565
0.37395164370536804
0.37395158410072327
0.37395158410072327
0.37395158410072327
0.37395161390304565
0.37395158410072327
0.37395161390304565
0.3739515542984009
0.37395158410072327
0.37395161390304565
0.37395158410072327
0.37395158410072327
0.37395164370536804
0.3739515542984009
0.37395158410072327
0.37395164370536804
0.37395161390304565
0.3739515542984009
0.37395158410072327
0.3739515244960785
0.37395158410072327
0.37395158410072327
0.3739515542984009
0.37395161390304565
0.3739515542984009
0.3739514946937561
0.37395158410072327
0.37395158410072327
0.3739515542984009
0.3739515542984009
0.3739515542984009
0.3739515542984009
0.3739515542984009
0.3739515542984009
0.37395158410072327
0.3739515244960785
0.37395143508911133
0.3739515244960785
0.37395158410072327
0.3739515244960785
0.3739515542984009
0.3739514946937561
0.3739515542984009
0.3739515542984009
0.3739515542984009
0.3739515244960785
0.3739515244960785
0.37395161390304565
0.3739515542984009
0.3739515244960785
0.3739515244960785
0.3739515244960785
0.3739514946937561
0.3739515542984009
0.3739515244960785
0.3739515542984009
0.3739514946937561
0.3739515542984009
0.3739515244960785
0.3739515244960785
0.37395143508911133
0.3739515244960785
0.3739515244960785
0.3739514946937561
0.3739515244960785
0.3739514946937561
0.3739515244960785
0.3739515244960785
0.3739515244960785
0.3739514946937561
0.3739515244960785
0.37395143508911133
0.3739514946937561
0.3739515244960785
0.3739514946937561
0.3739514946937561
0.3739514946937561
0.37395143508911133
0.3739514946937561
0.3739515244960785
0.3739515244960785
0.3739514946937561
0.37395143508911133
0.3739514946937561
0.3739514946937561
0.37395140528678894
0.3739514946937561
0.3739514946937561
0.3739515244960785
0.3739514946937561
0.37395143508911133
0.3739514946937561
0.37395143508911133
0.3739515244960785
0.3739514946937561
0.3739514946937561
0.3739514946937561
0.37395143508911133
0.3739515244960785
0.37395143508911133
0.3739514946937561
0.3739514946937561
0.37395143508911133
0.3739514946937561
0.3739514946937561
0.37395143508911133
0.37395143508911133
0.37395143508911133
0.3739514946937561
0.37395143508911133
0.37395140528678894
0.37395137548446655
0.3739514946937561
0.37395143508911133
0.37395143508911133
0.3739514946937561
0.37395143508911133
0.37395137548446655
0.37395140528678894
0.37395140528678894
0.37395143508911133
0.37395137548446655
0.37395143508911133
0.37395137548446655
0.37395143508911133
0.37395143508911133
0.37395140528678894
0.37395143508911133
0.37395140528678894
0.37395137548446655
0.37395143508911133
0.37395140528678894
0.37395143508911133
0.37395143508911133
0.37395137548446655
0.37395137548446655
0.37395143508911133
0.37395143508911133
0.37395134568214417
0.37395134568214417
0.37395137548446655
0.37395134568214417
0.37395140528678894
0.37395137548446655
0.37395137548446655
0.37395137548446655
0.37395143508911133
0.37395140528678894
0.37395137548446655
0.37395134568214417
0.37395137548446655
0.37395137548446655
0.37395137548446655
0.37395140528678894
0.37395137548446655
0.37395140528678894
0.37395137548446655
0.37395134568214417
0.37395134568214417
0.37395137548446655
0.37395140528678894
0.3739513158798218
0.3739512860774994
0.3739513158798218
0.3739513158798218
0.37395134568214417
0.37395140528678894
0.37395137548446655
0.3739513158798218
0.37395134568214417
0.37395134568214417
0.37395134568214417
0.37395134568214417
0.37395137548446655
0.37395137548446655
0.37395134568214417
0.3739512860774994
0.3739513158798218
0.37395134568214417
0.3739513158798218
0.37395137548446655
0.3739512860774994
0.3739513158798218
0.3739512860774994
0.37395134568214417
0.3739512860774994
0.37395134568214417
0.37395134568214417
0.37395137548446655
0.3739512860774994
0.37395134568214417
0.3739513158798218
0.3739513158798218
0.37395134568214417
0.37395134568214417
0.37395134568214417
0.3739512860774994
0.3739512860774994
0.3739512860774994
0.37395134568214417
0.3739513158798218
0.37395134568214417
0.3739512860774994
0.3739512860774994
0.3739513158798218
0.37395134568214417
0.3739512860774994
0.3739512860774994
0.3739512860774994
0.3739513158798218
0.3739513158798218
0.37395134568214417
0.3739512860774994
0.3739512860774994
0.3739513158798218
0.3739512860774994
0.3739512860774994
0.3739512860774994
0.3739512860774994
0.3739511966705322
0.3739511966705322
0.373951256275177
0.373951256275177
0.373951256275177
0.373951256275177
0.37395134568214417
0.3739511966705322
0.3739511966705322
0.3739512860774994
0.3739512860774994
0.3739512860774994
0.3739512860774994
0.3739512860774994
0.373951256275177
0.3739511966705322
0.373951256275177
0.3739512860774994
0.37395116686820984
0.373951256275177
0.3739513158798218
0.3739511966705322
0.3739512860774994
0.3739511966705322
0.373951256275177
0.373951256275177
0.3739511966705322
0.373951256275177
0.373951256275177
0.373951256275177
0.37395116686820984
0.373951256275177
0.373951256275177
0.373951256275177
0.373951256275177
0.37395116686820984
0.3739511966705322
0.373951256275177
0.3739512860774994
0.37395116686820984
0.373951256275177
0.3739511966705322
0.3739512860774994
0.37395113706588745
0.3739511966705322
0.3739511966705322
0.3739511966705322
0.37395116686820984
0.373951256275177
0.3739511966705322
0.37395116686820984
0.373951256275177
0.3739511966705322
0.373951256275177
0.37395116686820984
0.37395116686820984
0.3739511966705322
0.37395113706588745
0.37395116686820984
0.37395116686820984
0.37395113706588745
0.37395113706588745
0.37395113706588745
0.37395116686820984
0.37395113706588745
0.37395113706588745
0.37395113706588745
0.37395116686820984
0.37395110726356506
0.37395116686820984
0.37395113706588745
0.37395113706588745
0.37395113706588745
0.37395113706588745
0.37395116686820984
0.37395116686820984
0.37395113706588745
0.37395113706588745
0.37395113706588745
0.37395116686820984
0.37395113706588745
0.37395113706588745
0.37395113706588745
0.37395113706588745
0.37395113706588745
0.37395113706588745
0.37395113706588745
0.37395116686820984
0.37395113706588745
0.37395116686820984
0.37395110726356506
0.3739510774612427
0.37395110726356506
0.37395113706588745
0.3739510774612427
0.37395116686820984
0.37395113706588745
0.37395110726356506
0.37395113706588745
0.37395110726356506
0.37395110726356506
0.37395113706588745
0.37395113706588745
0.37395110726356506
0.3739510774612427
0.37395110726356506
0.37395110726356506
0.3739510774612427
0.37395110726356506
0.3739510774612427
0.37395110726356506
0.3739510774612427
0.3739510476589203
0.37395110726356506
0.3739510774612427
0.3739510476589203
0.37395110726356506
0.3739510178565979
0.3739510476589203
0.37395110726356506
0.3739510774612427
0.37395113706588745
0.3739510774612427
0.37395110726356506
0.3739510476589203
0.3739510774612427
0.3739510774612427
0.37395113706588745
0.3739510774612427
0.3739510774612427
0.3739510476589203
0.3739510476589203
0.3739510774612427
0.3739510178565979
0.3739510476589203
0.3739510774612427
0.3739510476589203
0.37395110726356506
0.3739510178565979
0.3739510774612427
0.3739510774612427
0.3739510476589203
0.3739510476589203
0.3739510774612427
0.3739510774612427
0.3739510476589203
0.3739510476589203
0.3739510476589203
0.3739510476589203
0.3739510476589203
0.3739510774612427
0.3739510774612427
0.3739510178565979
0.3739510178565979
0.3739510476589203
0.3739510476589203
0.3739510774612427
0.3739510178565979
0.3739509582519531
0.3739510178565979
0.3739510476589203
0.3739510476589203
0.3739510476589203
0.3739509582519531
0.3739510178565979
0.3739510476589203
0.3739510178565979
0.3739510476589203
0.3739510476589203
0.3739509582519531
0.3739510476589203
0.3739510476589203
0.3739510178565979
0.3739510178565979
0.3739509582519531
0.3739510178565979
0.3739510178565979
0.3739510178565979
0.3739510476589203
0.3739510178565979
0.3739509582519531
0.3739510476589203
0.37395092844963074
0.3739509582519531
0.3739509582519531
0.3739509582519531
0.37395092844963074
0.3739509582519531
0.3739510178565979
0.3739509582519531
0.3739510476589203
0.3739510178565979
0.3739510178565979
0.3739510178565979
0.3739509582519531
0.3739509582519531
0.3739510178565979
0.37395092844963074
0.37395092844963074
0.3739509582519531
0.3739509582519531
0.3739509582519531
0.37395089864730835
0.37395092844963074
0.3739510178565979
0.37395092844963074
0.37395092844963074
0.37395092844963074
0.37395092844963074
0.3739509582519531
0.3739509582519531
0.37395092844963074
0.37395092844963074
0.37395092844963074
0.37395092844963074
0.3739509582519531
0.37395092844963074
0.3739510178565979
0.37395092844963074
0.37395092844963074
0.37395089864730835
0.3739509582519531
0.3739510178565979
0.37395086884498596
0.37395092844963074
0.37395089864730835
0.37395089864730835
0.37395089864730835
0.37395092844963074
0.3739509582519531
0.37395092844963074
0.37395089864730835
0.37395092844963074
0.3739509582519531
0.37395092844963074
0.37395086884498596
0.37395086884498596
0.37395086884498596
0.37395092844963074
0.37395089864730835
0.37395092844963074
0.37395092844963074
0.37395089864730835
0.37395089864730835
0.37395089864730835
0.37395089864730835
0.37395086884498596
0.3739508390426636
0.37395086884498596
0.37395086884498596
0.3739508390426636
0.37395089864730835
0.37395092844963074
0.37395089864730835
0.37395086884498596
0.37395089864730835
0.37395086884498596
0.3739508390426636
0.37395089864730835
0.37395086884498596
0.37395092844963074
0.37395089864730835
0.3739508092403412
0.3739508390426636
0.3739508390426636
0.37395086884498596
0.37395089864730835
0.3739508390426636
0.37395086884498596
0.37395089864730835
0.37395089864730835
0.37395089864730835
0.37395086884498596
0.3739508092403412
0.3739508390426636
0.37395086884498596
0.3739508390426636
0.37395086884498596
0.3739507496356964
0.3739508092403412
0.3739508390426636
0.3739508390426636
0.3739508390426636
0.3739508092403412
0.3739508390426636
0.3739508092403412
0.3739508092403412
0.3739508092403412
0.37395086884498596
0.37395086884498596
0.37395086884498596
0.3739507496356964
0.37395086884498596
0.3739508092403412
0.3739508092403412
0.3739508390426636
0.3739508390426636
0.3739508092403412
0.3739508390426636
0.3739508092403412
0.3739508092403412
0.3739508390426636
0.3739507496356964
0.3739508092403412
0.37395086884498596
0.3739508092403412
0.37395086884498596
0.3739507496356964
0.3739507496356964
0.3739507496356964
0.373950719833374
0.373950719833374
0.3739508092403412
0.3739508092403412
0.3739507496356964
0.3739507496356964
0.3739508092403412
0.3739508092403412
0.3739508092403412
0.3739508390426636
0.3739507496356964
0.37395086884498596
0.3739508092403412
0.3739507496356964
0.3739507496356964
0.3739508092403412
0.3739507496356964
0.3739507496356964
0.3739508092403412
0.3739508092403412
0.3739507496356964
0.373950719833374
0.3739507496356964
0.3739508092403412
0.3739507496356964
0.3739507496356964
0.37395066022872925
0.3739507496356964
0.37395069003105164
0.373950719833374
0.37395066022872925
0.3739507496356964
0.373950719833374
0.373950719833374
0.3739508092403412
0.3739508092403412
0.373950719833374
0.3739507496356964
0.373950719833374
0.3739507496356964
0.373950719833374
0.37395069003105164
0.373950719833374
0.3739507496356964
0.3739507496356964
0.37395066022872925
0.3739507496356964
0.3739507496356964
0.37395069003105164
0.37395069003105164
0.3739507496356964
0.37395069003105164
0.373950719833374
0.373950719833374
0.373950719833374
0.37395069003105164
0.373950719833374
0.373950719833374
0.37395069003105164
0.37395069003105164
0.373950719833374
0.3739507496356964
0.37395063042640686
0.37395069003105164
0.37395069003105164
0.373950719833374
0.3739507496356964
0.373950719833374
0.37395069003105164
0.37395069003105164
0.37395069003105164
0.373950719833374
0.37395066022872925
0.37395069003105164
0.37395069003105164
0.373950719833374
0.37395063042640686
0.37395066022872925
0.37395066022872925
0.37395063042640686
0.37395069003105164
0.37395069003105164
0.37395066022872925
0.37395063042640686
0.37395066022872925
0.37395069003105164
0.3739506006240845
0.37395069003105164
0.37395066022872925
0.37395066022872925
0.37395063042640686
0.37395066022872925
0.37395063042640686
0.37395069003105164
0.37395063042640686
0.37395066022872925
0.37395066022872925
0.37395066022872925
0.37395063042640686
0.37395066022872925
0.37395063042640686
0.3739506006240845
0.37395066022872925
0.37395063042640686
0.3739506006240845
0.3739506006240845
0.37395066022872925
0.3739506006240845
0.3739505708217621
0.37395066022872925
0.37395063042640686
0.3739506006240845
0.37395063042640686
0.37395063042640686
0.37395066022872925
0.3739506006240845
0.37395066022872925
0.3739506006240845
0.3739505112171173
0.37395063042640686
0.37395063042640686
0.3739506006240845
0.3739505708217621
0.37395063042640686
0.3739506006240845
0.37395063042640686
0.37395063042640686
0.37395063042640686
0.3739506006240845
0.3739506006240845
0.3739506006240845
0.3739505708217621
0.3739506006240845
0.3739505708217621
0.3739506006240845
0.3739505708217621
0.3739505708217621
0.3739506006240845
0.37395063042640686
0.3739505708217621
0.3739505112171173
0.3739505708217621
0.3739506006240845
0.3739506006240845
0.3739505708217621
0.3739505112171173
0.3739504814147949
0.37395063042640686
0.3739505708217621
0.3739505708217621
0.3739506006240845
0.3739505708217621
0.3739505708217621
0.3739506006240845
0.37395063042640686
0.3739504814147949
0.3739505112171173
0.3739504814147949
0.3739505112171173
0.3739505708217621
0.3739505112171173
0.3739505708217621
0.3739505112171173
0.3739506006240845
0.3739505708217621
0.3739505708217621
0.3739505112171173
0.3739505112171173
0.3739504814147949
0.3739505708217621
0.3739505708217621
0.37395063042640686
0.3739505112171173
0.3739504814147949
0.37395063042640686
0.3739506006240845
0.3739504814147949
0.37395045161247253
0.3739505112171173
0.3739505112171173
0.3739505112171173
0.3739505112171173
0.3739505112171173
0.37395045161247253
0.37395045161247253
0.3739505112171173
0.3739506006240845
0.3739505112171173
0.3739504814147949
0.3739505112171173
0.3739505708217621
0.37395045161247253
0.37395045161247253
0.3739504814147949
0.3739504814147949
0.3739504814147949
0.3739504814147949
0.37395042181015015
0.3739505112171173
0.3739505112171173
0.3739504814147949
0.3739504814147949
0.37395045161247253
0.37395045161247253
0.3739504814147949
0.37395045161247253
0.37395045161247253
0.37395045161247253
0.37395045161247253
0.3739505112171173
0.37395045161247253
0.37395045161247253
0.37395045161247253
0.3739505112171173
0.37395045161247253
0.37395042181015015
0.3739504814147949
0.3739504814147949
0.37395042181015015
0.3739505708217621
0.37395045161247253
0.3739505112171173
0.37395042181015015
0.37395045161247253
0.3739504814147949
0.37395045161247253
0.3739504814147949
0.37395042181015015
0.37395042181015015
0.37395042181015015
0.3739504814147949
0.37395045161247253
0.37395045161247253
0.37395042181015015
0.3739504814147949
0.37395045161247253
0.37395045161247253
0.37395042181015015
0.37395039200782776
0.37395036220550537
0.37395042181015015
0.37395042181015015
0.37395042181015015
0.37395036220550537
0.37395042181015015
0.37395042181015015
0.37395045161247253
0.37395045161247253
0.37395036220550537
0.37395042181015015
0.37395036220550537
0.37395045161247253
0.37395042181015015
0.37395042181015015
0.37395042181015015
0.37395042181015015
0.37395039200782776
0.37395039200782776
0.37395042181015015
0.37395036220550537
0.37395039200782776
0.37395039200782776
0.37395042181015015
0.37395042181015015
0.37395039200782776
0.37395039200782776
0.37395039200782776
0.37395039200782776
0.37395036220550537
0.37395039200782776
0.3739502727985382
0.373950332403183
0.37395042181015015
0.37395042181015015
0.37395039200782776
0.37395039200782776
0.37395036220550537
0.37395036220550537
0.373950332403183
0.37395039200782776
0.37395036220550537
0.37395036220550537
0.37395039200782776
0.37395039200782776
0.37395042181015015
0.37395042181015015
0.37395039200782776
0.37395039200782776
0.37395042181015015
0.373950332403183
0.37395039200782776
0.37395036220550537
0.37395036220550537
0.37395036220550537
0.37395036220550537
0.37395036220550537
0.37395039200782776
0.373950332403183
0.37395039200782776
0.37395042181015015
0.3739502727985382
0.373950332403183
0.37395036220550537
0.37395036220550537
0.37395036220550537
0.3739502727985382
0.37395036220550537
0.37395036220550537
0.37395036220550537
0.37395039200782776
0.37395036220550537
0.373950332403183
0.37395036220550537
0.373950332403183
0.37395036220550537
0.37395036220550537
0.373950332403183
0.3739502727985382
0.3739502727985382
0.3739502429962158
0.373950332403183
0.373950332403183
0.373950332403183
0.3739502727985382
0.373950332403183
0.373950332403183
0.3739502429962158
0.3739502727985382
0.373950332403183
0.3739502727985382
0.3739502727985382
0.373950332403183
0.3739502429962158
0.3739502429962158
0.373950332403183
0.3739502429962158
0.3739502727985382
0.373950332403183
0.373950332403183
0.37395021319389343
0.3739502727985382
0.3739502429962158
0.3739502727985382
0.373950332403183
0.3739502429962158
0.373950332403183
0.3739502727985382
0.3739502727985382
0.3739502429962158
0.3739502429962158
0.373950332403183
0.3739502727985382
0.3739502727985382
0.3739502429962158
0.3739502429962158
0.37395021319389343
0.3739502429962158
0.3739502727985382
0.3739502727985382
0.37395021319389343
0.373950332403183
0.3739502429962158
0.3739502429962158
0.37395021319389343
0.3739502429962158
0.37395021319389343
0.37395021319389343
0.3739502727985382
0.3739502429962158
0.3739502429962158
0.37395021319389343
0.37395021319389343
0.3739502429962158
0.3739502429962158
0.3739502429962158
0.3739502727985382
0.3739502429962158
0.3739502429962158
0.3739502727985382
0.3739502429962158
0.37395018339157104
0.3739502429962158
0.37395021319389343
0.37395018339157104
0.37395021319389343
0.37395021319389343
0.37395015358924866
0.37395021319389343
0.3739502429962158
0.37395018339157104
0.37395021319389343
0.37395018339157104
0.3739502429962158
0.37395021319389343
0.37395021319389343
0.37395015358924866
0.37395018339157104
0.37395015358924866
0.37395018339157104
0.3739502429962158
0.37395018339157104
0.37395018339157104
0.37395015358924866
0.37395018339157104
0.37395018339157104
0.37395018339157104
0.37395018339157104
0.37395015358924866
0.37395018339157104
0.37395012378692627
0.37395015358924866
0.37395015358924866
0.37395018339157104
0.37395012378692627
0.37395012378692627
0.37395015358924866
0.37395015358924866
0.37395018339157104
0.37395015358924866
0.37395015358924866
0.37395015358924866
0.37395012378692627
0.37395015358924866
0.37395015358924866
0.37395012378692627
0.37395012378692627
0.37395021319389343
0.37395018339157104
0.37395018339157104
0.37395012378692627
0.37395018339157104
0.37395012378692627
0.37395018339157104
0.37395015358924866
0.37395012378692627
0.37395018339157104
0.37395012378692627
0.37395012378692627
0.3739500343799591
0.37395015358924866
0.37395015358924866
0.3739500641822815
0.37395012378692627
0.37395015358924866
0.37395015358924866
0.37395012378692627
0.37395012378692627
0.3739500641822815
0.3739500641822815
0.37395018339157104
0.37395012378692627
0.3739500343799591
0.37395015358924866
0.37395015358924866
0.3739500641822815
0.37395012378692627
0.3739500641822815
0.3739500641822815
0.37395012378692627
0.37395012378692627
0.3739500641822815
0.3739500641822815
0.37395015358924866
0.3739500641822815
0.37395012378692627
0.37395012378692627
0.37395012378692627
0.3739500641822815
0.37395012378692627
0.3739500641822815
0.37395012378692627
0.3739500343799591
0.37395012378692627
0.3739500641822815
0.3739500045776367
0.3739500343799591
0.3739500641822815
0.3739500641822815
0.3739500641822815
0.3739500343799591
0.3739500641822815
0.3739500045776367
0.37395012378692627
0.3739500343799591
0.3739500045776367
0.3739500045776367
0.3739500045776367
0.3739500045776367
0.3739500641822815
0.3739500343799591
0.3739500641822815
0.3739500343799591
0.3739500343799591
0.3739500343799591
0.37395015358924866
0.3739500045776367
0.3739500045776367
0.3739500045776367
0.3739500343799591
0.3739500045776367
0.3739500343799591
0.37395012378692627
0.3739500343799591
0.3739500343799591
0.3739500045776367
0.3739500045776367
0.3739500343799591
0.3739500045776367
0.37394997477531433
0.3739500641822815
0.3739500045776367
0.37394994497299194
0.37394997477531433
0.37394997477531433
0.37394997477531433
0.37394997477531433
0.37394997477531433
0.37394997477531433
0.3739500045776367
0.37394997477531433
0.37394997477531433
0.3739500045776367
0.3739500045776367
0.37394994497299194
0.37394994497299194
0.37394997477531433
0.37394997477531433
0.37394997477531433
0.37394994497299194
0.37394997477531433
0.3739500045776367
0.37394994497299194
0.37394997477531433
0.37394997477531433
0.37394997477531433
0.37394997477531433
0.3739500045776367
0.3739500045776367
0.37394991517066956
0.37394994497299194
0.3739500045776367
0.37394997477531433
0.37394997477531433
0.37394997477531433
0.37394997477531433
0.37394997477531433
0.37394997477531433
0.37394994497299194
0.3739500045776367
0.37394997477531433
0.37394994497299194
0.3739500045776367
0.37394994497299194
0.37394994497299194
0.37394997477531433
0.3739500343799591
0.37394997477531433
0.37394991517066956
0.37394997477531433
0.37394994497299194
0.37394991517066956
0.37394991517066956
0.37394994497299194
0.37394991517066956
0.37394994497299194
0.37394997477531433
0.37394994497299194
0.37394991517066956
0.37394991517066956
0.37394991517066956
0.37394988536834717
0.37394988536834717
0.37394991517066956
0.37394994497299194
0.37394994497299194
0.37394991517066956
0.37394997477531433
0.37394991517066956
0.37394994497299194
0.3739498257637024
0.37394988536834717
0.37394991517066956
0.37394991517066956
0.37394991517066956
0.3739498257637024
0.37394991517066956
0.37394988536834717
0.37394988536834717
0.37394988536834717
0.37394991517066956
0.37394988536834717
0.37394988536834717
0.37394991517066956
0.3739498257637024
0.37394988536834717
0.37394991517066956
0.3739498257637024
0.37394991517066956
0.37394991517066956
0.3739498257637024
0.37394988536834717
0.37394991517066956
0.3739498257637024
0.3739498257637024
0.37394988536834717
0.37394988536834717
0.37394991517066956
0.3739498257637024
0.37394979596138
0.37394991517066956
0.3739498257637024
0.37394979596138
0.3739498257637024
0.3739498257637024
0.37394988536834717
0.3739498257637024
0.3739498257637024
0.37394991517066956
0.37394979596138
0.37394979596138
0.37394979596138
0.3739498257637024
0.37394979596138
0.37394988536834717
0.37394979596138
0.37394988536834717
0.37394979596138
0.37394991517066956
0.37394988536834717
0.37394991517066956
0.37394991517066956
0.3739498257637024
0.37394979596138
0.37394979596138
0.3739498257637024
0.3739497661590576
0.37394979596138
0.37394979596138
0.3739498257637024
0.37394979596138
0.3739497661590576
0.3739498257637024
0.3739498257637024
0.3739497661590576
0.37394988536834717
0.37394988536834717
0.37394973635673523
0.3739498257637024
0.37394979596138
0.3739498257637024
0.37394979596138
0.37394979596138
0.3739497661590576
0.3739497661590576
0.3739497661590576
0.37394979596138
0.37394979596138
0.37394988536834717
0.3739498257637024
0.37394979596138
0.37394967675209045
0.37394973635673523
0.37394973635673523
0.3739497661590576
0.3739497661590576
0.3739497661590576
0.37394979596138
0.3739497661590576
0.3739497661590576
0.37394979596138
0.37394973635673523
0.37394973635673523
0.3739497661590576
0.3739497661590576
0.37394979596138
0.37394973635673523
0.3739497661590576
0.37394973635673523
0.37394970655441284
0.3739497661590576
0.37394970655441284
0.3739497661590576
0.37394973635673523
0.37394970655441284
0.37394970655441284
0.37394973635673523
0.3739497661590576
0.37394970655441284
0.37394970655441284
0.37394973635673523
0.37394973635673523
0.37394973635673523
0.3739497661590576
0.3739497661590576
0.37394970655441284
0.3739497661590576
0.37394973635673523
0.3739497661590576
0.37394973635673523
0.37394970655441284
0.37394973635673523
0.37394970655441284
0.37394973635673523
0.37394973635673523
0.3739497661590576
0.37394973635673523
0.37394967675209045
0.37394973635673523
0.37394970655441284
0.37394973635673523
0.37394973635673523
0.37394970655441284
0.37394967675209045
0.37394967675209045
0.37394970655441284
0.37394967675209045
0.37394970655441284
0.37394973635673523
0.37394970655441284
0.37394967675209045
0.37394967675209045
0.37394970655441284
0.37394970655441284
0.37394967675209045
0.37394964694976807
0.37394970655441284
0.37394967675209045
0.37394967675209045
0.37394970655441284
0.37394964694976807
0.37394967675209045
0.37394967675209045
0.37394964694976807
0.37394970655441284
0.37394964694976807
0.37394970655441284
0.37394964694976807
0.37394964694976807
0.37394967675209045
0.3739495873451233
0.37394964694976807
0.37394964694976807
0.3739495873451233
0.37394970655441284
0.37394964694976807
0.37394967675209045
0.37394967675209045
0.37394964694976807
0.37394970655441284
0.37394964694976807
0.37394964694976807
0.37394967675209045
0.37394967675209045
0.37394964694976807
0.3739495575428009
0.37394964694976807
0.3739495873451233
0.37394964694976807
0.37394970655441284
0.37394967675209045
0.3739495575428009
0.37394970655441284
0.3739495873451233
0.37394964694976807
0.3739495873451233
0.37394964694976807
0.37394964694976807
0.37394964694976807
0.3739495575428009
0.37394964694976807
0.3739495873451233
0.37394964694976807
0.3739495575428009
0.37394964694976807
0.37394964694976807
0.3739495873451233
0.37394964694976807
0.37394964694976807
0.3739495873451233
0.3739495277404785
0.3739495575428009
0.3739495873451233
0.3739495277404785
0.3739495873451233
0.37394967675209045
0.3739495575428009
0.3739495277404785
0.3739495575428009
0.3739495575428009
0.37394964694976807
0.3739495575428009
0.3739495873451233
0.3739495873451233
0.3739495575428009
0.3739495873451233
0.3739495873451233
0.3739495575428009
0.3739495575428009
0.3739495277404785
0.3739495575428009
0.3739495277404785
0.3739495575428009
0.3739495575428009
0.3739495873451233
0.3739495575428009
0.3739495277404785
0.3739495575428009
0.3739495575428009
0.3739495575428009
0.3739495575428009
0.3739495575428009
0.3739495575428009
0.3739495873451233
0.3739495277404785
0.3739495575428009
0.3739495575428009
0.3739495277404785
0.37394949793815613
0.3739495575428009
0.3739495277404785
0.37394949793815613
0.3739495277404785
0.37394946813583374
0.3739495277404785
0.37394949793815613
0.3739495277404785
0.3739495277404785
0.3739495277404785
0.37394949793815613
0.3739495575428009
0.3739495277404785
0.37394946813583374
0.37394946813583374
0.37394949793815613
0.37394949793815613
0.37394949793815613
0.3739495277404785
0.3739495575428009
0.3739495277404785
0.37394949793815613
0.37394949793815613
0.37394946813583374
0.3739495277404785
0.3739495277404785
0.37394946813583374
0.3739495277404785
0.37394946813583374
0.37394946813583374
0.37394943833351135
0.3739495277404785
0.37394949793815613
0.3739495575428009
0.37394946813583374
0.37394946813583374
0.37394949793815613
0.37394946813583374
0.37394946813583374
0.3739495277404785
0.37394943833351135
0.37394949793815613
0.37394943833351135
0.37394943833351135
0.37394943833351135
0.3739495575428009
0.37394943833351135
0.37394940853118896
0.37394946813583374
0.37394946813583374
0.37394949793815613
0.37394946813583374
0.37394940853118896
0.37394946813583374
0.37394946813583374
0.37394943833351135
0.37394946813583374
0.3739495277404785
0.37394943833351135
0.37394946813583374
0.37394943833351135
0.37394946813583374
0.37394940853118896
0.37394940853118896
0.37394946813583374
0.37394943833351135
0.37394943833351135
0.37394946813583374
0.37394940853118896
0.37394943833351135
0.37394946813583374
0.37394943833351135
0.37394943833351135
0.37394943833351135
0.37394943833351135
0.37394943833351135
0.37394943833351135
0.37394946813583374
0.37394940853118896
0.37394943833351135
0.37394946813583374
0.37394943833351135
0.3739493489265442
0.37394946813583374
0.37394946813583374
0.37394943833351135
0.37394946813583374
0.37394946813583374
0.37394943833351135
0.37394940853118896
0.37394940853118896
0.37394940853118896
0.37394940853118896
0.37394946813583374
0.37394943833351135
0.37394940853118896
0.37394943833351135
0.3739493489265442
0.37394943833351135
0.37394940853118896
0.3739493191242218
0.37394940853118896
0.37394943833351135
0.3739493489265442
0.3739493191242218
0.37394946813583374
0.37394940853118896
0.3739493489265442
0.3739493489265442
0.3739493489265442
0.37394946813583374
0.37394940853118896
0.3739493489265442
0.37394940853118896
0.37394940853118896
0.3739493489265442
0.37394943833351135
0.3739493191242218
0.3739493489265442
0.37394940853118896
0.37394943833351135
0.3739493489265442
0.3739493191242218
0.3739493191242218
0.3739492893218994
0.3739492893218994
0.3739493489265442
0.3739493489265442
0.3739493191242218
0.3739493489265442
0.373949259519577
0.3739493191242218
0.3739493191242218
0.37394940853118896
0.3739493191242218
0.3739493191242218
0.3739492893218994
0.3739492893218994
0.3739492893218994
0.3739493489265442
0.3739493489265442
0.3739493489265442
0.3739493191242218
0.3739493191242218
0.3739492893218994
0.3739492893218994
0.3739493489265442
0.3739493489265442
0.3739493191242218
0.3739493489265442
0.3739493191242218
0.3739493191242218
0.3739493191242218
0.3739492893218994
0.3739493191242218
0.3739493489265442
0.373949259519577
0.3739492893218994
0.3739493191242218
0.3739493191242218
0.3739493191242218
0.3739492893218994
0.3739492893218994
0.3739493489265442
0.373949259519577
0.3739493191242218
0.37394940853118896
0.3739492893218994
0.373949259519577
0.37394922971725464
0.3739492893218994
0.3739493191242218
0.373949259519577
0.3739493191242218
0.37394922971725464
0.3739492893218994
0.3739492893218994
0.3739493489265442
0.373949259519577
0.37394922971725464
0.3739492893218994
0.373949259519577
0.373949259519577
0.37394922971725464
0.373949259519577
0.373949259519577
0.3739492893218994
0.37394922971725464
0.37394919991493225
0.373949259519577
0.37394919991493225
0.37394922971725464
0.373949259519577
0.37394922971725464
0.373949259519577
0.37394922971725464
0.373949259519577
0.37394922971725464
0.373949259519577
0.373949259519577
0.37394922971725464
0.373949259519577
0.37394919991493225
0.373949259519577
0.37394922971725464
0.37394919991493225
0.373949259519577
0.373949259519577
0.37394922971725464
0.37394922971725464
0.37394922971725464
0.37394922971725464
0.37394919991493225
0.37394919991493225
0.37394922971725464
0.37394922971725464
0.373949259519577
0.373949259519577
0.37394922971725464
0.37394922971725464
0.373949259519577
0.3739491403102875
0.37394922971725464
0.37394922971725464
0.37394919991493225
0.3739491403102875
0.3739491403102875
0.37394919991493225
0.37394919991493225
0.37394919991493225
0.37394922971725464
0.37394919991493225
0.37394919991493225
0.37394919991493225
0.37394922971725464
0.3739491403102875
0.3739491403102875
0.37394922971725464
0.3739491403102875
0.37394919991493225
0.37394922971725464
0.37394919991493225
0.37394919991493225
0.37394919991493225
0.37394919991493225
0.3739490807056427
0.37394919991493225
0.3739491403102875
0.3739491403102875
0.3739491403102875
0.3739491403102875
0.3739491105079651
0.37394919991493225
0.3739491105079651
0.3739491403102875
0.37394919991493225
0.37394922971725464
0.3739490807056427
0.3739491403102875
0.3739491105079651
0.3739491105079651
0.3739491105079651
0.3739490807056427
0.37394919991493225
0.3739491403102875
0.3739490807056427
0.37394919991493225
0.3739491105079651
0.37394919991493225
0.3739491403102875
0.3739490807056427
0.3739490807056427
0.3739491403102875
0.37394922971725464
0.3739490807056427
0.3739490509033203
0.3739491105079651
0.3739491105079651
0.3739491105079651
0.3739490807056427
0.3739490807056427
0.3739490807056427
0.3739490807056427
0.3739490807056427
0.3739490807056427
0.3739491105079651
0.3739490509033203
0.3739490807056427
0.3739490807056427
0.3739490807056427
0.3739490807056427
0.3739491105079651
0.3739490807056427
0.3739490807056427
0.3739490807056427
0.3739490509033203
0.3739490509033203
0.3739491105079651
0.3739490509033203
0.3739490807056427
0.3739490807056427
0.3739491105079651
0.3739490509033203
0.3739490509033203
0.3739490509033203
0.3739490509033203
0.3739491403102875
0.3739491105079651
0.3739490807056427
0.3739490509033203
0.3739490509033203
0.3739490509033203
0.3739490509033203
0.3739490509033203
0.3739490807056427
0.3739490807056427
0.3739490509033203
0.3739490211009979
0.3739490211009979
0.3739490509033203
0.3739490509033203
0.3739490509033203
0.3739490211009979
0.3739490509033203
0.3739490807056427
0.3739490211009979
0.3739490807056427
0.3739490509033203
0.37394896149635315
0.3739490211009979
0.3739490509033203
0.3739490509033203
0.3739490509033203
0.3739490211009979
0.3739490509033203
0.3739490211009979
0.3739490807056427
0.3739490807056427
0.3739490211009979
0.3739490211009979
0.3739490509033203
0.3739490211009979
0.3739490211009979
0.3739490509033203
0.3739490509033203
0.3739490509033203
0.37394899129867554
0.37394899129867554
0.37394899129867554
0.3739490211009979
0.37394899129867554
0.3739490211009979
0.3739490211009979
0.3739490211009979
0.3739490211009979
0.37394899129867554
0.3739490211009979
0.3739490509033203
0.37394899129867554
0.3739490807056427
0.37394896149635315
0.3739490509033203
0.37394899129867554
0.3739490509033203
0.37394899129867554
0.3739489018917084
0.37394899129867554
0.3739490211009979
0.3739490211009979
0.3739490509033203
0.37394899129867554
0.3739490211009979
0.37394899129867554
0.3739489018917084
0.37394899129867554
0.37394899129867554
0.37394896149635315
0.37394899129867554
0.3739489018917084
0.37394899129867554
0.3739489018917084
0.37394896149635315
0.37394899129867554
0.37394899129867554
0.37394896149635315
0.37394899129867554
0.37394896149635315
0.3739489018917084
0.3739489018917084
0.37394899129867554
0.3739489018917084
0.3739489018917084
0.37394896149635315
0.3739489018917084
0.37394896149635315
0.3739489018917084
0.37394896149635315
0.3739489018917084
0.37394899129867554
0.37394896149635315
0.3739488422870636
0.373948872089386
0.3739489018917084
0.3739488422870636
0.37394896149635315
0.3739489018917084
0.3739489018917084
0.3739489018917084
0.37394899129867554
0.3739489018917084
0.37394896149635315
0.3739489018917084
0.373948872089386
0.37394899129867554
0.37394896149635315
0.3739489018917084
0.37394896149635315
0.3739489018917084
0.373948872089386
0.37394899129867554
0.373948872089386
0.37394896149635315
0.373948872089386
0.3739489018917084
0.373948872089386
0.37394899129867554
0.3739488422870636
0.373948872089386
0.3739488422870636
0.373948872089386
0.3739489018917084
0.373948872089386
0.373948872089386
0.373948872089386
0.373948872089386
0.3739488422870636
0.373948872089386
0.37394896149635315
0.3739488422870636
0.3739488422870636
0.3739488422870636
0.3739488422870636
0.373948872089386
0.3739489018917084
0.3739488422870636
0.3739488124847412
0.373948872089386
0.373948872089386
0.3739488422870636
0.3739489018917084
0.373948872089386
0.3739488422870636
0.373948872089386
0.3739488422870636
0.3739488422870636
0.3739488124847412
0.3739488422870636
0.3739488422870636
0.3739487826824188
0.373948872089386
0.3739489018917084
0.3739488124847412
0.3739488422870636
0.3739487826824188
0.3739488124847412
0.3739488124847412
0.3739488124847412
0.3739488124847412
0.373948872089386
0.3739488124847412
0.3739487826824188
0.3739488422870636
0.3739488124847412
0.373948872089386
0.3739488124847412
0.3739488124847412
0.3739488422870636
0.3739488124847412
0.3739488422870636
0.3739488124847412
0.3739488124847412
0.3739488422870636
0.3739487826824188
0.3739488124847412
0.3739488124847412
0.3739488124847412
0.3739488422870636
0.3739487826824188
0.37394875288009644
0.3739487826824188
0.3739488124847412
0.3739487826824188
0.3739487826824188
0.3739487826824188
0.3739487826824188
0.37394875288009644
0.37394875288009644
0.3739487826824188
0.3739487826824188
0.37394872307777405
0.3739487826824188
0.3739487826824188
0.37394875288009644
0.3739488124847412
0.3739488422870636
0.3739487826824188
0.3739487826824188
0.3739487826824188
0.3739487826824188
0.3739488124847412
0.3739488124847412
0.37394875288009644
0.3739487826824188
0.37394875288009644
0.3739487826824188
0.3739487826824188
0.3739487826824188
0.37394875288009644
0.3739487826824188
0.37394875288009644
0.37394872307777405
0.3739487826824188
0.3739487826824188
0.37394872307777405
0.37394872307777405
0.3739488124847412
0.37394872307777405
0.3739487826824188
0.37394875288009644
0.37394872307777405
0.3739487826824188
0.3739486634731293
0.37394872307777405
0.3739487826824188
0.37394875288009644
0.37394872307777405
0.3739486634731293
0.37394872307777405
0.37394872307777405
0.37394875288009644
0.37394875288009644
0.3739486634731293
0.37394875288009644
0.37394872307777405
0.3739487826824188
0.37394872307777405
0.37394875288009644
0.3739487826824188
0.3739487826824188
0.37394872307777405
0.3739486336708069
0.3739486634731293
0.37394875288009644
0.3739486634731293
0.3739486634731293
0.3739486634731293
0.37394872307777405
0.37394872307777405
0.3739486634731293
0.37394872307777405
0.3739487826824188
0.3739486634731293
0.3739486634731293
0.3739486336708069
0.3739486634731293
0.3739486634731293
0.3739486634731293
0.37394875288009644
0.37394872307777405
0.3739486634731293
0.3739486634731293
0.3739486336708069
0.3739486634731293
0.3739486634731293
0.3739486634731293
0.3739486634731293
0.3739486336708069
0.37394872307777405
0.3739486634731293
0.3739486336708069
0.3739486336708069
0.3739486634731293
0.3739486634731293
0.3739486038684845
0.37394872307777405
0.3739486336708069
0.3739486634731293
0.3739486038684845
0.3739486336708069
0.3739486336708069
0.3739486634731293
0.3739486634731293
0.3739486336708069
0.3739486634731293
0.3739485740661621
0.3739485740661621
0.3739486336708069
0.3739486038684845
0.3739486336708069
0.3739486634731293
0.3739486038684845
0.37394851446151733
0.3739486038684845
0.3739486336708069
0.3739486336708069
0.3739486038684845
0.3739486336708069
0.3739486336708069
0.3739486336708069
0.3739486038684845
0.3739486038684845
0.3739486038684845
0.3739486038684845
0.3739486336708069
0.3739486336708069
0.3739486336708069
0.3739486038684845
0.3739486038684845
0.3739485740661621
0.3739486038684845
0.3739485740661621
0.3739485740661621
0.3739485740661621
0.3739486038684845
0.3739485740661621
0.3739485740661621
0.3739486336708069
0.3739486038684845
0.3739486038684845
0.3739486038684845
0.3739485740661621
0.3739486038684845
0.3739486038684845
0.3739485740661621
0.3739486038684845
0.3739486038684845
0.3739486038684845
0.3739485740661621
0.3739485442638397
0.3739485740661621
0.3739485740661621
0.3739485442638397
0.3739486038684845
0.3739485442638397
0.3739485740661621
0.3739486038684845
0.3739486038684845
0.3739485442638397
0.3739485740661621
0.37394851446151733
0.37394851446151733
0.3739486038684845
0.3739485442638397
0.3739486038684845
0.3739485442638397
0.3739485740661621
0.3739485442638397
0.37394848465919495
0.3739485740661621
0.3739485442638397
0.3739485442638397
0.37394848465919495
0.3739485740661621
0.3739485442638397
0.3739486038684845
0.3739485442638397
0.37394848465919495
0.37394851446151733
0.37394851446151733
0.3739485442638397
0.3739485442638397
0.37394842505455017
0.37394851446151733
0.37394851446151733
0.37394848465919495
0.37394851446151733
0.3739485442638397
0.37394848465919495
0.3739485442638397
0.37394851446151733
0.37394851446151733
0.37394848465919495
0.37394851446151733
0.3739485442638397
0.37394851446151733
0.37394851446151733
0.37394848465919495
0.37394848465919495
0.37394851446151733
0.3739485740661621
0.37394842505455017
0.37394851446151733
0.37394842505455017
0.37394851446151733
0.37394848465919495
0.37394842505455017
0.37394842505455017
0.37394848465919495
0.37394842505455017
0.37394848465919495
0.37394842505455017
0.37394851446151733
0.37394842505455017
0.37394842505455017
0.3739483952522278
0.37394842505455017
0.37394851446151733
0.37394842505455017
0.37394842505455017
0.37394848465919495
0.37394842505455017
0.37394842505455017
0.37394848465919495
0.37394842505455017
0.37394851446151733
0.37394842505455017
0.37394842505455017
0.37394842505455017
0.37394842505455017
0.37394842505455017
0.3739483952522278
0.37394851446151733
0.37394842505455017
0.37394842505455017
0.3739483654499054
0.3739483952522278
0.37394842505455017
0.37394842505455017
0.3739483654499054
0.3739483952522278
0.37394848465919495
0.37394842505455017
0.37394842505455017
0.37394842505455017
0.37394842505455017
0.37394842505455017
0.3739483952522278
0.3739483952522278
0.37394842505455017
0.3739483654499054
0.3739483952522278
0.37394848465919495
0.3739483952522278
0.37394848465919495
0.37394842505455017
0.3739483952522278
0.373948335647583
0.373948335647583
0.3739483952522278
0.3739483654499054
0.3739483952522278
0.37394848465919495
0.3739483952522278
0.3739483952522278
0.3739483952522278
0.37394842505455017
0.37394842505455017
0.3739483654499054
0.3739483952522278
0.37394842505455017
0.373948335647583
0.3739483654499054
0.3739483654499054
0.373948335647583
0.3739483654499054
0.3739483654499054
0.373948335647583
0.37394827604293823
0.3739483654499054
0.3739483654499054
0.373948335647583
0.3739483952522278
0.3739483654499054
0.373948335647583
0.3739483952522278
0.37394842505455017
0.3739483654499054
0.373948335647583
0.3739483654499054
0.3739483058452606
0.373948335647583
0.373948335647583
0.3739483058452606
0.373948335647583
0.373948335647583
0.3739483654499054
0.3739483654499054
0.3739483654499054
0.3739483058452606
0.3739483058452606
0.373948335647583
0.3739483654499054
0.3739483058452606
0.37394827604293823
0.3739483058452606
0.3739483058452606
0.3739483654499054
0.3739483058452606
0.3739483058452606
0.3739483952522278
0.373948335647583
0.3739483654499054
0.373948335647583
0.3739483654499054
0.373948335647583
0.3739483058452606
0.3739483058452606
0.3739483058452606
0.3739483058452606
0.3739483058452606
0.373948335647583
0.3739483058452606
0.3739483058452606
0.37394821643829346
0.373948335647583
0.37394827604293823
0.3739483058452606
0.3739483058452606
0.37394827604293823
0.37394827604293823
0.3739483058452606
0.37394827604293823
0.3739483058452606
0.37394827604293823
0.37394821643829346
0.37394827604293823
0.3739483058452606
0.37394827604293823
0.373948335647583
0.37394827604293823
0.3739483058452606
0.37394827604293823
0.37394827604293823
0.37394827604293823
0.37394821643829346
0.37394827604293823
0.37394818663597107
0.37394827604293823
0.37394821643829346
0.37394827604293823
0.37394827604293823
0.37394827604293823
0.3739483058452606
0.37394821643829346
0.37394818663597107
0.3739481568336487
0.37394821643829346
0.37394827604293823
0.37394821643829346
0.37394818663597107
0.37394818663597107
0.37394821643829346
0.37394821643829346
0.37394827604293823
0.37394821643829346
0.37394818663597107
0.37394821643829346
0.37394821643829346
0.37394827604293823
0.37394821643829346
0.37394821643829346
0.37394821643829346
0.37394818663597107
0.37394821643829346
0.3739481568336487
0.37394818663597107
0.37394818663597107
0.37394821643829346
0.37394818663597107
0.37394821643829346
0.3739481568336487
0.37394818663597107
0.3739481568336487
0.37394818663597107
0.37394821643829346
0.3739481568336487
0.3739481568336487
0.37394818663597107
0.37394818663597107
0.37394821643829346
0.37394818663597107
0.37394827604293823
0.37394821643829346
0.37394818663597107
0.3739481568336487
0.3739481568336487
0.3739481270313263
0.37394818663597107
0.3739481568336487
0.3739481568336487
0.3739481270313263
0.37394818663597107
0.37394818663597107
0.3739481270313263
0.3739481568336487
0.3739481568336487
0.3739481270313263
0.3739481568336487
0.3739481568336487
0.3739481568336487
0.3739480972290039
0.3739481568336487
0.3739481270313263
0.3739481270313263
0.37394818663597107
0.3739481568336487
0.3739481568336487
0.37394818663597107
0.3739481568336487
0.3739481270313263
0.3739481568336487
0.3739481270313263
0.37394818663597107
0.3739481568336487
0.3739480972290039
0.37394818663597107
0.3739481568336487
0.3739480674266815
0.3739481270313263
0.37394818663597107
0.3739481568336487
0.3739480972290039
0.3739480972290039
0.3739481270313263
0.3739480674266815
0.3739481568336487
0.3739481270313263
0.3739481270313263
0.3739481270313263
0.3739480972290039
0.3739481270313263
0.3739481270313263
0.3739481270313263
0.3739481270313263
0.3739481270313263
0.3739481270313263
0.3739481270313263
0.3739480674266815
0.3739480972290039
0.3739480972290039
0.3739480972290039
0.3739481270313263
0.3739480674266815
0.3739480674266815
0.37394803762435913
0.3739480972290039
0.3739480972290039
0.37394797801971436
0.3739481270313263
0.3739480972290039
0.3739480674266815
0.3739480674266815
0.3739481270313263
0.3739480972290039
0.3739480972290039
0.3739480674266815
0.3739480674266815
0.3739480972290039
0.3739480972290039
0.3739480674266815
0.3739480674266815
0.37394803762435913
0.3739480674266815
0.3739480972290039
0.3739480972290039
0.3739480972290039
0.3739480972290039
0.37394803762435913
0.37394803762435913
0.3739480674266815
0.37394803762435913
0.3739480674266815
0.37394797801971436
0.3739480674266815
0.3739480674266815
0.37394803762435913
0.37394803762435913
0.37394803762435913
0.3739480674266815
0.37394797801971436
0.37394803762435913
0.3739480972290039
0.37394803762435913
0.37394803762435913
0.3739480674266815
0.37394803762435913
0.37394797801971436
0.37394797801971436
0.37394803762435913
0.37394803762435913
0.37394803762435913
0.37394794821739197
0.37394803762435913
0.37394797801971436
0.37394794821739197
0.37394803762435913
0.37394803762435913
0.37394803762435913
0.37394797801971436
0.37394797801971436
0.37394803762435913
0.37394797801971436
0.3739480674266815
0.37394803762435913
0.37394803762435913
0.37394797801971436
0.37394797801971436
0.37394797801971436
0.37394797801971436
0.37394797801971436
0.37394797801971436
0.3739480674266815
0.3739479184150696
0.37394803762435913
0.3739480674266815
0.37394797801971436
0.37394803762435913
0.37394794821739197
0.37394797801971436
0.37394797801971436
0.37394797801971436
0.3739479184150696
0.3739478886127472
0.37394803762435913
0.37394794821739197
0.3739479184150696
0.37394794821739197
0.3739479184150696
0.37394797801971436
0.37394797801971436
0.37394794821739197
0.37394797801971436
0.3739479184150696
0.37394794821739197
0.3739479184150696
0.37394797801971436
0.37394794821739197
0.3739479184150696
0.37394803762435913
0.37394794821739197
0.37394794821739197
0.3739479184150696
0.3739478886127472
0.37394794821739197
0.37394794821739197
0.3739479184150696
0.3739479184150696
0.37394794821739197
0.37394794821739197
0.3739479184150696
0.3739479184150696
0.3739479184150696
0.3739479184150696
0.3739479184150696
0.37394794821739197
0.37394797801971436
0.3739479184150696
0.3739478588104248
0.3739479184150696
0.37394794821739197
0.3739479184150696
0.3739478886127472
0.3739479184150696
0.3739478886127472
0.3739478886127472
0.37394794821739197
0.37394797801971436
0.3739478886127472
0.3739478588104248
0.3739479184150696
0.3739479184150696
0.3739479184150696
0.37394794821739197
0.3739478886127472
0.3739479184150696
0.3739478886127472
0.3739478588104248
0.3739478886127472
0.3739479184150696
0.3739479184150696
0.3739478588104248
0.3739478886127472
0.3739478886127472
0.3739478588104248
0.3739478588104248
0.3739479184150696
0.3739478588104248
0.3739478886127472
0.37394794821739197
0.3739478588104248
0.3739478588104248
0.3739478588104248
0.3739478290081024
0.3739479184150696
0.3739478588104248
0.3739478588104248
0.3739478886127472
0.3739478588104248
0.3739478886127472
0.3739478588104248
0.3739479184150696
0.3739478886127472
0.3739478290081024
0.3739478886127472
0.3739478588104248
0.3739478886127472
0.3739478588104248
0.3739478886127472
0.3739478886127472
0.3739478588104248
0.3739478886127472
0.3739478886127472
0.3739478290081024
0.3739478588104248
0.3739478290081024
0.3739478588104248
0.3739478290081024
0.3739478588104248
0.3739478588104248
0.3739478588104248
0.3739478290081024
0.3739478588104248
0.3739478290081024
0.3739478290081024
0.3739478886127472
0.3739478588104248
0.37394779920578003
0.3739478290081024
0.3739478886127472
0.3739478588104248
0.37394779920578003
0.37394770979881287
0.3739478290081024
0.3739478588104248
0.3739478290081024
0.3739478588104248
0.3739478290081024
0.3739478290081024
0.3739478290081024
0.3739478290081024
0.3739478290081024
0.37394773960113525
0.3739478290081024
0.37394779920578003
0.37394779920578003
0.3739478290081024
0.3739478588104248
0.37394779920578003
0.3739478290081024
0.37394779920578003
0.37394773960113525
0.37394779920578003
0.37394773960113525
0.37394779920578003
0.37394779920578003
0.37394779920578003
0.37394779920578003
0.37394773960113525
0.37394773960113525
0.3739476501941681
0.37394779920578003
0.37394779920578003
0.37394779920578003
0.37394779920578003
0.3739476799964905
0.37394773960113525
0.37394779920578003
0.37394773960113525
0.37394779920578003
0.37394779920578003
0.37394770979881287
0.37394770979881287
0.37394779920578003
0.37394773960113525
0.37394779920578003
0.37394779920578003
0.37394770979881287
0.37394773960113525
0.37394779920578003
0.37394770979881287
0.37394773960113525
0.37394770979881287
0.37394770979881287
0.37394773960113525
0.37394770979881287
0.37394770979881287
0.37394770979881287
0.3739476501941681
0.37394770979881287
0.37394779920578003
0.37394779920578003
0.3739476799964905
0.3739476799964905
0.37394770979881287
0.37394770979881287
0.37394773960113525
0.3739476799964905
0.37394770979881287
0.37394770979881287
0.37394770979881287
0.3739476799964905
0.3739476501941681
0.37394770979881287
0.37394773960113525
0.3739476799964905
0.37394770979881287
0.37394770979881287
0.37394770979881287
0.3739476799964905
0.3739476799964905
0.37394770979881287
0.37394770979881287
0.3739476501941681
0.3739476799964905
0.3739476799964905
0.3739476799964905
0.3739476203918457
0.3739476799964905
0.3739476799964905
0.3739476799964905
0.3739476501941681
0.3739476799964905
0.37394770979881287
0.37394770979881287
0.3739476799964905
0.3739476203918457
0.3739476501941681
0.3739476203918457
0.3739476501941681
0.37394770979881287
0.3739476799964905
0.3739476203918457
0.3739476501941681
0.37394773960113525
0.3739476799964905
0.3739476501941681
0.3739476799964905
0.3739476799964905
0.3739476501941681
0.3739476501941681
0.3739476501941681
0.37394770979881287
0.3739476501941681
0.3739476799964905
0.3739476501941681
0.3739476799964905
0.3739476501941681
0.3739476501941681
0.3739476501941681
0.3739476501941681
0.3739476203918457
0.3739476501941681
0.3739476501941681
0.3739476203918457
0.3739476501941681
0.3739476799964905
0.3739475905895233
0.3739476203918457
0.3739476501941681
0.3739476501941681
0.3739476501941681
0.37394753098487854
0.3739475905895233
0.3739475905895233
0.3739476203918457
0.3739476203918457
0.3739475905895233
0.3739476203918457
0.3739476203918457
0.3739476203918457
0.37394753098487854
0.3739476501941681
0.3739476203918457
0.37394753098487854
0.3739476203918457
0.3739476501941681
0.3739476799964905
0.3739475905895233
0.3739476203918457
0.3739475905895233
0.3739475905895233
0.3739476203918457
0.37394753098487854
0.3739475905895233
0.3739475905895233
0.3739476203918457
0.3739475905895233
0.3739475905895233
0.37394753098487854
0.37394753098487854
0.37394753098487854
0.3739475905895233
0.37394753098487854
0.3739476203918457
0.37394750118255615
0.37394753098487854
0.37394753098487854
0.3739475905895233
0.37394750118255615
0.3739475905895233
0.3739475905895233
0.37394753098487854
0.37394753098487854
0.37394753098487854
0.3739476203918457
0.37394753098487854
0.3739475905895233
0.37394753098487854
0.37394750118255615
0.37394753098487854
0.37394747138023376
0.37394747138023376
0.37394753098487854
0.37394750118255615
0.3739476203918457
0.3739475905895233
0.37394750118255615
0.37394750118255615
0.3739475905895233
0.37394753098487854
0.37394753098487854
0.37394750118255615
0.37394750118255615
0.37394750118255615
0.37394753098487854
0.37394753098487854
0.37394753098487854
0.37394750118255615
0.37394750118255615
0.37394747138023376
0.37394747138023376
0.37394750118255615
0.37394747138023376
0.3739474415779114
0.37394747138023376
0.37394747138023376
0.37394753098487854
0.37394750118255615
0.37394750118255615
0.3739474415779114
0.37394747138023376
0.37394750118255615
0.37394747138023376
0.37394747138023376
0.37394747138023376
0.37394750118255615
0.3739474415779114
0.3739474415779114
0.37394747138023376
0.3739474415779114
0.37394750118255615
0.37394750118255615
0.3739474415779114
0.37394747138023376
0.37394750118255615
0.37394750118255615
0.3739474415779114
0.37394750118255615
0.3739474415779114
0.373947411775589
0.37394747138023376
0.37394750118255615
0.3739474415779114
0.37394747138023376
0.3739474415779114
0.3739474415779114
0.37394747138023376
0.37394747138023376
0.37394747138023376
0.3739474415779114
0.373947411775589
0.3739474415779114
0.37394750118255615
0.373947411775589
0.3739474415779114
0.3739474415779114
0.3739474415779114
0.37394747138023376
0.373947411775589
0.3739474415779114
0.373947411775589
0.3739474415779114
0.373947411775589
0.3739474415779114
0.3739473819732666
0.3739474415779114
0.3739474415779114
0.3739474415779114
0.3739473819732666
0.3739473521709442
0.37394747138023376
0.3739474415779114
0.373947411775589
0.373947411775589
0.373947411775589
0.3739473521709442
0.3739474415779114
0.3739473819732666
0.3739473819732666
0.373947411775589
0.3739473819732666
0.3739474415779114
0.3739473819732666
0.3739473819732666
0.37394726276397705
0.3739473819732666
0.3739473521709442
0.373947411775589
0.373947411775589
0.3739473521709442
0.3739473819732666
0.3739473521709442
0.3739473819732666
0.373947411775589
0.3739473819732666
0.373947411775589
0.3739473521709442
0.3739473819732666
0.373947411775589
0.3739473819732666
0.3739473521709442
0.3739473521709442
0.3739473819732666
0.3739473521709442
0.3739473521709442
0.3739473819732666
0.373947411775589
0.3739473521709442
0.3739473521709442
0.373947411775589
0.3739473521709442
0.373947411775589
0.37394729256629944
0.3739473521709442
0.37394729256629944
0.373947411775589
0.3739473819732666
0.37394729256629944
0.3739473521709442
0.37394729256629944
0.3739473819732666
0.3739473521709442
0.37394729256629944
0.37394729256629944
0.3739473521709442
0.37394726276397705
0.3739473819732666
0.3739473521709442
0.37394729256629944
0.3739473819732666
0.373947411775589
0.37394729256629944
0.3739473521709442
0.37394729256629944
0.37394729256629944
0.3739473521709442
0.3739473521709442
0.37394729256629944
0.37394729256629944
0.3739473521709442
0.37394726276397705
0.37394729256629944
0.3739473521709442
0.3739473819732666
0.37394726276397705
0.37394729256629944
0.3739473521709442
0.3739473521709442
0.3739473521709442
0.37394729256629944
0.37394729256629944
0.37394726276397705
0.37394729256629944
0.3739473521709442
0.37394726276397705
0.37394729256629944
0.37394729256629944
0.37394729256629944
0.37394726276397705
0.37394729256629944
0.3739473521709442
0.37394723296165466
0.37394723296165466
0.3739473521709442
0.37394726276397705
0.37394729256629944
0.37394726276397705
0.3739473521709442
0.37394723296165466
0.37394723296165466
0.3739472031593323
0.37394729256629944
0.37394726276397705
0.37394723296165466
0.3739473521709442
0.37394726276397705
0.37394723296165466
0.37394729256629944
0.37394723296165466
0.37394726276397705
0.37394723296165466
0.3739472031593323
0.3739472031593323
0.37394723296165466
0.37394723296165466
0.37394723296165466
0.3739472031593323
0.37394723296165466
0.37394726276397705
0.3739472031593323
0.37394723296165466
0.3739473521709442
0.37394726276397705
0.3739471733570099
0.37394726276397705
0.37394723296165466
0.37394723296165466
0.37394726276397705
0.37394723296165466
0.3739471733570099
0.3739472031593323
0.37394723296165466
0.3739472031593323
0.37394723296165466
0.3739472031593323
0.37394723296165466
0.3739472031593323
0.3739472031593323
0.37394723296165466
0.37394726276397705
0.37394723296165466
0.3739471733570099
0.3739472031593323
0.37394723296165466
0.3739472031593323
0.3739472031593323
0.37394723296165466
0.3739471733570099
0.37394723296165466
0.3739472031593323
0.3739471733570099
0.37394723296165466
0.37394723296165466
0.3739471733570099
0.3739471137523651
0.3739471733570099
0.3739472031593323
0.3739471733570099
0.3739471435546875
0.3739471733570099
0.3739471733570099
0.3739472031593323
0.3739471733570099
0.3739471733570099
0.3739471733570099
0.3739471733570099
0.37394723296165466
0.3739472031593323
0.3739471733570099
0.3739472031593323
0.3739471733570099
0.3739471435546875
0.3739471435546875
0.3739471733570099
0.3739471733570099
0.3739471733570099
0.3739471733570099
0.3739471435546875
0.3739471137523651
0.3739471435546875
0.3739471435546875
0.3739471137523651
0.3739471733570099
0.3739471137523651
0.37394705414772034
0.3739471137523651
0.3739471137523651
0.3739471435546875
0.3739471435546875
0.3739471137523651
0.3739471137523651
0.3739471733570099
0.3739471733570099
0.37394705414772034
0.3739471733570099
0.37394702434539795
0.3739471137523651
0.3739471435546875
0.3739471435546875
0.3739471137523651
0.3739471137523651
0.3739471137523651
0.37394705414772034
0.3739471435546875
0.3739471137523651
0.3739471435546875
0.3739471435546875
0.3739471137523651
0.3739471435546875
0.37394705414772034
0.37394705414772034
0.3739471435546875
0.3739471435546875
0.3739471435546875
0.37394705414772034
0.3739471435546875
0.37394705414772034
0.3739471137523651
0.3739471137523651
0.3739471137523651
0.37394705414772034
0.3739471137523651
0.37394705414772034
0.3739471137523651
0.3739471137523651
0.37394705414772034
0.3739471137523651
0.3739471137523651
0.37394699454307556
0.37394702434539795
0.3739471137523651
0.37394705414772034
0.37394705414772034
0.37394702434539795
0.37394705414772034
0.37394702434539795
0.37394705414772034
0.37394702434539795
0.37394705414772034
0.3739471137523651
0.37394699454307556
0.3739471137523651
0.3739471137523651
0.37394702434539795
0.37394699454307556
0.37394702434539795
0.37394699454307556
0.37394702434539795
0.37394702434539795
0.37394699454307556
0.37394699454307556
0.37394705414772034
0.3739471137523651
0.37394705414772034
0.37394702434539795
0.37394702434539795
0.3739471137523651
0.37394699454307556
0.37394702434539795
0.37394705414772034
0.37394699454307556
0.37394699454307556
0.37394699454307556
0.37394705414772034
0.37394702434539795
0.3739469647407532
0.37394699454307556
0.37394702434539795
0.3739469647407532
0.37394699454307556
0.37394702434539795
0.3739469349384308
0.3739469647407532
0.3739469647407532
0.37394699454307556
0.37394699454307556
0.3739469647407532
0.37394699454307556
0.37394699454307556
0.37394699454307556
0.37394702434539795
0.3739469647407532
0.3739469647407532
0.37394699454307556
0.3739469647407532
0.3739469647407532
0.37394702434539795
0.37394699454307556
0.3739469349384308
0.37394699454307556
0.37394699454307556
0.37394699454307556
0.3739469647407532
0.37394699454307556
0.3739469349384308
0.37394699454307556
0.3739469349384308
0.37394699454307556
0.3739469647407532
0.37394699454307556
0.3739469349384308
0.3739469349384308
0.3739469349384308
0.3739469647407532
0.3739469349384308
0.3739469647407532
0.3739469647407532
0.3739469647407532
0.3739469647407532
0.3739469647407532
0.3739469349384308
0.37394699454307556
0.3739469647407532
0.3739469349384308
0.3739469349384308
0.3739469349384308
0.3739469647407532
0.3739469051361084
0.3739469051361084
0.3739469647407532
0.3739469647407532
0.3739469647407532
0.3739469647407532
0.3739469051361084
0.3739469349384308
0.373946875333786
0.3739469349384308
0.3739469051361084
0.3739469051361084
0.3739469349384308
0.3739469349384308
0.3739469051361084
0.3739469349384308
0.3739469051361084
0.3739469051361084
0.3739469647407532
0.3739469051361084
0.373946875333786
0.3739469051361084
0.3739469051361084
0.3739469051361084
0.373946875333786
0.3739469051361084
0.3739469051361084
0.3739469051361084
0.3739469051361084
0.3739469051361084
0.3739469051361084
0.373946875333786
0.3739469051361084
0.3739469051361084
0.373946875333786
0.373946875333786
0.3739469051361084
0.3739469051361084
0.3739469051361084
0.373946875333786
0.37394681572914124
0.3739469051361084
0.373946875333786
0.373946875333786
0.37394681572914124
0.3739469051361084
0.37394678592681885
0.37394678592681885
0.3739469051361084
0.37394681572914124
0.373946875333786
0.3739469349384308
0.37394678592681885
0.37394681572914124
0.373946875333786
0.373946875333786
0.37394681572914124
0.373946875333786
0.373946875333786
0.373946875333786
0.37394678592681885
0.37394678592681885
0.37394675612449646
0.373946875333786
0.37394681572914124
0.37394678592681885
0.37394678592681885
0.3739469349384308
0.37394681572914124
0.37394681572914124
0.37394678592681885
0.37394675612449646
0.37394681572914124
0.37394678592681885
0.37394678592681885
0.373946875333786
0.37394678592681885
0.37394678592681885
0.37394675612449646
0.37394681572914124
0.37394681572914124
0.37394675612449646
0.37394681572914124
0.373946875333786
0.37394681572914124
0.37394681572914124
0.37394675612449646
0.37394678592681885
0.37394678592681885
0.37394678592681885
0.37394678592681885
0.37394678592681885
0.373946875333786
0.37394681572914124
0.3739467263221741
0.37394678592681885
0.37394678592681885
0.37394675612449646
0.37394675612449646
0.37394675612449646
0.37394675612449646
0.37394675612449646
0.37394681572914124
0.3739467263221741
0.37394675612449646
0.37394678592681885
0.37394678592681885
0.37394681572914124
0.37394681572914124
0.3739467263221741
0.37394678592681885
0.37394678592681885
0.37394675612449646
0.37394675612449646
0.37394675612449646
0.3739467263221741
0.37394678592681885
0.373946875333786
0.3739466965198517
0.37394675612449646
0.37394678592681885
0.3739467263221741
0.37394675612449646
0.37394675612449646
0.37394675612449646
0.3739467263221741
0.3739466965198517
0.3739467263221741
0.37394678592681885
0.3739467263221741
0.3739466965198517
0.3739467263221741
0.37394675612449646
0.37394675612449646
0.3739467263221741
0.3739467263221741
0.3739467263221741
0.3739466965198517
0.3739467263221741
0.37394675612449646
0.37394675612449646
0.3739466965198517
0.3739466965198517
0.37394675612449646
0.37394675612449646
0.3739467263221741
0.37394675612449646
0.3739467263221741
0.3739466965198517
0.3739466965198517
0.3739466667175293
0.3739466965198517
0.3739466965198517
0.3739466965198517
0.3739466965198517
0.3739466965198517
0.3739466965198517
0.3739466965198517
0.3739467263221741
0.3739466965198517
0.37394657731056213
0.3739466965198517
0.3739466667175293
0.3739466071128845
0.3739466965198517
0.37394657731056213
0.3739466667175293
0.3739466667175293
0.3739466071128845
0.3739467263221741
0.3739467263221741
0.3739466071128845
0.3739466071128845
0.3739466965198517
0.3739466965198517
0.3739467263221741
0.3739466071128845
0.3739466965198517
0.3739466667175293
0.3739466071128845
0.3739466965198517
0.37394657731056213
0.3739467263221741
0.3739466667175293
0.3739466965198517
0.3739466965198517
0.3739466667175293
0.3739466667175293
0.3739466071128845
0.3739466071128845
0.3739466071128845
0.3739466667175293
0.3739466965198517
0.3739466965198517
0.3739466071128845
0.3739466667175293
0.3739466667175293
0.3739466667175293
0.3739466071128845
0.3739466071128845
0.3739466071128845
0.3739466071128845
0.3739466667175293
0.3739466667175293
0.37394657731056213
0.37394657731056213
0.37394657731056213
0.3739466071128845
0.3739466071128845
0.3739466071128845
0.3739466667175293
0.37394657731056213
0.37394657731056213
0.37394654750823975
0.37394657731056213
0.3739466667175293
0.37394657731056213
0.3739466071128845
0.3739466071128845
0.3739466071128845
0.37394657731056213
0.37394654750823975
0.3739466667175293
0.3739466071128845
0.37394657731056213
0.3739466071128845
0.37394654750823975
0.37394657731056213
0.37394657731056213
0.37394657731056213
0.3739466071128845
0.37394654750823975
0.3739466071128845
0.3739466071128845
0.37394657731056213
0.37394657731056213
0.37394657731056213
0.37394657731056213
0.37394657731056213
0.37394657731056213
0.3739466071128845
0.37394654750823975
0.37394657731056213
0.37394657731056213
0.37394657731056213
0.37394657731056213
0.37394657731056213
0.37394651770591736
0.37394657731056213
0.37394654750823975
0.37394654750823975
0.3739466071128845
0.37394651770591736
0.37394654750823975
0.37394654750823975
0.37394648790359497
0.37394654750823975
0.37394654750823975
0.37394651770591736
0.37394657731056213
0.37394654750823975
0.37394654750823975
0.37394651770591736
0.37394654750823975
0.37394651770591736
0.37394654750823975
0.37394651770591736
0.37394657731056213
0.37394651770591736
0.37394648790359497
0.37394648790359497
0.37394654750823975
0.37394657731056213
0.37394657731056213
0.37394648790359497
0.37394654750823975
0.37394648790359497
0.37394651770591736
0.37394651770591736
0.37394654750823975
0.37394651770591736
0.37394648790359497
0.37394654750823975
0.37394654750823975
0.37394648790359497
0.37394648790359497
0.37394648790359497
0.37394651770591736
0.37394651770591736
0.37394651770591736
0.37394648790359497
