1.0141491889953613
0.8968166708946228
0.8014229536056519
0.719835638999939
0.6466880440711975
0.5843541026115417
0.5349485874176025
0.4976016581058502
0.47183236479759216
0.45483484864234924
0.44453537464141846
0.4369148015975952
0.43126407265663147
0.42587658762931824
0.42140117287635803
0.4180822968482971
0.41516879200935364
0.4129001200199127
0.4105662405490875
0.4089113473892212
0.40710538625717163
0.40563341975212097
0.4043597877025604
0.40309879183769226
0.4020038843154907
0.4009959101676941
0.3999249339103699
0.3991048336029053
0.3981579840183258
0.39740270376205444
0.3966159522533417
0.3961014151573181
0.3952716886997223
0.3947756290435791
0.39401915669441223
0.39374732971191406
0.3938138484954834
0.3930540084838867
0.3925430476665497
0.3923741281032562
0.3921484351158142
0.3918602466583252
0.3915264904499054
0.39123234152793884
0.39108386635780334
0.3907862901687622
0.39070454239845276
0.39029285311698914
0.39011988043785095
0.3899301290512085
0.38957419991493225
0.3894011378288269
0.38914430141448975
0.38901016116142273
0.38872161507606506
0.3885588049888611
0.38845258951187134
0.38800522685050964
0.38801491260528564
0.3876264691352844
0.387324720621109
0.3870098888874054
0.38685253262519836
0.38690677285194397
0.3864513635635376
0.3864551782608032
0.3863544464111328
0.3860567808151245
0.3859556317329407
0.38596928119659424
0.38573992252349854
0.3857613503932953
0.3854125738143921
0.38538557291030884
0.3853336572647095
0.3850434124469757
0.385076642036438
0.38472455739974976
0.384682297706604
0.3845606744289398
0.3846476674079895
0.3844550549983978
0.38402900099754333
0.3839679956436157
0.3838871717453003
0.38376113772392273
0.38360971212387085
0.3835025131702423
0.3835369050502777
0.38326871395111084
0.38312241435050964
0.3829823136329651
0.3828568756580353
0.382769376039505
0.38273319602012634
0.38244712352752686
0.3825823962688446
0.38234424591064453
0.3827495276927948
0.38229885697364807
0.3821982443332672
0.3821098208427429
0.38174423575401306
0.3819423019886017
0.38164618611335754
0.3816254436969757
0.3815622329711914
0.3814906179904938
0.38146162033081055
0.3814966082572937
0.3814029097557068
0.3813725709915161
0.3811262547969818
0.38092750310897827
0.38102996349334717
0.38088637590408325
0.3811101019382477
0.38105645775794983
0.3804595470428467
0.38046175241470337
0.3804720640182495
0.38047292828559875
0.3802681863307953
0.3802432417869568
0.3802126348018646
0.3801730275154114
0.3800346255302429
0.3799258768558502
0.37996265292167664
0.3797902464866638
0.379658967256546
0.3796219527721405
0.3795979619026184
0.3795711100101471
0.3794642686843872
0.3794887363910675
0.379290908575058
0.37924957275390625
0.3791801929473877
0.37908241152763367
0.37896034121513367
0.3790966272354126
0.37877026200294495
0.37900352478027344
0.37883517146110535
0.37879475951194763
0.37886980175971985
0.37872105836868286
0.3786718547344208
0.3785995543003082
0.37859392166137695
0.3784402906894684
0.3784371614456177
0.37837842106819153
0.3783700168132782
0.3782762587070465
0.3784932494163513
0.37821176648139954
0.37810447812080383
0.3781311810016632
0.378002405166626
0.37807756662368774
0.37812331318855286
0.37787750363349915
0.3779032826423645
0.3780566155910492
0.3780852258205414
0.3776521682739258
0.37794360518455505
0.37821394205093384
0.37753957509994507
0.37795382738113403
0.37768372893333435
0.3776247203350067
0.37744584679603577
0.37747153639793396
0.37756726145744324
0.3773614764213562
0.3773462176322937
0.3771698772907257
0.3771519660949707
0.37716323137283325
0.3770468235015869
0.37710216641426086
0.3770807087421417
0.37697967886924744
0.3769914209842682
0.3770875632762909
0.37706565856933594
0.3769158124923706
0.37682607769966125
0.37675735354423523
0.37673935294151306
0.37663519382476807
0.3766424059867859
0.37661805748939514
0.37673017382621765
0.3764980435371399
0.3766852021217346
0.37658554315567017
0.3765568733215332
0.3765621781349182
0.3764648139476776
0.3763347864151001
0.37634578347206116
0.3762441873550415
0.3762474060058594
0.37606313824653625
0.37606799602508545
0.37607380747795105
0.3761526644229889
0.37611714005470276
0.37601980566978455
0.37602680921554565
0.3759400248527527
0.37590351700782776
0.3757578432559967
0.3759351968765259
0.37599655985832214
0.3756500482559204
0.3755316138267517
0.3758927881717682
0.37545710802078247
0.3755374252796173
0.3755638003349304
0.37539273500442505
0.3753187358379364
0.3753213882446289
0.3751307725906372
0.3750934600830078
0.3751838207244873
0.3749803900718689
0.37491458654403687
0.374807745218277
0.37478211522102356
0.3747028708457947
0.37459996342658997
0.3745141923427582
0.37448567152023315
0.3744339644908905
0.37432074546813965
0.37446194887161255
0.3742406964302063
0.3742567300796509
0.3742217719554901
0.37433892488479614
0.3740641474723816
0.3742481470108032
0.37427517771720886
0.37432003021240234
0.3739045262336731
0.3738992214202881
0.3738022446632385
0.37376683950424194
0.37391549348831177
0.3738160729408264
0.37391695380210876
0.37365737557411194
0.3737514913082123
0.3737359344959259
0.37359246611595154
0.37362566590309143
0.37361353635787964
0.37354761362075806
0.3735753297805786
0.37381473183631897
0.37371304631233215
0.37331533432006836
0.37329956889152527
0.3732171654701233
0.37324681878089905
0.3732098937034607
0.3731824457645416
0.37312549352645874
0.3731539845466614
0.3731265664100647
0.37309470772743225
0.3730905055999756
0.373107373714447
0.3731106221675873
0.3731168508529663
0.3730514347553253
0.3730737268924713
0.3730221688747406
0.37303218245506287
0.37309712171554565
0.373004674911499
0.37308138608932495
0.37300804257392883
0.3729928433895111
0.3730596899986267
0.37298673391342163
0.3729722797870636
0.37295594811439514
0.3729199767112732
0.37296122312545776
0.3728620111942291
0.3729047477245331
0.3729410767555237
0.37286314368247986
0.3729414641857147
0.37289485335350037
0.3728407323360443
0.3728884160518646
0.3728122413158417
0.37289145588874817
0.37301695346832275
0.37287306785583496
0.3728119432926178
0.3728078603744507
0.3728088140487671
0.37275803089141846
0.372898131608963
0.373013973236084
0.37284573912620544
0.37281912565231323
0.37269890308380127
0.3727976977825165
0.37275099754333496
0.37270188331604004
0.3727520704269409
0.3726908564567566
0.3727353811264038
0.372587651014328
0.3726242780685425
0.37277376651763916
0.3726387023925781
0.3727136254310608
0.3725879192352295
0.3727075457572937
0.3725411891937256
0.3724973499774933
0.37253034114837646
0.37250393629074097
0.3724699318408966
0.37249088287353516
0.37252795696258545
0.37252333760261536
0.3724212944507599
0.3724442720413208
0.372461199760437
0.37235841155052185
0.3724882900714874
0.3723394274711609
0.3724740445613861
0.3723168969154358
0.3723452389240265
0.37228861451148987
0.3723669648170471
0.37227457761764526
0.3723071813583374
0.3722863793373108
0.37229305505752563
0.3723284900188446
0.3722744584083557
0.37213245034217834
0.37217026948928833
0.37214210629463196
0.3721042275428772
0.3720993995666504
0.37207916378974915
0.3721314072608948
0.37208542227745056
0.37207865715026855
0.3720318377017975
0.37206700444221497
0.37218934297561646
0.37189340591430664
0.37189340591430664
0.371959388256073
0.3718811273574829
0.3719063699245453
0.37189605832099915
0.3718811571598053
0.37188634276390076
0.3718673288822174
0.37183383107185364
0.3718710243701935
0.371849924325943
0.37188243865966797
0.37184014916419983
0.3718411922454834
0.37185344099998474
0.3718509078025818
0.3718564212322235
0.3718262314796448
0.37179264426231384
0.37182533740997314
0.37176620960235596
0.37177732586860657
0.37180259823799133
0.3717932403087616
0.37175577878952026
0.37172257900238037
0.37181732058525085
0.3717832863330841
0.3717256188392639
0.3717290461063385
0.3717290759086609
0.37171560525894165
0.37174367904663086
0.3716939389705658
0.37167832255363464
0.37173011898994446
0.37172651290893555
0.37168607115745544
0.3717392086982727
0.37168121337890625
0.37165436148643494
0.37162309885025024
0.3716466724872589
0.37162238359451294
0.3716066777706146
0.371610164642334
0.37168022990226746
0.3716112971305847
0.37159377336502075
0.37158164381980896
0.37157803773880005
0.3715476393699646
0.3715498149394989
0.3715963661670685
0.3715580105781555
0.3715749680995941
0.3715376555919647
0.37154221534729004
0.3715395927429199
0.37180250883102417
0.3715158700942993
0.37151584029197693
0.37146568298339844
0.37144935131073
0.37145376205444336
0.37146660685539246
0.3714325726032257
0.3714119791984558
0.371451199054718
0.37141963839530945
0.3714664578437805
0.3713724613189697
0.37139633297920227
0.3713628351688385
0.3713562786579132
0.3713460862636566
0.3713717460632324
0.37131696939468384
0.37136995792388916
0.3713231086730957
0.3713543117046356
0.37128522992134094
0.37129950523376465
0.3713373839855194
0.3712848722934723
0.37127748131752014
0.37127986550331116
0.3713056743144989
0.3712841868400574
0.37122663855552673
0.37121832370758057
0.37122082710266113
0.3711894154548645
0.3712100088596344
0.3711746335029602
0.3712024986743927
0.37117433547973633
0.3711976408958435
0.37118029594421387
0.3711259961128235
0.3711394965648651
0.3711220324039459
0.37116125226020813
0.37111565470695496
0.3711249828338623
0.3711097240447998
0.37112370133399963
0.37109774351119995
0.37111571431159973
0.37109899520874023
0.3710801303386688
0.37111538648605347
0.37109312415122986
0.3710859417915344
0.37111055850982666
0.37108176946640015
0.3710794746875763
0.3710608184337616
0.371084988117218
0.37112441658973694
0.3711269497871399
0.3710688054561615
0.3710586726665497
0.37104371190071106
0.37104588747024536
0.3710465133190155
0.37103116512298584
0.37104979157447815
0.37103986740112305
0.37105467915534973
0.3710375428199768
0.3710174858570099
0.371035635471344
0.37103211879730225
0.37100154161453247
0.37101873755455017
0.3710043430328369
0.3710290789604187
0.37099382281303406
0.3709990382194519
0.37098249793052673
0.37098318338394165
0.3709787428379059
0.370976060628891
0.3709743022918701
0.3709760010242462
0.37096738815307617
0.37096670269966125
0.3709256052970886
0.3709438741207123
0.3709730803966522
0.3709307610988617
0.3709261119365692
0.3709483742713928
0.3709164261817932
0.3709145486354828
0.3708946108818054
0.370887815952301
0.37089380621910095
0.3708783686161041
0.3708729147911072
0.37089964747428894
0.37087738513946533
0.3708558976650238
0.37085098028182983
0.37085437774658203
0.3708500266075134
0.3708491027355194
0.37085506319999695
0.3708290159702301
0.37083280086517334
0.3708431124687195
0.3708237409591675
0.3708118200302124
0.3708288371562958
0.3708348870277405
0.37080633640289307
0.3707985579967499
0.3708072006702423
0.3708266615867615
0.37078091502189636
0.3707978427410126
0.37078529596328735
0.37075522541999817
0.3707800805568695
0.3707644045352936
0.37076762318611145
0.3708137273788452
0.3707701861858368
0.3707578778266907
0.37075480818748474
0.3707338571548462
0.37075379490852356
0.37073656916618347
0.3707638382911682
0.37072524428367615
0.3707222044467926
0.3707156479358673
0.3707177937030792
0.37068992853164673
0.37068042159080505
0.37068483233451843
0.3706829249858856
0.370691180229187
0.37068042159080505
0.37068283557891846
0.37068718671798706
0.3706781566143036
0.37067797780036926
0.37067893147468567
0.37067386507987976
0.3706841766834259
0.37067911028862
0.3706570565700531
0.3706660270690918
0.3706657290458679
0.37067148089408875
0.3706628680229187
0.3706662058830261
0.37066221237182617
0.3706662058830261
0.3706595003604889
0.37065497040748596
0.37065503001213074
0.37064555287361145
0.3706478476524353
0.37065643072128296
0.37065136432647705
0.3706473708152771
0.3706447184085846
0.3706384301185608
0.37064996361732483
0.3706377148628235
0.37063655257225037
0.3706388473510742
0.3706275522708893
0.37063267827033997
0.37063294649124146
0.37062445282936096
0.3706399202346802
0.3706376552581787
0.3706294298171997
0.3706214427947998
0.3706190884113312
0.3706202208995819
0.3706282675266266
0.3706214427947998
0.3706200420856476
0.37061429023742676
0.37061092257499695
0.37060976028442383
0.3706134557723999
0.37060487270355225
0.3706066906452179
0.37060225009918213
0.37059977650642395
0.3706090748310089
0.3705946207046509
0.370590478181839
0.37059998512268066
0.37058907747268677
0.37060093879699707
0.37060150504112244
0.3705877661705017
0.3705849051475525
0.3705861270427704
0.37058934569358826
0.37057968974113464
0.3705770969390869
0.3705796003341675
0.37058311700820923
0.3705657720565796
0.3705833852291107
0.3705750107765198
0.3705670237541199
0.3705623149871826
0.37056994438171387
0.37056535482406616
0.37057259678840637
0.3705545961856842
0.37055402994155884
0.3705548644065857
0.3705608546733856
0.3705577552318573
0.37055879831314087
0.370547354221344
0.3705398440361023
0.37054237723350525
0.3705559968948364
0.3705427944660187
0.3705403804779053
0.3705398738384247
0.37053239345550537
0.37053024768829346
0.37052419781684875
0.37053269147872925
0.3705248534679413
0.3705195486545563
0.37052926421165466
0.37050849199295044
0.3705023229122162
0.3705037534236908
0.3704991042613983
0.37049776315689087
0.37049758434295654
0.3705049157142639
0.3704991340637207
0.3705004155635834
0.3704933524131775
0.37049251794815063
0.3704984188079834
0.37050485610961914
0.37049973011016846
0.3704891800880432
0.37048956751823425
0.37048378586769104
0.3704865872859955
0.3704907298088074
0.37048137187957764
0.3704794645309448
0.37048041820526123
0.370487242937088
0.37047624588012695
0.37047722935676575
0.37048035860061646
0.37048113346099854
0.3704753518104553
0.37048035860061646
0.3704720437526703
0.3704746663570404
0.37047716975212097
0.37047138810157776
0.37046852707862854
0.37047189474105835
0.37046894431114197
0.3704667389392853
0.3704662024974823
0.37046271562576294
0.370464950799942
0.3704645037651062
0.3704600930213928
0.3704635798931122
0.37045589089393616
0.3704681992530823
0.3704543113708496
0.37045639753341675
0.3704559803009033
0.37045082449913025
0.3704579770565033
0.37045004963874817
0.3704497218132019
0.3704553544521332
0.37045198678970337
0.3704476058483124
0.37044480443000793
0.37044480443000793
0.37043946981430054
0.3704495131969452
0.3704536259174347
0.3704385459423065
0.3704385757446289
0.3704397976398468
0.3704414665699005
0.37043413519859314
0.3704398572444916
0.37043824791908264
0.3704357445240021
0.37043121457099915
0.37043240666389465
0.3704409897327423
0.3704298138618469
0.3704269826412201
0.3704259693622589
0.3704269826412201
0.3704257905483246
0.3704278767108917
0.3704318404197693
0.37042078375816345
0.370425283908844
0.37042737007141113
0.37042075395584106
0.3704192042350769
0.370415598154068
0.370416522026062
0.3704175651073456
0.37041133642196655
0.37042391300201416
0.3704095184803009
0.3704196512699127
0.37040987610816956
0.3704119622707367
0.3704080581665039
0.3704109191894531
0.37040677666664124
0.37040582299232483
0.3704032301902771
0.3704073429107666
0.37040263414382935
0.37040072679519653
0.3703984022140503
0.3703952431678772
0.3703942894935608
0.37039101123809814
0.37039175629615784
0.37039080262184143
0.3703903257846832
0.3703915774822235
0.37039193511009216
0.37038716673851013
0.370388001203537
0.37038812041282654
0.37038689851760864
0.37038716673851013
0.3703877329826355
0.37038442492485046
0.37038397789001465
0.3703823387622833
0.37038254737854004
0.3703831434249878
0.3703796863555908
0.3703785538673401
0.370376855134964
0.37037771940231323
0.3703750669956207
0.3703814148902893
0.3703760802745819
0.3703766167163849
0.3703727126121521
0.37037307024002075
0.37037408351898193
0.3703744411468506
0.3703695833683014
0.370369553565979
0.37037062644958496
0.37036898732185364
0.37036919593811035
0.37036699056625366
0.37037163972854614
0.3703683018684387
0.37036505341529846
0.3703641891479492
0.3703649640083313
0.37036409974098206
0.3703633248806
0.3703620135784149
0.3703693747520447
0.3703599274158478
0.3703610301017761
0.370358943939209
0.37035810947418213
0.3703565001487732
0.3703562021255493
0.3703627288341522
0.3703559935092926
0.37035807967185974
0.3703564703464508
0.370355486869812
0.370353639125824
0.37035486102104187
0.3703537583351135
0.37035197019577026
0.3703530728816986
0.3703516721725464
0.370353639125824
0.370349258184433
0.37035298347473145
0.3703470230102539
0.37034863233566284
0.3703462779521942
0.3703475296497345
0.3703458607196808
0.37034523487091064
0.3703433871269226
0.37034422159194946
0.37034326791763306
0.3703431785106659
0.3703424334526062
0.3703405559062958
0.3703402876853943
0.37033984065055847
0.37034037709236145
0.3703373372554779
0.3703421652317047
0.37033769488334656
0.37033629417419434
0.3703424632549286
0.37034136056900024
0.3703376054763794
0.3703344762325287
0.37033531069755554
0.3703356087207794
0.3703327178955078
0.3703348934650421
0.3703322410583496
0.3703378438949585
0.37033843994140625
0.37033161520957947
0.3703291714191437
0.3703279495239258
0.3703247606754303
0.37032514810562134
0.3703244924545288
0.3703245520591736
0.37032318115234375
0.37032395601272583
0.37032443284988403
0.37032249569892883
0.3703218996524811
0.3703227937221527
0.37032100558280945
0.37032175064086914
0.37032294273376465
0.37032076716423035
0.3703196346759796
0.37032052874565125
0.37031984329223633
0.3703192174434662
0.37031856179237366
0.37032076716423035
0.3703175187110901
0.37031736969947815
0.3703186511993408
0.37031668424606323
0.37031736969947815
0.3703155815601349
0.37031522393226624
0.3703150153160095
0.37031713128089905
0.37031617760658264
0.37031587958335876
0.370317280292511
0.3703159689903259
0.37031471729278564
0.37031322717666626
0.37031418085098267
0.37031203508377075
0.3703134059906006
0.3703129291534424
0.37031081318855286
0.3703136444091797
0.37031063437461853
0.37031105160713196
0.37030965089797974
0.37030816078186035
0.3703097701072693
0.3703084886074066
0.37030911445617676
0.3703087568283081
0.370308518409729
0.37030842900276184
0.37030676007270813
0.3703078031539917
0.37030693888664246
0.3703078329563141
0.3703083395957947
0.3703048527240753
0.3703049421310425
0.37030670046806335
0.3703056871891022
0.3703048825263977
0.3703034520149231
0.37030285596847534
0.3703034222126007
0.37030351161956787
0.37030163407325745
0.37030136585235596
0.3703015148639679
0.3703010082244873
0.3703005611896515
0.3702998161315918
0.3703003227710724
0.37029871344566345
0.3702983558177948
0.3703002631664276
0.37029826641082764
0.3702988922595978
0.3702975809574127
0.37029895186424255
0.3702965974807739
0.3702966570854187
0.3702968657016754
0.3702980577945709
0.3702966868877411
0.3702956438064575
0.3702966272830963
0.3702947199344635
0.3702947497367859
0.37029504776000977
0.37029367685317993
0.3702932298183441
0.3702930212020874
0.37029340863227844
0.37029245495796204
0.3702927231788635
0.3702932894229889
0.37029170989990234
0.370290607213974
0.3702901303768158
0.37029048800468445
0.37028783559799194
0.3702878952026367
0.3702876567840576
0.37028807401657104
0.37028735876083374
0.3702871799468994
0.3702871799468994
0.37028777599334717
0.3702867031097412
0.37028712034225464
0.37028610706329346
0.3702857196331024
0.3702865540981293
0.3702860176563263
0.3702852427959442
0.37028515338897705
0.37028631567955017
0.370285302400589
0.37028539180755615
0.3702850639820099
0.37028467655181885
0.37028491497039795
0.370284765958786
0.37028372287750244
0.3702842593193054
0.37028414011001587
0.3702840209007263
0.3702833950519562
0.37028369307518005
0.37028467655181885
0.3702828586101532
0.3702828288078308
0.3702828586101532
0.37028372287750244
0.37028202414512634
0.37028253078460693
0.3702823519706726
0.3702830970287323
0.3702816665172577
0.37028101086616516
0.37028181552886963
0.37028101086616516
0.3702816963195801
0.3702816367149353
0.3702811598777771
0.3702812194824219
0.3702806532382965
0.3702799379825592
0.3702797591686249
0.37027961015701294
0.37027981877326965
0.3702794313430786
0.3702802360057831
0.37027981877326965
0.3702785074710846
0.37027955055236816
0.37027889490127563
0.37027832865715027
0.37027838826179504
0.37027841806411743
0.3702782094478607
0.37027764320373535
0.3702780306339264
0.3702775239944458
0.3702766001224518
0.37027689814567566
0.3702769875526428
0.37027716636657715
0.3702777326107025
0.37027642130851746
0.3702763617038727
0.3702769875526428
0.3702767789363861
0.3702757954597473
0.37027567625045776
0.37027624249458313
0.37027543783187866
0.3702755570411682
0.3702760636806488
0.37027546763420105
0.3702750504016876
0.37027573585510254
0.37027519941329956
0.3702743649482727
0.37027430534362793
0.3702734410762787
0.3702731728553772
0.3702734112739563
0.37027403712272644
0.3702732026576996
0.370272696018219
0.3702724277973175
0.3702728748321533
0.3702731430530548
0.37027278542518616
0.37027236819267273
0.3702724575996399
0.37027212977409363
0.37027183175086975
0.37027212977409363
0.37027081847190857
0.37027043104171753
0.370270311832428
0.37027043104171753
0.37027034163475037
0.3702702820301056
0.3702701926231384
0.3702701926231384
0.37026992440223694
0.3702694773674011
0.37026962637901306
0.37026938796043396
0.3702697455883026
0.37026920914649963
0.3702690303325653
0.37026897072792053
0.37026962637901306
0.3702690601348877
0.37026914954185486
0.37026870250701904
0.370269238948822
0.37026888132095337
0.37026870250701904
0.37026870250701904
0.3702685236930847
0.37026864290237427
0.37026897072792053
0.37026849389076233
0.3702683448791504
0.37026819586753845
0.3702678680419922
0.37026798725128174
0.3702678978443146
0.3702682852745056
0.3702676594257355
0.3702676594257355
0.37026798725128174
0.37026721239089966
0.37026703357696533
0.37026697397232056
0.3702670633792877
0.37026697397232056
0.3702673017978668
0.37026703357696533
0.37026652693748474
0.37026721239089966
0.37026646733283997
0.3702664375305176
0.37026625871658325
0.37026652693748474
0.3702666163444519
0.3702663779258728
0.37026622891426086
0.3702661395072937
0.37026575207710266
0.37026625871658325
0.3702661693096161
0.370265930891037
0.37026575207710266
0.3702654540538788
0.3702657222747803
0.3702661097049713
0.3702656626701355
0.37026524543762207
0.37026578187942505
0.37026479840278625
0.37026485800743103
0.37026503682136536
0.37026482820510864
0.37026455998420715
0.37026461958885193
0.37026578187942505
0.3702643811702728
0.3702642321586609
0.3702643811702728
0.3702641725540161
0.3702644407749176
0.37026384472846985
0.37026384472846985
0.3702639043331146
0.3702636957168579
0.37026506662368774
0.37026411294937134
0.3702639639377594
0.3702634274959564
0.3702635169029236
0.37026330828666687
0.3702632188796997
0.37026339769363403
0.3702632188796997
0.37026306986808777
0.3702629506587982
0.3702627420425415
0.3702636957168579
0.37026265263557434
0.3702627122402191
0.3702625036239624
0.37026247382164
0.3702625334262848
0.3702628016471863
0.3702622652053833
0.3702622354030609
0.3702618181705475
0.3702617883682251
0.3702617585659027
0.370262086391449
0.3702619671821594
0.37026163935661316
0.370261549949646
0.3702615797519684
0.370261549949646
0.37026166915893555
0.37026169896125793
0.37026140093803406
0.3702615201473236
0.37026163935661316
0.37026137113571167
0.370261549949646
0.37026143074035645
0.3702615797519684
0.37026119232177734
0.37026116251945496
0.3702613115310669
0.3702610731124878
0.37026113271713257
0.37026095390319824
0.3702610433101654
0.37026095390319824
0.37026089429855347
0.3702607750892639
0.3702607750892639
0.37026071548461914
0.3702610433101654
0.3702608346939087
0.3702607750892639
0.37026068568229675
0.3702608644962311
0.37026047706604004
0.37026065587997437
0.3702605366706848
0.37026047706604004
0.370260626077652
0.37026041746139526
0.37026041746139526
0.3702603876590729
0.3702605366706848
0.3702602684497833
0.3702603578567505
0.37026023864746094
0.3702601492404938
0.3702601492404938
0.3702603876590729
0.37026000022888184
0.37025997042655945
0.3702601194381714
0.3702598512172699
0.3702599108219147
0.3702597916126251
0.37025973200798035
0.37025994062423706
0.37025976181030273
0.37025970220565796
0.37025973200798035
0.37025967240333557
0.37025967240333557
0.3702595829963684
0.37025952339172363
0.37025967240333557
0.37025952339172363
0.37025952339172363
0.37025946378707886
0.3702593445777893
0.37025943398475647
0.3702593147754669
0.37025922536849976
0.37025919556617737
0.37025928497314453
0.3702593147754669
0.3702591359615326
0.37025904655456543
0.37025904655456543
0.37025919556617737
0.3702588677406311
0.3702588975429535
0.3702588677406311
0.37025898694992065
0.370258629322052
0.370258629322052
0.37025898694992065
0.37025877833366394
0.37025877833366394
0.3702585995197296
0.3702588677406311
0.3702585995197296
0.3702583909034729
0.370258629322052
0.3702585697174072
0.3702583611011505
0.37025830149650574
0.3702584505081177
0.37025806307792664
0.3702581822872162
0.3702581822872162
0.37025806307792664
0.37025806307792664
0.37025806307792664
0.37025800347328186
0.3702579438686371
0.37025800347328186
0.3702579438686371
0.370258092880249
0.3702579736709595
0.37025782465934753
0.3702578544616699
0.3702578544616699
0.3702578544616699
0.3702578842639923
0.3702576756477356
0.370257705450058
0.37025782465934753
0.37025776505470276
0.3702576458454132
0.3702576756477356
0.37025773525238037
0.3702576458454132
0.3702576756477356
0.370257705450058
0.37025749683380127
0.37025752663612366
0.3702576160430908
0.37025758624076843
0.37025758624076843
0.37025758624076843
0.37025749683380127
0.37025749683380127
0.37025752663612366
0.3702574074268341
0.37025749683380127
0.37025749683380127
0.3702573776245117
0.3702574074268341
0.3702573776245117
0.3702574074268341
0.37025725841522217
0.3702574372291565
0.37025731801986694
0.37025725841522217
0.37025725841522217
0.370257169008255
0.3702574372291565
0.37025704979896545
0.37025725841522217
0.3702571392059326
0.3702571392059326
0.37025725841522217
0.3702572286128998
0.37025704979896545
0.3702571392059326
0.3702571392059326
0.37025707960128784
0.3702569305896759
0.3702569603919983
0.3702569305896759
0.3702569305896759
0.3702569603919983
0.3702569007873535
0.3702569007873535
0.3702569603919983
0.3702569007873535
0.37025678157806396
0.37025701999664307
0.3702569901943207
0.3702567219734192
0.3702567517757416
0.3702566921710968
0.3702567517757416
0.3702566921710968
0.3702567219734192
0.3702567219734192
0.3702566623687744
0.3702567517757416
0.3702566623687744
0.3702566623687744
0.3702565133571625
0.3702567517757416
0.37025657296180725
0.37025660276412964
0.3702565133571625
0.37025657296180725
0.3702564835548401
0.37025654315948486
0.3702564537525177
0.3702563941478729
0.3702563941478729
0.37025636434555054
0.3702564835548401
0.37025633454322815
0.37025636434555054
0.3702562153339386
0.370256245136261
0.37025612592697144
0.37025612592697144
0.3702561557292938
0.37025609612464905
0.37025612592697144
0.37025609612464905
0.37025612592697144
0.37025612592697144
0.37025609612464905
0.37025612592697144
0.3702560365200043
0.37025609612464905
0.3702560365200043
0.3702560365200043
0.3702560365200043
0.3702560067176819
0.3702560067176819
0.3702560365200043
0.3702560365200043
0.3702560365200043
0.3702559173107147
0.3702560067176819
0.3702559769153595
0.3702559769153595
0.3702559173107147
0.3702559769153595
0.3702559769153595
0.3702559173107147
0.3702559173107147
0.3702559173107147
0.3702559173107147
0.3702559173107147
0.3702559173107147
0.37025585770606995
0.37025588750839233
0.37025579810142517
0.37025579810142517
0.37025585770606995
0.37025582790374756
0.37025579810142517
0.37025582790374756
0.370255708694458
0.37025585770606995
0.3702557682991028
0.37025579810142517
0.3702557682991028
0.37025579810142517
0.3702556788921356
0.370255708694458
0.37025579810142517
0.370255708694458
0.3702556788921356
0.3702556788921356
0.37025564908981323
0.37025564908981323
0.3702557682991028
0.3702556788921356
0.37025558948516846
0.37025561928749084
0.37025561928749084
0.37025558948516846
0.37025561928749084
0.37025561928749084
0.37025558948516846
0.37025555968284607
0.37025555968284607
0.37025558948516846
0.3702555298805237
0.3702556788921356
0.37025555968284607
0.37025558948516846
0.37025555968284607
0.3702555298805237
0.3702554702758789
0.3702554702758789
0.3702554404735565
0.3702555298805237
0.3702554702758789
0.3702555298805237
0.3702555298805237
0.3702554404735565
0.37025541067123413
0.37025535106658936
0.37025538086891174
0.37025535106658936
0.37025538086891174
0.37025535106658936
0.37025538086891174
0.37025538086891174
0.37025541067123413
0.3702552914619446
0.37025538086891174
0.37025535106658936
0.37025538086891174
0.3702552318572998
0.37025538086891174
0.37025538086891174
0.37025532126426697
0.3702552914619446
0.37025532126426697
0.3702552020549774
0.3702552020549774
0.37025517225265503
0.3702552020549774
0.3702552020549774
0.3702552318572998
0.3702552020549774
0.3702552020549774
0.37025517225265503
0.3702552020549774
0.37025517225265503
0.37025517225265503
0.37025514245033264
0.37025514245033264
0.37025511264801025
0.37025514245033264
0.37025517225265503
0.37025517225265503
0.37025514245033264
0.37025514245033264
0.37025511264801025
0.37025514245033264
0.37025514245033264
0.37025511264801025
0.37025514245033264
0.37025508284568787
0.3702550530433655
0.3702550530433655
0.3702549934387207
0.37025508284568787
0.37025508284568787
0.37025508284568787
0.37025508284568787
0.3702550530433655
0.37025511264801025
0.3702550530433655
0.37025508284568787
0.37025514245033264
0.37025508284568787
0.37025508284568787
0.3702549636363983
0.3702550530433655
0.37025511264801025
0.3702549934387207
0.3702549636363983
0.3702550530433655
0.3702549636363983
0.3702550530433655
0.3702549934387207
0.3702550530433655
0.3702550530433655
0.3702549636363983
0.3702550530433655
0.3702549338340759
0.3702549934387207
0.3702549934387207
0.3702549636363983
0.3702549934387207
0.3702549338340759
0.37025490403175354
0.3702549636363983
0.3702549338340759
0.37025490403175354
0.3702549338340759
0.37025487422943115
0.37025490403175354
0.37025490403175354
0.3702549338340759
0.37025487422943115
0.37025490403175354
0.37025490403175354
0.37025484442710876
0.37025487422943115
0.37025487422943115
0.37025487422943115
0.37025490403175354
0.3702549636363983
0.37025487422943115
0.3702549338340759
0.37025487422943115
0.37025487422943115
0.370254784822464
0.370254784822464
0.37025487422943115
0.37025490403175354
0.37025484442710876
0.37025484442710876
0.3702547550201416
0.3702547550201416
0.37025484442710876
0.37025484442710876
0.370254784822464
0.370254784822464
0.37025484442710876
0.370254784822464
0.37025484442710876
0.370254784822464
0.3702547252178192
0.37025484442710876
0.370254784822464
0.3702547550201416
0.370254784822464
0.3702547252178192
0.3702546954154968
0.3702547252178192
0.3702547550201416
0.3702547252178192
0.3702547252178192
0.3702547550201416
0.37025466561317444
0.3702546954154968
0.3702547550201416
0.37025463581085205
0.37025466561317444
0.3702546954154968
0.3702546954154968
0.3702546954154968
0.3702547252178192
0.3702546954154968
0.37025466561317444
0.37025466561317444
0.37025466561317444
0.37025466561317444
0.37025463581085205
0.3702546954154968
0.37025463581085205
0.3702547252178192
0.37025466561317444
0.3702546954154968
0.37025466561317444
0.37025466561317444
0.37025463581085205
0.37025466561317444
0.37025466561317444
0.37025466561317444
0.37025463581085205
0.37025466561317444
0.37025463581085205
0.37025460600852966
0.37025463581085205
0.37025466561317444
0.37025463581085205
0.37025460600852966
0.37025460600852966
0.37025463581085205
0.37025460600852966
0.3702545464038849
0.3702545464038849
0.37025463581085205
0.37025460600852966
0.3702545464038849
0.37025460600852966
0.3702545464038849
0.3702545464038849
0.3702545464038849
0.37025460600852966
0.3702545166015625
0.3702545464038849
0.3702545166015625
0.3702545464038849
0.3702545464038849
0.3702545464038849
0.3702545464038849
0.3702545464038849
0.3702545166015625
0.3702544569969177
0.3702545464038849
0.3702545464038849
0.3702545166015625
0.3702544569969177
0.3702544867992401
0.3702545166015625
0.3702545166015625
0.3702544867992401
0.3702544867992401
0.3702545166015625
0.3702544569969177
0.3702544867992401
0.3702544867992401
0.3702544867992401
0.3702544867992401
0.3702545166015625
0.3702544569969177
0.3702544867992401
0.3702544569969177
0.3702545166015625
0.37025442719459534
0.37025442719459534
0.37025439739227295
0.37025442719459534
0.3702544569969177
0.37025442719459534
0.37025442719459534
0.3702544569969177
0.3702544569969177
0.37025439739227295
0.37025439739227295
0.37025442719459534
0.3702544569969177
0.37025439739227295
0.37025436758995056
0.3702544569969177
0.37025442719459534
0.3702543079853058
0.37025436758995056
0.37025436758995056
0.37025442719459534
0.37025439739227295
0.37025436758995056
0.37025436758995056
0.37025439739227295
0.37025436758995056
0.37025439739227295
0.37025439739227295
0.3702543079853058
0.37025436758995056
0.37025439739227295
0.3702542781829834
0.37025436758995056
0.37025436758995056
0.37025436758995056
0.3702543079853058
0.3702543079853058
0.3702543079853058
0.37025436758995056
0.3702543079853058
0.3702542781829834
0.370254248380661
0.37025436758995056
0.3702542781829834
0.370254248380661
0.370254248380661
0.3702543079853058
0.370254248380661
0.3702543079853058
0.3702542781829834
0.3702542185783386
0.370254248380661
0.3702542185783386
0.370254248380661
0.37025418877601624
0.370254248380661
0.3702542185783386
0.3702542781829834
0.3702542185783386
0.3702542185783386
0.370254248380661
0.37025418877601624
0.3702542185783386
0.37025418877601624
0.3702542185783386
0.3702542185783386
0.370254248380661
0.37025418877601624
0.37025415897369385
0.37025418877601624
0.3702542185783386
0.37025418877601624
0.37025418877601624
0.37025418877601624
0.37025418877601624
0.3702542185783386
0.37025412917137146
0.37025418877601624
0.37025415897369385
0.37025418877601624
0.37025415897369385
0.37025418877601624
0.37025415897369385
0.37025412917137146
0.37025415897369385
0.37025412917137146
0.37025418877601624
0.37025415897369385
0.37025412917137146
0.37025415897369385
0.37025412917137146
0.37025415897369385
0.37025415897369385
0.3702540695667267
0.3702540695667267
0.3702540695667267
0.37025412917137146
0.3702540695667267
0.3702540397644043
0.37025415897369385
0.3702540695667267
0.3702540695667267
0.3702540695667267
0.3702540695667267
0.3702540397644043
0.37025412917137146
0.3702540397644043
0.3702540695667267
0.3702540397644043
0.3702540099620819
0.3702540397644043
0.3702540397644043
0.3702540099620819
0.3702540695667267
0.3702540397644043
0.3702540397644043
0.3702540397644043
0.37025395035743713
0.3702540099620819
0.3702540397644043
0.3702540099620819
0.37025418877601624
0.3702540397644043
0.37025395035743713
0.3702539801597595
0.3702540099620819
0.3702540397644043
0.3702540397644043
0.3702540099620819
0.3702540099620819
0.3702540099620819
0.3702539801597595
0.3702539801597595
0.3702539801597595
0.3702539801597595
0.3702540099620819
0.37025395035743713
0.37025395035743713
0.3702540397644043
0.37025395035743713
0.37025392055511475
0.3702539801597595
0.37025392055511475
0.3702539801597595
0.3702540099620819
0.37025395035743713
0.37025395035743713
0.37025386095046997
0.3702540099620819
0.37025392055511475
0.37025392055511475
0.37025392055511475
0.37025392055511475
0.37025392055511475
0.37025386095046997
0.3702538311481476
0.37025395035743713
0.37025395035743713
0.37025386095046997
0.37025386095046997
0.37025392055511475
0.37025386095046997
0.3702538311481476
0.37025386095046997
0.37025386095046997
0.37025386095046997
0.3702538311481476
0.37025392055511475
0.3702538013458252
0.37025386095046997
0.37025395035743713
0.3702538013458252
0.3702538311481476
0.3702538013458252
0.37025386095046997
0.3702538311481476
0.3702537715435028
0.37025386095046997
0.3702538013458252
0.3702538013458252
0.3702538013458252
0.3702538013458252
0.37025392055511475
0.3702538013458252
0.3702538013458252
0.3702538013458252
0.37025386095046997
0.3702538013458252
0.3702537417411804
0.3702537715435028
0.3702537715435028
0.3702538013458252
0.3702538013458252
0.3702537715435028
0.3702537417411804
0.3702537417411804
0.3702537417411804
0.3702537715435028
0.3702537417411804
0.3702538311481476
0.3702537417411804
0.37025371193885803
0.37025368213653564
0.37025371193885803
0.37025371193885803
0.3702537715435028
0.37025368213653564
0.3702537417411804
0.3702537417411804
0.37025368213653564
0.37025371193885803
0.37025371193885803
0.37025371193885803
0.37025371193885803
0.37025371193885803
0.37025368213653564
0.37025368213653564
0.37025362253189087
0.37025362253189087
0.3702537417411804
0.3702535927295685
0.37025362253189087
0.37025368213653564
0.37025371193885803
0.37025368213653564
0.37025368213653564
0.37025371193885803
0.37025362253189087
0.37025362253189087
0.37025362253189087
0.37025368213653564
0.37025362253189087
0.37025362253189087
0.3702535927295685
0.37025362253189087
0.3702535927295685
0.37025362253189087
0.3702535927295685
0.37025362253189087
0.37025362253189087
0.3702535629272461
0.37025362253189087
0.3702535629272461
0.37025362253189087
0.37025362253189087
0.3702535629272461
0.3702535629272461
0.3702535331249237
0.3702535331249237
0.3702535629272461
0.3702535927295685
0.3702535927295685
0.3702535927295685
0.3702535629272461
0.3702535331249237
0.3702535629272461
0.3702535033226013
0.3702535629272461
0.3702535331249237
0.3702535629272461
0.3702535331249237
0.3702535033226013
0.37025347352027893
0.3702535331249237
0.3702535331249237
0.3702535331249237
0.3702535331249237
0.3702535033226013
0.3702535629272461
0.37025347352027893
0.3702535331249237
0.37025344371795654
0.37025347352027893
0.3702535033226013
0.3702535331249237
0.3702535033226013
0.3702535331249237
0.3702535033226013
0.37025338411331177
0.37025347352027893
0.37025338411331177
0.3702535629272461
0.37025344371795654
0.3702535033226013
0.37025347352027893
0.3702535033226013
0.37025338411331177
0.37025344371795654
0.37025338411331177
0.37025347352027893
0.37025344371795654
0.37025338411331177
0.37025344371795654
0.370253324508667
0.37025344371795654
0.3702533543109894
0.37025338411331177
0.37025344371795654
0.3702535033226013
0.37025338411331177
0.37025344371795654
0.3702533543109894
0.3702533543109894
0.3702533543109894
0.370253324508667
0.3702533543109894
0.3702533543109894
0.37025338411331177
0.3702533543109894
0.3702533543109894
0.37025338411331177
0.37025344371795654
0.3702533543109894
0.370253324508667
0.3702533543109894
0.3702533543109894
0.3702533543109894
0.3702532947063446
0.3702533543109894
0.370253324508667
0.3702533543109894
0.370253324508667
0.3702532649040222
0.3702532947063446
0.370253324508667
0.3702532649040222
0.37025323510169983
0.3702532947063446
0.3702532947063446
0.3702532947063446
0.37025323510169983
0.37025323510169983
0.3702532649040222
0.37025317549705505
0.37025323510169983
0.3702532947063446
0.3702532947063446
0.37025317549705505
0.37025323510169983
0.37025317549705505
0.37025317549705505
0.37025317549705505
0.37025317549705505
0.3702532649040222
0.37025323510169983
0.37025323510169983
0.37025317549705505
0.37025317549705505
0.37025314569473267
0.37025314569473267
0.3702532649040222
0.37025314569473267
0.37025317549705505
0.37025317549705505
0.37025314569473267
0.37025317549705505
0.37025317549705505
0.37025314569473267
0.3702531158924103
0.3702531158924103
0.3702530860900879
0.3702530860900879
0.3702530860900879
0.3702531158924103
0.3702530860900879
0.3702531158924103
0.3702530860900879
0.3702531158924103
0.3702531158924103
0.37025314569473267
0.3702530562877655
0.3702530562877655
0.3702530562877655
0.3702530264854431
0.3702530562877655
0.3702530562877655
0.3702530562877655
0.3702530562877655
0.3702530562877655
0.3702530562877655
0.3702530562877655
0.3702530264854431
0.3702529966831207
0.3702530562877655
0.3702529966831207
0.3702530264854431
0.3702530264854431
0.37025293707847595
0.37025293707847595
0.3702529966831207
0.3702529966831207
0.3702529966831207
0.37025293707847595
0.3702529966831207
0.37025293707847595
0.37025290727615356
0.37025290727615356
0.37025293707847595
0.3702529966831207
0.37025293707847595
0.37025290727615356
0.3702529966831207
0.37025290727615356
0.3702529966831207
0.37025290727615356
0.3702529966831207
0.37025290727615356
0.3702529966831207
0.3702528774738312
0.3702528774738312
0.3702528774738312
0.3702528774738312
0.3702528774738312
0.3702528774738312
0.3702528476715088
0.3702528774738312
0.3702528774738312
0.3702528476715088
0.3702528774738312
0.3702528476715088
0.3702528178691864
0.3702528476715088
0.3702528178691864
0.3702528476715088
0.3702528178691864
0.3702528476715088
0.3702528178691864
0.3702528178691864
0.3702528178691864
0.3702528178691864
0.370252788066864
0.3702528178691864
0.370252788066864
0.3702528178691864
0.370252788066864
0.3702528178691864
0.3702528178691864
0.370252788066864
0.3702527582645416
0.370252788066864
0.370252788066864
0.3702527582645416
0.3702527582645416
0.370252788066864
0.3702527582645416
0.37025269865989685
0.37025269865989685
0.37025269865989685
0.3702528178691864
0.37025269865989685
0.37025269865989685
0.3702527582645416
0.37025266885757446
0.37025266885757446
0.37025266885757446
0.37025269865989685
0.37025269865989685
0.37025266885757446
0.37025266885757446
0.3702526390552521
0.37025269865989685
0.37025266885757446
0.37025266885757446
0.3702526390552521
0.37025266885757446
0.3702526092529297
0.37025266885757446
0.37025266885757446
0.3702525794506073
0.3702526390552521
0.3702526092529297
0.3702526390552521
0.37025266885757446
0.3702525794506073
0.3702526092529297
0.3702526092529297
0.3702525794506073
0.3702526390552521
0.3702526092529297
0.3702526092529297
0.3702525794506073
0.3702525794506073
0.3702525794506073
0.3702526092529297
0.3702526092529297
0.3702525794506073
0.3702526092529297
0.3702525496482849
0.3702525496482849
0.3702525794506073
0.3702526092529297
0.3702525198459625
0.37025246024131775
0.37025246024131775
0.3702525496482849
0.37025243043899536
0.3702525496482849
0.3702525496482849
0.3702525496482849
0.3702525496482849
0.37025246024131775
0.3702525496482849
0.37025246024131775
0.37025246024131775
0.37025246024131775
0.37025243043899536
0.3702525198459625
0.37025243043899536
0.370252400636673
0.37025246024131775
0.37025246024131775
0.37025243043899536
0.37025246024131775
0.3702525198459625
0.37025243043899536
0.37025246024131775
0.370252400636673
0.370252400636673
0.3702523708343506
0.370252400636673
0.37025243043899536
0.37025243043899536
0.3702523410320282
0.37025246024131775
0.3702523708343506
0.370252400636673
0.3702523708343506
0.3702523708343506
0.37025243043899536
0.3702523708343506
0.3702523708343506
0.3702523708343506
0.3702523708343506
0.3702523708343506
0.3702523708343506
0.3702523708343506
0.37025243043899536
0.3702523112297058
0.37025225162506104
0.3702523112297058
0.37025225162506104
0.3702523410320282
0.37025225162506104
0.3702523112297058
0.3702523112297058
0.37025225162506104
0.3702523112297058
0.37025219202041626
0.3702523112297058
0.37025225162506104
0.37025225162506104
0.37025222182273865
0.37025225162506104
0.3702523112297058
0.37025225162506104
0.37025225162506104
0.37025225162506104
0.37025222182273865
0.37025225162506104
0.37025216221809387
0.37025216221809387
0.37025222182273865
0.37025222182273865
0.37025219202041626
0.37025216221809387
0.37025219202041626
0.37025216221809387
0.37025225162506104
0.37025219202041626
0.37025216221809387
0.37025219202041626
0.37025216221809387
0.37025216221809387
0.37025216221809387
0.3702520728111267
0.37025219202041626
0.3702521026134491
0.37025216221809387
0.3702521324157715
0.3702520728111267
0.3702521026134491
0.3702521324157715
0.3702521324157715
0.3702521026134491
0.3702521324157715
0.3702521324157715
0.3702521324157715
0.3702521324157715
0.3702521026134491
0.3702521324157715
0.3702521026134491
0.37025201320648193
0.3702520728111267
0.37025201320648193
0.3702521026134491
0.3702520728111267
0.3702520728111267
0.3702521026134491
0.3702520728111267
0.3702521026134491
0.3702520728111267
0.37025201320648193
0.3702520728111267
0.37025198340415955
0.37025201320648193
0.37025195360183716
0.37025198340415955
0.37025201320648193
0.37025201320648193
0.37025195360183716
0.37025201320648193
0.37025198340415955
0.37025201320648193
0.37025201320648193
0.37025195360183716
0.37025198340415955
0.37025195360183716
0.37025198340415955
0.37025192379951477
0.37025192379951477
0.37025195360183716
0.37025201320648193
0.37025198340415955
0.37025198340415955
0.37025198340415955
0.37025195360183716
0.37025195360183716
0.37025192379951477
0.37025195360183716
0.37025192379951477
0.37025186419487
0.37025192379951477
0.37025192379951477
0.37025186419487
0.3702518939971924
0.3702518939971924
0.3702518939971924
0.3702518343925476
0.3702518939971924
0.37025186419487
0.37025186419487
0.37025195360183716
0.3702518939971924
0.3702518343925476
0.3702518343925476
0.3702518939971924
0.37025186419487
0.3702518343925476
0.3702518343925476
0.37025186419487
0.3702518343925476
0.37025177478790283
0.3702518343925476
0.37025177478790283
0.3702518939971924
0.37025177478790283
0.37025174498558044
0.37025177478790283
0.37025171518325806
0.37025174498558044
0.37025174498558044
0.3702518343925476
0.37025171518325806
0.37025171518325806
0.37025174498558044
0.37025177478790283
0.37025177478790283
0.37025171518325806
0.37025171518325806
0.37025174498558044
0.37025171518325806
0.37025171518325806
0.37025171518325806
0.37025171518325806
0.37025171518325806
0.37025171518325806
0.37025174498558044
0.37025174498558044
0.37025168538093567
0.37025171518325806
0.3702515959739685
0.37025171518325806
0.37025174498558044
0.3702516555786133
0.37025168538093567
0.37025168538093567
0.3702515959739685
0.3702516555786133
0.3702516257762909
0.3702516555786133
0.3702516555786133
0.3702516257762909
0.3702516257762909
0.3702516257762909
0.3702516555786133
0.3702516257762909
0.3702516555786133
0.3702516257762909
0.3702516257762909
0.3702516555786133
0.3702515959739685
0.3702516555786133
0.3702515959739685
0.3702515959739685
0.3702515959739685
0.37025153636932373
0.37025153636932373
0.3702515959739685
0.3702515959739685
0.37025153636932373
0.37025153636932373
0.3702515959739685
0.3702515959739685
0.3702515959739685
0.3702515959739685
0.37025150656700134
0.3702515959739685
0.37025153636932373
0.37025153636932373
0.37025147676467896
0.37025147676467896
0.37025150656700134
0.37025147676467896
0.37025150656700134
0.37025144696235657
0.37025147676467896
0.37025144696235657
0.37025150656700134
0.37025147676467896
0.37025147676467896
0.37025147676467896
0.37025144696235657
0.37025150656700134
0.3702514171600342
0.37025147676467896
0.37025144696235657
0.3702514171600342
0.37025144696235657
0.37025144696235657
0.3702514171600342
0.37025147676467896
0.37025144696235657
0.37025147676467896
0.3702514171600342
0.37025144696235657
0.370251327753067
0.3702514171600342
0.3702514171600342
0.3702514171600342
0.3702513873577118
0.37025147676467896
0.37025129795074463
0.370251327753067
0.370251327753067
0.370251327753067
0.370251327753067
0.370251327753067
0.3702514171600342
0.370251327753067
0.37025129795074463
0.370251327753067
0.370251327753067
0.370251327753067
0.37025129795074463
0.37025129795074463
0.37025129795074463
0.37025123834609985
0.37025129795074463
0.3702513873577118
0.37025129795074463
0.37025129795074463
0.37025126814842224
0.37025129795074463
0.37025129795074463
0.37025126814842224
0.37025123834609985
0.37025120854377747
0.37025123834609985
0.37025123834609985
0.37025123834609985
0.37025126814842224
0.37025129795074463
0.37025129795074463
0.37025123834609985
0.37025120854377747
0.37025120854377747
0.37025123834609985
0.37025123834609985
0.37025120854377747
0.37025123834609985
0.3702511787414551
0.3702511787414551
0.3702511787414551
0.3702511787414551
0.37025120854377747
0.3702511787414551
0.3702511787414551
0.37025120854377747
0.3702511787414551
0.3702511787414551
0.37025120854377747
0.3702511489391327
0.3702511489391327
0.3702511489391327
0.3702510893344879
0.3702511489391327
0.3702510595321655
0.3702510595321655
0.3702510893344879
0.3702511787414551
0.3702511489391327
0.3702511489391327
0.3702510893344879
0.3702510893344879
0.3702510595321655
0.37025102972984314
0.3702510595321655
0.3702510893344879
0.3702510595321655
0.3702510893344879
0.3702510595321655
0.3702510893344879
0.37025102972984314
0.37025097012519836
0.37025102972984314
0.3702510595321655
0.37025102972984314
0.3702510595321655
0.37025102972984314
0.37025099992752075
0.37025099992752075
0.3702510893344879
0.37025097012519836
0.3702510595321655
0.37025102972984314
0.37025102972984314
0.3702510595321655
0.37025099992752075
0.37025097012519836
0.37025099992752075
0.37025099992752075
0.37025097012519836
0.37025097012519836
0.37025097012519836
0.37025099992752075
0.370250940322876
0.37025099992752075
0.370250940322876
0.3702509105205536
0.370250940322876
0.370250940322876
0.37025097012519836
0.37025097012519836
0.3702508509159088
0.3702509105205536
0.3702509105205536
0.3702509105205536
0.370250940322876
0.370250940322876
0.370250940322876
0.3702509105205536
0.3702509105205536
0.3702508509159088
0.3702509105205536
0.3702508509159088
0.3702508211135864
0.3702508509159088
0.3702509105205536
0.3702508211135864
0.370250940322876
0.3702508211135864
0.3702508509159088
0.3702508509159088
0.3702508211135864
0.37025079131126404
0.3702508211135864
0.37025079131126404
0.3702508211135864
0.3702508211135864
0.3702508211135864
0.37025079131126404
0.37025079131126404
0.3702508211135864
0.37025076150894165
0.37025079131126404
0.37025076150894165
0.37025076150894165
0.37025076150894165
0.37025076150894165
0.37025079131126404
0.37025076150894165
0.3702508211135864
0.37025079131126404
0.37025079131126404
0.37025076150894165
0.37025076150894165
0.37025079131126404
0.37025073170661926
0.37025076150894165
0.37025076150894165
0.3702507019042969
0.3702506422996521
0.37025079131126404
0.37025076150894165
0.37025073170661926
0.37025076150894165
0.3702507019042969
0.37025076150894165
0.3702506422996521
0.3702506124973297
0.3702506422996521
0.3702505826950073
0.3702507019042969
0.3702507019042969
0.3702506422996521
0.3702506422996521
0.3702506422996521
0.3702507019042969
0.3702506124973297
0.3702507019042969
0.3702505826950073
0.3702506422996521
0.3702506422996521
0.3702506422996521
0.3702506124973297
0.3702506124973297
0.37025055289268494
0.3702505826950073
0.3702506124973297
0.3702506124973297
0.37025052309036255
0.37025055289268494
0.37025055289268494
0.3702505826950073
0.37025055289268494
0.37025055289268494
0.37025052309036255
0.3702505826950073
0.37025052309036255
0.3702505826950073
0.37025052309036255
0.37025052309036255
0.37025049328804016
0.37025052309036255
0.37025052309036255
0.37025052309036255
0.37025052309036255
0.37025052309036255
0.37025052309036255
0.37025049328804016
0.37025049328804016
0.37025049328804016
0.3702504634857178
0.37025049328804016
0.3702504634857178
0.3702504634857178
0.37025049328804016
0.37025049328804016
0.3702504634857178
0.37025049328804016
0.3702504634857178
0.3702504634857178
0.3702504634857178
0.37025049328804016
0.3702504634857178
0.3702503740787506
0.370250403881073
0.3702504634857178
0.3702503740787506
0.3702503740787506
0.370250403881073
0.370250403881073
0.37025049328804016
0.370250403881073
0.370250403881073
0.3702503442764282
0.3702503740787506
0.3702503740787506
0.3702503740787506
0.370250403881073
0.3702504634857178
0.3702503442764282
0.37025031447410583
0.3702503740787506
0.3702503442764282
0.3702503442764282
0.3702503442764282
0.37025031447410583
0.37025031447410583
0.37025031447410583
0.3702503442764282
0.3702503442764282
0.37025031447410583
0.3702503740787506
0.37025031447410583
0.37025022506713867
0.37025028467178345
0.3702503442764282
0.37025028467178345
0.37025028467178345
0.37025025486946106
0.37025022506713867
0.37025028467178345
0.37025025486946106
0.37025025486946106
0.37025025486946106
0.37025031447410583
0.37025022506713867
0.37025022506713867
0.37025028467178345
0.37025025486946106
0.37025028467178345
0.3702501654624939
0.37025022506713867
0.37025031447410583
0.37025022506713867
0.3702501654624939
0.3702501356601715
0.37025022506713867
0.3702501356601715
0.37025022506713867
0.3702501654624939
0.3702501654624939
0.37025022506713867
0.37025025486946106
0.3702501356601715
0.37025007605552673
0.3702501356601715
0.3702501654624939
0.3702501654624939
0.3702501356601715
0.3702501058578491
0.3702501356601715
0.3702501356601715
0.3702501356601715
0.37025007605552673
0.3702501058578491
0.3702501356601715
0.37025007605552673
0.3702501356601715
0.3702501356601715
0.37025007605552673
0.37025007605552673
0.37025007605552673
0.37025004625320435
0.3702501058578491
0.37025007605552673
0.37025007605552673
0.37025004625320435
0.37025007605552673
0.37025004625320435
0.37025001645088196
0.37025004625320435
0.37024998664855957
0.37025001645088196
0.37025001645088196
0.37025001645088196
0.37025007605552673
0.37025001645088196
0.3702499270439148
0.37024998664855957
0.37025004625320435
0.37025001645088196
0.37024998664855957
0.37025007605552673
0.37025001645088196
0.37024998664855957
0.37024998664855957
0.37024998664855957
0.3702498972415924
0.3702499270439148
0.37024998664855957
0.37024998664855957
0.3702499270439148
0.3702499270439148
0.3702499270439148
0.37025001645088196
0.3702498972415924
0.3702498972415924
0.3702499270439148
0.3702499270439148
0.3702498972415924
0.3702499270439148
0.3702498972415924
0.3702498972415924
0.37024986743927
0.37024986743927
0.37024986743927
0.37025001645088196
0.3702498972415924
0.3702498972415924
0.37024986743927
0.37024986743927
0.3702499270439148
0.37024983763694763
0.37024983763694763
0.37024980783462524
0.37024980783462524
0.37024986743927
0.37024983763694763
0.37024980783462524
0.37024980783462524
0.37024983763694763
0.3702498972415924
0.37024986743927
0.37024983763694763
0.37024980783462524
0.37024983763694763
0.37024980783462524
0.37024977803230286
0.3702497184276581
0.37024980783462524
0.3702497184276581
0.37024977803230286
0.37024980783462524
0.37024980783462524
0.37024980783462524
0.3702496886253357
0.37024977803230286
0.37024977803230286
0.3702497184276581
0.3702497184276581
0.3702497184276581
0.3702497184276581
0.37024977803230286
0.37024977803230286
0.3702496588230133
0.3702496588230133
0.3702496886253357
0.3702496588230133
0.3702496886253357
0.3702497184276581
0.3702496886253357
0.3702496588230133
0.3702497184276581
0.37024977803230286
0.3702496886253357
0.3702496588230133
0.3702496588230133
0.3702496588230133
0.37024959921836853
0.3702496290206909
0.3702496290206909
0.3702496588230133
0.3702496290206909
0.37024956941604614
0.3702496290206909
0.3702496588230133
0.37024956941604614
0.3702496290206909
0.3702496290206909
0.37024959921836853
0.3702496290206909
0.37024956941604614
0.3702496290206909
0.3702496588230133
0.37024956941604614
0.37024959921836853
0.37024956941604614
0.37024959921836853
0.37024956941604614
0.37024959921836853
0.37024956941604614
0.37024956941604614
0.37024956941604614
0.3702496588230133
0.37024953961372375
0.37024953961372375
0.37024959921836853
0.370249480009079
0.3702494502067566
0.37024953961372375
0.37024959921836853
0.370249480009079
0.370249480009079
0.3702494502067566
0.370249480009079
0.37024953961372375
0.3702494204044342
0.3702494502067566
0.3702494204044342
0.3702494204044342
0.37024953961372375
0.370249480009079
0.3702494502067566
0.3702494502067566
0.3702494502067566
0.370249480009079
0.3702494204044342
0.3702494204044342
0.3702494502067566
0.3702494204044342
0.3702494502067566
0.3702493906021118
0.3702494204044342
0.3702494204044342
0.3702493906021118
0.3702494204044342
0.3702493906021118
0.3702494204044342
0.3702493906021118
0.3702493906021118
0.3702494204044342
0.37024936079978943
0.3702493906021118
0.37024933099746704
0.3702493906021118
0.3702494204044342
0.3702493906021118
0.3702494204044342
0.37024936079978943
0.37024936079978943
0.37024933099746704
0.3702493906021118
0.37024933099746704
0.37024933099746704
0.37024933099746704
0.3702492415904999
0.37024930119514465
0.3702492415904999
0.37024930119514465
0.37024930119514465
0.37024930119514465
0.3702492415904999
0.37024930119514465
0.3702492415904999
0.3702492415904999
0.37024930119514465
0.3702492415904999
0.37024930119514465
0.3702492117881775
0.3702492415904999
0.3702492415904999
0.3702492415904999
0.37024930119514465
0.3702492117881775
0.3702491819858551
0.3702492117881775
0.3702491819858551
0.3702491819858551
0.3702491819858551
0.3702492117881775
0.3702491521835327
0.3702492117881775
0.3702492117881775
0.3702492117881775
0.3702492415904999
0.3702491819858551
0.3702492117881775
0.3702491819858551
0.3702491521835327
0.3702491521835327
0.3702491819858551
0.3702491521835327
0.3702491521835327
0.3702491521835327
0.3702491819858551
0.3702491819858551
0.3702492117881775
0.37024909257888794
0.3702491521835327
0.3702491819858551
0.3702491521835327
0.3702491223812103
0.37024909257888794
0.3702491223812103
0.3702491223812103
0.3702491223812103
0.3702491223812103
0.3702491223812103
0.37024909257888794
0.37024909257888794
0.37024909257888794
0.37024909257888794
0.37024906277656555
0.37024909257888794
0.37024906277656555
0.37024909257888794
0.3702490031719208
0.3702490031719208
0.37024906277656555
0.37024906277656555
0.3702490031719208
0.37024909257888794
0.37024909257888794
0.3702490031719208
0.3702490031719208
0.3702490031719208
0.370248943567276
0.37024906277656555
0.37024906277656555
0.3702489733695984
0.3702490031719208
0.3702489733695984
0.3702490031719208
0.3702489733695984
0.3702489733695984
0.3702490031719208
0.3702489733695984
0.3702489733695984
0.3702489733695984
0.370248943567276
0.3702490031719208
0.370248943567276
0.370248943567276
0.370248943567276
0.3702489137649536
0.3702489733695984
0.3702489733695984
0.37024885416030884
0.3702489137649536
0.37024885416030884
0.3702489137649536
0.3702488839626312
0.37024885416030884
0.3702489137649536
0.3702489137649536
0.3702488839626312
0.370248943567276
0.3702489733695984
0.3702489137649536
0.3702489137649536
0.37024879455566406
0.3702488839626312
0.37024885416030884
0.37024879455566406
0.37024885416030884
0.37024885416030884
0.370248943567276
0.37024879455566406
0.37024885416030884
0.3702488839626312
0.37024885416030884
0.37024885416030884
0.3702488839626312
0.37024879455566406
0.3702487647533417
0.3702487647533417
0.3702487647533417
0.37024879455566406
0.3702487349510193
0.37024879455566406
0.37024879455566406
0.3702487349510193
0.37024879455566406
0.3702487647533417
0.3702487647533417
0.3702487647533417
0.3702487349510193
0.3702487349510193
0.3702487647533417
0.37024879455566406
0.37024879455566406
0.3702487051486969
0.3702487349510193
0.3702487051486969
0.37024879455566406
0.3702487051486969
0.3702487349510193
0.3702487349510193
0.3702487051486969
0.3702487051486969
0.3702487349510193
0.3702486753463745
0.3702486455440521
0.3702486753463745
0.3702486753463745
0.3702486455440521
0.3702487051486969
0.3702486455440521
0.37024861574172974
0.3702486455440521
0.3702486455440521
0.3702487349510193
0.3702486455440521
0.3702486753463745
0.3702486455440521
0.37024861574172974
0.3702486455440521
0.3702486455440521
0.37024861574172974
0.3702486455440521
0.3702486455440521
0.37024855613708496
0.37024861574172974
0.3702486753463745
0.37024855613708496
0.37024861574172974
0.37024861574172974
0.37024855613708496
0.37024861574172974
0.3702485263347626
0.3702485263347626
0.3702484965324402
0.3702485263347626
0.3702485263347626
0.37024855613708496
0.3702485263347626
0.3702484965324402
0.37024855613708496
0.3702485263347626
0.37024855613708496
0.3702484965324402
0.3702485263347626
0.3702484667301178
0.3702485263347626
0.37024855613708496
0.3702484965324402
0.3702484965324402
0.3702484667301178
0.3702484965324402
0.3702484965324402
0.3702484369277954
0.3702484667301178
0.3702484965324402
0.3702484369277954
0.3702484667301178
0.3702484369277954
0.3702484369277954
0.3702484667301178
0.3702484667301178
0.3702484667301178
0.3702484369277954
0.370248407125473
0.3702485263347626
0.37024837732315063
0.370248407125473
0.370248407125473
0.3702484369277954
0.370248407125473
0.3702484369277954
0.3702484369277954
0.370248407125473
0.370248407125473
0.370248407125473
0.37024837732315063
0.370248407125473
0.370248407125473
0.37024837732315063
0.3702484667301178
0.370248407125473
0.37024837732315063
0.3702484369277954
0.37024828791618347
0.37024837732315063
0.37024837732315063
0.3702482581138611
0.37024831771850586
0.37024831771850586
0.37024828791618347
0.37024837732315063
0.37024828791618347
0.3702482581138611
0.3702482581138611
0.37024828791618347
0.3702482581138611
0.3702482581138611
0.3702482581138611
0.3702482283115387
0.3702482581138611
0.37024831771850586
0.3702482581138611
0.3702482283115387
0.37024828791618347
0.37024828791618347
0.3702482581138611
0.37024828791618347
0.3702482581138611
0.3702482581138611
0.3702481985092163
0.3702481985092163
0.3702481985092163
0.3702482283115387
0.3702481687068939
0.3702482283115387
0.3702481985092163
0.3702481985092163
0.3702481985092163
0.37024810910224915
0.3702481687068939
0.3702481687068939
0.3702482581138611
0.3702481687068939
0.3702481985092163
0.37024810910224915
0.3702481687068939
0.3702481985092163
0.3702481687068939
0.3702481985092163
0.37024807929992676
0.37024807929992676
0.3702481687068939
0.3702481687068939
0.3702481687068939
0.37024807929992676
0.3702481687068939
0.37024807929992676
0.37024810910224915
0.37024807929992676
0.37024810910224915
0.37024807929992676
0.37024810910224915
0.37024804949760437
0.37024804949760437
0.37024807929992676
0.370248019695282
0.37024804949760437
0.37024810910224915
0.37024807929992676
0.37024804949760437
0.37024804949760437
0.370248019695282
0.37024807929992676
0.37024804949760437
0.37024804949760437
0.370248019695282
0.370248019695282
0.370248019695282
0.3702479898929596
0.370248019695282
0.370248019695282
0.3702479898929596
0.3702479600906372
0.3702479600906372
0.370248019695282
0.3702479600906372
0.3702479302883148
0.3702479302883148
0.3702479600906372
0.3702479600906372
0.37024787068367004
0.3702479302883148
0.3702479302883148
0.3702479898929596
0.3702479302883148
0.3702479600906372
0.3702479600906372
0.3702479600906372
0.3702479302883148
0.3702479600906372
0.37024787068367004
0.3702479600906372
0.3702479302883148
0.3702479302883148
0.37024787068367004
0.3702479302883148
0.3702479302883148
0.37024787068367004
0.3702479600906372
0.37024787068367004
0.37024787068367004
0.37024784088134766
0.37024784088134766
0.37024784088134766
0.37024784088134766
0.37024787068367004
0.37024781107902527
0.37024781107902527
0.3702477812767029
0.3702477812767029
0.37024784088134766
0.37024784088134766
0.37024784088134766
0.37024781107902527
0.3702477812767029
0.3702477812767029
0.37024781107902527
0.3702477812767029
0.3702477514743805
0.3702477812767029
0.3702477514743805
0.3702477812767029
0.3702477514743805
0.3702477812767029
0.3702476918697357
0.3702477812767029
0.3702477216720581
0.3702477812767029
0.3702477812767029
0.3702476918697357
0.3702477216720581
0.3702477216720581
0.3702477812767029
0.3702477216720581
0.3702477216720581
0.3702476918697357
0.37024763226509094
0.3702477514743805
0.3702476918697357
0.3702476918697357
0.3702477514743805
0.3702476918697357
0.3702476918697357
0.37024763226509094
0.37024763226509094
0.3702476918697357
0.3702477216720581
0.3702476918697357
0.37024760246276855
0.3702477216720581
0.3702477216720581
0.37024763226509094
0.3702476918697357
0.37024763226509094
0.37024760246276855
0.37024763226509094
0.37024763226509094
0.37024757266044617
0.37024760246276855
0.37024760246276855
0.37024763226509094
0.37024757266044617
0.37024760246276855
0.37024760246276855
0.37024757266044617
0.37024757266044617
0.37024760246276855
0.3702475428581238
0.37024760246276855
0.3702475428581238
0.37024760246276855
0.37024757266044617
0.37024757266044617
0.3702475130558014
0.3702475428581238
0.3702475428581238
0.37024757266044617
0.37024757266044617
0.3702475130558014
0.3702475428581238
0.3702475428581238
0.3702475130558014
0.37024757266044617
0.3702474534511566
0.370247483253479
0.3702475130558014
0.3702474534511566
0.3702475130558014
0.37024739384651184
0.3702474534511566
0.370247483253479
0.370247483253479
0.37024739384651184
0.3702475130558014
0.370247483253479
0.3702475130558014
0.3702474534511566
0.3702475130558014
0.3702474534511566
0.3702475130558014
0.3702474534511566
0.3702475130558014
0.3702474534511566
0.3702474534511566
0.37024736404418945
0.37024739384651184
0.3702474534511566
0.37024739384651184
0.37024739384651184
0.37024736404418945
0.37024739384651184
0.3702474534511566
0.37024739384651184
0.37024736404418945
0.37024739384651184
0.37024739384651184
0.37024736404418945
0.37024733424186707
0.37024739384651184
0.37024736404418945
0.3702473044395447
0.37024733424186707
0.3702473044395447
0.37024733424186707
0.37024733424186707
0.37024736404418945
0.37024736404418945
0.3702473044395447
0.37024733424186707
0.3702472746372223
0.3702473044395447
0.37024733424186707
0.3702472746372223
0.3702472746372223
0.3702473044395447
0.3702472746372223
0.3702472746372223
0.3702473044395447
0.3702472746372223
0.3702473044395447
0.3702472448348999
0.3702471852302551
0.3702472746372223
0.3702473044395447
0.3702472746372223
0.3702472448348999
0.37024715542793274
0.3702471852302551
0.37024715542793274
0.3702472448348999
0.3702472448348999
0.3702472448348999
0.3702471852302551
0.3702472448348999
0.37024712562561035
0.3702471852302551
0.37024712562561035
0.37024715542793274
0.37024715542793274
0.37024715542793274
0.3702471852302551
0.37024715542793274
0.3702471852302551
0.37024715542793274
0.37024712562561035
0.37024709582328796
0.37024712562561035
0.37024712562561035
0.37024715542793274
0.37024715542793274
0.37024709582328796
0.3702471852302551
0.37024712562561035
0.3702470660209656
0.3702470660209656
0.37024712562561035
0.37024709582328796
0.37024712562561035
0.37024712562561035
0.37024712562561035
0.37024709582328796
0.3702470362186432
0.3702470362186432
0.3702470660209656
0.37024709582328796
0.3702470660209656
0.37024709582328796
0.3702470660209656
0.37024709582328796
0.3702470064163208
0.37024709582328796
0.3702470660209656
0.3702470660209656
0.3702470660209656
0.3702470362186432
0.3702470064163208
0.3702470362186432
0.3702470064163208
0.3702470064163208
0.3702470064163208
0.370246946811676
0.3702470064163208
0.370246946811676
0.3702470064163208
0.370246946811676
0.370246946811676
0.37024691700935364
0.3702470064163208
0.37024691700935364
0.3702470362186432
0.370246946811676
0.3702470064163208
0.37024688720703125
0.37024691700935364
0.3702470064163208
0.370246946811676
0.370246946811676
0.370246946811676
0.37024688720703125
0.37024691700935364
0.37024688720703125
0.370246946811676
0.37024691700935364
0.37024688720703125
0.37024688720703125
0.37024691700935364
0.37024685740470886
0.37024685740470886
0.37024691700935364
0.370246946811676
0.37024691700935364
0.37024685740470886
0.37024691700935364
0.37024685740470886
0.3702468276023865
0.37024685740470886
0.37024688720703125
0.37024685740470886
0.37024691700935364
0.37024691700935364
0.37024685740470886
0.37024685740470886
0.3702467978000641
0.3702468276023865
0.3702468276023865
0.37024685740470886
0.37024685740470886
0.3702467978000641
0.3702467978000641
0.3702467978000641
0.3702467978000641
0.3702467679977417
0.3702467679977417
0.3702467978000641
0.3702467679977417
0.3702467679977417
0.3702467679977417
0.3702467978000641
0.3702467083930969
0.3702467083930969
0.37024664878845215
0.3702467083930969
0.3702467083930969
0.3702467679977417
0.3702467679977417
0.3702467083930969
0.37024667859077454
0.37024667859077454
0.3702467083930969
0.3702467083930969
0.37024664878845215
0.37024667859077454
0.37024664878845215
0.3702467083930969
0.37024664878845215
0.37024661898612976
0.37024664878845215
0.37024661898612976
0.37024661898612976
0.37024664878845215
0.37024661898612976
0.37024661898612976
0.37024661898612976
0.37024667859077454
0.37024664878845215
0.37024661898612976
0.3702465891838074
0.37024661898612976
0.37024661898612976
0.37024661898612976
0.37024664878845215
0.37024664878845215
0.37024661898612976
0.3702465891838074
0.3702465891838074
0.370246559381485
0.37024661898612976
0.37024661898612976
0.370246559381485
0.370246559381485
0.3702465295791626
0.3702465295791626
0.370246559381485
0.370246559381485
0.37024661898612976
0.3702465295791626
0.370246559381485
0.3702465295791626
0.3702465295791626
0.370246559381485
0.3702465891838074
0.3702464699745178
0.37024644017219543
0.370246559381485
0.370246559381485
0.3702465891838074
0.3702464699745178
0.3702465295791626
0.3702465295791626
0.3702465295791626
0.3702465295791626
0.3702464699745178
0.3702464699745178
0.37024638056755066
0.3702464699745178
0.37024644017219543
0.37024644017219543
0.37024641036987305
0.37024644017219543
0.37024644017219543
0.37024644017219543
0.3702464699745178
0.37024641036987305
0.37024641036987305
0.37024635076522827
0.37024635076522827
0.37024644017219543
0.37024638056755066
0.37024638056755066
0.37024641036987305
0.37024641036987305
0.37024635076522827
0.37024638056755066
0.37024638056755066
0.37024638056755066
0.37024635076522827
0.37024638056755066
0.37024641036987305
0.37024635076522827
0.37024638056755066
0.37024638056755066
0.37024635076522827
0.37024635076522827
0.37024635076522827
0.3702462613582611
0.37024641036987305
0.3702463209629059
0.3702463209629059
0.3702462613582611
0.37024635076522827
0.37024635076522827
0.3702463209629059
0.3702463209629059
0.3702463209629059
0.3702462613582611
0.3702462315559387
0.3702463209629059
0.3702462613582611
0.3702462613582611
0.3702462613582611
0.3702463209629059
0.3702462613582611
0.3702462315559387
0.3702462315559387
0.37024620175361633
0.37024620175361633
0.3702462315559387
0.37024620175361633
0.3702462315559387
0.3702462315559387
0.3702462315559387
0.3702462315559387
0.3702462315559387
0.37024614214897156
0.37024620175361633
0.37024617195129395
0.37024617195129395
0.37024620175361633
0.37024617195129395
0.37024617195129395
0.37024620175361633
0.37024620175361633
0.37024620175361633
0.37024611234664917
0.37024617195129395
0.37024617195129395
0.37024611234664917
0.37024617195129395
0.37024617195129395
0.37024614214897156
0.3702460825443268
0.3702460825443268
0.37024611234664917
0.37024614214897156
0.37024611234664917
0.3702460825443268
0.37024611234664917
0.3702460825443268
0.37024614214897156
0.370246022939682
0.370246022939682
0.3702460825443268
0.3702459931373596
0.370246022939682
0.37024611234664917
0.3702460825443268
0.3702460825443268
0.370246022939682
0.3702460825443268
0.3702460825443268
0.3702460825443268
0.370246022939682
0.37024611234664917
0.3702459931373596
0.37024593353271484
0.37024596333503723
0.3702459931373596
0.37024596333503723
0.370246022939682
0.37024596333503723
0.37024593353271484
0.3702459931373596
0.370246022939682
0.37024596333503723
0.3702459931373596
0.37024596333503723
0.3702459931373596
0.37024596333503723
0.37024593353271484
0.3702459931373596
0.37024596333503723
0.37024590373039246
0.37024593353271484
0.37024593353271484
0.37024596333503723
0.37024587392807007
0.37024590373039246
0.37024590373039246
0.37024590373039246
0.3702458441257477
0.37024590373039246
0.37024590373039246
0.37024587392807007
0.37024590373039246
0.37024590373039246
0.37024590373039246
0.3702458441257477
0.3702457845211029
0.3702458441257477
0.37024587392807007
0.3702458441257477
0.37024590373039246
0.3702458441257477
0.37024593353271484
0.37024587392807007
0.37024587392807007
0.37024587392807007
0.37024587392807007
0.3702457547187805
0.3702457547187805
0.3702458441257477
0.3702457845211029
0.3702457845211029
0.3702457547187805
0.3702457547187805
0.3702457845211029
0.3702457845211029
0.3702458441257477
0.37024572491645813
0.3702457547187805
0.3702457547187805
0.3702457845211029
0.3702457547187805
0.3702457845211029
0.3702457547187805
0.37024569511413574
0.3702457845211029
0.37024572491645813
0.3702457547187805
0.37024569511413574
0.37024572491645813
0.37024572491645813
0.3702457845211029
0.37024572491645813
0.37024569511413574
0.3702457547187805
0.37024572491645813
0.37024566531181335
0.37024569511413574
0.37024566531181335
0.37024572491645813
0.37024569511413574
0.37024563550949097
0.37024569511413574
0.37024569511413574
0.37024572491645813
0.37024569511413574
0.37024566531181335
0.37024566531181335
0.37024563550949097
0.37024563550949097
0.37024566531181335
0.37024563550949097
0.37024566531181335
0.37024563550949097
0.37024563550949097
0.37024563550949097
0.37024566531181335
0.3702455759048462
0.37024563550949097
0.3702455461025238
0.3702455461025238
0.37024572491645813
0.3702455461025238
0.3702455461025238
0.3702455461025238
0.3702455461025238
0.3702455163002014
0.3702455759048462
0.3702455461025238
0.3702455461025238
0.3702455759048462
0.3702455461025238
0.37024548649787903
0.3702455163002014
0.3702455163002014
0.37024548649787903
0.3702455461025238
0.3702455163002014
0.37024548649787903
0.37024548649787903
0.3702455163002014
0.3702455163002014
0.37024548649787903
0.37024548649787903
0.3702455163002014
0.37024548649787903
0.3702455163002014
0.3702455163002014
0.3702455163002014
0.37024542689323425
0.37024548649787903
0.37024542689323425
0.37024545669555664
0.37024545669555664
0.37024548649787903
0.37024542689323425
0.37024542689323425
0.37024542689323425
0.37024545669555664
0.37024545669555664
0.37024539709091187
0.37024539709091187
0.37024542689323425
0.37024539709091187
0.3702453076839447
0.37024542689323425
0.37024542689323425
0.3702453374862671
0.37024545669555664
0.37024539709091187
0.37024539709091187
0.37024539709091187
0.3702453374862671
0.37024539709091187
0.37024539709091187
0.3702453076839447
0.3702453374862671
0.3702453076839447
0.3702453374862671
0.37024542689323425
0.3702453374862671
0.37024539709091187
0.3702453374862671
0.3702452778816223
0.3702453374862671
0.3702452778816223
0.3702453374862671
0.3702452778816223
0.3702452778816223
0.3702452778816223
0.3702452778816223
0.3702452778816223
0.3702452480792999
0.3702452480792999
0.3702452778816223
0.3702452480792999
0.3702452778816223
0.37024521827697754
0.3702452778816223
0.3702452778816223
0.3702452778816223
0.3702453076839447
0.3702453076839447
0.3702452778816223
0.37024518847465515
0.3702452480792999
0.37024521827697754
0.37024521827697754
0.3702452778816223
0.37024515867233276
0.37024521827697754
0.37024521827697754
0.3702452480792999
0.37024521827697754
0.37024515867233276
0.37024521827697754
0.37024521827697754
0.37024521827697754
0.37024515867233276
0.37024515867233276
0.370245099067688
0.37024521827697754
0.370245099067688
0.370245099067688
0.37024518847465515
0.37024515867233276
0.370245099067688
0.37024515867233276
0.370245099067688
0.370245099067688
0.3702450394630432
0.37024518847465515
0.3702450692653656
0.3702450692653656
0.37024515867233276
0.3702450692653656
0.3702450692653656
0.37024515867233276
0.3702450692653656
0.37024515867233276
0.3702450692653656
0.3702450394630432
0.3702450692653656
0.3702450394630432
0.3702450692653656
0.370245099067688
0.3702450394630432
0.3702450394630432
0.3702450692653656
0.3702450692653656
0.3702450096607208
0.3702450394630432
0.3702450394630432
0.3702450096607208
0.37024497985839844
0.3702450096607208
0.3702450096607208
0.37024495005607605
0.37024497985839844
0.3702450394630432
0.37024495005607605
0.37024497985839844
0.37024497985839844
0.3702450394630432
0.3702450096607208
0.37024497985839844
0.37024495005607605
0.37024495005607605
0.37024497985839844
0.37024497985839844
0.37024495005607605
0.37024495005607605
0.37024495005607605
0.37024492025375366
0.37024495005607605
0.37024492025375366
0.37024492025375366
0.37024495005607605
0.37024492025375366
0.37024495005607605
0.3702448308467865
0.37024492025375366
0.37024495005607605
0.3702448606491089
0.37024492025375366
0.3702448308467865
0.37024492025375366
0.3702448308467865
0.37024492025375366
0.37024495005607605
0.3702448308467865
0.37024492025375366
0.3702448606491089
0.3702448308467865
0.3702448010444641
0.3702448010444641
0.3702448606491089
0.3702448010444641
0.37024474143981934
0.3702448606491089
0.3702448308467865
0.3702447712421417
0.3702448010444641
0.3702447712421417
0.3702448010444641
0.3702448308467865
0.3702448010444641
0.3702448010444641
0.3702447712421417
0.3702448308467865
0.37024474143981934
0.3702447712421417
0.3702448308467865
0.3702447712421417
0.37024474143981934
0.3702447712421417
0.3702447712421417
0.3702447712421417
0.37024474143981934
0.3702446520328522
0.37024471163749695
0.37024471163749695
0.37024474143981934
0.37024474143981934
0.37024474143981934
0.37024474143981934
0.37024471163749695
0.3702446520328522
0.37024471163749695
0.3702446520328522
0.37024471163749695
0.37024471163749695
0.37024474143981934
0.3702446520328522
0.37024474143981934
0.3702446520328522
0.3702446520328522
0.3702446520328522
0.3702446222305298
0.37024471163749695
0.3702446222305298
0.3702446520328522
0.3702446222305298
0.3702446222305298
0.3702445924282074
0.3702445924282074
0.3702446520328522
0.3702446520328522
0.3702446222305298
0.3702446222305298
0.3702446222305298
0.3702445924282074
0.370244562625885
0.3702445924282074
0.3702445924282074
0.370244562625885
0.3702445924282074
0.370244562625885
0.3702445924282074
0.370244562625885
0.3702445328235626
0.370244562625885
0.370244562625885
0.3702445328235626
0.3702445328235626
0.370244562625885
0.3702445328235626
0.3702445328235626
0.3702445924282074
0.37024447321891785
0.370244562625885
0.370244562625885
0.3702445328235626
0.3702445328235626
0.37024447321891785
0.37024450302124023
0.37024450302124023
0.37024447321891785
0.37024447321891785
0.3702445328235626
0.37024447321891785
0.37024447321891785
0.37024450302124023
0.37024441361427307
0.37024441361427307
0.37024441361427307
0.37024447321891785
0.37024441361427307
0.37024441361427307
0.37024447321891785
0.37024441361427307
0.3702443838119507
0.37024441361427307
0.37024447321891785
0.3702443540096283
0.3702443838119507
0.3702443540096283
0.37024441361427307
0.3702443838119507
0.3702443540096283
0.37024441361427307
0.3702443838119507
0.3702443838119507
0.3702443838119507
0.3702443540096283
0.37024441361427307
0.3702443540096283
0.3702443540096283
0.3702443838119507
0.3702442944049835
0.3702443540096283
0.3702443540096283
0.3702443540096283
0.3702443242073059
0.3702443838119507
0.3702443838119507
0.3702443838119507
0.3702443242073059
0.3702442944049835
0.3702443242073059
0.3702443242073059
0.3702442944049835
0.3702442944049835
0.3702443540096283
0.3702443242073059
0.3702442944049835
0.37024426460266113
0.3702442944049835
0.37024426460266113
0.3702443242073059
0.37024426460266113
0.3702443242073059
0.37024426460266113
0.37024423480033875
0.37024426460266113
0.37024426460266113
0.37024423480033875
0.3702442944049835
0.37024426460266113
0.37024423480033875
0.37024423480033875
0.37024423480033875
0.37024417519569397
0.37024417519569397
0.37024423480033875
0.37024417519569397
0.3702441453933716
0.37024417519569397
0.37024417519569397
0.37024417519569397
0.3702441453933716
0.37024426460266113
0.37024417519569397
0.3702441453933716
0.3702441453933716
0.3702441453933716
0.3702440857887268
0.3702441453933716
0.3702441155910492
0.37024417519569397
0.3702441453933716
0.3702441155910492
0.3702441155910492
0.3702441155910492
0.3702441453933716
0.3702441453933716
0.3702441453933716
0.3702441155910492
0.37024402618408203
0.3702440857887268
0.3702440857887268
0.3702440559864044
0.3702441155910492
0.37024402618408203
0.3702440857887268
0.3702440559864044
0.3702440857887268
0.3702440857887268
0.3702440559864044
0.37024402618408203
0.3702440559864044
0.3702440559864044
0.3702441155910492
0.3702440857887268
0.37024402618408203
0.37024402618408203
0.3702440857887268
0.37024402618408203
0.37024402618408203
0.37024393677711487
0.37024393677711487
0.37024402618408203
0.37024399638175964
0.37024402618408203
0.37024399638175964
0.37024399638175964
0.37024393677711487
0.37024393677711487
0.3702440857887268
0.37024399638175964
0.37024402618408203
0.37024399638175964
0.37024393677711487
0.37024393677711487
0.37024393677711487
0.37024399638175964
0.3702438771724701
0.3702439069747925
0.37024393677711487
0.3702439069747925
0.3702439069747925
0.37024393677711487
0.3702439069747925
0.37024402618408203
0.3702438473701477
0.3702439069747925
0.3702438771724701
0.3702438771724701
0.3702438473701477
0.3702438473701477
0.3702439069747925
0.3702438771724701
0.3702438771724701
0.3702438771724701
0.3702438473701477
0.3702438771724701
0.3702439069747925
0.3702438771724701
0.3702438771724701
0.3702438771724701
0.3702438473701477
0.3702438473701477
0.3702438175678253
0.3702438175678253
0.3702438175678253
0.3702438175678253
0.37024378776550293
0.3702438771724701
0.3702438175678253
0.3702438771724701
0.3702438175678253
0.37024372816085815
0.3702438175678253
0.37024378776550293
0.37024372816085815
0.37024369835853577
0.37024372816085815
0.37024372816085815
0.37024378776550293
0.37024372816085815
0.3702438175678253
0.37024378776550293
0.37024378776550293
0.37024369835853577
0.37024369835853577
0.37024372816085815
0.37024372816085815
0.370243638753891
0.3702436685562134
0.37024369835853577
0.37024369835853577
0.3702436685562134
0.37024372816085815
0.37024369835853577
0.3702436685562134
0.370243638753891
0.3702436685562134
0.370243638753891
0.3702436685562134
0.3702436089515686
0.3702436685562134
0.3702436685562134
0.3702436685562134
0.370243638753891
0.370243638753891
0.3702436089515686
0.3702436089515686
0.3702436089515686
0.3702436089515686
0.3702436089515686
0.3702436089515686
0.3702436089515686
0.3702435791492462
0.370243638753891
0.3702435791492462
0.3702435791492462
0.3702436089515686
0.3702436089515686
0.370243638753891
0.370243638753891
0.37024354934692383
0.37024354934692383
0.3702435791492462
0.3702435791492462
0.3702435791492462
0.3702435791492462
0.37024345993995667
0.3702435791492462
0.37024348974227905
0.37024354934692383
0.37024354934692383
0.37024354934692383
0.37024354934692383
0.37024345993995667
0.37024348974227905
0.3702435791492462
0.37024354934692383
0.37024354934692383
0.37024348974227905
0.37024348974227905
0.3702434301376343
0.37024345993995667
0.37024348974227905
0.37024345993995667
0.37024345993995667
0.37024354934692383
0.3702434301376343
0.37024348974227905
0.3702434301376343
0.3702434003353119
0.3702434003353119
0.3702434003353119
0.3702434301376343
0.3702434301376343
0.3702433705329895
0.37024345993995667
0.3702434003353119
0.3702433705329895
0.3702434301376343
0.3702434003353119
0.3702434301376343
0.3702434003353119
0.3702433407306671
0.3702434003353119
0.3702433705329895
0.3702433705329895
0.3702433705329895
0.3702433705329895
0.3702434003353119
0.3702433705329895
0.3702433705329895
0.3702433705329895
0.3702433407306671
0.3702433705329895
0.3702433109283447
0.3702433705329895
0.3702433407306671
0.3702433407306671
0.3702433109283447
0.3702433407306671
0.3702433109283447
0.3702433109283447
0.3702433109283447
0.3702433109283447
0.3702433109283447
0.3702433109283447
0.3702433109283447
0.37024325132369995
0.37024325132369995
0.3702433109283447
0.3702433109283447
0.3702433407306671
0.37024325132369995
0.37024322152137756
0.37024325132369995
0.37024325132369995
0.3702431917190552
0.37024322152137756
0.3702433109283447
0.3702431917190552
0.37024325132369995
0.37024322152137756
0.3702431917190552
0.3702431917190552
0.3702431917190552
0.3702431917190552
0.3702431917190552
0.37024322152137756
0.3702433109283447
0.37024322152137756
0.3702431917190552
0.3702431917190552
0.3702431321144104
0.3702431619167328
0.3702431619167328
0.3702431619167328
0.3702431619167328
0.3702431917190552
0.3702431321144104
0.370243102312088
0.3702431321144104
0.3702431321144104
0.3702431619167328
0.370243102312088
0.3702431321144104
0.3702431321144104
0.3702431619167328
0.37024304270744324
0.370243102312088
0.370243102312088
0.37024304270744324
0.37024304270744324
0.3702431321144104
0.37024304270744324
0.3702431321144104
0.37024304270744324
0.37024304270744324
0.37024304270744324
0.37024301290512085
0.370243102312088
0.370243102312088
0.370243102312088
0.37024304270744324
0.37024304270744324
0.37024298310279846
0.37024304270744324
0.37024301290512085
0.37024304270744324
0.370243102312088
0.37024298310279846
0.37024304270744324
0.37024301290512085
0.37024301290512085
0.37024304270744324
0.37024298310279846
0.37024298310279846
0.37024298310279846
0.3702429533004761
0.3702429533004761
0.3702429533004761
0.3702429533004761
0.37024298310279846
0.3702429533004761
0.3702429533004761
0.3702429533004761
0.3702429234981537
0.37024298310279846
0.37024298310279846
0.3702429533004761
0.3702429533004761
0.3702429234981537
0.3702429234981537
0.3702429234981537
0.3702428936958313
0.3702428936958313
0.3702429234981537
0.3702429234981537
0.3702429533004761
0.3702429533004761
0.3702428638935089
0.3702428936958313
0.3702428638935089
0.3702428638935089
0.3702428638935089
0.37024280428886414
0.37024280428886414
0.3702428936958313
0.3702428936958313
0.37024280428886414
0.3702428638935089
0.3702428936958313
0.37024280428886414
0.3702428638935089
0.3702428638935089
0.37024280428886414
0.3702428638935089
0.37024277448654175
0.37024277448654175
0.37024280428886414
0.37024280428886414
0.37024277448654175
0.37024277448654175
0.37024280428886414
0.37024274468421936
0.37024277448654175
0.3702428638935089
0.37024277448654175
0.37024274468421936
0.37024277448654175
0.37024280428886414
0.37024277448654175
0.370242714881897
0.37024274468421936
0.370242714881897
0.37024277448654175
0.37024274468421936
0.370242714881897
0.370242714881897
0.3702426850795746
0.370242714881897
0.370242714881897
0.370242714881897
0.370242714881897
0.37024274468421936
0.3702426850795746
0.3702426552772522
0.3702426552772522
0.3702426850795746
0.3702426254749298
0.370242714881897
0.3702426254749298
0.3702426552772522
0.3702426552772522
0.3702426850795746
0.3702426552772522
0.3702426552772522
0.37024256587028503
0.3702426552772522
0.37024256587028503
0.3702426552772522
0.3702426254749298
0.3702426254749298
0.3702426552772522
0.37024253606796265
0.3702426254749298
0.3702426254749298
0.3702426254749298
0.37024256587028503
0.37024253606796265
0.3702426254749298
0.3702426254749298
0.3702426254749298
0.37024256587028503
0.37024256587028503
0.37024253606796265
0.37024250626564026
0.37024256587028503
0.37024253606796265
0.3702426254749298
0.37024256587028503
0.37024253606796265
0.37024250626564026
0.37024250626564026
0.37024247646331787
0.37024253606796265
0.37024250626564026
0.37024253606796265
0.37024250626564026
0.37024253606796265
0.37024253606796265
0.37024250626564026
0.37024247646331787
0.37024250626564026
0.37024250626564026
0.37024247646331787
0.37024250626564026
0.37024247646331787
0.37024247646331787
0.3702423870563507
0.37024247646331787
0.37024250626564026
0.3702424168586731
0.3702424168586731
0.3702424168586731
0.3702424168586731
0.3702424466609955
0.3702424466609955
0.37024247646331787
0.3702424168586731
0.3702424168586731
0.3702424168586731
0.3702424466609955
0.3702423870563507
0.3702424466609955
0.3702423870563507
0.3702423870563507
0.3702423870563507
0.3702424168586731
0.3702424168586731
0.3702424168586731
0.3702424168586731
0.3702424168586731
0.3702423870563507
0.37024232745170593
0.37024229764938354
0.37024232745170593
0.37024232745170593
0.37024229764938354
0.37024232745170593
0.37024229764938354
0.37024232745170593
0.37024229764938354
0.37024229764938354
0.37024226784706116
0.37024229764938354
0.37024226784706116
0.37024232745170593
0.37024229764938354
0.37024226784706116
0.37024229764938354
0.37024226784706116
0.37024229764938354
0.37024226784706116
0.37024229764938354
0.37024223804473877
0.37024223804473877
0.37024226784706116
0.3702422082424164
0.37024223804473877
0.37024223804473877
0.3702422082424164
0.37024223804473877
0.37024226784706116
0.3702422082424164
0.37024223804473877
0.3702422082424164
0.37024226784706116
0.3702422082424164
0.37024223804473877
0.3702421188354492
0.37024226784706116
0.370242178440094
0.3702422082424164
0.3702421188354492
0.3702422082424164
0.3702422082424164
0.3702422082424164
0.3702422082424164
0.3702421188354492
0.370242178440094
0.370242178440094
0.370242178440094
0.370242178440094
0.3702422082424164
0.37024208903312683
0.3702421188354492
0.37024202942848206
0.3702421188354492
0.37024208903312683
0.37024208903312683
0.37024208903312683
0.37024208903312683
0.37024208903312683
0.37024208903312683
0.37024208903312683
0.37024208903312683
0.3702421188354492
0.37024208903312683
0.370242178440094
0.37024205923080444
0.37024199962615967
0.37024205923080444
0.37024205923080444
0.37024202942848206
0.37024202942848206
0.37024205923080444
0.37024205923080444
0.37024205923080444
0.37024208903312683
0.37024199962615967
0.37024205923080444
0.37024202942848206
0.37024205923080444
0.37024199962615967
0.37024199962615967
0.37024199962615967
0.3702419698238373
0.37024199962615967
0.3702419400215149
0.3702419698238373
0.3702419698238373
0.37024199962615967
0.3702419698238373
0.37024199962615967
0.3702419698238373
0.3702419698238373
0.3702419698238373
0.3702419698238373
0.3702419400215149
0.37024199962615967
0.3702419400215149
0.3702419400215149
0.3702419400215149
0.3702418804168701
0.37024185061454773
0.3702419400215149
0.3702418804168701
0.3702419400215149
0.3702419400215149
0.3702418804168701
0.37024185061454773
0.3702419698238373
0.37024185061454773
0.37024185061454773
0.37024185061454773
0.3702418804168701
0.3702418804168701
0.37024185061454773
0.37024185061454773
0.37024182081222534
0.37024185061454773
0.3702418804168701
0.37024185061454773
0.37024179100990295
0.37024182081222534
0.3702418804168701
0.37024179100990295
0.37024182081222534
0.37024179100990295
0.37024185061454773
0.37024182081222534
0.37024182081222534
0.37024182081222534
0.37024179100990295
0.37024179100990295
0.37024185061454773
0.37024182081222534
0.37024179100990295
0.37024176120758057
0.37024179100990295
0.37024179100990295
0.37024179100990295
0.37024176120758057
0.37024176120758057
0.37024176120758057
0.37024176120758057
0.37024176120758057
0.37024179100990295
0.37024179100990295
0.37024179100990295
0.3702417314052582
0.3702417314052582
0.3702417016029358
0.37024182081222534
0.3702417016029358
0.3702417314052582
0.3702417314052582
0.3702417314052582
0.3702417016029358
0.37024161219596863
0.3702417016029358
0.3702417016029358
0.3702417016029358
0.370241641998291
0.3702417016029358
0.37024161219596863
0.370241641998291
0.370241641998291
0.37024161219596863
0.37024161219596863
0.37024158239364624
0.37024161219596863
0.37024158239364624
0.37024161219596863
0.37024158239364624
0.37024161219596863
0.37024161219596863
0.370241641998291
0.370241641998291
0.3702417016029358
0.37024161219596863
0.37024155259132385
0.37024158239364624
0.37024155259132385
0.37024158239364624
0.37024161219596863
0.37024158239364624
0.37024152278900146
0.37024152278900146
0.37024158239364624
0.37024152278900146
0.37024161219596863
0.37024152278900146
0.37024158239364624
0.37024155259132385
0.3702414929866791
0.37024152278900146
0.3702414929866791
0.37024152278900146
0.3702414929866791
0.3702414929866791
0.37024152278900146
0.37024152278900146
0.37024152278900146
0.3702414929866791
0.3702414929866791
0.3702414929866791
0.3702414929866791
0.3702414929866791
0.3702414035797119
0.3702414035797119
0.3702414035797119
0.3702414631843567
0.3702414929866791
0.3702414035797119
0.3702414631843567
0.3702414035797119
0.3702413737773895
0.3702414631843567
0.3702414631843567
0.3702414035797119
0.3702414631843567
0.3702413737773895
0.3702413737773895
0.3702414035797119
0.37024134397506714
0.3702413737773895
0.3702413737773895
0.3702413737773895
0.37024134397506714
0.3702413737773895
0.3702413737773895
0.37024134397506714
0.37024131417274475
0.37024134397506714
0.37024131417274475
0.37024134397506714
0.37024131417274475
0.3702413737773895
0.37024134397506714
0.3702413737773895
0.37024131417274475
0.37024131417274475
0.37024131417274475
0.3702413737773895
0.37024128437042236
0.37024128437042236
0.37024128437042236
0.37024131417274475
0.3702413737773895
0.37024128437042236
0.3702412545681
0.3702412545681
0.37024128437042236
0.3702412545681
0.3702412545681
0.37024128437042236
0.3702412545681
0.37024128437042236
0.3702412545681
0.37024131417274475
0.37024128437042236
0.3702411651611328
0.37024128437042236
0.37024128437042236
0.37024128437042236
0.3702411651611328
0.3702412545681
0.37024131417274475
0.3702411949634552
0.3702411353588104
0.3702412545681
0.3702411353588104
0.3702411651611328
0.3702411651611328
0.3702411949634552
0.3702412545681
0.3702411651611328
0.3702411949634552
0.3702411353588104
0.3702411651611328
0.3702411353588104
0.3702411353588104
0.3702411353588104
0.3702411353588104
0.37024110555648804
0.37024110555648804
0.3702411353588104
0.3702411949634552
0.37024110555648804
0.37024107575416565
0.37024110555648804
0.3702411651611328
0.37024110555648804
0.37024107575416565
0.37024110555648804
0.37024107575416565
0.37024110555648804
0.37024107575416565
0.37024104595184326
0.37024110555648804
0.37024104595184326
0.37024104595184326
0.37024107575416565
0.37024107575416565
0.37024104595184326
0.37024110555648804
0.37024104595184326
0.37024104595184326
0.3702409565448761
0.3702410161495209
0.37024104595184326
0.3702409267425537
0.37024104595184326
0.37024104595184326
0.3702410161495209
0.3702410161495209
0.3702409565448761
0.3702410161495209
0.3702409565448761
0.3702409565448761
0.3702410161495209
0.3702409267425537
0.3702410161495209
0.3702409565448761
0.3702409267425537
0.37024086713790894
0.3702409565448761
0.3702409267425537
0.3702408969402313
0.3702408969402313
0.3702409565448761
0.3702408969402313
0.3702409267425537
0.3702409267425537
0.37024086713790894
0.3702408969402313
0.3702409267425537
0.3702409267425537
0.3702409267425537
0.3702408969402313
0.37024086713790894
0.37024086713790894
0.3702408969402313
0.37024083733558655
0.3702408969402313
0.3702408969402313
0.3702408969402313
0.3702408969402313
0.37024086713790894
0.37024086713790894
0.3702408969402313
0.37024083733558655
0.37024083733558655
0.37024080753326416
0.37024080753326416
0.37024086713790894
0.37024083733558655
0.37024083733558655
0.37024083733558655
0.37024083733558655
0.3702407777309418
0.37024080753326416
0.37024083733558655
0.37024083733558655
0.37024083733558655
0.37024080753326416
0.37024083733558655
0.37024080753326416
0.37024080753326416
0.3702406883239746
0.37024080753326416
0.3702407777309418
0.3702407777309418
0.3702407777309418
0.3702407777309418
0.370240718126297
0.37024080753326416
0.3702407777309418
0.3702406883239746
0.370240718126297
0.370240718126297
0.3702407777309418
0.370240718126297
0.370240718126297
0.3702406883239746
0.370240718126297
0.370240718126297
0.3702406883239746
0.3702406883239746
0.3702406883239746
0.3702406883239746
0.3702406585216522
0.3702406883239746
0.3702406883239746
0.37024062871932983
0.37024062871932983
0.37024062871932983
0.3702406585216522
0.3702406585216522
0.3702406585216522
0.37024062871932983
0.3702406883239746
0.37024059891700745
0.37024056911468506
0.37024062871932983
0.37024059891700745
0.37024062871932983
0.37024056911468506
0.37024062871932983
0.37024056911468506
0.3702406585216522
0.3702406585216522
0.37024056911468506
0.37024056911468506
0.37024059891700745
0.37024056911468506
0.37024056911468506
0.37024059891700745
0.37024056911468506
0.37024056911468506
0.37024056911468506
0.3702405095100403
0.37024059891700745
0.3702404797077179
0.3702405095100403
0.37024056911468506
0.37024056911468506
0.37024056911468506
0.37024056911468506
0.3702404797077179
0.3702405095100403
0.3702405095100403
0.3702405095100403
0.3702404797077179
0.3702404201030731
0.3702404797077179
0.37024056911468506
0.3702404797077179
0.3702404499053955
0.3702404499053955
0.3702404499053955
0.37024056911468506
0.3702404797077179
0.3702404797077179
0.3702404797077179
0.3702404797077179
0.3702404797077179
0.3702404499053955
0.3702404797077179
0.3702404201030731
0.3702404201030731
0.3702404201030731
0.3702404499053955
0.3702404201030731
0.37024039030075073
0.3702404201030731
0.3702404201030731
0.3702404499053955
0.3702404201030731
0.37024039030075073
0.37024033069610596
0.3702404201030731
0.3702404499053955
0.3702404201030731
0.3702402710914612
0.37024036049842834
0.37024039030075073
0.3702404499053955
0.37024039030075073
0.37024039030075073
0.37024039030075073
0.37024039030075073
0.37024033069610596
0.37024033069610596
0.37024033069610596
0.3702402710914612
0.37024033069610596
0.37024033069610596
0.37024033069610596
0.37024039030075073
0.37024033069610596
0.3702402710914612
0.3702402412891388
0.37024033069610596
0.3702402710914612
0.3702402710914612
0.3702402412891388
0.37024036049842834
0.37024036049842834
0.3702402412891388
0.37024033069610596
0.3702402412891388
0.3702402412891388
0.3702402710914612
0.3702402412891388
0.3702402412891388
0.3702402412891388
0.370240181684494
0.3702402114868164
0.3702402412891388
0.3702402114868164
0.3702402114868164
0.3702402412891388
0.370240181684494
0.370240181684494
0.370240181684494
0.370240181684494
0.370240181684494
0.37024015188217163
0.3702402114868164
0.3702402114868164
0.3702402114868164
0.370240181684494
0.370240181684494
0.37024015188217163
0.370240181684494
0.370240181684494
0.37024015188217163
0.37024015188217163
0.370240181684494
0.37024015188217163
0.37024012207984924
0.370240181684494
0.37024015188217163
0.37024015188217163
0.37024015188217163
0.37024015188217163
0.37024012207984924
0.3702400326728821
0.37024012207984924
0.37024015188217163
0.37024015188217163
0.37024012207984924
0.37024015188217163
0.37024015188217163
0.37024012207984924
0.37024012207984924
0.37024012207984924
0.3702400326728821
0.37024015188217163
0.37024009227752686
0.37024012207984924
0.37024012207984924
0.3702400326728821
0.37024009227752686
0.3702400028705597
0.37024015188217163
0.37024009227752686
0.3702400028705597
0.37024009227752686
0.3702400326728821
0.3702400028705597
0.3702400326728821
0.3702400326728821
0.3702400028705597
0.3702400028705597
0.3702400028705597
0.3702400028705597
0.3702399730682373
0.3702400028705597
0.37023991346359253
0.3702399730682373
0.3702400326728821
0.3702399730682373
0.3702399730682373
0.3702400028705597
0.3702400326728821
0.3702400028705597
0.3702400326728821
0.3702399730682373
0.3702399432659149
0.3702399432659149
0.3702399730682373
0.3702399432659149
0.3702399432659149
0.3702399432659149
0.3702399730682373
0.3702399432659149
0.3702399432659149
0.37023991346359253
0.3702399432659149
0.37023985385894775
0.37023988366127014
0.3702399432659149
0.37023988366127014
0.37023988366127014
0.37023991346359253
0.37023985385894775
0.37023988366127014
0.37023988366127014
0.37023988366127014
0.37023991346359253
0.37023991346359253
0.37023988366127014
0.37023988366127014
0.37023988366127014
0.37023985385894775
0.37023991346359253
0.37023988366127014
0.37023985385894775
0.37023985385894775
0.37023988366127014
0.370239794254303
0.37023985385894775
0.37023985385894775
0.3702397644519806
0.370239794254303
0.370239794254303
0.3702397346496582
0.3702397644519806
0.3702397644519806
0.370239794254303
0.370239794254303
0.3702397644519806
0.370239794254303
0.3702397644519806
0.3702397644519806
0.370239794254303
0.3702397644519806
0.370239794254303
0.3702397644519806
0.370239794254303
0.3702397644519806
0.3702397346496582
0.3702397644519806
0.3702397346496582
0.3702397048473358
0.3702397048473358
0.3702397048473358
0.3702397644519806
0.3702397048473358
0.3702397048473358
0.3702397644519806
0.3702396750450134
0.3702396750450134
0.3702397048473358
0.3702397346496582
0.3702397048473358
0.3702396750450134
0.3702397048473358
0.3702397048473358
0.3702397346496582
0.3702397048473358
0.37023958563804626
0.37023964524269104
0.3702396750450134
0.37023964524269104
0.3702397048473358
0.37023958563804626
0.3702396750450134
0.37023958563804626
0.37023964524269104
0.3702395558357239
0.37023964524269104
0.37023958563804626
0.37023964524269104
0.37023958563804626
0.37023964524269104
0.37023958563804626
0.37023964524269104
0.37023958563804626
0.3702395260334015
0.3702396750450134
0.37023958563804626
0.37023958563804626
0.3702395558357239
0.3702395260334015
0.37023964524269104
0.37023958563804626
0.3702395558357239
0.3702395260334015
0.3702395260334015
0.3702395558357239
0.3702395558357239
0.3702395260334015
0.3702395260334015
0.3702394962310791
0.3702395260334015
0.3702394664287567
0.3702395260334015
0.3702395260334015
0.3702394962310791
0.3702395260334015
0.3702395260334015
0.3702394664287567
0.3702394664287567
0.3702395260334015
0.3702394962310791
0.3702395260334015
0.3702394664287567
0.3702394962310791
0.3702394366264343
0.3702394962310791
0.3702394664287567
0.3702394962310791
0.3702394664287567
0.3702394366264343
0.3702394664287567
0.3702395260334015
0.3702394664287567
0.3702394366264343
0.37023940682411194
0.3702394366264343
0.3702394366264343
0.3702394366264343
0.3702394664287567
0.37023934721946716
0.3702394664287567
0.37023940682411194
0.3702394366264343
0.3702394664287567
0.37023940682411194
0.3702394366264343
0.37023940682411194
0.37023934721946716
0.37023934721946716
0.37023940682411194
0.3702393174171448
0.3702393174171448
0.37023934721946716
0.37023940682411194
0.3702393174171448
0.37023934721946716
0.3702392876148224
0.37023934721946716
0.37023934721946716
0.3702393174171448
0.3702393174171448
0.3702393174171448
0.3702392876148224
0.37023940682411194
0.3702392876148224
0.3702393174171448
0.3702392876148224
0.3702392280101776
0.3702392876148224
0.3702393174171448
0.3702392578125
0.3702392876148224
0.3702393174171448
0.3702392876148224
0.3702392280101776
0.3702392280101776
0.3702392578125
0.3702392578125
0.3702392280101776
0.3702392280101776
0.3702391982078552
0.3702391982078552
0.3702392280101776
0.3702392280101776
0.3702392280101776
0.3702392280101776
0.3702392578125
0.3702392280101776
0.3702392280101776
0.3702391982078552
0.3702392280101776
0.37023916840553284
0.37023916840553284
0.3702391982078552
0.37023916840553284
0.3702392280101776
0.37023916840553284
0.3702391982078552
0.3702391982078552
0.3702391982078552
0.37023916840553284
0.37023916840553284
0.3702391982078552
0.37023910880088806
0.37023916840553284
0.37023910880088806
0.37023910880088806
0.3702390789985657
0.37023916840553284
0.37023916840553284
0.37023916840553284
0.37023910880088806
0.37023916840553284
0.37023910880088806
0.3702390789985657
0.37023910880088806
0.37023910880088806
0.3702392280101776
0.3702390491962433
0.3702390789985657
0.3702390789985657
0.3702390491962433
0.3702390491962433
0.3702390789985657
0.3702390491962433
0.3702390491962433
0.3702390491962433
0.3702390491962433
0.3702390491962433
0.3702390491962433
0.3702390193939209
0.3702390491962433
0.3702390193939209
0.3702390491962433
0.3702389895915985
0.3702390789985657
0.3702390193939209
0.3702390193939209
0.3702389895915985
0.3702389895915985
0.3702389895915985
0.3702389895915985
0.3702390193939209
0.3702389597892761
0.3702389895915985
0.3702390193939209
0.3702389597892761
0.3702389895915985
0.3702389895915985
0.3702389597892761
0.37023892998695374
0.3702390491962433
0.3702389895915985
0.3702389597892761
0.3702389597892761
0.37023892998695374
0.3702389895915985
0.37023892998695374
0.37023892998695374
0.37023892998695374
0.37023887038230896
0.37023892998695374
0.37023887038230896
0.3702389597892761
0.37023892998695374
0.3702389597892761
0.37023887038230896
0.37023887038230896
0.37023887038230896
0.37023892998695374
0.37023887038230896
0.37023887038230896
0.37023887038230896
0.37023887038230896
0.37023892998695374
0.3702388405799866
0.3702388405799866
0.3702388405799866
0.3702388107776642
0.3702388107776642
0.3702388107776642
0.3702388107776642
0.3702387809753418
0.3702388107776642
0.3702388405799866
0.3702388405799866
0.3702388405799866
0.3702388107776642
0.3702387809753418
0.3702388405799866
0.3702387809753418
0.3702388405799866
0.3702387511730194
0.3702387809753418
0.3702388107776642
0.3702387809753418
0.3702387511730194
0.3702387809753418
0.3702388107776642
0.3702387511730194
0.3702388107776642
0.3702388107776642
0.3702387511730194
0.3702387511730194
0.370238721370697
0.370238721370697
0.3702387511730194
0.3702387511730194
0.3702387511730194
0.3702387809753418
0.3702387511730194
0.3702387511730194
0.370238721370697
0.3702387809753418
0.3702387511730194
0.370238721370697
0.37023863196372986
0.37023866176605225
0.37023860216140747
0.370238721370697
0.37023866176605225
0.37023866176605225
0.370238721370697
0.3702387511730194
0.37023860216140747
0.37023866176605225
0.37023866176605225
0.37023863196372986
0.37023863196372986
0.37023863196372986
0.37023860216140747
0.37023860216140747
0.37023860216140747
0.37023863196372986
0.37023860216140747
0.37023860216140747
0.37023863196372986
0.37023863196372986
0.3702385723590851
0.3702385723590851
0.37023863196372986
0.37023863196372986
0.3702385425567627
0.37023860216140747
0.37023863196372986
0.3702385723590851
0.3702385723590851
0.3702385723590851
0.3702385127544403
0.3702385425567627
0.37023860216140747
0.37023860216140747
0.3702385425567627
0.3702385425567627
0.3702385723590851
0.37023860216140747
0.3702385425567627
0.3702384829521179
0.3702385425567627
0.3702385723590851
0.3702385425567627
0.37023842334747314
0.3702384829521179
0.3702384829521179
0.3702384829521179
0.3702384829521179
0.3702385127544403
0.3702385425567627
0.3702385425567627
0.3702385425567627
0.3702385127544403
0.3702385127544403
0.3702384829521179
0.3702384829521179
0.37023842334747314
0.3702385127544403
0.3702384829521179
0.3702385127544403
0.3702385127544403
0.3702385127544403
0.3702384829521179
0.3702384829521179
0.3702384829521179
0.37023836374282837
0.37023842334747314
0.37023839354515076
0.3702384829521179
0.37023842334747314
0.37023836374282837
0.37023839354515076
0.37023839354515076
0.3702384829521179
0.37023839354515076
0.37023839354515076
0.37023839354515076
0.37023842334747314
0.37023842334747314
0.3702384829521179
0.37023839354515076
0.37023842334747314
0.37023839354515076
0.370238333940506
0.370238333940506
0.370238333940506
0.370238333940506
0.37023836374282837
0.370238333940506
0.3702383041381836
0.37023836374282837
0.37023836374282837
0.370238333940506
0.370238333940506
0.37023836374282837
0.370238333940506
0.3702383041381836
0.3702383041381836
0.3702383041381836
0.370238333940506
0.370238333940506
0.370238333940506
0.3702383041381836
0.37023836374282837
0.3702383041381836
0.370238333940506
0.3702383041381836
0.3702382743358612
0.3702382445335388
0.3702382743358612
0.37023836374282837
0.3702382743358612
0.3702382445335388
0.3702382445335388
0.3702382445335388
0.3702382445335388
0.3702382743358612
0.37023818492889404
0.3702382445335388
0.37023818492889404
0.37023818492889404
0.3702382743358612
0.3702382743358612
0.3702382743358612
0.3702382445335388
0.37023818492889404
0.3702382445335388
0.37023818492889404
0.37023818492889404
0.3702382445335388
0.37023818492889404
0.37023818492889404
0.3702382445335388
0.37023818492889404
0.37023815512657166
0.37023818492889404
0.3702382445335388
0.37023812532424927
0.3702382445335388
0.37023818492889404
0.3702382743358612
0.37023815512657166
0.3702380657196045
0.37023812532424927
0.3702380955219269
0.3702380955219269
0.37023812532424927
0.3702380955219269
0.37023815512657166
0.3702380657196045
0.37023812532424927
0.37023812532424927
0.37023812532424927
0.37023815512657166
0.3702380657196045
0.37023815512657166
0.3702380359172821
0.3702380955219269
0.3702380657196045
0.37023815512657166
0.37023812532424927
0.37023815512657166
0.3702380955219269
0.3702380955219269
0.3702380657196045
0.3702380359172821
0.3702380955219269
0.3702380359172821
0.37023812532424927
0.3702380359172821
0.3702380657196045
0.3702380955219269
0.3702380657196045
0.3702380359172821
0.3702380061149597
0.3702380061149597
0.3702380657196045
0.3702380061149597
0.3702380359172821
0.3702380061149597
0.3702380955219269
0.37023794651031494
0.3702380061149597
0.3702380061149597
0.37023794651031494
0.3702380359172821
0.3702380359172821
0.37023794651031494
0.37023791670799255
0.37023794651031494
0.3702380061149597
0.37023794651031494
0.37023794651031494
0.3702380061149597
0.37023791670799255
0.37023794651031494
0.37023794651031494
0.37023794651031494
0.37023788690567017
0.37023794651031494
0.37023791670799255
0.37023791670799255
0.37023794651031494
0.37023788690567017
0.37023788690567017
0.37023791670799255
0.37023788690567017
0.37023788690567017
0.37023788690567017
0.37023791670799255
0.37023788690567017
0.3702378571033478
0.37023791670799255
0.37023788690567017
0.37023788690567017
0.37023791670799255
0.3702378273010254
0.37023788690567017
0.37023788690567017
0.3702378273010254
0.37023788690567017
0.3702378571033478
0.3702378273010254
0.370237797498703
0.37023788690567017
0.3702378273010254
0.3702378273010254
0.3702378273010254
0.3702378571033478
0.3702378273010254
0.3702378273010254
0.3702378273010254
0.3702378273010254
0.370237797498703
0.3702378273010254
0.37023788690567017
0.3702378273010254
0.370237797498703
0.370237797498703
0.3702377378940582
0.3702378273010254
0.3702378273010254
0.3702377378940582
0.37023770809173584
0.370237797498703
0.370237797498703
0.3702377378940582
0.37023770809173584
0.3702377378940582
0.3702377378940582
0.370237797498703
0.3702377378940582
0.370237797498703
0.37023770809173584
0.3702377378940582
0.3702378273010254
0.37023764848709106
0.37023767828941345
0.37023770809173584
0.37023767828941345
0.3702377378940582
0.3702377378940582
0.37023767828941345
0.37023767828941345
0.37023764848709106
0.37023767828941345
0.37023764848709106
0.37023764848709106
0.37023764848709106
0.37023764848709106
0.37023764848709106
0.37023770809173584
0.37023770809173584
0.37023764848709106
0.37023767828941345
0.3702375888824463
0.3702376186847687
0.37023764848709106
0.3702376186847687
0.37023767828941345
0.3702375888824463
0.37023770809173584
0.37023764848709106
0.3702376186847687
0.3702375888824463
0.3702376186847687
0.37023764848709106
0.37023767828941345
0.3702376186847687
0.3702376186847687
0.3702376186847687
0.3702375590801239
0.3702375888824463
0.3702375888824463
0.3702375888824463
0.3702376186847687
0.3702375590801239
0.3702375888824463
0.3702376186847687
0.3702375590801239
0.3702375888824463
0.3702374994754791
0.3702375888824463
0.3702375590801239
0.3702375888824463
0.37023746967315674
0.3702375590801239
0.3702374994754791
0.3702375590801239
0.37023746967315674
0.3702375888824463
0.3702374994754791
0.3702375590801239
0.3702375590801239
0.3702374994754791
0.37023743987083435
0.37023746967315674
0.37023746967315674
0.3702375590801239
0.3702374994754791
0.37023746967315674
0.3702374994754791
0.3702374994754791
0.37023746967315674
0.37023746967315674
0.37023746967315674
0.37023746967315674
0.37023741006851196
0.37023743987083435
0.37023746967315674
0.37023746967315674
0.37023746967315674
0.37023741006851196
0.37023741006851196
0.37023741006851196
0.37023743987083435
0.37023743987083435
0.37023746967315674
0.37023743987083435
0.37023746967315674
0.37023743987083435
0.3702373802661896
0.37023743987083435
0.37023743987083435
0.37023743987083435
0.37023741006851196
0.3702373504638672
0.3702373802661896
0.37023741006851196
0.37023741006851196
0.3702373802661896
0.3702373802661896
0.37023741006851196
0.3702373504638672
0.3702373504638672
0.37023743987083435
0.37023741006851196
0.3702373206615448
0.3702373206615448
0.3702373802661896
0.3702373504638672
0.3702372610569
0.3702373504638672
0.3702373504638672
0.3702373504638672
0.3702373206615448
0.3702373206615448
0.3702373504638672
0.3702373206615448
0.3702373206615448
0.3702373206615448
0.3702373206615448
0.3702373504638672
0.3702373504638672
0.3702372610569
0.3702373802661896
0.3702372610569
0.37023723125457764
0.3702373206615448
0.3702372610569
0.37023720145225525
0.37023723125457764
0.3702373206615448
0.3702373206615448
0.37023723125457764
0.37023720145225525
0.3702372610569
0.37023720145225525
0.37023723125457764
0.3702372610569
0.37023720145225525
0.37023723125457764
0.37023723125457764
0.37023720145225525
0.37023723125457764
0.37023723125457764
0.3702372610569
0.37023720145225525
0.37023720145225525
0.37023720145225525
0.37023723125457764
0.37023717164993286
0.37023720145225525
0.37023720145225525
0.37023720145225525
0.3702371418476105
0.3702371418476105
0.37023717164993286
0.37023717164993286
0.3702371418476105
0.37023720145225525
0.37023717164993286
0.3702371418476105
0.3702371418476105
0.37023717164993286
0.3702371120452881
0.37023717164993286
0.3702371418476105
0.37023720145225525
0.3702371120452881
0.37023717164993286
0.3702370524406433
0.3702371120452881
0.3702371120452881
0.3702371120452881
0.3702370524406433
0.3702371418476105
0.3702371418476105
0.3702371120452881
0.3702370524406433
0.3702371418476105
0.3702370524406433
0.3702371120452881
0.3702370226383209
0.3702370524406433
0.3702370524406433
0.3702370524406433
0.37023699283599854
0.37023699283599854
0.3702370226383209
0.3702370226383209
0.3702370524406433
0.3702370524406433
0.3702370524406433
0.3702370226383209
0.3702370524406433
0.37023696303367615
0.3702370524406433
0.3702370524406433
0.3702371120452881
0.37023699283599854
0.3702370226383209
0.37023699283599854
0.37023699283599854
0.37023693323135376
0.37023696303367615
0.37023699283599854
0.37023696303367615
0.37023693323135376
0.37023696303367615
0.37023696303367615
0.37023693323135376
0.37023696303367615
0.37023699283599854
0.37023693323135376
0.37023696303367615
0.3702370226383209
0.37023693323135376
0.37023693323135376
0.37023696303367615
0.37023693323135376
0.37023693323135376
0.37023693323135376
0.37023690342903137
0.37023693323135376
0.37023693323135376
0.37023693323135376
0.37023693323135376
0.37023690342903137
0.37023693323135376
0.37023690342903137
0.37023693323135376
0.370236873626709
0.37023690342903137
0.370236873626709
0.37023693323135376
0.370236873626709
0.370236873626709
0.370236873626709
0.370236873626709
0.370236873626709
0.370236873626709
0.3702368140220642
0.37023690342903137
0.370236873626709
0.3702368140220642
0.3702368140220642
0.3702367842197418
0.3702367842197418
0.3702367842197418
0.3702367842197418
0.3702367842197418
0.3702367842197418
0.370236873626709
0.37023672461509705
0.3702368140220642
0.3702367842197418
0.37023672461509705
0.3702367842197418
0.3702367842197418
0.3702368140220642
0.37023672461509705
0.37023672461509705
0.3702367842197418
0.37023672461509705
0.37023675441741943
0.37023672461509705
0.37023672461509705
0.37023672461509705
0.37023672461509705
0.37023672461509705
0.37023675441741943
0.37023672461509705
0.37023666501045227
0.37023669481277466
0.37023669481277466
0.37023672461509705
0.37023669481277466
0.37023672461509705
0.37023672461509705
0.37023675441741943
0.37023672461509705
0.37023672461509705
0.37023672461509705
0.37023669481277466
0.37023669481277466
0.37023669481277466
0.37023666501045227
0.3702366352081299
0.37023669481277466
0.3702366352081299
0.37023669481277466
0.3702366352081299
0.3702366352081299
0.3702366352081299
0.37023666501045227
0.3702365756034851
0.3702366352081299
0.37023666501045227
0.37023666501045227
0.37023666501045227
0.3702366352081299
0.37023666501045227
0.3702365458011627
0.3702366352081299
0.3702365756034851
0.3702365458011627
0.3702366352081299
0.3702366352081299
0.3702366352081299
0.3702365458011627
0.3702366352081299
0.3702366352081299
0.3702365458011627
0.3702365756034851
0.3702366352081299
0.3702365756034851
0.3702365756034851
0.3702365756034851
0.3702365756034851
0.3702365458011627
0.37023651599884033
0.3702365458011627
0.3702365458011627
0.3702365458011627
0.3702365756034851
0.3702365458011627
0.37023645639419556
0.37023651599884033
0.37023648619651794
0.37023648619651794
0.37023651599884033
0.37023651599884033
0.37023648619651794
0.37023648619651794
0.37023651599884033
0.3702365458011627
0.3702365458011627
0.37023651599884033
0.37023651599884033
0.37023648619651794
0.37023645639419556
0.37023645639419556
0.37023648619651794
0.37023648619651794
0.37023645639419556
0.37023645639419556
0.37023648619651794
0.37023645639419556
0.37023645639419556
0.37023645639419556
0.37023645639419556
0.37023645639419556
0.37023645639419556
0.37023645639419556
0.37023642659187317
0.37023648619651794
0.37023645639419556
0.3702363967895508
0.3702363967895508
0.37023648619651794
0.37023645639419556
0.37023645639419556
0.3702363967895508
0.3702363967895508
0.3702363967895508
0.37023642659187317
0.3702363967895508
0.37023642659187317
0.370236337184906
0.3702363967895508
0.3702363967895508
0.3702363967895508
0.3702363967895508
0.370236337184906
0.370236337184906
0.37023642659187317
0.3702363073825836
0.370236337184906
0.3702363073825836
0.3702363073825836
0.370236337184906
0.370236337184906
0.3702363073825836
0.37023627758026123
0.37023627758026123
0.3702363967895508
0.370236337184906
0.3702363073825836
0.37023624777793884
0.37023627758026123
0.370236337184906
0.370236337184906
0.37023627758026123
0.3702363073825836
0.37023624777793884
0.37023627758026123
0.3702363073825836
0.37023627758026123
0.37023627758026123
0.37023627758026123
0.37023618817329407
0.37023627758026123
0.37023627758026123
0.37023624777793884
0.37023627758026123
0.37023621797561646
0.37023627758026123
0.37023621797561646
0.37023624777793884
0.37023618817329407
0.37023624777793884
0.37023624777793884
0.37023621797561646
0.37023624777793884
0.37023618817329407
0.37023624777793884
0.37023624777793884
0.37023618817329407
0.37023621797561646
0.37023621797561646
0.3702361285686493
0.37023621797561646
0.37023621797561646
0.37023618817329407
0.37023618817329407
0.3702361285686493
0.3702361285686493
0.37023618817329407
0.37023618817329407
0.3702361285686493
0.37023618817329407
0.3702360689640045
0.3702361285686493
0.37023618817329407
0.3702360987663269
0.3702360689640045
0.3702360987663269
0.3702361285686493
0.37023618817329407
0.3702361285686493
0.3702360987663269
0.3702360689640045
0.3702360987663269
0.3702360987663269
0.3702360987663269
0.37023618817329407
0.3702360987663269
0.3702360987663269
0.37023603916168213
0.3702360689640045
0.3702360689640045
0.3702360689640045
0.3702360987663269
0.37023603916168213
0.37023603916168213
0.37023600935935974
0.37023603916168213
0.3702360689640045
0.37023603916168213
0.3702360689640045
0.37023603916168213
0.37023603916168213
0.37023603916168213
0.3702360689640045
0.3702360689640045
0.3702360689640045
0.37023600935935974
0.37023603916168213
0.37023603916168213
0.37023597955703735
0.37023600935935974
0.37023594975471497
0.37023597955703735
0.37023600935935974
0.37023600935935974
0.37023594975471497
0.37023594975471497
0.37023600935935974
0.37023597955703735
0.37023594975471497
0.37023597955703735
0.37023600935935974
0.3702358901500702
0.37023594975471497
0.37023594975471497
0.37023594975471497
0.3702358901500702
0.37023594975471497
0.37023594975471497
0.37023597955703735
0.37023594975471497
0.37023594975471497
0.3702358901500702
0.37023600935935974
0.3702358901500702
0.3702358901500702
0.3702358305454254
0.3702358603477478
0.3702358901500702
0.3702358305454254
0.3702358901500702
0.3702358603477478
0.3702358603477478
0.3702358603477478
0.3702358603477478
0.3702358305454254
0.3702358901500702
0.3702358603477478
0.3702358603477478
0.3702358603477478
0.3702358901500702
0.3702358603477478
0.3702358603477478
0.3702358603477478
0.3702358305454254
0.370235800743103
0.370235800743103
0.3702358305454254
0.37023577094078064
0.3702358305454254
0.3702358305454254
0.3702358305454254
0.3702358305454254
0.3702358603477478
0.370235800743103
0.370235800743103
0.37023577094078064
0.37023577094078064
0.37023577094078064
0.370235800743103
0.37023577094078064
0.370235800743103
0.37023577094078064
0.37023577094078064
0.3702358305454254
0.370235800743103
0.37023574113845825
0.370235800743103
0.37023577094078064
0.37023574113845825
0.37023574113845825
0.37023571133613586
0.37023574113845825
0.3702356517314911
0.37023577094078064
0.37023574113845825
0.37023574113845825
0.37023574113845825
0.37023577094078064
0.37023574113845825
0.3702356517314911
0.37023574113845825
0.3702356517314911
0.37023574113845825
0.3702356517314911
0.3702356517314911
0.3702356517314911
0.3702356517314911
0.3702356517314911
0.3702356219291687
0.37023571133613586
0.3702356219291687
0.3702356219291687
0.3702356219291687
0.37023571133613586
0.3702356517314911
0.37023571133613586
0.3702356517314911
0.3702356517314911
0.3702356219291687
0.3702356219291687
0.3702356219291687
0.3702356219291687
0.3702356517314911
0.3702356219291687
0.3702356219291687
0.3702355921268463
0.3702355921268463
0.37023553252220154
0.3702355921268463
0.3702355623245239
0.37023553252220154
0.37023553252220154
0.3702356517314911
0.3702355921268463
0.3702355623245239
0.3702355623245239
0.3702355921268463
0.3702355623245239
0.3702355623245239
0.3702355623245239
0.3702355623245239
0.3702355623245239
0.3702356219291687
0.37023550271987915
0.3702355623245239
0.3702355921268463
0.37023550271987915
0.37023547291755676
0.37023553252220154
0.37023553252220154
0.37023550271987915
0.37023553252220154
0.37023550271987915
0.37023547291755676
0.37023547291755676
0.37023553252220154
0.370235413312912
0.37023550271987915
0.37023553252220154
0.37023553252220154
0.37023553252220154
0.37023547291755676
0.37023547291755676
0.37023550271987915
0.37023553252220154
0.37023553252220154
0.37023547291755676
0.37023550271987915
0.3702353835105896
0.37023550271987915
0.370235413312912
0.37023547291755676
0.370235413312912
0.37023550271987915
0.370235413312912
0.3702353835105896
0.370235413312912
0.37023547291755676
0.370235413312912
0.370235413312912
0.3702353537082672
0.370235413312912
0.37023547291755676
0.3702353835105896
0.3702353537082672
0.3702353537082672
0.370235413312912
0.3702353537082672
0.370235413312912
0.3702353537082672
0.3702353537082672
0.3702353537082672
0.370235413312912
0.3702353239059448
0.3702353835105896
0.3702353239059448
0.3702353239059448
0.3702353835105896
0.3702353239059448
0.37023529410362244
0.3702353239059448
0.3702353537082672
0.3702353537082672
0.3702353537082672
0.3702353239059448
0.3702353537082672
0.37023529410362244
0.37023526430130005
0.37023526430130005
0.37023529410362244
0.37023529410362244
0.37023529410362244
0.37023529410362244
0.37023529410362244
0.3702353239059448
0.3702352046966553
0.37023526430130005
0.37023529410362244
0.37023526430130005
0.3702353239059448
0.37023529410362244
0.37023529410362244
0.37023526430130005
0.37023529410362244
0.37023526430130005
0.37023529410362244
0.37023526430130005
0.3702351748943329
0.3702351450920105
0.37023526430130005
0.3702351748943329
0.3702352046966553
0.3702352046966553
0.37023526430130005
0.37023526430130005
0.3702351748943329
0.37023526430130005
0.37023526430130005
0.3702351748943329
0.3702351748943329
0.3702351450920105
0.3702352046966553
0.3702351748943329
0.3702352046966553
0.3702351748943329
0.3702351748943329
0.3702351450920105
0.3702352046966553
0.3702350854873657
0.3702351748943329
0.3702351748943329
0.3702350854873657
0.3702350854873657
0.3702351450920105
0.3702351152896881
0.3702351450920105
0.3702351450920105
0.3702351152896881
0.3702351152896881
0.3702350854873657
0.3702350854873657
0.3702351152896881
0.3702350854873657
0.3702351450920105
0.3702350854873657
0.37023505568504333
0.3702350854873657
0.3702351152896881
0.3702351152896881
0.37023505568504333
0.3702350854873657
0.3702350854873657
0.3702350854873657
0.3702351152896881
0.37023505568504333
0.3702350854873657
0.3702350854873657
0.3702350854873657
0.3702351152896881
0.37023505568504333
0.37023505568504333
0.37023505568504333
0.37023505568504333
0.37023505568504333
0.37023502588272095
0.37023496627807617
0.37023505568504333
0.3702350854873657
0.37023502588272095
0.37023505568504333
0.37023496627807617
0.37023496627807617
0.37023502588272095
0.37023502588272095
0.3702349364757538
0.37023502588272095
0.37023496627807617
0.3702349364757538
0.37023496627807617
0.3702349364757538
0.3702349364757538
0.37023502588272095
0.3702349364757538
0.37023502588272095
0.37023496627807617
0.37023496627807617
0.37023496627807617
0.3702349364757538
0.3702349066734314
0.3702349364757538
0.3702349066734314
0.3702349066734314
0.3702349066734314
0.3702349066734314
0.37023496627807617
0.370234876871109
0.3702349066734314
0.3702349066734314
0.3702349364757538
0.370234876871109
0.3702348470687866
0.3702349066734314
0.370234876871109
0.3702349066734314
0.370234876871109
0.3702348470687866
0.370234876871109
0.3702348470687866
0.370234876871109
0.3702349364757538
0.370234876871109
0.370234876871109
0.3702349066734314
0.370234876871109
0.37023481726646423
0.3702348470687866
0.370234876871109
0.3702348470687866
0.3702348470687866
0.3702348470687866
0.37023481726646423
0.3702348470687866
0.3702348470687866
0.37023478746414185
0.37023481726646423
0.37023478746414185
0.37023478746414185
0.37023481726646423
0.37023481726646423
0.37023478746414185
0.3702346980571747
0.37023472785949707
0.37023478746414185
0.37023478746414185
0.37023478746414185
0.37023478746414185
0.37023478746414185
0.37023478746414185
0.37023478746414185
0.37023472785949707
0.3702346980571747
0.37023472785949707
0.37023478746414185
0.37023472785949707
0.3702346980571747
0.37023472785949707
0.37023472785949707
0.37023472785949707
0.37023472785949707
0.37023472785949707
0.3702346980571747
0.37023472785949707
0.3702346682548523
0.3702346682548523
0.3702346980571747
0.3702346980571747
0.37023472785949707
0.3702346980571747
0.3702346980571747
0.3702346980571747
0.3702346384525299
0.3702346384525299
0.3702346384525299
0.37023472785949707
0.3702346682548523
0.3702346682548523
0.3702346086502075
0.3702346384525299
0.3702346384525299
0.3702346384525299
0.3702346682548523
0.3702346384525299
0.3702346384525299
0.3702346086502075
0.3702346384525299
0.3702346384525299
0.3702346086502075
0.37023457884788513
0.37023457884788513
0.3702346086502075
0.37023457884788513
0.37023457884788513
0.3702346384525299
0.37023457884788513
0.37023457884788513
0.37023457884788513
0.37023457884788513
0.37023457884788513
0.37023457884788513
0.37023457884788513
0.37023451924324036
0.37023457884788513
0.37023457884788513
0.3702346086502075
0.37023457884788513
0.37023451924324036
0.37023451924324036
0.37023457884788513
0.37023451924324036
0.37023457884788513
0.37023451924324036
0.37023451924324036
0.37023448944091797
0.37023451924324036
0.37023448944091797
0.37023448944091797
0.37023451924324036
0.37023457884788513
0.37023448944091797
0.37023451924324036
0.3702344596385956
0.3702344298362732
0.3702344596385956
0.3702344596385956
0.37023448944091797
0.37023448944091797
0.37023448944091797
0.3702344298362732
0.37023448944091797
0.37023448944091797
0.3702344298362732
0.3702344596385956
0.3702344000339508
0.3702344596385956
0.3702344596385956
0.3702344298362732
0.3702344298362732
0.3702344000339508
0.3702344596385956
0.3702344298362732
0.3702344000339508
0.3702344000339508
0.3702344000339508
0.3702343702316284
0.3702344000339508
0.3702344596385956
0.3702344000339508
0.3702344000339508
0.3702344000339508
0.3702344000339508
0.3702344000339508
0.3702343702316284
0.3702343702316284
0.3702344000339508
0.3702343702316284
0.3702344000339508
0.3702344596385956
0.37023434042930603
0.3702343702316284
0.3702344000339508
0.3702343702316284
0.37023434042930603
0.37023428082466125
0.37023428082466125
0.3702344000339508
0.3702343702316284
0.3702343702316284
0.37023434042930603
0.37023425102233887
0.37023434042930603
0.37023428082466125
0.3702343702316284
0.37023428082466125
0.37023425102233887
0.3702343702316284
0.37023428082466125
0.3702343702316284
0.37023425102233887
0.37023425102233887
0.37023428082466125
0.37023428082466125
0.37023428082466125
0.3702342212200165
0.37023425102233887
0.37023428082466125
0.37023425102233887
0.37023428082466125
0.3702341914176941
0.3702342212200165
0.37023425102233887
0.37023425102233887
0.3702341914176941
0.3702341914176941
0.3702342212200165
0.3702341914176941
0.37023425102233887
0.3702342212200165
0.3702341914176941
0.3702342212200165
0.3702342212200165
0.3702341616153717
0.3702341914176941
0.3702341914176941
0.3702341616153717
0.3702341616153717
0.3702341616153717
0.3702341914176941
0.3702342212200165
0.37023410201072693
0.3702341616153717
0.3702341318130493
0.3702341616153717
0.3702341616153717
0.37023410201072693
0.3702341914176941
0.3702341616153717
0.3702341616153717
0.3702341318130493
0.3702341318130493
0.3702341616153717
0.3702341914176941
0.3702341318130493
0.37023410201072693
0.37023410201072693
0.37023410201072693
0.37023410201072693
0.37023410201072693
0.37023404240608215
0.3702341616153717
0.37023404240608215
0.37023410201072693
0.3702341318130493
0.37023410201072693
0.3702341318130493
0.37023410201072693
0.37023404240608215
0.37023410201072693
0.37023404240608215
0.37023401260375977
0.37023401260375977
0.37023410201072693
0.37023410201072693
0.37023404240608215
0.37023401260375977
0.37023404240608215
0.37023401260375977
0.37023410201072693
0.3702339828014374
0.37023410201072693
0.3702339828014374
0.37023404240608215
0.37023401260375977
0.37023404240608215
0.37023401260375977
0.3702339828014374
0.3702339828014374
0.3702339828014374
0.3702339828014374
0.370233952999115
0.3702339828014374
0.3702339828014374
0.3702339828014374
0.37023401260375977
0.370233952999115
0.3702339828014374
0.370233952999115
0.37023401260375977
0.3702339231967926
0.370233952999115
0.3702339231967926
0.3702339231967926
0.3702339828014374
0.370233952999115
0.370233952999115
0.3702339231967926
0.370233952999115
0.3702338933944702
0.3702339231967926
0.3702339231967926
0.370233952999115
0.370233952999115
0.3702339231967926
0.3702339231967926
0.3702338635921478
0.3702339231967926
0.3702338933944702
0.3702338635921478
0.370233952999115
0.3702339231967926
0.3702338635921478
0.3702338635921478
0.3702338933944702
0.3702338635921478
0.3702338635921478
0.3702338635921478
0.3702338635921478
0.3702338635921478
0.3702339231967926
0.3702338635921478
0.37023380398750305
0.3702338635921478
0.3702338933944702
0.37023377418518066
0.37023380398750305
0.37023380398750305
0.3702338933944702
0.3702338635921478
0.37023380398750305
0.37023380398750305
0.37023377418518066
0.37023380398750305
0.37023380398750305
0.37023377418518066
0.37023380398750305
0.37023380398750305
0.37023377418518066
0.37023380398750305
0.3702337443828583
0.3702337443828583
0.37023377418518066
0.37023377418518066
0.3702337145805359
0.3702337443828583
0.3702337145805359
0.37023377418518066
0.3702337145805359
0.3702336847782135
0.3702337145805359
0.3702337145805359
0.3702337443828583
0.3702337145805359
0.3702337145805359
0.3702336847782135
0.3702337145805359
0.3702336847782135
0.3702337145805359
0.3702337443828583
0.3702337145805359
0.3702337145805359
0.3702336549758911
0.3702336847782135
0.3702336549758911
0.3702336549758911
0.3702336549758911
0.3702336847782135
0.3702336549758911
0.3702336549758911
0.3702336549758911
0.3702336549758911
0.3702336549758911
0.37023359537124634
0.37023359537124634
0.37023359537124634
0.37023359537124634
0.3702336847782135
0.37023359537124634
0.3702336847782135
0.37023359537124634
0.37023359537124634
0.37023356556892395
0.37023356556892395
0.37023359537124634
0.37023356556892395
0.3702335059642792
0.37023359537124634
0.3702335059642792
0.3702336549758911
0.37023353576660156
0.37023356556892395
0.37023356556892395
0.37023353576660156
0.37023353576660156
0.37023356556892395
0.37023353576660156
0.37023353576660156
0.3702334761619568
0.37023356556892395
0.3702335059642792
0.3702334463596344
0.37023356556892395
0.3702335059642792
0.3702334761619568
0.3702334761619568
0.3702335059642792
0.37023353576660156
0.37023353576660156
0.3702334761619568
0.3702335059642792
0.3702334761619568
0.3702335059642792
0.3702334463596344
0.3702334761619568
0.3702334761619568
0.3702334761619568
0.370233416557312
0.3702334761619568
0.3702334761619568
0.370233416557312
0.3702334463596344
0.3702334463596344
0.3702334463596344
0.370233416557312
0.370233416557312
0.3702334761619568
0.370233416557312
0.370233416557312
0.370233416557312
0.3702334463596344
0.370233416557312
0.37023335695266724
0.370233416557312
0.3702334463596344
0.37023335695266724
0.37023332715034485
0.3702334463596344
0.370233416557312
0.370233416557312
0.37023335695266724
0.3702332675457001
0.37023335695266724
0.37023332715034485
0.370233416557312
0.37023332715034485
0.37023335695266724
0.37023329734802246
0.37023332715034485
0.37023335695266724
0.37023329734802246
0.37023332715034485
0.37023329734802246
0.37023329734802246
0.37023329734802246
0.37023329734802246
0.3702332675457001
0.3702332377433777
0.37023329734802246
0.37023329734802246
0.37023329734802246
0.37023329734802246
0.37023332715034485
0.3702332377433777
0.3702332675457001
0.3702332675457001
0.3702332377433777
0.3702332675457001
0.3702332675457001
0.3702332377433777
0.3702332377433777
0.3702332675457001
0.3702332675457001
0.3702332675457001
0.3702332377433777
0.3702331781387329
0.3702332079410553
0.3702332377433777
0.3702332377433777
0.3702332377433777
0.3702332079410553
0.3702332079410553
0.3702332377433777
0.3702332377433777
0.3702332079410553
0.3702331781387329
0.3702332079410553
0.3702332079410553
0.37023311853408813
0.3702332377433777
0.3702332079410553
0.3702332079410553
0.37023311853408813
0.3702331781387329
0.37023311853408813
0.3702331781387329
0.3702331781387329
0.37023308873176575
0.37023308873176575
0.37023308873176575
0.37023308873176575
0.37023311853408813
0.3702332079410553
0.37023308873176575
0.37023305892944336
0.37023311853408813
0.37023311853408813
0.37023305892944336
0.37023308873176575
0.37023308873176575
0.37023308873176575
0.37023305892944336
0.37023308873176575
0.37023302912712097
0.37023302912712097
0.37023308873176575
0.37023305892944336
0.37023308873176575
0.37023308873176575
0.37023302912712097
0.3702329993247986
0.37023308873176575
0.37023308873176575
0.37023305892944336
0.37023302912712097
0.37023302912712097
0.37023305892944336
0.37023302912712097
0.37023302912712097
0.37023302912712097
0.37023302912712097
0.3702329993247986
0.37023305892944336
0.37023302912712097
0.3702329397201538
0.3702329695224762
0.3702329695224762
0.3702329695224762
0.3702329993247986
0.3702329695224762
0.3702329695224762
0.3702329695224762
0.3702329695224762
0.3702329695224762
0.37023302912712097
0.3702329397201538
0.3702329695224762
0.3702329397201538
0.3702329397201538
0.3702329397201538
0.37023288011550903
0.3702329397201538
0.37023288011550903
0.37023285031318665
0.3702329397201538
0.37023288011550903
0.37023288011550903
0.3702329993247986
0.37023288011550903
0.3702329397201538
0.37023285031318665
0.3702329397201538
0.37023288011550903
0.37023288011550903
0.37023288011550903
0.37023288011550903
0.37023288011550903
0.37023285031318665
0.37023288011550903
0.37023288011550903
0.37023282051086426
0.37023282051086426
0.37023282051086426
0.37023285031318665
0.37023285031318665
0.37023285031318665
0.37023285031318665
0.37023282051086426
0.37023282051086426
0.3702327609062195
0.3702327609062195
0.37023282051086426
0.3702327609062195
0.37023282051086426
0.37023279070854187
0.3702327609062195
0.3702327609062195
0.37023279070854187
0.37023279070854187
0.3702327609062195
0.3702327609062195
0.3702327609062195
0.3702327609062195
0.3702327311038971
0.3702327311038971
0.3702327311038971
0.37023279070854187
0.3702326714992523
0.3702327609062195
0.3702326714992523
0.3702327609062195
0.37023282051086426
0.3702326714992523
0.3702327311038971
0.3702327311038971
0.3702327311038971
0.3702326714992523
0.37023264169692993
0.3702326714992523
0.3702327311038971
0.37023264169692993
0.37023264169692993
0.37023264169692993
0.3702327609062195
0.37023261189460754
0.37023264169692993
0.3702326714992523
0.37023258209228516
0.3702326714992523
0.3702327311038971
0.3702326714992523
0.37023261189460754
0.37023261189460754
0.37023261189460754
0.37023264169692993
0.37023264169692993
0.37023261189460754
0.37023264169692993
0.37023255228996277
0.37023258209228516
0.37023261189460754
0.37023255228996277
0.37023258209228516
0.37023258209228516
0.37023264169692993
0.37023261189460754
0.37023258209228516
0.3702325224876404
0.37023261189460754
0.3702325224876404
0.37023258209228516
0.3702325224876404
0.37023264169692993
0.3702325224876404
0.3702325224876404
0.37023258209228516
0.37023255228996277
0.3702325224876404
0.3702325224876404
0.37023258209228516
0.3702325224876404
0.37023255228996277
0.3702325224876404
0.3702325224876404
0.37023255228996277
0.3702325224876404
0.37023255228996277
0.37023240327835083
0.37023258209228516
0.3702325224876404
0.370232492685318
0.370232492685318
0.370232492685318
0.370232492685318
0.3702324330806732
0.3702325224876404
0.370232492685318
0.3702324330806732
0.370232492685318
0.370232492685318
0.3702324330806732
0.370232492685318
0.37023240327835083
0.37023240327835083
0.370232492685318
0.37023240327835083
0.370232492685318
0.37023240327835083
0.37023240327835083
0.3702324330806732
0.37023234367370605
0.37023234367370605
0.37023240327835083
0.37023237347602844
0.370232492685318
0.37023231387138367
0.37023237347602844
0.37023237347602844
0.3702322840690613
0.37023237347602844
0.37023231387138367
0.37023231387138367
0.37023240327835083
0.37023234367370605
0.37023240327835083
0.37023234367370605
0.37023237347602844
0.37023234367370605
0.37023234367370605
0.37023231387138367
0.37023237347602844
0.37023234367370605
0.3702322840690613
0.37023234367370605
0.37023234367370605
0.37023231387138367
0.3702322840690613
0.37023234367370605
0.37023231387138367
0.37023231387138367
0.37023234367370605
0.3702322840690613
0.37023234367370605
0.37023231387138367
0.3702322840690613
0.3702322840690613
0.37023234367370605
0.3702322840690613
0.3702322542667389
0.3702322542667389
0.3702321946620941
0.37023231387138367
0.3702322542667389
0.3702321946620941
0.3702321946620941
0.37023216485977173
0.3702321946620941
0.3702321946620941
0.3702321946620941
0.3702322542667389
0.37023216485977173
0.3702322542667389
0.3702321946620941
0.37023216485977173
0.37023216485977173
0.37023216485977173
0.3702322542667389
0.3702321946620941
0.37023216485977173
0.37023213505744934
0.37023213505744934
0.3702321946620941
0.37023216485977173
0.37023213505744934
0.37023216485977173
0.37023213505744934
0.37023210525512695
0.37023216485977173
0.37023210525512695
0.37023216485977173
0.37023207545280457
0.37023213505744934
0.37023210525512695
0.37023210525512695
0.37023213505744934
0.37023210525512695
0.37023210525512695
0.37023210525512695
0.37023216485977173
0.37023213505744934
0.37023213505744934
0.37023207545280457
0.37023207545280457
0.37023207545280457
0.3702320456504822
0.37023210525512695
0.37023210525512695
0.37023210525512695
0.37023210525512695
0.3702320456504822
0.3702320456504822
0.37023210525512695
0.37023210525512695
0.3702319860458374
0.37023207545280457
0.3702320456504822
0.3702320456504822
0.3702319860458374
0.37023210525512695
0.3702319860458374
0.370231956243515
0.3702319860458374
0.370231956243515
0.3702319860458374
0.3702320456504822
0.3702319860458374
0.3702319860458374
0.3702319860458374
0.3702319264411926
0.370231956243515
0.3702320456504822
0.3702319264411926
0.3702319860458374
0.3702320456504822
0.370231956243515
0.370231956243515
0.3702319264411926
0.370231956243515
0.3702319264411926
0.370231956243515
0.37023189663887024
0.3702319860458374
0.370231956243515
0.37023186683654785
0.37023186683654785
0.37023189663887024
0.37023189663887024
0.37023189663887024
0.37023189663887024
0.37023189663887024
0.37023186683654785
0.37023189663887024
0.37023186683654785
0.3702319264411926
0.37023186683654785
0.3702319264411926
0.3702319264411926
0.37023186683654785
0.37023186683654785
0.37023183703422546
0.37023183703422546
0.37023186683654785
0.37023186683654785
0.37023186683654785
0.37023183703422546
0.37023183703422546
0.37023183703422546
0.3702317476272583
0.37023186683654785
0.3702318072319031
0.37023186683654785
0.3702318072319031
0.37023186683654785
0.3702318072319031
0.37023183703422546
0.37023183703422546
0.3702318072319031
0.3702318072319031
0.3702317178249359
0.3702317476272583
0.3702317476272583
0.3702317476272583
0.3702318072319031
0.3702317178249359
0.3702317178249359
0.3702317476272583
0.3702317178249359
0.3702317476272583
0.3702318072319031
0.3702318072319031
0.3702318072319031
0.3702317178249359
0.3702316880226135
0.3702316880226135
0.3702316880226135
0.3702316880226135
0.3702317178249359
0.3702316880226135
0.3702316880226135
0.3702316880226135
0.3702316880226135
0.3702317476272583
0.3702317178249359
0.37023162841796875
0.37023165822029114
0.37023165822029114
0.37023165822029114
0.37023165822029114
0.37023162841796875
0.37023162841796875
0.37023162841796875
0.37023162841796875
0.3702317178249359
0.37023162841796875
0.37023165822029114
0.370231568813324
0.37023159861564636
0.37023162841796875
0.37023159861564636
0.3702316880226135
0.37023159861564636
0.37023162841796875
0.37023159861564636
0.37023159861564636
0.37023159861564636
0.37023159861564636
0.37023159861564636
0.37023162841796875
0.37023162841796875
0.370231568813324
0.37023159861564636
0.3702315092086792
0.37023159861564636
0.370231568813324
0.37023159861564636
0.3702315092086792
0.3702315092086792
0.370231568813324
0.3702315092086792
0.370231568813324
0.37023159861564636
0.370231568813324
0.3702315092086792
0.370231568813324
0.3702315092086792
0.3702314794063568
0.3702314794063568
0.3702315092086792
0.3702315092086792
0.3702315092086792
0.3702314794063568
0.3702314794063568
0.370231568813324
0.3702315092086792
0.3702314794063568
0.3702314794063568
0.3702314496040344
0.370231568813324
0.3702314794063568
0.37023138999938965
0.3702314496040344
0.37023141980171204
0.3702314794063568
0.3702314794063568
0.3702314794063568
0.37023141980171204
0.3702314794063568
0.37023141980171204
0.3702314496040344
0.37023138999938965
0.37023138999938965
0.37023141980171204
0.37023141980171204
0.37023136019706726
0.37023136019706726
0.37023141980171204
0.37023141980171204
0.3702314496040344
0.3702314496040344
0.3702313303947449
0.3702314496040344
0.37023141980171204
0.37023138999938965
0.3702313303947449
0.37023138999938965
0.37023138999938965
0.37023138999938965
0.3702313303947449
0.3702313303947449
0.3702312707901001
0.37023136019706726
0.3702313303947449
0.3702313303947449
0.3702313303947449
0.3702313303947449
0.37023136019706726
0.3702313303947449
0.3702313303947449
0.3702312409877777
0.37023136019706726
0.3702313303947449
0.3702312707901001
0.3702313303947449
0.3702312409877777
0.3702313303947449
0.37023136019706726
0.3702312409877777
0.3702312707901001
0.3702312409877777
0.3702312409877777
0.3702312707901001
0.3702312409877777
0.3702312707901001
0.3702313303947449
0.3702312707901001
0.3702312111854553
0.3702312409877777
0.3702312111854553
0.3702312111854553
0.3702312409877777
0.3702312111854553
0.3702312111854553
0.3702312409877777
0.3702312111854553
0.3702312111854553
0.3702312409877777
0.37023118138313293
0.37023118138313293
0.37023118138313293
0.3702312409877777
0.37023118138313293
0.37023118138313293
0.37023115158081055
0.37023115158081055
0.3702312111854553
0.37023112177848816
0.37023115158081055
0.37023115158081055
0.37023115158081055
0.37023118138313293
0.37023112177848816
0.37023112177848816
0.37023115158081055
0.37023115158081055
0.37023115158081055
0.37023115158081055
0.37023112177848816
0.37023112177848816
0.37023115158081055
0.37023112177848816
0.37023112177848816
0.37023115158081055
0.37023118138313293
0.3702310621738434
0.37023112177848816
0.370231032371521
0.37023112177848816
0.370231032371521
0.3702310621738434
0.37023112177848816
0.370231032371521
0.37023112177848816
0.370231032371521
0.370231032371521
0.370231032371521
0.370231032371521
0.3702310025691986
0.3702310621738434
0.370231032371521
0.370231032371521
0.370231032371521
0.3702310025691986
0.37023094296455383
0.3702309727668762
0.3702310025691986
0.3702310025691986
0.3702309727668762
0.3702310025691986
0.370231032371521
0.37023094296455383
0.3702309727668762
0.37023094296455383
0.3702310025691986
0.37023094296455383
0.3702309727668762
0.37023091316223145
0.37023094296455383
0.3702309727668762
0.37023094296455383
0.37023094296455383
0.37023088335990906
0.37023094296455383
0.3702309727668762
0.37023094296455383
0.3702309727668762
0.3702309727668762
0.37023091316223145
0.3702310025691986
0.37023094296455383
0.37023091316223145
0.37023094296455383
0.37023091316223145
0.37023091316223145
0.37023094296455383
0.37023088335990906
0.37023091316223145
0.3702309727668762
0.37023091316223145
0.3702308237552643
0.37023091316223145
0.37023088335990906
0.37023088335990906
0.37023088335990906
0.3702308237552643
0.3702308237552643
0.37023088335990906
0.37023091316223145
0.3702308237552643
0.3702307939529419
0.3702308237552643
0.37023088335990906
0.3702308237552643
0.3702307939529419
0.3702308237552643
0.37023088335990906
0.3702307641506195
0.3702308237552643
0.3702307939529419
0.3702307939529419
0.3702307641506195
0.3702307939529419
0.3702308237552643
0.3702307641506195
0.3702307343482971
0.3702307939529419
0.3702307343482971
0.3702307641506195
0.3702307641506195
0.37023070454597473
0.3702307641506195
0.3702307641506195
0.37023070454597473
0.37023070454597473
0.3702307343482971
0.37023070454597473
0.37023067474365234
0.3702307641506195
0.37023070454597473
0.3702307343482971
0.37023070454597473
0.37023070454597473
0.37023070454597473
0.3702307343482971
0.37023067474365234
0.37023070454597473
0.37023070454597473
0.3702307343482971
0.37023067474365234
0.37023067474365234
0.37023064494132996
0.37023070454597473
0.37023067474365234
0.37023070454597473
0.37023067474365234
0.37023070454597473
0.37023064494132996
0.37023070454597473
0.37023067474365234
0.37023070454597473
0.37023064494132996
0.37023064494132996
0.37023067474365234
0.37023067474365234
0.3702305853366852
0.3702305555343628
0.3702305853366852
0.37023064494132996
0.3702305555343628
0.3702305853366852
0.3702305853366852
0.37023064494132996
0.3702305555343628
0.37023067474365234
0.3702305853366852
0.3702305555343628
0.3702305555343628
0.3702305853366852
0.3702305555343628
0.3702305853366852
0.3702305555343628
0.3702305853366852
0.3702305257320404
0.3702305257320404
0.37023046612739563
0.3702305853366852
0.37023046612739563
0.3702305555343628
0.3702305555343628
0.370230495929718
0.370230495929718
0.370230495929718
0.3702305257320404
0.370230495929718
0.3702305257320404
0.3702305257320404
0.3702305257320404
0.37023046612739563
0.3702305257320404
0.37023046612739563
0.370230495929718
0.3702305257320404
0.370230495929718
0.370230495929718
0.37023043632507324
0.37023043632507324
0.3702305257320404
0.370230495929718
0.37023040652275085
0.37023043632507324
0.37023046612739563
0.37023046612739563
0.37023046612739563
0.37023043632507324
0.370230495929718
0.37023043632507324
0.37023043632507324
0.37023043632507324
0.370230495929718
0.37023040652275085
0.37023040652275085
0.37023043632507324
0.37023043632507324
0.37023040652275085
0.37023040652275085
0.37023040652275085
0.37023040652275085
0.37023043632507324
0.3702303469181061
0.37023040652275085
0.3702303171157837
0.3702303171157837
0.3702303171157837
0.3702302873134613
0.3702303469181061
0.3702303171157837
0.3702303469181061
0.3702302873134613
0.3702302873134613
0.3702303171157837
0.3702303171157837
0.37023043632507324
0.3702302873134613
0.37023022770881653
0.3702302873134613
0.3702302873134613
0.3702303171157837
0.3702303171157837
0.3702302873134613
0.3702302575111389
0.3702302873134613
0.3702303171157837
0.3702302575111389
0.3702302873134613
0.3702302873134613
0.3702302575111389
0.3702302575111389
0.3702302873134613
0.3702302873134613
0.37023022770881653
0.3702302575111389
0.37023019790649414
0.37023022770881653
0.37023022770881653
0.3702302575111389
0.37023022770881653
0.37023022770881653
0.37023019790649414
0.37023022770881653
0.37023019790649414
0.37023022770881653
0.37023019790649414
0.37023013830184937
0.37023013830184937
0.37023013830184937
0.37023022770881653
0.37023013830184937
0.370230108499527
0.37023013830184937
0.370230108499527
0.37023013830184937
0.37023013830184937
0.370230108499527
0.37023013830184937
0.370230108499527
0.37023019790649414
0.370230108499527
0.37023013830184937
0.37023019790649414
0.37023013830184937
0.370230108499527
0.37023013830184937
0.370230108499527
0.3702300786972046
0.3702300786972046
0.370230108499527
0.370230108499527
0.3702300786972046
0.3702300786972046
0.3702300190925598
0.3702300786972046
0.3702300786972046
0.3702300786972046
0.3702300786972046
0.3702300488948822
0.3702300786972046
0.3702300786972046
0.3702300488948822
0.3702300488948822
0.3702300488948822
0.3702300488948822
0.370230108499527
0.3702299892902374
0.3702300488948822
0.3702300190925598
0.3702299892902374
0.3702300190925598
0.3702300190925598
0.3702300190925598
0.3702300190925598
0.3702299892902374
0.3702299892902374
0.37022995948791504
0.37022995948791504
0.37022995948791504
0.3702300488948822
0.3702299892902374
0.37022995948791504
0.3702300190925598
0.37022995948791504
0.3702299892902374
0.37022995948791504
0.37022995948791504
0.37022995948791504
0.37022995948791504
0.37022989988327026
0.37022989988327026
0.37022989988327026
0.3702299892902374
0.37022989988327026
0.37022989988327026
0.3702298700809479
0.37022995948791504
0.37022989988327026
0.3702298700809479
0.37022989988327026
0.37022989988327026
0.37022989988327026
0.37022995948791504
0.37022989988327026
0.37022989988327026
0.37022989988327026
0.3702298402786255
0.3702298104763031
0.3702298700809479
0.37022989988327026
0.37022989988327026
0.3702298700809479
0.37022989988327026
0.3702298700809479
0.3702298700809479
0.3702298402786255
0.3702298402786255
0.3702298402786255
0.3702298104763031
0.3702298104763031
0.3702298700809479
0.3702298402786255
0.3702298104763031
0.3702298104763031
0.3702298402786255
0.3702298700809479
0.3702298104763031
0.3702297806739807
0.3702298104763031
0.3702297806739807
0.3702298104763031
0.3702297806739807
0.3702298104763031
0.3702297806739807
0.3702297806739807
0.3702297508716583
0.3702298104763031
0.3702297806739807
0.3702297508716583
0.3702297806739807
0.3702297806739807
0.3702297508716583
0.37022972106933594
0.3702297806739807
0.3702297508716583
0.37022972106933594
0.3702297508716583
0.3702297508716583
0.37022972106933594
0.3702297508716583
0.3702297508716583
0.37022966146469116
0.3702297508716583
0.3702297806739807
0.37022972106933594
0.37022972106933594
0.3702297508716583
0.37022966146469116
0.3702297508716583
0.3702296316623688
0.37022972106933594
0.37022966146469116
0.37022966146469116
0.37022966146469116
0.37022966146469116
0.37022966146469116
0.37022972106933594
0.37022966146469116
0.3702296018600464
0.3702296316623688
0.3702296018600464
0.3702296316623688
0.37022966146469116
0.37022966146469116
0.37022966146469116
0.3702296316623688
0.3702296018600464
0.3702296316623688
0.3702296316623688
0.3702296018600464
0.370229572057724
0.3702295422554016
0.3702296018600464
0.3702296018600464
0.370229572057724
0.3702296018600464
0.3702296018600464
0.3702296018600464
0.3702295422554016
0.370229572057724
0.370229572057724
0.370229572057724
0.370229572057724
0.370229572057724
0.3702295422554016
0.3702295422554016
0.3702295124530792
0.3702295422554016
0.37022945284843445
0.3702295124530792
0.37022945284843445
0.3702295124530792
0.3702295124530792
0.3702295124530792
0.3702295422554016
0.37022945284843445
0.3702295422554016
0.370229572057724
0.37022945284843445
0.37022945284843445
0.3702295124530792
0.37022942304611206
0.3702295124530792
0.37022945284843445
0.37022945284843445
0.37022945284843445
0.37022945284843445
0.37022945284843445
0.37022942304611206
0.37022942304611206
0.37022945284843445
0.3702293932437897
0.37022945284843445
0.37022945284843445
0.3702293634414673
0.37022942304611206
0.3702293932437897
0.37022942304611206
0.3702293336391449
0.37022945284843445
0.37022945284843445
0.3702293932437897
0.37022942304611206
0.3702293932437897
0.3702293634414673
0.3702293932437897
0.3702293634414673
0.3702293634414673
0.3702293634414673
0.3702293634414673
0.37022942304611206
0.3702293634414673
0.3702293634414673
0.37022942304611206
0.3702293336391449
0.3702293634414673
0.3702293038368225
0.3702293336391449
0.3702293038368225
0.3702293038368225
0.3702293038368225
0.3702293336391449
0.3702293336391449
0.3702293336391449
0.3702293336391449
0.3702293336391449
0.3702293038368225
0.3702293336391449
0.3702293336391449
0.3702293336391449
0.3702293038368225
0.3702293038368225
0.3702293038368225
0.3702292740345001
0.37022921442985535
0.37022918462753296
0.3702293336391449
0.3702293038368225
0.3702292740345001
0.3702293038368225
0.3702292740345001
0.37022918462753296
0.3702293038368225
0.3702293038368225
0.3702292740345001
0.37022918462753296
0.3702292740345001
0.37022921442985535
0.37022921442985535
0.37022918462753296
0.37022921442985535
0.37022921442985535
0.37022918462753296
0.37022915482521057
0.37022921442985535
0.37022918462753296
0.37022915482521057
0.37022915482521057
0.37022921442985535
0.3702291250228882
0.37022918462753296
0.37022915482521057
0.37022915482521057
0.37022915482521057
0.37022915482521057
0.3702290952205658
0.3702291250228882
0.3702291250228882
0.37022918462753296
0.3702291250228882
0.3702290654182434
0.3702290952205658
0.3702290952205658
0.3702291250228882
0.3702291250228882
0.3702290952205658
0.3702291250228882
0.37022915482521057
0.37022915482521057
0.3702291250228882
0.3702291250228882
0.3702290952205658
0.3702290952205658
0.3702290952205658
0.370229035615921
0.3702290952205658
0.3702290654182434
0.3702290952205658
0.3702290654182434
0.3702290952205658
0.3702290654182434
0.3702290654182434
0.370229035615921
0.3702290654182434
0.37022897601127625
0.3702290654182434
0.370229035615921
0.370229035615921
0.370229035615921
0.370229035615921
0.37022894620895386
0.3702290654182434
0.3702290654182434
0.37022897601127625
0.37022897601127625
0.37022891640663147
0.3702290654182434
0.370229035615921
0.370229035615921
0.37022894620895386
0.37022894620895386
0.37022894620895386
0.37022894620895386
0.37022894620895386
0.37022897601127625
0.37022894620895386
0.37022891640663147
0.3702288568019867
0.37022897601127625
0.37022894620895386
0.3702288866043091
0.37022894620895386
0.37022894620895386
0.37022891640663147
0.3702288568019867
0.3702288866043091
0.3702288568019867
0.37022891640663147
0.37022891640663147
0.37022891640663147
0.3702288866043091
0.3702288866043091
0.3702288269996643
0.37022891640663147
0.3702288866043091
0.37022894620895386
0.37022891640663147
0.3702288866043091
0.3702288269996643
0.3702288568019867
0.3702288269996643
0.3702288568019867
0.3702288568019867
0.3702288269996643
0.3702288269996643
0.3702288269996643
0.3702288866043091
0.3702288568019867
0.3702288269996643
0.37022870779037476
0.3702288568019867
0.3702288568019867
0.37022873759269714
0.3702287971973419
0.3702288269996643
0.3702288269996643
0.3702287971973419
0.3702287971973419
0.37022873759269714
0.37022870779037476
0.3702287971973419
0.3702287971973419
0.3702287971973419
0.37022870779037476
0.37022870779037476
0.37022873759269714
0.37022873759269714
0.37022873759269714
0.3702287971973419
0.37022873759269714
0.37022867798805237
0.37022873759269714
0.37022870779037476
0.3702287971973419
0.37022873759269714
0.37022870779037476
0.37022870779037476
0.37022873759269714
0.37022873759269714
0.37022873759269714
0.37022870779037476
0.37022867798805237
0.37022873759269714
0.37022867798805237
0.37022867798805237
0.37022864818573
0.37022873759269714
0.37022867798805237
0.37022864818573
0.37022867798805237
0.37022870779037476
0.37022867798805237
0.37022864818573
0.37022867798805237
0.37022870779037476
0.3702286183834076
0.37022867798805237
0.3702286183834076
0.37022864818573
0.37022864818573
0.3702286183834076
0.3702285885810852
0.3702286183834076
0.3702286183834076
0.37022867798805237
0.37022864818573
0.37022852897644043
0.3702286183834076
0.3702286183834076
0.3702285885810852
0.3702286183834076
0.3702286183834076
0.37022852897644043
0.37022852897644043
0.3702285885810852
0.3702285885810852
0.37022852897644043
0.37022849917411804
0.37022852897644043
0.3702285885810852
0.37022849917411804
0.3702285885810852
0.37022852897644043
0.37022849917411804
0.37022849917411804
0.37022852897644043
0.37022846937179565
0.37022849917411804
0.37022849917411804
0.37022849917411804
0.37022849917411804
0.37022852897644043
0.37022846937179565
0.37022852897644043
0.37022846937179565
0.3702284097671509
0.37022846937179565
0.37022846937179565
0.3702284097671509
0.37022843956947327
0.37022849917411804
0.37022846937179565
0.37022849917411804
0.37022843956947327
0.37022846937179565
0.37022843956947327
0.37022843956947327
0.37022843956947327
0.37022846937179565
0.37022843956947327
0.3702284097671509
0.37022843956947327
0.37022846937179565
0.37022846937179565
0.3702283501625061
0.3702284097671509
0.3702284097671509
0.3702283799648285
0.37022846937179565
0.3702283799648285
0.3702284097671509
0.3702283799648285
0.3702283501625061
0.3702283799648285
0.3702283799648285
0.3702284097671509
0.37022829055786133
0.3702283799648285
0.37022843956947327
0.3702283799648285
0.3702283799648285
0.37022829055786133
0.3702283501625061
0.37022829055786133
0.3702283501625061
0.37022829055786133
0.3702283501625061
0.3702283501625061
0.37022829055786133
0.37022829055786133
0.3702283501625061
0.37022829055786133
0.37022829055786133
0.3702283501625061
0.37022829055786133
0.37022829055786133
0.37022826075553894
0.37022826075553894
0.37022826075553894
0.37022826075553894
0.37022829055786133
0.37022826075553894
0.37022823095321655
0.37022826075553894
0.37022823095321655
0.37022826075553894
0.37022820115089417
0.37022823095321655
0.37022826075553894
0.37022820115089417
0.37022820115089417
0.37022820115089417
0.37022823095321655
0.37022826075553894
0.37022826075553894
0.37022826075553894
0.3702281713485718
0.37022820115089417
0.3702281415462494
0.37022826075553894
0.3702281415462494
0.3702281713485718
0.37022823095321655
0.37022820115089417
0.3702281713485718
0.3702281713485718
0.370228111743927
0.37022820115089417
0.3702281415462494
0.3702281713485718
0.370228111743927
0.3702281415462494
0.3702281713485718
0.370228111743927
0.3702281713485718
0.3702281415462494
0.37022823095321655
0.3702280521392822
0.370228111743927
0.3702281415462494
0.3702281415462494
0.3702281415462494
0.370228111743927
0.370228111743927
0.3702280521392822
0.370228111743927
0.370228111743927
0.3702280521392822
0.370228111743927
0.3702281415462494
0.3702280521392822
0.370228111743927
0.37022802233695984
0.370228111743927
0.370228111743927
0.3702280521392822
0.37022802233695984
0.3702280521392822
0.37022799253463745
0.3702281415462494
0.37022802233695984
0.37022802233695984
0.37022799253463745
0.37022799253463745
0.37022796273231506
0.37022802233695984
0.37022802233695984
0.37022802233695984
0.37022799253463745
0.37022799253463745
0.37022802233695984
0.37022796273231506
0.37022796273231506
0.37022799253463745
0.37022796273231506
0.37022796273231506
0.3702279329299927
0.37022796273231506
0.37022796273231506
0.3702279329299927
0.37022799253463745
0.37022799253463745
0.37022799253463745
0.37022796273231506
0.3702279031276703
0.3702279329299927
0.3702279031276703
0.3702279329299927
0.3702278733253479
0.37022796273231506
0.3702278733253479
0.3702279329299927
0.3702279329299927
0.3702279329299927
0.3702279329299927
0.3702278137207031
0.3702278733253479
0.3702278733253479
0.3702278733253479
0.3702279031276703
0.3702278733253479
0.3702279031276703
0.3702279329299927
0.3702278137207031
0.3702278733253479
0.3702278137207031
0.3702278137207031
0.3702278733253479
0.3702278733253479
0.3702279031276703
0.3702278733253479
0.3702278137207031
0.3702278733253479
0.37022778391838074
0.3702278137207031
0.3702278137207031
0.3702278137207031
0.37022778391838074
0.37022778391838074
0.3702278137207031
0.37022775411605835
0.3702278733253479
0.37022778391838074
0.3702278733253479
0.37022775411605835
0.37022778391838074
0.37022772431373596
0.37022775411605835
0.3702276945114136
0.37022778391838074
0.37022778391838074
0.37022778391838074
0.37022778391838074
0.3702276945114136
0.37022775411605835
0.37022772431373596
0.37022778391838074
0.3702276945114136
0.37022772431373596
0.3702276647090912
0.37022772431373596
0.37022778391838074
0.37022772431373596
0.37022775411605835
0.37022772431373596
0.3702276647090912
0.37022772431373596
0.3702276945114136
0.3702276945114136
0.3702276945114136
0.3702276945114136
0.3702276647090912
0.3702276945114136
0.3702276647090912
0.3702276945114136
0.3702276051044464
0.3702276647090912
0.370227575302124
0.37022772431373596
0.3702276051044464
0.3702276647090912
0.3702276647090912
0.370227575302124
0.3702276647090912
0.3702276051044464
0.3702276051044464
0.3702276051044464
0.3702276647090912
0.3702276051044464
0.3702276051044464
0.370227575302124
0.370227575302124
0.3702276647090912
0.3702276051044464
0.370227575302124
0.3702276051044464
0.3702276051044464
0.370227575302124
0.370227575302124
0.37022754549980164
0.37022754549980164
0.370227575302124
0.370227575302124
0.37022754549980164
0.370227575302124
0.37022754549980164
0.37022754549980164
0.37022751569747925
0.37022754549980164
0.37022754549980164
0.37022754549980164
0.37022754549980164
0.37022754549980164
0.37022748589515686
0.37022748589515686
0.3702274560928345
0.37022751569747925
0.370227575302124
0.3702274560928345
0.37022751569747925
0.37022751569747925
0.3702274560928345
0.37022748589515686
0.3702274560928345
0.37022748589515686
0.3702274560928345
0.37022748589515686
0.37022748589515686
0.3702274560928345
0.37022748589515686
0.37022748589515686
0.3702274560928345
0.37022748589515686
0.3702274560928345
0.3702274560928345
0.3702274560928345
0.3702274262905121
0.3702274560928345
0.3702274560928345
0.3702274560928345
0.3702273666858673
0.3702273666858673
0.3702273666858673
0.3702273666858673
0.3702274262905121
0.3702274262905121
0.3702273666858673
0.3702274262905121
0.3702274560928345
0.3702274262905121
0.3702273666858673
0.3702274262905121
0.3702273666858673
0.3702273666858673
0.3702274560928345
0.3702273368835449
0.3702273368835449
0.3702273666858673
0.3702273368835449
0.37022730708122253
0.3702273368835449
0.37022727727890015
0.37022727727890015
0.37022724747657776
0.3702273368835449
0.37022727727890015
0.3702273368835449
0.3702273368835449
0.3702273368835449
0.37022730708122253
0.3702273368835449
0.3702273368835449
0.37022730708122253
0.37022727727890015
0.37022730708122253
0.37022730708122253
0.37022724747657776
0.37022727727890015
0.37022727727890015
0.37022724747657776
0.37022724747657776
0.370227187871933
0.37022721767425537
0.37022727727890015
0.37022724747657776
0.37022727727890015
0.37022724747657776
0.37022721767425537
0.37022721767425537
0.37022724747657776
0.370227187871933
0.37022721767425537
0.37022724747657776
0.37022727727890015
0.37022724747657776
0.37022724747657776
0.37022724747657776
0.370227187871933
0.37022721767425537
0.37022721767425537
0.37022721767425537
0.3702271282672882
0.370227187871933
0.37022724747657776
0.37022721767425537
0.3702271282672882
0.37022721767425537
0.3702270984649658
0.370227187871933
0.3702271282672882
0.3702271282672882
0.3702271282672882
0.370227187871933
0.3702271282672882
0.3702271282672882
0.37022721767425537
0.3702270984649658
0.3702271282672882
0.3702270984649658
0.3702270984649658
0.3702270984649658
0.3702270984649658
0.37022706866264343
0.3702270984649658
0.37022706866264343
0.37022703886032104
0.37022706866264343
0.3702270984649658
0.37022703886032104
0.37022706866264343
0.37022706866264343
0.37022703886032104
0.37022706866264343
0.37022703886032104
0.37022706866264343
0.37022706866264343
0.37022703886032104
0.37022700905799866
0.37022697925567627
0.37022700905799866
0.37022703886032104
0.37022703886032104
0.37022703886032104
0.37022700905799866
0.37022700905799866
0.37022703886032104
0.37022703886032104
0.37022700905799866
0.37022697925567627
0.3702269196510315
0.37022703886032104
0.37022700905799866
0.37022697925567627
0.37022697925567627
0.37022697925567627
0.37022697925567627
0.37022697925567627
0.37022697925567627
0.3702268898487091
0.3702269196510315
0.3702268600463867
0.3702269196510315
0.3702268898487091
0.3702268898487091
0.3702268600463867
0.3702268898487091
0.3702268898487091
0.3702268898487091
0.3702269196510315
0.3702268898487091
0.3702269196510315
0.3702268600463867
0.3702268898487091
0.3702268898487091
0.3702268898487091
0.37022683024406433
0.3702268898487091
0.3702268600463867
0.37022683024406433
0.37022683024406433
0.3702268600463867
0.37022680044174194
0.37022680044174194
0.37022680044174194
0.37022683024406433
0.3702268600463867
0.37022683024406433
0.3702268600463867
0.37022680044174194
0.3702268600463867
0.37022680044174194
0.37022683024406433
0.3702268600463867
0.37022680044174194
0.37022680044174194
0.37022680044174194
0.37022680044174194
0.37022680044174194
0.37022680044174194
0.37022680044174194
0.37022674083709717
0.37022677063941956
0.37022677063941956
0.37022674083709717
0.37022683024406433
0.37022674083709717
0.37022677063941956
0.37022677063941956
0.37022674083709717
0.37022674083709717
0.37022677063941956
0.3702266812324524
0.37022677063941956
0.37022674083709717
0.3702266812324524
0.37022677063941956
0.37022674083709717
0.37022674083709717
0.37022677063941956
0.3702266812324524
0.37022677063941956
0.37022674083709717
0.37022674083709717
0.37022665143013
0.3702266812324524
0.37022665143013
0.37022665143013
0.37022665143013
0.37022665143013
0.37022665143013
0.3702266812324524
0.37022665143013
0.37022659182548523
0.37022674083709717
0.37022665143013
0.3702266216278076
0.3702266216278076
0.3702266216278076
0.37022665143013
0.37022665143013
0.3702266216278076
0.37022659182548523
0.3702266216278076
0.37022659182548523
0.37022656202316284
0.37022659182548523
0.3702266216278076
0.37022659182548523
0.37022659182548523
0.3702266216278076
0.37022659182548523
0.37022656202316284
0.37022656202316284
0.37022659182548523
0.37022659182548523
0.37022656202316284
0.37022656202316284
0.37022659182548523
0.37022656202316284
0.37022656202316284
0.37022656202316284
0.37022656202316284
0.37022656202316284
0.37022656202316284
0.37022653222084045
0.37022653222084045
0.37022653222084045
0.37022653222084045
0.37022656202316284
0.37022650241851807
0.37022650241851807
0.3702264428138733
0.37022653222084045
0.37022650241851807
0.37022650241851807
0.3702264428138733
0.37022653222084045
0.37022653222084045
0.3702264428138733
0.37022650241851807
0.3702264428138733
0.37022650241851807
0.37022653222084045
0.3702264428138733
0.37022653222084045
0.3702264130115509
0.3702263832092285
0.3702263832092285
0.3702264428138733
0.3702263832092285
0.3702264130115509
0.37022650241851807
0.3702263832092285
0.3702264130115509
0.3702264130115509
0.3702263832092285
0.3702264428138733
0.3702264130115509
0.3702264130115509
0.37022635340690613
0.3702264130115509
0.3702263832092285
0.37022629380226135
0.3702264130115509
0.3702264428138733
0.3702263832092285
0.3702264130115509
0.37022632360458374
0.3702263832092285
0.3702263832092285
0.37022635340690613
0.37022629380226135
0.37022635340690613
0.3702263832092285
0.37022635340690613
0.37022632360458374
0.37022635340690613
0.37022632360458374
0.37022632360458374
0.37022632360458374
0.37022632360458374
0.37022632360458374
0.37022629380226135
0.37022632360458374
0.37022632360458374
0.37022632360458374
0.37022632360458374
0.37022632360458374
0.37022632360458374
0.37022629380226135
0.37022626399993896
0.37022626399993896
0.37022629380226135
0.37022626399993896
0.37022629380226135
0.3702262043952942
0.3702262043952942
0.37022626399993896
0.37022626399993896
0.37022626399993896
0.37022626399993896
0.37022629380226135
0.37022626399993896
0.3702261745929718
0.3702261745929718
0.37022626399993896
0.370226114988327
0.37022629380226135
0.3702261447906494
0.3702261745929718
0.37022626399993896
0.3702262043952942
0.3702262043952942
0.3702261745929718
0.3702262043952942
0.3702261447906494
0.3702261745929718
0.3702261745929718
0.3702261447906494
0.370226114988327
0.3702262043952942
0.3702262043952942
0.370226114988327
0.3702261447906494
0.3702261447906494
0.37022608518600464
0.37022608518600464
0.37022608518600464
0.370226114988327
0.37022608518600464
0.370226114988327
0.370226114988327
0.3702261447906494
0.3702261447906494
0.370226114988327
0.370226114988327
0.370226114988327
0.3702261447906494
0.3702261447906494
0.37022605538368225
0.37022605538368225
0.37022608518600464
0.37022608518600464
0.3702259957790375
0.37022605538368225
0.3702261447906494
0.37022605538368225
0.3702259957790375
0.3702259957790375
0.3702259957790375
0.37022605538368225
0.3702259957790375
0.37022605538368225
0.3702259957790375
0.3702259957790375
0.37022605538368225
0.37022605538368225
0.37022605538368225
0.3702259957790375
0.3702259957790375
0.3702259659767151
0.3702259659767151
0.3702259361743927
0.37022605538368225
0.3702259957790375
0.3702259659767151
0.3702259361743927
0.3702259659767151
0.3702259659767151
0.3702259659767151
0.3702259659767151
0.3702259659767151
0.3702259361743927
0.3702259063720703
0.3702259063720703
0.3702259063720703
0.3702259361743927
0.3702259063720703
0.3702259659767151
0.3702259361743927
0.3702259361743927
0.3702259063720703
0.3702259063720703
0.3702259063720703
0.3702258765697479
0.3702259063720703
0.3702259063720703
0.3702259063720703
0.3702258765697479
0.3702259063720703
0.3702258765697479
0.37022584676742554
0.3702258765697479
0.37022581696510315
0.3702259063720703
0.3702259063720703
0.3702258765697479
0.3702259063720703
0.37022584676742554
0.3702259063720703
0.37022584676742554
0.3702257573604584
0.37022584676742554
0.3702258765697479
0.37022581696510315
0.37022584676742554
0.3702257573604584
0.3702257573604584
0.37022581696510315
0.37022584676742554
0.37022581696510315
0.370225727558136
0.37022584676742554
0.370225727558136
0.3702257573604584
0.37022581696510315
0.370225727558136
0.37022581696510315
0.37022581696510315
0.37022581696510315
0.370225727558136
0.370225727558136
0.370225727558136
0.3702257573604584
0.370225727558136
0.370225727558136
0.3702256977558136
0.3702256679534912
0.3702256977558136
0.370225727558136
0.3702256679534912
0.370225727558136
0.3702256977558136
0.3702256977558136
0.3702256679534912
0.3702257573604584
0.3702256679534912
0.3702256977558136
0.3702256977558136
0.3702256977558136
0.3702256977558136
0.3702257573604584
0.3702256977558136
0.3702256977558136
0.3702256977558136
0.3702256977558136
0.37022560834884644
0.3702256679534912
0.3702256977558136
0.3702256381511688
0.3702256381511688
0.3702256679534912
0.370225727558136
0.3702256381511688
0.3702256679534912
0.3702256679534912
0.37022557854652405
0.3702256679534912
0.37022560834884644
0.37022557854652405
0.37022560834884644
0.3702256679534912
0.37022560834884644
0.37022557854652405
0.37022557854652405
0.37022557854652405
0.3702256381511688
0.37022557854652405
0.37022557854652405
0.37022557854652405
0.37022560834884644
0.3702255189418793
0.3702255189418793
0.3702255189418793
0.3702255189418793
0.37022557854652405
0.37022557854652405
0.37022557854652405
0.37022560834884644
0.3702255189418793
0.3702255189418793
0.37022557854652405
0.37022557854652405
0.3702254891395569
0.37022557854652405
0.3702254891395569
0.3702254593372345
0.3702254593372345
0.3702255189418793
0.3702254593372345
0.3702254593372345
0.3702255189418793
0.37022557854652405
0.3702254593372345
0.3702254593372345
0.3702254593372345
0.3702255189418793
0.3702254593372345
0.3702254295349121
0.3702254593372345
0.3702254593372345
0.3702253997325897
0.3702254593372345
0.3702254295349121
0.3702254593372345
0.3702254295349121
0.3702254593372345
0.3702254295349121
0.3702253997325897
0.3702253997325897
0.3702253997325897
0.37022536993026733
0.3702254593372345
0.3702254295349121
0.3702253997325897
0.3702253997325897
0.3702253997325897
0.3702253997325897
0.37022536993026733
0.37022536993026733
0.3702253997325897
0.3702254295349121
0.37022534012794495
0.37022528052330017
0.37022536993026733
0.3702253997325897
0.37022536993026733
0.3702253997325897
0.37022536993026733
0.37022536993026733
0.37022536993026733
0.37022536993026733
0.37022536993026733
0.3702253997325897
0.37022536993026733
0.37022528052330017
0.37022534012794495
0.37022528052330017
0.3702252507209778
0.37022536993026733
0.37022528052330017
0.37022536993026733
0.37022536993026733
0.37022528052330017
0.37022528052330017
0.37022528052330017
0.37022528052330017
0.37022528052330017
0.37022528052330017
0.3702252209186554
0.3702252507209778
0.37022528052330017
0.37022528052330017
0.37022528052330017
0.37022534012794495
0.37022528052330017
0.37022528052330017
0.37022528052330017
0.37022528052330017
0.3702252507209778
0.3702252507209778
0.3702252209186554
0.3702252209186554
0.3702252209186554
0.3702252209186554
0.3702252209186554
0.3702252507209778
0.3702252209186554
0.3702252209186554
0.370225191116333
0.370225191116333
0.370225191116333
0.3702251613140106
0.370225191116333
0.3702252209186554
0.3702251613140106
0.370225191116333
0.3702251613140106
0.370225191116333
0.37022513151168823
0.37022513151168823
0.37022513151168823
0.3702251613140106
0.3702251613140106
0.37022513151168823
0.370225191116333
0.37022513151168823
0.37022513151168823
0.3702251613140106
0.3702251613140106
0.37022513151168823
0.37022504210472107
0.37022507190704346
0.37022513151168823
0.37022513151168823
0.37022507190704346
0.37022504210472107
0.37022504210472107
0.37022513151168823
0.37022504210472107
0.37022513151168823
0.37022507190704346
0.37022504210472107
0.37022504210472107
0.37022513151168823
0.3702250123023987
0.37022507190704346
0.3702250123023987
0.3702249825000763
0.37022507190704346
0.37022507190704346
0.37022504210472107
0.37022513151168823
0.3702249825000763
0.37022507190704346
0.3702250123023987
0.3702249526977539
0.37022504210472107
0.3702249825000763
0.3702249825000763
0.3702249825000763
0.3702249825000763
0.3702249825000763
0.3702250123023987
0.3702249825000763
0.3702249228954315
0.3702249825000763
0.3702249526977539
0.3702250123023987
0.3702249825000763
0.3702249825000763
0.3702249228954315
0.3702250123023987
0.3702249526977539
0.3702249526977539
0.3702249526977539
0.3702249825000763
0.3702249526977539
0.3702249825000763
0.37022489309310913
0.3702249228954315
0.3702249526977539
0.3702249526977539
0.3702249228954315
0.3702249228954315
0.3702249228954315
0.37022489309310913
0.3702249228954315
0.37022489309310913
0.37022489309310913
0.37022489309310913
0.37022483348846436
0.37022489309310913
0.3702249228954315
0.37022489309310913
0.37022489309310913
0.37022483348846436
0.37022480368614197
0.3702249228954315
0.37022483348846436
0.37022483348846436
0.3702247738838196
0.37022483348846436
0.37022480368614197
0.3702247738838196
0.3702247738838196
0.37022480368614197
0.37022489309310913
0.3702247738838196
0.37022480368614197
0.37022483348846436
0.3702247738838196
0.37022483348846436
0.37022480368614197
0.37022480368614197
0.37022480368614197
0.37022480368614197
0.37022480368614197
0.3702247738838196
0.37022483348846436
0.37022480368614197
0.3702247440814972
0.3702247440814972
0.3702247440814972
0.3702247440814972
0.37022480368614197
0.3702247142791748
0.3702247738838196
0.3702247440814972
0.3702247142791748
0.3702247738838196
0.37022465467453003
0.3702247142791748
0.3702247142791748
0.3702247440814972
0.3702247440814972
0.3702246844768524
0.3702247142791748
0.3702246844768524
0.3702246844768524
0.3702247142791748
0.3702247142791748
0.3702247142791748
0.3702246844768524
0.3702247142791748
0.3702246844768524
0.3702246844768524
0.3702246844768524
0.37022465467453003
0.3702246844768524
0.37022465467453003
0.3702246844768524
0.37022459506988525
0.37022459506988525
0.37022465467453003
0.3702246844768524
0.37022459506988525
0.37022459506988525
0.37022465467453003
0.3702246844768524
0.37022459506988525
0.37022459506988525
0.3702246844768524
0.37022459506988525
0.37022459506988525
0.37022456526756287
0.37022456526756287
0.37022459506988525
0.37022459506988525
0.3702245354652405
0.37022456526756287
0.3702245354652405
0.37022456526756287
0.37022459506988525
0.3702245354652405
0.37022456526756287
0.3702245354652405
0.3702245056629181
0.3702245354652405
0.3702245354652405
0.3702245354652405
0.37022456526756287
0.3702245354652405
0.3702245354652405
0.3702245056629181
0.3702245354652405
0.3702244758605957
0.3702244758605957
0.3702245056629181
0.3702245354652405
0.3702244758605957
0.3702245354652405
0.3702244758605957
0.3702244758605957
0.3702244758605957
0.3702245354652405
0.3702244758605957
0.37022435665130615
0.3702245056629181
0.3702244460582733
0.3702245056629181
0.3702244758605957
0.3702244758605957
0.3702244460582733
0.37022438645362854
0.3702244460582733
0.37022438645362854
0.37022435665130615
0.37022435665130615
0.37022435665130615
0.3702244460582733
0.3702244758605957
0.37022438645362854
0.37022438645362854
0.37022438645362854
0.37022438645362854
0.37022438645362854
0.3702244460582733
0.3702244460582733
0.37022438645362854
0.37022432684898376
0.37022438645362854
0.37022438645362854
0.37022435665130615
0.37022432684898376
0.37022438645362854
0.37022435665130615
0.37022432684898376
0.3702242970466614
0.37022435665130615
0.3702242970466614
0.370224267244339
0.370224267244339
0.3702242970466614
0.37022432684898376
0.37022432684898376
0.3702242970466614
0.37022432684898376
0.37022432684898376
0.37022432684898376
0.37022432684898376
0.3702242970466614
0.37022432684898376
0.3702242970466614
0.3702242970466614
0.370224267244339
0.3702242970466614
0.370224267244339
0.3702242970466614
0.3702242970466614
0.3702242970466614
0.370224267244339
0.3702242374420166
0.3702242374420166
0.3702242970466614
0.370224267244339
0.370224267244339
0.3702242374420166
0.3702242374420166
0.3702242374420166
0.3702242374420166
0.3702242374420166
0.370224267244339
0.370224267244339
0.37022414803504944
0.3702242374420166
0.3702242076396942
0.3702242374420166
0.3702242076396942
0.3702242374420166
0.3702242076396942
0.37022414803504944
0.3702242076396942
0.3702242374420166
0.3702242076396942
0.37022414803504944
0.37022411823272705
0.3702242076396942
0.37022414803504944
0.3702242076396942
0.37022414803504944
0.37022414803504944
0.37022414803504944
0.37022414803504944
0.37022411823272705
0.37022411823272705
0.37022414803504944
0.37022411823272705
0.37022414803504944
0.37022411823272705
0.37022411823272705
0.37022414803504944
0.37022408843040466
0.37022411823272705
0.37022414803504944
0.37022411823272705
0.37022411823272705
0.37022411823272705
0.3702240586280823
0.37022408843040466
0.3702240288257599
0.3702240586280823
0.3702240586280823
0.3702240586280823
0.3702240288257599
0.37022408843040466
0.3702240586280823
0.3702240586280823
0.3702239990234375
0.3702239990234375
0.3702239990234375
0.3702240586280823
0.3702240288257599
0.3702240586280823
0.3702240288257599
0.3702239692211151
0.3702239990234375
0.3702239990234375
0.3702239692211151
0.3702240288257599
0.3702240288257599
0.3702239692211151
0.3702240288257599
0.3702239692211151
0.3702239692211151
0.37022390961647034
0.3702239990234375
0.3702239990234375
0.3702239692211151
0.3702239990234375
0.37022390961647034
0.3702240288257599
0.3702239692211151
0.3702239692211151
0.37022390961647034
0.37022390961647034
0.3702239692211151
0.37022387981414795
0.3702239692211151
0.37022390961647034
0.3702239692211151
0.37022390961647034
0.37022387981414795
0.37022390961647034
0.37022390961647034
0.3702239692211151
0.3702239692211151
0.37022385001182556
0.37022390961647034
0.37022385001182556
0.37022390961647034
0.37022387981414795
0.37022385001182556
0.3702238202095032
0.37022385001182556
0.37022385001182556
0.37022387981414795
0.37022387981414795
0.37022387981414795
0.37022387981414795
0.37022387981414795
0.3702238202095032
0.3702238202095032
0.3702238202095032
0.37022387981414795
0.3702238202095032
0.37022385001182556
0.3702238202095032
0.37022385001182556
0.3702238202095032
0.3702237904071808
0.3702238202095032
0.3702237904071808
0.3702238202095032
0.3702238202095032
0.37022385001182556
0.3702237904071808
0.3702237606048584
0.3702237904071808
0.370223730802536
0.3702237606048584
0.3702238202095032
0.3702238202095032
0.3702237904071808
0.370223730802536
0.3702237606048584
0.3702237606048584
0.3702237606048584
0.3702237606048584
0.3702237904071808
0.370223730802536
0.370223730802536
0.3702237606048584
0.370223730802536
0.370223730802536
0.37022367119789124
0.37022364139556885
0.370223730802536
0.370223730802536
0.37022367119789124
0.37022364139556885
0.370223730802536
0.37022367119789124
0.37022367119789124
0.370223730802536
0.37022364139556885
0.37022364139556885
0.37022364139556885
0.37022364139556885
0.37022367119789124
0.37022361159324646
0.370223730802536
0.37022361159324646
0.37022364139556885
0.37022361159324646
0.37022364139556885
0.37022361159324646
0.3702235817909241
0.37022361159324646
0.37022367119789124
0.37022361159324646
0.37022364139556885
0.37022364139556885
0.3702235817909241
0.37022361159324646
0.37022364139556885
0.37022361159324646
0.3702235817909241
0.3702235817909241
0.37022361159324646
0.3702235519886017
0.3702235519886017
0.3702235519886017
0.3702235817909241
0.3702235519886017
0.3702235817909241
0.3702235519886017
0.3702235519886017
0.3702235519886017
0.3702235519886017
0.3702235221862793
0.3702235817909241
0.3702235519886017
0.37022361159324646
0.3702235221862793
0.3702234625816345
0.3702235221862793
0.3702234625816345
0.37022343277931213
0.3702235221862793
0.3702234625816345
0.37022343277931213
0.37022343277931213
0.3702235519886017
0.3702235221862793
0.3702234625816345
0.3702234625816345
0.3702234625816345
0.37022343277931213
0.37022340297698975
0.3702235221862793
0.3702234625816345
0.37022340297698975
0.37022343277931213
0.37022343277931213
0.37022343277931213
0.37022340297698975
0.37022340297698975
0.3702234625816345
0.37022337317466736
0.3702234625816345
0.37022337317466736
0.37022343277931213
0.37022334337234497
0.37022340297698975
0.37022340297698975
0.37022340297698975
0.37022337317466736
0.37022337317466736
0.37022337317466736
0.37022337317466736
0.37022343277931213
0.37022337317466736
0.37022334337234497
0.37022337317466736
0.37022340297698975
0.37022337317466736
0.37022337317466736
0.37022334337234497
0.37022334337234497
0.37022334337234497
0.3702234625816345
0.37022334337234497
0.3702233135700226
0.37022334337234497
0.37022340297698975
0.3702233135700226
0.3702233135700226
0.3702233135700226
0.3702232241630554
0.3702232837677002
0.3702233135700226
0.3702233135700226
0.37022334337234497
0.3702232837677002
0.37022334337234497
0.3702233135700226
0.3702232837677002
0.3702232241630554
0.3702233135700226
0.3702232241630554
0.3702232837677002
0.37022319436073303
0.3702233135700226
0.3702232837677002
0.37022319436073303
0.3702232837677002
0.3702232241630554
0.3702232837677002
0.37022319436073303
0.3702232837677002
0.37022319436073303
0.3702232837677002
0.3702232241630554
0.37022319436073303
0.37022319436073303
0.37022319436073303
0.37022319436073303
0.37022316455841064
0.37022316455841064
0.3702232241630554
0.37022316455841064
0.37022316455841064
0.37022319436073303
0.37022313475608826
0.37022310495376587
0.3702232241630554
0.37022313475608826
0.37022316455841064
0.37022310495376587
0.37022313475608826
0.37022313475608826
0.37022313475608826
0.37022313475608826
0.37022313475608826
0.3702230751514435
0.37022310495376587
0.37022313475608826
0.37022316455841064
0.37022313475608826
0.3702230751514435
0.37022316455841064
0.37022310495376587
0.37022313475608826
0.3702230751514435
0.37022313475608826
0.37022310495376587
0.37022310495376587
0.3702230751514435
0.3702230751514435
0.37022310495376587
0.3702230751514435
0.37022310495376587
0.3702230453491211
0.3702230751514435
0.3702230751514435
0.3702230751514435
0.3702230453491211
0.3702230453491211
0.3702229857444763
0.37022310495376587
0.3702230453491211
0.3702230453491211
0.3702230751514435
0.3702229857444763
0.3702230453491211
0.3702230453491211
0.3702229857444763
0.3702229857444763
0.3702229857444763
0.37022295594215393
0.3702229857444763
0.37022289633750916
0.3702229857444763
0.37022295594215393
0.3702230453491211
0.3702229857444763
0.37022295594215393
0.37022295594215393
0.3702229857444763
0.37022292613983154
0.37022295594215393
0.37022295594215393
0.37022295594215393
0.3702229857444763
0.37022295594215393
0.37022295594215393
0.37022295594215393
0.37022295594215393
0.3702229857444763
0.37022292613983154
0.37022289633750916
0.37022286653518677
0.37022289633750916
0.37022292613983154
0.37022286653518677
0.37022295594215393
0.37022289633750916
0.37022286653518677
0.37022289633750916
0.37022286653518677
0.37022289633750916
0.37022286653518677
0.37022286653518677
0.37022286653518677
0.3702228367328644
0.3702228367328644
0.370222806930542
0.37022286653518677
0.3702228367328644
0.37022286653518677
0.37022286653518677
0.370222806930542
0.370222806930542
0.3702228367328644
0.3702228367328644
0.37022286653518677
0.370222806930542
0.3702228367328644
0.370222806930542
0.3702228367328644
0.3702227473258972
0.37022271752357483
0.370222806930542
0.3702227473258972
0.370222806930542
0.370222806930542
0.3702228367328644
0.3702228367328644
0.370222806930542
0.3702227473258972
0.3702227473258972
0.37022268772125244
0.37022286653518677
0.370222806930542
0.3702227473258972
0.3702227473258972
0.3702227473258972
0.370222806930542
0.3702227473258972
0.3702227473258972
0.37022271752357483
0.37022268772125244
0.37022268772125244
0.37022268772125244
0.37022271752357483
0.37022268772125244
0.37022271752357483
0.37022271752357483
0.37022268772125244
0.3702227473258972
0.37022268772125244
0.37022268772125244
0.37022271752357483
0.37022265791893005
0.37022271752357483
0.37022265791893005
0.37022265791893005
0.37022268772125244
0.37022262811660767
0.37022268772125244
0.37022268772125244
0.37022262811660767
0.37022262811660767
0.37022265791893005
0.37022265791893005
0.37022265791893005
0.37022265791893005
0.37022262811660767
0.37022265791893005
0.37022265791893005
0.37022265791893005
0.37022262811660767
0.37022265791893005
0.3702225983142853
0.3702225387096405
0.3702225983142853
0.3702225983142853
0.3702225387096405
0.37022262811660767
0.37022262811660767
0.3702225983142853
0.3702225387096405
0.3702225983142853
0.3702225983142853
0.37022262811660767
0.3702225983142853
0.3702225387096405
0.3702225387096405
0.3702225089073181
0.3702225387096405
0.3702225387096405
0.3702225089073181
0.3702225387096405
0.3702225089073181
0.3702225983142853
0.3702224791049957
0.3702225089073181
0.3702225089073181
0.3702225089073181
0.3702225089073181
0.37022244930267334
0.3702224791049957
0.37022244930267334
0.3702224791049957
0.3702225089073181
0.3702225089073181
0.37022244930267334
0.37022244930267334
0.3702224791049957
0.37022241950035095
0.3702225089073181
0.37022244930267334
0.37022244930267334
0.37022241950035095
0.3702224791049957
0.37022241950035095
0.37022244930267334
0.37022238969802856
0.37022241950035095
0.37022244930267334
0.37022238969802856
0.37022238969802856
0.37022244930267334
0.37022241950035095
0.37022241950035095
0.37022238969802856
0.3702223598957062
0.37022238969802856
0.37022238969802856
0.37022238969802856
0.37022238969802856
0.37022238969802856
0.3702223598957062
0.3702223598957062
0.3702223598957062
0.3702223598957062
0.3702223598957062
0.3702223598957062
0.3702223598957062
0.37022238969802856
0.37022238969802856
0.3702223002910614
0.3702223002910614
0.3702223002910614
0.3702223598957062
0.3702223598957062
0.37022238969802856
0.3702223598957062
0.3702223002910614
0.370222270488739
0.3702223002910614
0.3702223002910614
0.37022238969802856
0.370222270488739
0.3702223002910614
0.3702223002910614
0.3702223002910614
0.370222270488739
0.3702223002910614
0.370222270488739
0.3702222406864166
0.3702223002910614
0.3702222406864166
0.370222270488739
0.370222270488739
0.37022221088409424
0.3702222406864166
0.37022218108177185
0.370222270488739
0.37022215127944946
0.37022221088409424
0.370222270488739
0.37022221088409424
0.3702222406864166
0.3702222406864166
0.37022221088409424
0.37022215127944946
0.3702222406864166
0.37022221088409424
0.37022221088409424
0.37022218108177185
0.37022221088409424
0.3702221214771271
0.37022215127944946
0.37022218108177185
0.37022221088409424
0.37022218108177185
0.37022215127944946
0.3702221214771271
0.37022215127944946
0.37022215127944946
0.3702221214771271
0.37022218108177185
0.37022215127944946
0.37022218108177185
0.37022215127944946
0.3702221214771271
0.37022215127944946
0.3702221214771271
0.3702221214771271
0.37022215127944946
0.37022215127944946
0.3702220320701599
0.3702220618724823
0.3702220618724823
0.37022215127944946
0.3702220618724823
0.3702221214771271
0.3702220022678375
0.3702220618724823
0.3702221214771271
0.3702220618724823
0.3702220320701599
0.3702221214771271
0.3702220320701599
0.37022215127944946
0.3702220618724823
0.3702221214771271
0.3702220618724823
0.3702220618724823
0.3702220320701599
0.3702220320701599
0.3702220320701599
0.37022197246551514
0.3702220320701599
0.3702220022678375
0.3702220320701599
0.3702220022678375
0.3702220618724823
0.37022197246551514
0.3702220320701599
0.3702220022678375
0.3702220320701599
0.3702220022678375
0.3702220022678375
0.3702220022678375
0.37022194266319275
0.37022194266319275
0.37022194266319275
0.37022197246551514
0.3702220320701599
0.37022197246551514
0.37022194266319275
0.37022194266319275
0.37022194266319275
0.37022194266319275
0.37022194266319275
0.37022191286087036
0.37022191286087036
0.37022191286087036
0.37022197246551514
0.37022191286087036
0.37022191286087036
0.37022194266319275
0.37022194266319275
0.37022191286087036
0.3702218532562256
0.3702218532562256
0.37022191286087036
0.37022191286087036
0.37022197246551514
0.37022191286087036
0.3702218532562256
0.3702218234539032
0.37022194266319275
0.3702218532562256
0.3702218532562256
0.3702217936515808
0.3702218532562256
0.3702218234539032
0.3702218234539032
0.3702217638492584
0.3702217936515808
0.3702217936515808
0.3702218532562256
0.3702217936515808
0.3702217936515808
0.3702218532562256
0.3702217638492584
0.3702218234539032
0.3702217936515808
0.3702218234539032
0.3702218234539032
0.3702217936515808
0.3702217936515808
0.37022173404693604
0.3702217936515808
0.3702217936515808
0.3702217936515808
0.3702217638492584
0.3702217936515808
0.3702217936515808
0.3702217638492584
0.37022173404693604
0.3702217638492584
0.37022173404693604
0.37022170424461365
0.37022173404693604
0.37022170424461365
0.3702217638492584
0.37022173404693604
0.3702217638492584
0.3702217638492584
0.3702217638492584
0.37022170424461365
0.37022167444229126
0.37022173404693604
0.37022167444229126
0.37022167444229126
0.37022170424461365
0.37022167444229126
0.37022167444229126
0.37022170424461365
0.3702216148376465
0.37022170424461365
0.37022173404693604
0.37022170424461365
0.37022167444229126
0.3702216148376465
0.37022167444229126
0.37022167444229126
0.37022167444229126
0.37022167444229126
0.37022167444229126
0.3702215850353241
0.3702215850353241
0.3702215850353241
0.3702215850353241
0.3702216148376465
0.3702216148376465
0.37022167444229126
0.3702216148376465
0.3702215850353241
0.3702215850353241
0.3702215850353241
0.3702216148376465
0.3702215850353241
0.3702215850353241
0.3702215552330017
0.3702215254306793
0.3702215552330017
0.3702215850353241
0.3702215552330017
0.3702215552330017
0.3702215850353241
0.3702215254306793
0.3702215552330017
0.3702215552330017
0.3702215254306793
0.3702215254306793
0.37022149562835693
0.37022149562835693
0.3702215552330017
0.3702215552330017
0.37022149562835693
0.3702215254306793
0.37022149562835693
0.37022149562835693
0.37022149562835693
0.3702215254306793
0.3702215254306793
0.37022149562835693
0.3702215552330017
0.37022146582603455
0.3702215254306793
0.37022149562835693
0.37022146582603455
0.37022146582603455
0.37022149562835693
0.37022143602371216
0.37022146582603455
0.37022149562835693
0.37022146582603455
0.37022143602371216
0.37022143602371216
0.37022143602371216
0.3702213168144226
0.3702213764190674
0.37022143602371216
0.37022146582603455
0.370221346616745
0.3702213764190674
0.3702213764190674
0.37022146582603455
0.37022143602371216
0.37022146582603455
0.37022143602371216
0.370221346616745
0.37022149562835693
0.3702213764190674
0.37022143602371216
0.3702213764190674
0.3702213764190674
0.3702213764190674
0.370221346616745
0.3702213764190674
0.3702213764190674
0.370221346616745
0.370221346616745
0.370221346616745
0.3702213168144226
0.370221346616745
0.3702213168144226
0.370221346616745
0.3702213168144226
0.370221346616745
0.3702213168144226
0.3702213168144226
0.3702213168144226
0.3702213168144226
0.3702213168144226
0.37022125720977783
0.3702213168144226
0.370221346616745
0.37022122740745544
0.37022125720977783
0.3702213168144226
0.3702212870121002
0.3702212870121002
0.3702212870121002
0.3702213168144226
0.37022125720977783
0.37022125720977783
0.3702213168144226
0.3702212870121002
0.37022119760513306
0.37022122740745544
0.3702212870121002
0.3702212870121002
0.37022125720977783
0.37022125720977783
0.37022125720977783
0.37022122740745544
0.37022119760513306
0.37022122740745544
0.37022119760513306
0.37022119760513306
0.3702212870121002
0.37022119760513306
0.37022122740745544
0.37022122740745544
0.37022119760513306
0.37022119760513306
0.37022119760513306
0.3702211380004883
0.37022119760513306
0.37022119760513306
0.3702211380004883
0.3702211380004883
0.37022119760513306
0.3702211380004883
0.3702211081981659
0.37022122740745544
0.3702211380004883
0.37022119760513306
0.3702211081981659
0.3702211081981659
0.3702211380004883
0.3702211380004883
0.3702210783958435
0.3702211380004883
0.3702211081981659
0.3702211081981659
0.3702211081981659
0.3702210783958435
0.3702211081981659
0.3702211081981659
0.3702211081981659
0.3702211380004883
0.3702210485935211
0.3702210485935211
0.3702211081981659
0.3702210485935211
0.3702210783958435
0.3702210783958435
0.3702211081981659
0.3702210485935211
0.3702211081981659
0.3702210485935211
0.3702210783958435
0.3702210783958435
0.3702210783958435
0.37022101879119873
0.3702210485935211
0.3702211081981659
0.37022092938423157
0.37022101879119873
0.37022101879119873
0.37022101879119873
0.37022101879119873
0.3702210485935211
0.3702210783958435
0.37022098898887634
0.37022092938423157
0.37022092938423157
0.37022101879119873
0.3702208995819092
0.37022092938423157
0.37022092938423157
0.37022098898887634
0.3702208995819092
0.37022092938423157
0.3702210485935211
0.37022092938423157
0.37022092938423157
0.3702208995819092
0.37022098898887634
0.3702208995819092
0.37022092938423157
0.37022092938423157
0.37022098898887634
0.37022092938423157
0.3702208697795868
0.37022098898887634
0.3702208697795868
0.37022098898887634
0.3702208697795868
0.3702208697795868
0.3702208995819092
0.3702208995819092
0.37022092938423157
0.3702208697795868
0.3702208995819092
0.3702208399772644
0.3702208995819092
