0.7286996841430664
0.6833083033561707
0.6468868255615234
0.6196836829185486
0.5993551015853882
0.5836202502250671
0.5705435276031494
0.5594037175178528
0.5494677424430847
0.5406259894371033
0.5325450897216797
0.5265406966209412
0.5211513042449951
0.5160176157951355
0.5123175382614136
0.508963406085968
0.5061081647872925
0.5036226511001587
0.5014227032661438
0.499472051858902
0.49766674637794495
0.49576663970947266
0.49434828758239746
0.4927472472190857
0.4915246367454529
0.4905301332473755
0.48877814412117004
0.48759764432907104
0.48638471961021423
0.48527565598487854
0.48430904746055603
0.48338839411735535
0.48239126801490784
0.48149022459983826
0.4806126356124878
0.47963467240333557
0.47829514741897583
0.47712135314941406
0.4764532148838043
0.47578611969947815
0.474578320980072
0.4739351272583008
0.4732596278190613
0.47245004773139954
0.4723023474216461
0.47112271189689636
0.4712446331977844
0.4701630473136902
0.46979182958602905
0.4691005349159241
0.46891865134239197
0.46827611327171326
0.46769875288009644
0.467372328042984
0.4669071137905121
0.4661533534526825
0.4659794867038727
0.4657512307167053
0.465048611164093
0.46532097458839417
0.46457967162132263
0.46454888582229614
0.46380919218063354
0.4635874629020691
0.4631524682044983
0.4629520773887634
0.46252521872520447
0.4625590443611145
0.4619731903076172
0.4616113007068634
0.461379736661911
0.46092498302459717
0.4606902599334717
0.4604429602622986
0.46010687947273254
0.4599568247795105
0.45963895320892334
0.459557443857193
0.4597286880016327
0.45901158452033997
0.45860132575035095
0.45829513669013977
0.4583340883255005
0.4579664170742035
0.45797473192214966
0.4574666917324066
0.45726272463798523
0.4571489691734314
0.45673274993896484
0.45683079957962036
0.4563978612422943
0.4562274217605591
0.45627203583717346
0.45565366744995117
0.455277681350708
0.45526760816574097
0.4550383985042572
0.4548207223415375
0.45451444387435913
0.45433685183525085
0.4540697932243347
0.4539504647254944
0.45379042625427246
0.4535326063632965
0.4532504379749298
0.45327985286712646
0.4529465138912201
0.4529748260974884
0.4523811638355255
0.45246005058288574
0.45220544934272766
0.4520406723022461
0.4517327845096588
0.45182839035987854
0.4517561197280884
0.45142486691474915
0.45120155811309814
0.45093679428100586
0.4507561922073364
0.4507664144039154
0.45072460174560547
0.45034244656562805
0.45048317313194275
0.45016103982925415
0.4504024386405945
0.4497833549976349
0.44969066977500916
0.44947710633277893
0.4494692087173462
0.44917139410972595
0.4494144916534424
0.44920551776885986
0.4487403333187103
0.44893717765808105
0.44887688755989075
0.4486229419708252
0.44870346784591675
0.44829061627388
0.4483746886253357
0.44818130135536194
0.4482361972332001
0.4480948746204376
0.4480664134025574
0.44770127534866333
0.44774869084358215
0.44769221544265747
0.44741639494895935
0.4472559094429016
0.4470534920692444
0.44701001048088074
0.44704943895339966
0.44707655906677246
0.446953147649765
0.44686824083328247
0.4467763304710388
0.4467625916004181
0.44666919112205505
0.44666457176208496
0.4466125965118408
0.446621298789978
0.4464869797229767
0.44643834233283997
0.4466838240623474
0.446365624666214
0.44632795453071594
0.446384072303772
0.44627082347869873
0.4461982548236847
0.4462736248970032
0.44609585404396057
0.4461565613746643
0.44619184732437134
0.445980966091156
0.4461609721183777
0.44604775309562683
0.4459091126918793
0.4458150863647461
0.4459773302078247
0.4457458257675171
0.44579148292541504
0.4457138180732727
0.4458320438861847
0.44564563035964966
0.4455597400665283
0.44563424587249756
0.4455365538597107
0.44545698165893555
0.445475310087204
0.4454898238182068
0.44540995359420776
0.44545674324035645
0.44545459747314453
0.4452519714832306
0.4454652667045593
0.4451974034309387
0.44532591104507446
0.4451267719268799
0.4451046884059906
0.44504666328430176
0.44501039385795593
0.4449422061443329
0.44500696659088135
0.44502779841423035
0.4448067843914032
0.4447872042655945
0.44479602575302124
0.44474345445632935
0.44473761320114136
0.444746732711792
0.44471004605293274
0.44468867778778076
0.44471800327301025
0.44491297006607056
0.44459664821624756
0.4446004331111908
0.4444386065006256
0.4444638788700104
0.4444807767868042
0.44438669085502625
0.44433456659317017
0.44439980387687683
0.44432032108306885
0.44443684816360474
0.44419124722480774
0.4443020522594452
0.4441252648830414
0.44408363103866577
0.44451308250427246
0.4440491795539856
0.44399353861808777
0.4439898133277893
0.44412729144096375
0.44391822814941406
0.4438598155975342
0.4439117908477783
0.4438144266605377
0.44374722242355347
0.44383761286735535
0.4437475800514221
0.44378259778022766
0.443617582321167
0.4437735378742218
0.44361457228660583
0.4435711205005646
0.44357943534851074
0.4434688985347748
0.4434814453125
0.44345325231552124
0.4433194398880005
0.4433736503124237
0.44332098960876465
0.4432944357395172
0.44341355562210083
0.44324642419815063
0.44322454929351807
0.44319549202919006
0.44326266646385193
0.44321686029434204
0.4431638717651367
0.44326624274253845
0.4431414306163788
0.44310566782951355
0.4430895149707794
0.44317370653152466
0.4430832266807556
0.4430464804172516
0.44305068254470825
0.44308871030807495
0.4429950714111328
0.44302690029144287
0.4429837167263031
0.44300952553749084
0.4429408609867096
0.44293177127838135
0.4430024325847626
0.44291022419929504
0.4429279863834381
0.44291651248931885
0.44287437200546265
0.44281890988349915
0.44279590249061584
0.4428177773952484
0.4427272081375122
0.44282248616218567
0.4427855908870697
0.442816823720932
0.44273823499679565
0.44282254576683044
0.442761093378067
0.44267383217811584
0.4425808787345886
0.44265440106391907
0.442596971988678
0.44255173206329346
0.44256383180618286
0.4425816535949707
0.44256624579429626
0.44249334931373596
0.442462295293808
0.44247159361839294
0.4424991309642792
0.44242995977401733
0.442407488822937
0.44239482283592224
0.44244927167892456
0.44240742921829224
0.4423392117023468
0.4424467980861664
0.4423375427722931
0.44232770800590515
0.44226720929145813
0.4422917366027832
0.4423042833805084
0.4422512352466583
0.4422524571418762
0.4421934485435486
0.44221168756484985
0.4422207176685333
0.4422444701194763
0.44218870997428894
0.44212159514427185
0.4420902729034424
0.4421163499355316
0.44216853380203247
0.4421224892139435
0.4420911371707916
0.44207316637039185
0.44202327728271484
0.4419701099395752
0.4419911503791809
0.44201546907424927
0.4419374465942383
0.44202202558517456
0.4419058561325073
0.44199612736701965
0.4419555068016052
0.4419041872024536
0.4418351352214813
0.44181063771247864
0.44182467460632324
0.44183284044265747
0.44178396463394165
0.44177499413490295
0.4418002665042877
0.44176000356674194
0.4417630136013031
0.44176185131073
0.4416363537311554
0.44165757298469543
0.44166305661201477
0.44164127111434937
0.4416521489620209
0.44165199995040894
0.44163912534713745
0.44160187244415283
0.44162726402282715
0.44161081314086914
0.44159433245658875
0.4415552020072937
0.441664457321167
0.44159582257270813
0.4415469765663147
0.44155165553092957
0.441548615694046
0.44157400727272034
0.4415430426597595
0.4415292739868164
0.4415251612663269
0.441496878862381
0.4415307641029358
0.44148722290992737
0.44154879450798035
0.4415143132209778
0.44153261184692383
0.44145697355270386
0.44146400690078735
0.4414527118206024
0.4414711892604828
0.4414747357368469
0.441482275724411
0.4414566159248352
0.44142287969589233
0.44141247868537903
0.44141092896461487
0.44140055775642395
0.4414269030094147
0.4414009749889374
0.4413679540157318
0.4413595199584961
0.44136151671409607
0.4413799047470093
0.4413488209247589
0.44136178493499756
0.441393107175827
0.44137370586395264
0.4413142502307892
0.44129881262779236
0.4413076639175415
0.44131627678871155
0.4413149952888489
0.4413512647151947
0.4413366913795471
0.44127240777015686
0.4412706792354584
0.44130387902259827
0.44127756357192993
0.4412437975406647
0.44125619530677795
0.4412475526332855
0.44126468896865845
0.4412093162536621
0.4412161707878113
0.4411957859992981
0.4412114918231964
0.44120079278945923
0.44120392203330994
0.4412071108818054
0.4411843717098236
0.4411708414554596
0.44117167592048645
0.4411521553993225
0.4411851763725281
0.4411547780036926
0.44111955165863037
0.44114601612091064
0.44110754132270813
0.4410986304283142
0.4410760998725891
0.4410969614982605
0.4411294162273407
0.4410584568977356
0.44115039706230164
0.44104644656181335
0.4410669803619385
0.4411196708679199
0.44103410840034485
0.44104626774787903
0.44102081656455994
0.44104182720184326
0.4409955143928528
0.4409946799278259
0.4410327672958374
0.4409847855567932
0.44098806381225586
0.44095632433891296
0.4409632980823517
0.440940797328949
0.4409128427505493
0.4409230053424835
0.4409111738204956
0.44090765714645386
0.4408992528915405
0.44087883830070496
0.44089436531066895
0.4408970773220062
0.44088056683540344
0.44087231159210205
0.44088250398635864
0.44086402654647827
0.44088006019592285
0.4408736824989319
0.4408609867095947
0.44086751341819763
0.4408625662326813
0.4408489167690277
0.44083982706069946
0.4408571720123291
0.440837025642395
0.44083940982818604
0.44084805250167847
0.44083213806152344
0.44082126021385193
0.44087445735931396
0.44080647826194763
0.44080910086631775
0.44083496928215027
0.4408165514469147
0.44079750776290894
0.44081348180770874
0.4408196210861206
0.4408002197742462
0.44079092144966125
0.4407844543457031
0.4407908320426941
0.44076529145240784
0.44076770544052124
0.4407620429992676
0.4407581388950348
0.4407728612422943
0.4407539367675781
0.4407457411289215
0.4407500922679901
0.4407530128955841
0.44075483083724976
0.44073501229286194
0.4407344162464142
0.44073915481567383
0.44072625041007996
0.44073447585105896
0.44071295857429504
0.4407196044921875
0.4407138526439667
0.44071048498153687
0.4407074749469757
0.44070616364479065
0.44069904088974
0.4407074451446533
0.44069966673851013
0.4407186508178711
0.44071224331855774
0.4406836926937103
0.4406808614730835
0.44066905975341797
0.44068005681037903
0.4406698942184448
0.440660297870636
0.44066759943962097
0.4406478703022003
0.44064512848854065
0.4406493008136749
0.4406328797340393
0.44063541293144226
0.4406323730945587
0.44063565135002136
0.4406314194202423
0.4406256377696991
0.4406161904335022
0.44061875343322754
0.4406028091907501
0.44062668085098267
0.44060012698173523
0.44060078263282776
0.44060400128364563
0.4405900537967682
0.44059962034225464
0.4406077265739441
0.4405992031097412
0.44057419896125793
0.440574586391449
0.4405624568462372
0.4405636787414551
0.4405917823314667
0.4405635893344879
0.4405536949634552
0.44055116176605225
0.44055718183517456
0.4405554234981537
0.44053545594215393
0.4405238628387451
0.4405251443386078
0.4405180811882019
0.4405193030834198
0.44052115082740784
0.44051826000213623
0.440520316362381
0.44052058458328247
0.4405076801776886
0.44051745533943176
0.4405127465724945
0.4405103623867035
0.4405093193054199
0.4405040740966797
0.44050106406211853
0.44050589203834534
0.44050121307373047
0.4404987394809723
0.4404968023300171
0.4404889643192291
0.4404890835285187
0.44048967957496643
0.44048750400543213
0.4404796063899994
0.4404810070991516
0.440475732088089
0.44047507643699646
0.44048237800598145
0.4404873847961426
0.440486878156662
0.4404835104942322
0.4404641091823578
0.44047901034355164
0.44046926498413086
0.4404619336128235
0.4404635429382324
0.4404606223106384
0.44045668840408325
0.4404589533805847
0.4404591917991638
0.44044971466064453
0.4404491186141968
0.4404727518558502
0.4404493272304535
0.44044625759124756
0.44043800234794617
0.44043824076652527
0.44043928384780884
0.4404333829879761
0.4404396712779999
0.4404439926147461
0.4404281973838806
0.44042643904685974
0.4404297471046448
0.44042515754699707
0.44042646884918213
0.44042426347732544
0.4404195249080658
0.4404264986515045
0.4404152035713196
0.44041308760643005
0.44041675329208374
0.44042131304740906
0.4404071569442749
0.4404088854789734
0.44042375683784485
0.44040533900260925
0.44040560722351074
0.4403993785381317
0.44041183590888977
0.44040271639823914
0.4404068887233734
0.4403906464576721
0.4403947591781616
0.44039440155029297
0.44040605425834656
0.4403928220272064
0.4403890073299408
0.4403856694698334
0.4403861165046692
0.4403769373893738
0.4403775930404663
0.4403895139694214
0.4403895437717438
0.4403708577156067
0.4403776228427887
0.44037219882011414
0.44037172198295593
0.44037100672721863
0.44037744402885437
0.44036415219306946
0.44036221504211426
0.44036394357681274
0.4403538405895233
0.4403556287288666
0.4403606355190277
0.4403534531593323
0.44035130739212036
0.44036632776260376
0.4403374195098877
0.44033685326576233
0.4403367042541504
0.44033464789390564
0.4403330087661743
0.4403342306613922
0.4403305649757385
0.44033220410346985
0.4403322637081146
0.4403361678123474
0.44033196568489075
0.44032856822013855
0.44032764434814453
0.44032567739486694
0.4403257668018341
0.4403299391269684
0.4403263032436371
0.44033727049827576
0.44032326340675354
0.4403224289417267
0.4403199255466461
0.44031822681427
0.4403208792209625
0.4403218626976013
0.4403179883956909
0.44031625986099243
0.4403187036514282
0.44031381607055664
0.44032296538352966
0.4403154253959656
0.4403187334537506
0.44031667709350586
0.44030943512916565
0.44030851125717163
0.44030827283859253
0.44030746817588806
0.44031116366386414
0.4403119683265686
0.4403112232685089
0.4403035044670105
0.44030043482780457
0.44030502438545227
0.44030138850212097
0.4403018057346344
0.44029855728149414
0.44029900431632996
0.44029685854911804
0.4402940273284912
0.44029420614242554
0.44029268622398376
0.44029220938682556
0.44029754400253296
0.4402911067008972
0.44029635190963745
0.44029316306114197
0.4402875006198883
0.4402882754802704
0.44028717279434204
0.44028493762016296
0.44028300046920776
0.4402838349342346
0.44028738141059875
0.44028183817863464
0.44028612971305847
0.4402811527252197
0.4402802288532257
0.44028106331825256
0.4402778148651123
0.440279483795166
0.44028112292289734
0.4402795135974884
0.4402732253074646
0.44027289748191833
0.44027698040008545
0.4402736723423004
0.44027790427207947
0.44026750326156616
0.44026991724967957
0.4402727782726288
0.4402695596218109
0.44027847051620483
0.44026532769203186
0.44027116894721985
0.4402638375759125
0.44026368856430054
0.44026270508766174
0.44026345014572144
0.4402620494365692
0.4402575194835663
0.4402611553668976
0.440258264541626
0.4402610957622528
0.4402599334716797
0.4402567446231842
0.44026198983192444
0.4402552545070648
0.440253347158432
0.44025135040283203
0.4402525722980499
0.44025108218193054
0.4402466416358948
0.44024476408958435
0.44024527072906494
0.44024527072906494
0.4402455687522888
0.440242201089859
0.4402436316013336
0.4402431845664978
0.4402450919151306
0.44024163484573364
0.4402424097061157
0.44024085998535156
0.44024211168289185
0.4402411878108978
0.4402390420436859
0.4402388334274292
0.4402402937412262
0.4402415454387665
0.4402393400669098
0.4402400553226471
0.44023722410202026
0.4402404725551605
0.4402356445789337
0.44023585319519043
0.4402346909046173
0.4402346909046173
0.44023650884628296
0.44023609161376953
0.44023749232292175
0.44023463129997253
0.44023239612579346
0.44023260474205017
0.44023168087005615
0.4402308166027069
0.4402349293231964
0.4402294456958771
0.44023001194000244
0.4402318000793457
0.44023212790489197
0.4402293264865875
0.44022858142852783
0.44022977352142334
0.4402274489402771
0.44022825360298157
0.4402267336845398
0.44022664427757263
0.44022640585899353
0.440225750207901
0.44022494554519653
0.44022491574287415
0.44022345542907715
0.44022300839424133
0.4402235150337219
0.44022390246391296
0.4402211904525757
0.4402216374874115
0.44022098183631897
0.4402227997779846
0.4402215778827667
0.4402233064174652
0.4402204751968384
0.44021937251091003
0.44021835923194885
0.4402196407318115
0.44021734595298767
0.4402189552783966
0.4402177333831787
0.44022122025489807
0.44021737575531006
0.44021427631378174
0.4402152895927429
0.4402150809764862
0.4402148723602295
0.44021639227867126
0.4402155578136444
0.44021373987197876
0.44021540880203247
0.44021278619766235
0.4402133822441101
0.44021230936050415
0.44021058082580566
0.44021138548851013
0.44020920991897583
0.4402100443840027
0.44021084904670715
0.44020891189575195
0.4402107894420624
0.44020819664001465
0.44020774960517883
0.44020700454711914
0.4402078688144684
0.4402065873146057
0.4402065873146057
0.44020876288414
0.4402048885822296
0.4402039349079132
0.44020357728004456
0.4402036666870117
0.4402034282684326
0.44020235538482666
0.4402007758617401
0.4401991069316864
0.440199613571167
0.44019922614097595
0.44019973278045654
0.44019871950149536
0.4401991665363312
0.4402007460594177
0.44019854068756104
0.44019949436187744
0.4401976466178894
0.4401974380016327
0.4401984214782715
0.44019803404808044
0.4401971399784088
0.4401966333389282
0.44019681215286255
0.4401959180831909
0.440195769071579
0.4401956796646118
0.44019654393196106
0.4401979446411133
0.44019562005996704
0.44019564986228943
0.44019511342048645
0.4401963949203491
0.4401940703392029
0.440194696187973
0.4401940703392029
0.44019296765327454
0.4401940405368805
0.4401933252811432
0.4401927888393402
0.44019317626953125
0.4401925206184387
0.44019272923469543
0.4401918649673462
0.44019222259521484
0.4401915371417999
0.4401916265487671
0.4401911795139313
0.4401912987232208
0.44019097089767456
0.44019052386283875
0.4401901364326477
0.44019076228141785
0.44019031524658203
0.4401896893978119
0.44019097089767456
0.44019103050231934
0.4401891231536865
0.440189003944397
0.44019219279289246
0.4401882588863373
0.44018808007240295
0.44018837809562683
0.4401879906654358
0.44018805027008057
0.44018682837486267
0.44018691778182983
0.44018790125846863
0.4401862621307373
0.44018667936325073
0.44018709659576416
0.4401855170726776
0.4401860237121582
0.4401853680610657
0.4401850700378418
0.4401860237121582
0.4401848614215851
0.4401843845844269
0.44018489122390747
0.4401836395263672
0.44018372893333435
0.44018322229385376
0.44018295407295227
0.44018372893333435
0.44018369913101196
0.4401836097240448
0.44018250703811646
0.44018349051475525
0.4401824176311493
0.4401814341545105
0.4401821792125702
0.4401812255382538
0.44018080830574036
0.4401811361312866
0.4401808977127075
0.4401804804801941
0.4401809573173523
0.44018101692199707
0.44018080830574036
0.4401806890964508
0.4401792883872986
0.44018206000328064
0.440179705619812
0.44018009305000305
0.4401799142360687
0.4401784837245941
0.44017836451530457
0.4401770532131195
0.44017666578292847
0.44017675518989563
0.4401770532131195
0.4401768743991852
0.44017741084098816
0.440176397562027
0.44017624855041504
0.4401761591434479
0.4401763677597046
0.440175861120224
0.44017624855041504
0.4401758015155792
0.4401758909225464
0.44017577171325684
0.4401753544807434
0.440175324678421
0.44017544388771057
0.44017499685287476
0.44017526507377625
0.44017475843429565
0.44017523527145386
0.4401744604110718
0.4401744306087494
0.44017452001571655
0.4401743412017822
0.44017454981803894
0.4401743412017822
0.440173864364624
0.4401739835739136
0.44017404317855835
0.44017452001571655
0.4401733875274658
0.44017326831817627
0.4401734471321106
0.44017335772514343
0.4401731491088867
0.4401736259460449
0.4401739537715912
0.4401727020740509
0.4401729106903076
0.4401727318763733
0.44017231464385986
0.4401722848415375
0.44017186760902405
0.44017207622528076
0.4401727318763733
0.4401719868183136
0.44017189741134644
0.4401719570159912
0.4401717483997345
0.4401721656322479
0.44017159938812256
0.44017112255096436
0.44017156958580017
0.44017210602760315
0.44017109274864197
0.4401709735393524
0.44017109274864197
0.44017040729522705
0.4401707947254181
0.4401707947254181
0.4401702880859375
0.44017016887664795
0.4401697814464569
0.4401703178882599
0.44016969203948975
0.4401696026325226
0.44016942381858826
0.4401693046092987
0.44016915559768677
0.44016921520233154
0.44016915559768677
0.4401690661907196
0.44016891717910767
0.44016915559768677
0.4401685297489166
0.4401686489582062
0.44016873836517334
0.44016900658607483
0.4401682913303375
0.44016823172569275
0.4401680827140808
0.44016820192337036
0.44016820192337036
0.44016778469085693
0.4401679039001465
0.44016778469085693
0.4401673674583435
0.44016721844673157
0.4401673376560211
0.44016703963279724
0.440167635679245
0.440166711807251
0.4401669204235077
0.44016703963279724
0.4401664733886719
0.4401665925979614
0.44016656279563904
0.44016703963279724
0.4401654303073883
0.44016560912132263
0.4401654303073883
0.44016534090042114
0.4401654005050659
0.4401656985282898
0.440165251493454
0.440165638923645
0.4401652216911316
0.4401654303073883
0.44016507267951965
0.44016510248184204
0.44016486406326294
0.44016504287719727
0.44016483426094055
0.4401649534702301
0.4401647448539734
0.44016456604003906
0.44016459584236145
0.4401644170284271
0.4401645362377167
0.4401647448539734
0.4401644766330719
0.4401642680168152
0.44016435742378235
0.4401642084121704
0.4401642382144928
0.44016411900520325
0.4401640295982361
0.44016408920288086
0.4401642680168152
0.44016391038894653
0.4401639401912689
0.4401637017726898
0.4401635527610779
0.4401637017726898
0.4401635229587555
0.4401637315750122
0.4401637613773346
0.4401634931564331
0.44016343355178833
0.44016343355178833
0.4401634633541107
0.44016337394714355
0.4401634633541107
0.44016310572624207
0.4401630759239197
0.4401632249355316
0.4401628375053406
0.4401628077030182
0.44016340374946594
0.44016265869140625
0.4401630461215973
0.44016289710998535
0.44016268849372864
0.4401627480983734
0.4401625692844391
0.4401625394821167
0.4401622712612152
0.44016233086586
0.44016233086586
0.44016233086586
0.4401622414588928
0.4401623010635376
0.4401620030403137
0.4401620626449585
0.4401620328426361
0.44016197323799133
0.44016191363334656
0.44016221165657043
0.4401618540287018
0.44016164541244507
0.4401615858078003
0.44016149640083313
0.4401615858078003
0.44016173481941223
0.44016167521476746
0.44016149640083313
0.44016146659851074
0.4401613771915436
0.44016173481941223
0.44016125798225403
0.4401610195636749
0.44016116857528687
0.44016098976135254
0.44016098976135254
0.44016098976135254
0.4401608109474182
0.4401608109474182
0.44016093015670776
0.4401608407497406
0.44016048312187195
0.4401605725288391
0.44016069173812866
0.44016045331954956
0.4401605427265167
0.4401604235172272
0.4401603639125824
0.4401611089706421
0.4401601254940033
0.4401600658893585
0.44015994668006897
0.44015997648239136
0.44015994668006897
0.4401598870754242
0.4401598572731018
0.44015973806381226
0.44015979766845703
0.4401598274707794
0.4401596784591675
0.44015976786613464
0.44015955924987793
0.44015955924987793
0.44015952944755554
0.4401594400405884
0.44015949964523315
0.44015952944755554
0.44015952944755554
0.440159410238266
0.4401593804359436
0.4401593506336212
0.44015932083129883
0.44015926122665405
0.4401593804359436
0.44015923142433167
0.44015923142433167
0.4401594400405884
0.4401591718196869
0.4401591122150421
0.4401591122150421
0.4401590824127197
0.4401591122150421
0.44015905261039734
0.44015902280807495
0.4401589632034302
0.4401589334011078
0.4401589035987854
0.440158873796463
0.4401589035987854
0.44015878438949585
0.44015899300575256
0.440158873796463
0.44015881419181824
0.44015875458717346
0.4401586949825287
0.4401586353778839
0.4401586651802063
0.44015875458717346
0.44015854597091675
0.440158486366272
0.44015851616859436
0.44015857577323914
0.4401584565639496
0.440158486366272
0.4401584267616272
0.44015851616859436
0.4401583969593048
0.4401583969593048
0.440158486366272
0.44015833735466003
0.44015824794769287
0.44015833735466003
0.44015824794769287
0.44015827775001526
0.4401582181453705
0.44015827775001526
0.4401581585407257
0.44015803933143616
0.44015803933143616
0.4401579797267914
0.4401579201221466
0.44015786051750183
0.4401579201221466
0.44015786051750183
0.4401578903198242
0.4401578903198242
0.44015780091285706
0.4401577115058899
0.4401577413082123
0.4401577413082123
0.4401578903198242
0.4401577115058899
0.44015780091285706
0.4401577115058899
0.44015756249427795
0.4401576519012451
0.44015759229660034
0.44015753269195557
0.44015753269195557
0.4401574730873108
0.44015762209892273
0.44015732407569885
0.44015759229660034
0.44015735387802124
0.4401574432849884
0.44015735387802124
0.44015735387802124
0.4401572644710541
0.44015732407569885
0.4401572346687317
0.44015705585479736
0.440157026052475
0.44015705585479736
0.44015705585479736
0.440157026052475
0.440157026052475
0.440157026052475
0.4401569366455078
0.4401569068431854
0.44015708565711975
0.4401569366455078
0.4401569366455078
0.4401569962501526
0.44015684723854065
0.44015684723854065
0.44015684723854065
0.44015684723854065
0.44015681743621826
0.44015681743621826
0.44015684723854065
0.4401567280292511
0.4401567578315735
0.4401567578315735
0.4401566982269287
0.4401567280292511
0.4401567876338959
0.4401567876338959
0.4401566982269287
0.4401566982269287
0.4401566982269287
0.44015660881996155
0.4401566982269287
0.44015660881996155
0.44015663862228394
0.4401566982269287
0.44015663862228394
0.4401565194129944
0.44015657901763916
0.440156489610672
0.4401565194129944
0.4401565492153168
0.4401565492153168
0.4401565194129944
0.4401564598083496
0.44015640020370483
0.4401564598083496
0.440156489610672
0.4401564598083496
0.44015637040138245
0.4401564300060272
0.44015637040138245
0.44015637040138245
0.44015634059906006
0.4401564598083496
0.44015631079673767
0.44015631079673767
0.44015631079673767
0.4401562809944153
0.44015631079673767
0.4401561915874481
0.4401562213897705
0.4401562809944153
0.4401562213897705
0.4401562809944153
0.44015631079673767
0.4401561915874481
0.4401561915874481
0.44015616178512573
0.4401561915874481
0.4401561915874481
0.44015610218048096
0.44015613198280334
0.44015613198280334
0.44015613198280334
0.4401560425758362
0.44015607237815857
0.44015613198280334
0.4401559829711914
0.4401560127735138
0.44015607237815857
0.4401560425758362
0.4401559829711914
0.440155953168869
0.4401560127735138
0.44015592336654663
0.44015589356422424
0.44015589356422424
0.44015583395957947
0.44015589356422424
0.44015589356422424
0.44015589356422424
0.4401558041572571
0.44015589356422424
0.4401558041572571
0.44015589356422424
0.4401557743549347
0.4401557743549347
0.4401557445526123
0.4401557445526123
0.4401557147502899
0.44015568494796753
0.4401557445526123
0.44015565514564514
0.44015568494796753
0.4401557147502899
0.44015562534332275
0.44015562534332275
0.440155565738678
0.44015562534332275
0.44015565514564514
0.44015562534332275
0.44015559554100037
0.440155565738678
0.44015568494796753
0.44015559554100037
0.44015562534332275
0.4401555061340332
0.440155565738678
0.440155565738678
0.44015559554100037
0.4401555061340332
0.4401555359363556
0.4401555061340332
0.440155565738678
0.4401555359363556
0.4401555061340332
0.4401554465293884
0.4401555359363556
0.4401555061340332
0.4401554763317108
0.4401554465293884
0.440155565738678
0.4401555359363556
0.4401554465293884
0.4401554763317108
0.4401554763317108
0.4401555061340332
0.4401554763317108
0.44015538692474365
0.44015541672706604
0.4401554763317108
0.4401554465293884
0.44015541672706604
0.44015538692474365
0.44015541672706604
0.44015538692474365
0.44015538692474365
0.44015535712242126
0.4401553273200989
0.4401553273200989
0.4401554465293884
0.44015535712242126
0.44015535712242126
0.44015538692474365
0.4401553273200989
0.44015535712242126
0.44015535712242126
0.44015535712242126
0.44015535712242126
0.4401553273200989
0.4401553273200989
0.4401553273200989
0.4401552677154541
0.4401552975177765
0.4401553273200989
0.4401552975177765
0.4401553273200989
0.4401552677154541
0.4401552677154541
0.4401552975177765
0.4401552379131317
0.4401552379131317
0.4401552975177765
0.4401552975177765
0.4401552379131317
0.4401552379131317
0.4401552677154541
0.4401552975177765
0.4401552379131317
0.4401552081108093
0.4401552081108093
0.44015517830848694
0.44015517830848694
0.44015517830848694
0.4401552081108093
0.44015517830848694
0.4401552379131317
0.4401552975177765
0.44015517830848694
0.44015511870384216
0.44015514850616455
0.4401552379131317
0.44015517830848694
0.44015511870384216
0.44015517830848694
0.4401550889015198
0.44015511870384216
0.44015511870384216
0.44015517830848694
0.44015511870384216
0.4401550889015198
0.44015514850616455
0.4401550889015198
0.44015511870384216
0.4401550889015198
0.4401550889015198
0.4401550590991974
0.4401550590991974
0.4401550590991974
0.4401549994945526
0.4401549994945526
0.440155029296875
0.4401550590991974
0.4401549994945526
0.440155029296875
0.440155029296875
0.4401549994945526
0.440155029296875
0.4401549994945526
0.4401549696922302
0.4401549994945526
0.440155029296875
0.4401550590991974
0.44015493988990784
0.44015493988990784
0.44015493988990784
0.4401549994945526
0.4401549994945526
0.4401549696922302
0.4401549696922302
0.44015493988990784
0.4401549994945526
0.4401549696922302
0.44015493988990784
0.4401549696922302
0.44015493988990784
0.44015491008758545
0.44015491008758545
0.4401549994945526
0.44015491008758545
0.44015491008758545
0.44015491008758545
0.44015491008758545
0.44015491008758545
0.44015488028526306
0.44015491008758545
0.44015488028526306
0.44015488028526306
0.4401548504829407
0.44015488028526306
0.44015488028526306
0.44015491008758545
0.4401548504829407
0.4401548504829407
0.4401548504829407
0.44015488028526306
0.4401548504829407
0.44015488028526306
0.4401548504829407
0.4401547908782959
0.4401548206806183
0.4401547908782959
0.4401548206806183
0.4401548206806183
0.4401547908782959
0.4401547610759735
0.4401547610759735
0.4401547908782959
0.4401547610759735
0.4401547610759735
0.4401547908782959
0.4401547610759735
0.4401548206806183
0.4401547610759735
0.4401547908782959
0.4401547610759735
0.4401547312736511
0.4401547908782959
0.4401547610759735
0.4401547610759735
0.4401547908782959
0.4401547610759735
0.4401547312736511
0.4401547610759735
0.44015470147132874
0.4401547312736511
0.4401547610759735
0.4401547610759735
0.44015470147132874
0.44015470147132874
0.44015470147132874
0.4401547312736511
0.4401547312736511
0.4401547312736511
0.4401547312736511
0.4401547610759735
0.4401547312736511
0.44015470147132874
0.44015470147132874
0.44015464186668396
0.44015467166900635
0.44015470147132874
0.44015470147132874
0.4401546120643616
0.4401546120643616
0.44015467166900635
0.44015464186668396
0.4401545822620392
0.4401547312736511
0.44015464186668396
0.44015467166900635
0.44015467166900635
0.44015464186668396
0.44015464186668396
0.4401546120643616
0.44015464186668396
0.4401545822620392
0.4401546120643616
0.4401545822620392
0.4401545524597168
0.44015464186668396
0.4401545524597168
0.4401545822620392
0.44015464186668396
0.4401545822620392
0.4401545524597168
0.4401545822620392
0.4401546120643616
0.4401546120643616
0.4401545524597168
0.4401546120643616
0.4401545524597168
0.4401545822620392
0.4401545226573944
0.440154492855072
0.4401545524597168
0.4401545524597168
0.440154492855072
0.4401545226573944
0.44015446305274963
0.4401545524597168
0.440154492855072
0.440154492855072
0.4401545226573944
0.440154492855072
0.44015443325042725
0.440154492855072
0.44015446305274963
0.44015443325042725
0.44015443325042725
0.44015446305274963
0.44015443325042725
0.44015446305274963
0.44015443325042725
0.44015446305274963
0.44015443325042725
0.44015443325042725
0.4401545226573944
0.44015443325042725
0.44015437364578247
0.44015440344810486
0.44015440344810486
0.44015440344810486
0.440154492855072
0.44015437364578247
0.440154492855072
0.44015443325042725
0.44015437364578247
0.44015443325042725
0.44015443325042725
0.44015443325042725
0.44015446305274963
0.44015440344810486
0.44015440344810486
0.44015440344810486
0.4401543140411377
0.4401543438434601
0.44015440344810486
0.44015437364578247
0.44015437364578247
0.44015440344810486
0.4401543438434601
0.4401543438434601
0.4401543438434601
0.44015437364578247
0.44015437364578247
0.4401543438434601
0.44015437364578247
0.4401543140411377
0.4401542842388153
0.4401543438434601
0.4401542544364929
0.4401543140411377
0.4401542842388153
0.4401543140411377
0.4401543140411377
0.4401543140411377
0.4401542544364929
0.4401542842388153
0.44015437364578247
0.4401543140411377
0.4401542544364929
0.4401543140411377
0.4401542842388153
0.4401542544364929
0.4401542544364929
0.4401542544364929
0.4401542544364929
0.4401542544364929
0.4401542544364929
0.44015419483184814
0.44015422463417053
0.4401542544364929
0.4401542544364929
0.4401542544364929
0.44015422463417053
0.4401542842388153
0.4401542544364929
0.44015422463417053
0.44015416502952576
0.44015422463417053
0.4401542544364929
0.44015419483184814
0.44015422463417053
0.44015416502952576
0.44015419483184814
0.44015419483184814
0.44015419483184814
0.44015413522720337
0.44015416502952576
0.44015416502952576
0.44015416502952576
0.44015416502952576
0.4401542544364929
0.44015416502952576
0.44015416502952576
0.44015413522720337
0.44015413522720337
0.44015413522720337
0.44015422463417053
0.440154105424881
0.440154105424881
0.44015413522720337
0.44015413522720337
0.44015413522720337
0.44015413522720337
0.4401540458202362
0.440154105424881
0.440154105424881
0.4401540756225586
0.44015413522720337
0.440154105424881
0.440154105424881
0.440154105424881
0.4401540756225586
0.440154105424881
0.440154105424881
0.4401540756225586
0.4401540458202362
0.4401540458202362
0.4401540756225586
0.44015395641326904
0.44015398621559143
0.4401540756225586
0.44015398621559143
0.4401540756225586
0.44015398621559143
0.4401540160179138
0.4401540458202362
0.4401540160179138
0.4401540160179138
0.4401540458202362
0.44015398621559143
0.44015395641326904
0.4401540160179138
0.4401540160179138
0.44015392661094666
0.44015398621559143
0.4401540160179138
0.44015392661094666
0.44015392661094666
0.44015398621559143
0.44015392661094666
0.44015392661094666
0.44015398621559143
0.44015392661094666
0.44015395641326904
0.44015392661094666
0.44015398621559143
0.44015392661094666
0.44015389680862427
0.44015392661094666
0.44015389680862427
0.44015392661094666
0.44015392661094666
0.44015392661094666
0.44015389680862427
0.4401538670063019
0.44015389680862427
0.44015392661094666
0.4401538670063019
0.4401538670063019
0.44015392661094666
0.4401538372039795
0.4401537775993347
0.44015392661094666
0.4401538372039795
0.4401538670063019
0.4401538372039795
0.4401538074016571
0.4401538074016571
0.44015389680862427
0.4401538074016571
0.4401538670063019
0.4401538074016571
0.4401538372039795
0.4401538074016571
0.4401538372039795
0.4401538074016571
0.4401537775993347
0.4401538074016571
0.4401537775993347
0.4401538074016571
0.4401537775993347
0.4401538074016571
0.4401537775993347
0.4401538074016571
0.4401538074016571
0.4401538670063019
0.4401538074016571
0.44015374779701233
0.44015374779701233
0.44015374779701233
0.44015374779701233
0.44015371799468994
0.44015374779701233
0.44015374779701233
0.44015374779701233
0.44015374779701233
0.44015374779701233
0.44015374779701233
0.4401538074016571
0.44015371799468994
0.44015374779701233
0.44015368819236755
0.44015368819236755
0.44015374779701233
0.44015374779701233
0.44015371799468994
0.44015371799468994
0.44015371799468994
0.44015365839004517
0.4401536285877228
0.44015371799468994
0.4401535987854004
0.44015365839004517
0.44015368819236755
0.4401536285877228
0.44015371799468994
0.44015365839004517
0.44015365839004517
0.44015365839004517
0.44015368819236755
0.4401536285877228
0.44015368819236755
0.4401535987854004
0.44015368819236755
0.4401535987854004
0.44015365839004517
0.44015365839004517
0.4401536285877228
0.4401535987854004
0.44015365839004517
0.4401535987854004
0.4401536285877228
0.440153568983078
0.4401536285877228
0.4401535391807556
0.4401535391807556
0.440153568983078
0.440153568983078
0.4401535391807556
0.4401535391807556
0.440153568983078
0.4401535987854004
0.440153568983078
0.4401535093784332
0.4401535391807556
0.4401535093784332
0.4401535391807556
0.4401536285877228
0.4401535093784332
0.440153568983078
0.4401535987854004
0.44015347957611084
0.4401535391807556
0.44015347957611084
0.440153568983078
0.44015344977378845
0.44015344977378845
0.4401535391807556
0.440153568983078
0.44015344977378845
0.44015347957611084
0.44015347957611084
0.44015347957611084
0.44015341997146606
0.44015344977378845
0.4401535391807556
0.44015344977378845
0.4401535093784332
0.44015341997146606
0.4401533901691437
0.44015341997146606
0.4401533901691437
0.44015341997146606
0.44015344977378845
0.44015344977378845
0.4401533901691437
0.44015344977378845
0.4401533901691437
0.4401533603668213
0.44015344977378845
0.44015347957611084
0.44015341997146606
0.4401533603668213
0.44015341997146606
0.4401533901691437
0.4401533603668213
0.4401533603668213
0.4401533603668213
0.4401533603668213
0.4401533901691437
0.4401533603668213
0.4401533007621765
0.4401533603668213
0.4401533305644989
0.4401532709598541
0.4401533901691437
0.4401533901691437
0.44015324115753174
0.4401533901691437
0.4401533305644989
0.4401533305644989
0.4401533305644989
0.4401533007621765
0.4401533007621765
0.4401533007621765
0.44015324115753174
0.4401533007621765
0.4401532709598541
0.44015324115753174
0.4401532709598541
0.4401533007621765
0.4401532709598541
0.44015324115753174
0.4401532709598541
0.4401532709598541
0.4401533007621765
0.4401533007621765
0.44015324115753174
0.44015321135520935
0.44015321135520935
0.44015324115753174
0.4401533007621765
0.44015324115753174
0.44015321135520935
0.44015321135520935
0.44015318155288696
0.44015321135520935
0.44015324115753174
0.44015321135520935
0.44015324115753174
0.44015321135520935
0.44015321135520935
0.44015321135520935
0.44015321135520935
0.44015324115753174
0.44015318155288696
0.4401531517505646
0.44015324115753174
0.44015318155288696
0.4401531517505646
0.44015321135520935
0.4401530921459198
0.4401531219482422
0.4401531517505646
0.4401531517505646
0.4401531517505646
0.4401531517505646
0.4401531219482422
0.44015318155288696
0.4401531219482422
0.4401531517505646
0.4401531517505646
0.44015321135520935
0.4401531517505646
0.4401530623435974
0.4401530623435974
0.4401531219482422
0.4401531517505646
0.4401530921459198
0.4401530623435974
0.4401531219482422
0.4401531219482422
0.440153032541275
0.4401531219482422
0.4401530623435974
0.4401530623435974
0.44015300273895264
0.440153032541275
0.44015300273895264
0.4401530921459198
0.44015300273895264
0.4401530623435974
0.4401530623435974
0.440153032541275
0.44015297293663025
0.44015297293663025
0.44015297293663025
0.440153032541275
0.44015300273895264
0.44015297293663025
0.44015297293663025
0.4401530623435974
0.440153032541275
0.44015294313430786
0.4401529133319855
0.44015294313430786
0.44015297293663025
0.440153032541275
0.44015297293663025
0.44015294313430786
0.44015300273895264
0.44015294313430786
0.44015300273895264
0.44015294313430786
0.44015294313430786
0.44015297293663025
0.4401529133319855
0.4401528835296631
0.44015297293663025
0.4401529133319855
0.44015294313430786
0.4401528537273407
0.44015294313430786
0.4401528537273407
0.4401528835296631
0.4401529133319855
0.44015294313430786
0.4401528835296631
0.4401529133319855
0.4401528537273407
0.4401528537273407
0.4401528537273407
0.4401528537273407
0.4401528537273407
0.4401528537273407
0.4401528537273407
0.4401528239250183
0.4401528537273407
0.4401528537273407
0.4401529133319855
0.44015294313430786
0.4401527941226959
0.4401528239250183
0.44015276432037354
0.44015276432037354
0.4401527941226959
0.44015276432037354
0.44015273451805115
0.44015276432037354
0.44015276432037354
0.4401527941226959
0.44015273451805115
0.44015273451805115
0.4401527941226959
0.44015273451805115
0.4401527941226959
0.44015273451805115
0.44015273451805115
0.44015270471572876
0.44015273451805115
0.44015273451805115
0.44015276432037354
0.44015270471572876
0.44015270471572876
0.44015276432037354
0.44015270471572876
0.44015270471572876
0.44015276432037354
0.44015273451805115
0.44015270471572876
0.44015270471572876
0.44015270471572876
0.44015270471572876
0.44015270471572876
0.44015270471572876
0.44015270471572876
0.44015270471572876
0.440152645111084
0.44015270471572876
0.44015267491340637
0.44015270471572876
0.44015267491340637
0.44015270471572876
0.440152645111084
0.440152645111084
0.440152645111084
0.440152645111084
0.4401526153087616
0.44015270471572876
0.440152645111084
0.440152645111084
0.440152645111084
0.4401526153087616
0.4401525855064392
0.4401526153087616
0.4401526153087616
0.4401526153087616
0.4401525855064392
0.4401526153087616
0.4401526153087616
0.440152645111084
0.4401525557041168
0.4401525855064392
0.44015270471572876
0.44015252590179443
0.44015252590179443
0.44015252590179443
0.44015249609947205
0.4401525557041168
0.4401525557041168
0.4401525557041168
0.44015252590179443
0.44015252590179443
0.44015249609947205
0.44015252590179443
0.4401525557041168
0.44015252590179443
0.4401525855064392
0.44015252590179443
0.44015249609947205
0.44015249609947205
0.44015246629714966
0.44015249609947205
0.44015243649482727
0.44015252590179443
0.44015249609947205
0.44015252590179443
0.44015249609947205
0.44015246629714966
0.44015243649482727
0.44015246629714966
0.44015243649482727
0.4401524066925049
0.44015252590179443
0.44015249609947205
0.44015243649482727
0.4401524066925049
0.44015249609947205
0.44015246629714966
0.44015246629714966
0.44015243649482727
0.4401524066925049
0.4401524066925049
0.4401524066925049
0.44015243649482727
0.4401524066925049
0.4401524066925049
0.4401523470878601
0.4401524066925049
0.4401523768901825
0.4401523470878601
0.4401523768901825
0.4401523768901825
0.4401523768901825
0.4401523470878601
0.4401524066925049
0.4401523768901825
0.4401523768901825
0.4401523172855377
0.4401523768901825
0.44015228748321533
0.4401523768901825
0.4401523470878601
0.4401523470878601
0.4401523172855377
0.4401523470878601
0.4401523172855377
0.44015225768089294
0.4401523768901825
0.4401523768901825
0.44015228748321533
0.4401523470878601
0.4401523172855377
0.4401523172855377
0.4401523172855377
0.44015222787857056
0.44015228748321533
0.44015228748321533
0.4401523172855377
0.44015225768089294
0.44015228748321533
0.44015222787857056
0.44015222787857056
0.44015228748321533
0.44015225768089294
0.44015222787857056
0.44015219807624817
0.44015219807624817
0.44015222787857056
0.44015228748321533
0.44015225768089294
0.44015219807624817
0.44015222787857056
0.44015219807624817
0.44015222787857056
0.44015219807624817
0.44015219807624817
0.44015222787857056
0.44015219807624817
0.44015219807624817
0.44015219807624817
0.44015219807624817
0.44015222787857056
0.4401521682739258
0.44015219807624817
0.44015219807624817
0.4401521682739258
0.44015219807624817
0.4401521384716034
0.44015219807624817
0.4401521682739258
0.4401521384716034
0.4401521682739258
0.4401521682739258
0.4401521384716034
0.440152108669281
0.4401520788669586
0.4401520788669586
0.440152108669281
0.44015219807624817
0.4401521682739258
0.4401520788669586
0.4401521384716034
0.4401520788669586
0.4401521384716034
0.4401521682739258
0.440152108669281
0.4401521384716034
0.440152108669281
0.44015204906463623
0.4401520788669586
0.44015204906463623
0.4401520788669586
0.44015201926231384
0.440152108669281
0.4401520788669586
0.44015204906463623
0.4401520788669586
0.4401520788669586
0.4401520788669586
0.4401520788669586
0.44015198945999146
0.44015201926231384
0.44015201926231384
0.44015201926231384
0.44015198945999146
0.44015195965766907
0.44015201926231384
0.44015204906463623
0.44015201926231384
0.44015201926231384
0.44015198945999146
0.44015195965766907
0.44015201926231384
0.44015195965766907
0.44015201926231384
0.44015195965766907
0.44015198945999146
0.4401519298553467
0.44015195965766907
0.44015195965766907
0.44015195965766907
0.44015195965766907
0.44015195965766907
0.44015195965766907
0.44015195965766907
0.4401519000530243
0.44015195965766907
0.4401519000530243
0.44015201926231384
0.4401519298553467
0.4401519000530243
0.44015195965766907
0.4401519298553467
0.4401518702507019
0.4401518702507019
0.4401519000530243
0.4401518404483795
0.4401518702507019
0.4401519298553467
0.4401518404483795
0.4401519000530243
0.4401519000530243
0.4401519000530243
0.4401519000530243
0.4401518702507019
0.4401518404483795
0.4401518404483795
0.44015181064605713
0.4401518702507019
0.4401518404483795
0.4401518702507019
0.4401518404483795
0.4401518702507019
0.44015178084373474
0.44015181064605713
0.44015175104141235
0.44015178084373474
0.44015181064605713
0.4401518702507019
0.44015178084373474
0.44015181064605713
0.44015178084373474
0.44015178084373474
0.44015175104141235
0.44015178084373474
0.44015181064605713
0.44015178084373474
0.44015175104141235
0.44015175104141235
0.44015178084373474
0.44015175104141235
0.44015178084373474
0.4401516914367676
0.44015178084373474
0.4401516914367676
0.44015175104141235
0.44015175104141235
0.4401516914367676
0.44015172123908997
0.44015175104141235
0.44015175104141235
0.44015175104141235
0.44015172123908997
0.4401516914367676
0.4401516914367676
0.4401516914367676
0.44015175104141235
0.44015172123908997
0.4401516914367676
0.4401516914367676
0.4401516914367676
0.4401516616344452
0.4401516616344452
0.4401516616344452
0.4401516616344452
0.4401516616344452
0.4401516616344452
0.4401516616344452
0.4401516318321228
0.4401516616344452
0.4401516616344452
0.4401516616344452
0.4401516318321228
0.4401516616344452
0.4401516616344452
0.4401516318321228
0.4401516318321228
0.4401516318321228
0.4401516616344452
0.4401516616344452
0.4401516020298004
0.4401516318321228
0.4401516020298004
0.4401516318321228
0.44015154242515564
0.4401516318321228
0.4401516020298004
0.4401516020298004
0.4401516020298004
0.440151572227478
0.44015154242515564
0.4401516020298004
0.4401516020298004
0.44015154242515564
0.4401516318321228
0.44015154242515564
0.440151572227478
0.44015154242515564
0.44015151262283325
0.4401516020298004
0.4401516020298004
0.44015154242515564
0.44015154242515564
0.440151572227478
0.44015151262283325
0.44015148282051086
0.44015154242515564
0.44015154242515564
0.44015151262283325
0.44015154242515564
0.44015154242515564
0.44015148282051086
0.44015151262283325
0.44015154242515564
0.44015151262283325
0.44015151262283325
0.4401514530181885
0.44015151262283325
0.440151572227478
0.44015148282051086
0.44015148282051086
0.4401514232158661
0.4401514232158661
0.4401514232158661
0.4401514530181885
0.44015151262283325
0.4401513338088989
0.4401514530181885
0.4401514530181885
0.4401513636112213
0.4401514232158661
0.4401514232158661
0.4401513934135437
0.4401514530181885
0.4401513934135437
0.4401514232158661
0.44015148282051086
0.4401513636112213
0.4401514530181885
0.4401513636112213
0.4401513934135437
0.4401513636112213
0.4401513636112213
0.4401513934135437
0.4401513934135437
0.4401513338088989
0.4401513636112213
0.44015130400657654
0.4401513338088989
0.44015130400657654
0.44015127420425415
0.4401513338088989
0.44015127420425415
0.4401514232158661
0.4401513338088989
0.44015130400657654
0.44015130400657654
0.44015127420425415
0.4401513338088989
0.44015124440193176
0.4401513338088989
0.44015127420425415
0.44015127420425415
0.44015127420425415
0.4401512145996094
0.44015127420425415
0.44015130400657654
0.44015127420425415
0.4401512145996094
0.4401512145996094
0.44015127420425415
0.44015127420425415
0.4401512145996094
0.44015127420425415
0.44015124440193176
0.4401512145996094
0.440151184797287
0.4401512145996094
0.44015124440193176
0.4401512145996094
0.440151184797287
0.440151184797287
0.44015124440193176
0.4401511549949646
0.4401512145996094
0.44015124440193176
0.440151184797287
0.440151184797287
0.440151184797287
0.4401511549949646
0.4401511549949646
0.4401511549949646
0.440151184797287
0.4401512145996094
0.4401511549949646
0.4401511549949646
0.4401511549949646
0.4401511251926422
0.4401511549949646
0.4401511549949646
0.4401511549949646
0.4401511251926422
0.440151184797287
0.4401511251926422
0.4401511549949646
0.4401511549949646
0.4401511549949646
0.4401511549949646
0.440151184797287
0.4401510953903198
0.44015103578567505
0.4401511251926422
0.44015106558799744
0.4401510953903198
0.4401510953903198
0.4401511549949646
0.4401511549949646
0.4401511251926422
0.4401510953903198
0.44015106558799744
0.4401510953903198
0.44015106558799744
0.44015103578567505
0.44015103578567505
0.44015100598335266
0.44015106558799744
0.44015106558799744
0.44015100598335266
0.44015103578567505
0.4401511251926422
0.44015100598335266
0.44015103578567505
0.44015100598335266
0.44015103578567505
0.4401509463787079
0.44015103578567505
0.44015106558799744
0.44015100598335266
0.4401509463787079
0.44015103578567505
0.44015100598335266
0.44015100598335266
0.4401509761810303
0.4401509463787079
0.4401509761810303
0.44015100598335266
0.4401509463787079
0.4401508867740631
0.4401509463787079
0.44015100598335266
0.4401509463787079
0.4401509463787079
0.4401509463787079
0.4401509463787079
0.4401509165763855
0.4401509165763855
0.4401509165763855
0.4401509165763855
0.4401509165763855
0.4401509165763855
0.4401509165763855
0.4401509165763855
0.4401508569717407
0.4401508867740631
0.4401508867740631
0.4401508867740631
0.4401508867740631
0.4401508867740631
0.44015082716941833
0.4401508569717407
0.4401509165763855
0.4401508867740631
0.4401508867740631
0.4401508867740631
0.44015082716941833
0.4401508569717407
0.44015079736709595
0.44015076756477356
0.44015082716941833
0.44015082716941833
0.44015082716941833
0.44015082716941833
0.4401508569717407
0.44015076756477356
0.4401508867740631
0.44015076756477356
0.44015082716941833
0.44015073776245117
0.44015079736709595
0.44015079736709595
0.44015079736709595
0.44015076756477356
0.4401507079601288
0.44015076756477356
0.44015076756477356
0.4401507079601288
0.4401508569717407
0.44015079736709595
0.4401507079601288
0.44015073776245117
0.44015073776245117
0.44015073776245117
0.44015073776245117
0.44015073776245117
0.4401507079601288
0.4401506781578064
0.4401507079601288
0.4401506781578064
0.4401506781578064
0.4401507079601288
0.4401507079601288
0.44015076756477356
0.44015073776245117
0.4401507079601288
0.440150648355484
0.4401506781578064
0.440150648355484
0.440150648355484
0.4401506781578064
0.4401506781578064
0.4401506781578064
0.4401506185531616
0.440150648355484
0.44015058875083923
0.4401506185531616
0.4401506185531616
0.440150648355484
0.4401506185531616
0.4401506185531616
0.44015058875083923
0.4401506185531616
0.4401506185531616
0.4401506185531616
0.44015058875083923
0.4401506185531616
0.44015058875083923
0.4401506185531616
0.440150648355484
0.44015058875083923
0.44015058875083923
0.44015058875083923
0.44015055894851685
0.44015058875083923
0.4401506185531616
0.4401506185531616
0.4401506185531616
0.4401506185531616
0.44015055894851685
0.44015055894851685
0.44015055894851685
0.44015052914619446
0.44015055894851685
0.44015052914619446
0.44015055894851685
0.44015052914619446
0.44015055894851685
0.44015049934387207
0.44015052914619446
0.44015055894851685
0.44015052914619446
0.44015049934387207
0.4401504695415497
0.44015052914619446
0.44015049934387207
0.4401504695415497
0.44015052914619446
0.44015049934387207
0.4401504397392273
0.44015052914619446
0.44015049934387207
0.4401504099369049
0.4401504695415497
0.4401504695415497
0.4401504397392273
0.4401504695415497
0.4401504397392273
0.44015049934387207
0.4401504397392273
0.4401504099369049
0.4401504099369049
0.4401504397392273
0.4401504099369049
0.4401504397392273
0.4401504695415497
0.4401503801345825
0.4401503801345825
0.4401504099369049
0.4401503801345825
0.4401504099369049
0.44015035033226013
0.4401503801345825
0.4401504695415497
0.4401503801345825
0.44015035033226013
0.44015032052993774
0.44015035033226013
0.4401503801345825
0.44015032052993774
0.4401503801345825
0.44015035033226013
0.44015029072761536
0.4401503801345825
0.4401503801345825
0.44015032052993774
0.44015035033226013
0.44015035033226013
0.44015029072761536
0.44015026092529297
0.44015032052993774
0.44015032052993774
0.44015026092529297
0.44015029072761536
0.44015026092529297
0.44015026092529297
0.44015029072761536
0.44015032052993774
0.4401502311229706
0.4401502311229706
0.4401502311229706
0.44015026092529297
0.44015026092529297
0.44015029072761536
0.44015026092529297
0.44015026092529297
0.44015032052993774
0.44015026092529297
0.4401502013206482
0.4401502311229706
0.4401501715183258
0.4401502013206482
0.44015026092529297
0.4401502013206482
0.44015035033226013
0.4401502311229706
0.4401501715183258
0.4401502013206482
0.4401502013206482
0.4401502311229706
0.4401502311229706
0.4401502311229706
0.4401501417160034
0.4401501715183258
0.4401502013206482
0.4401501417160034
0.4401501715183258
0.44015011191368103
0.4401501715183258
0.4401501715183258
0.4401501417160034
0.44015011191368103
0.44015011191368103
0.44015011191368103
0.4401501417160034
0.44015008211135864
0.44015011191368103
0.44015011191368103
0.4401501417160034
0.4401501417160034
0.44015011191368103
0.44015011191368103
0.44015011191368103
0.44015011191368103
0.44015011191368103
0.44015005230903625
0.44015005230903625
0.44015011191368103
0.44015005230903625
0.44015011191368103
0.44015011191368103
0.44015005230903625
0.44015005230903625
0.44015008211135864
0.44015011191368103
0.44015005230903625
0.44015008211135864
0.44015008211135864
0.44015005230903625
0.44015011191368103
0.44015008211135864
0.44015011191368103
0.44015011191368103
0.44015005230903625
0.4401499927043915
0.44015005230903625
0.4401499927043915
0.44015002250671387
0.44015002250671387
0.4401499330997467
0.4401499927043915
0.4401499927043915
0.4401499629020691
0.44015002250671387
0.4401499927043915
0.4401499629020691
0.4401499629020691
0.4401499629020691
0.4401499330997467
0.4401499927043915
0.4401499629020691
0.4401499330997467
0.4401499330997467
0.4401499629020691
0.4401499032974243
0.4401499032974243
0.4401499032974243
0.44014984369277954
0.44014987349510193
0.4401499032974243
0.44014987349510193
0.4401499032974243
0.44014987349510193
0.4401499330997467
0.4401499330997467
0.4401499032974243
0.44014984369277954
0.4401499032974243
0.44014984369277954
0.44014987349510193
0.44014981389045715
0.4401499032974243
0.44014981389045715
0.44014984369277954
0.44014984369277954
0.44014984369277954
0.44014987349510193
0.44014981389045715
0.44014981389045715
0.44014984369277954
0.4401497542858124
0.44014984369277954
0.44014978408813477
0.44014978408813477
0.44014978408813477
0.44014978408813477
0.44014978408813477
0.44014984369277954
0.4401497542858124
0.44014978408813477
0.44014972448349
0.4401497542858124
0.4401497542858124
0.44014984369277954
0.4401497542858124
0.44014972448349
0.4401497542858124
0.44014978408813477
0.4401496946811676
0.44014972448349
0.4401497542858124
0.44014972448349
0.4401496946811676
0.4401497542858124
0.4401497542858124
0.4401496946811676
0.44014972448349
0.4401497542858124
0.4401496946811676
0.4401496648788452
0.44014972448349
0.4401496946811676
0.4401496350765228
0.4401496946811676
0.4401496946811676
0.4401496648788452
0.4401496648788452
0.4401496350765228
0.44014972448349
0.4401496946811676
0.4401496350765228
0.4401496350765228
0.44014960527420044
0.4401496350765228
0.44014960527420044
0.44014960527420044
0.44014960527420044
0.44014960527420044
0.44014960527420044
0.4401496648788452
0.44014960527420044
0.44014960527420044
0.4401496648788452
0.4401496350765228
0.44014960527420044
0.44014960527420044
0.44014960527420044
0.44014960527420044
0.44014960527420044
0.44014960527420044
0.44014957547187805
0.44014954566955566
0.44014960527420044
0.44014957547187805
0.44014954566955566
0.44014957547187805
0.44014957547187805
0.44014954566955566
0.44014954566955566
0.44014957547187805
0.44014957547187805
0.44014957547187805
0.44014954566955566
0.4401494860649109
0.4401494860649109
0.44014954566955566
0.4401494860649109
0.4401495158672333
0.4401494860649109
0.4401494562625885
0.44014954566955566
0.44014957547187805
0.4401494860649109
0.4401494562625885
0.4401494860649109
0.44014954566955566
0.4401494562625885
0.44014954566955566
0.4401494860649109
0.4401494860649109
0.4401494562625885
0.4401494860649109
0.4401494860649109
0.4401494562625885
0.4401494860649109
0.4401494562625885
0.4401494860649109
0.44014954566955566
0.4401494562625885
0.4401494562625885
0.4401494264602661
0.4401494264602661
0.4401494562625885
0.4401493966579437
0.4401494264602661
0.4401494562625885
0.4401494264602661
0.44014936685562134
0.4401494264602661
0.4401493966579437
0.44014936685562134
0.44014936685562134
0.4401493966579437
0.4401494562625885
0.4401493966579437
0.4401493966579437
0.44014936685562134
0.44014936685562134
0.4401493966579437
0.4401494264602661
0.44014936685562134
0.44014933705329895
0.44014936685562134
0.44014936685562134
0.44014930725097656
0.4401493966579437
0.44014930725097656
0.44014933705329895
0.44014930725097656
0.44014933705329895
0.44014930725097656
0.4401492774486542
0.44014930725097656
0.44014933705329895
0.44014933705329895
0.4401493966579437
0.44014933705329895
0.44014930725097656
0.44014933705329895
0.4401492476463318
0.4401492774486542
0.4401492774486542
0.44014930725097656
0.4401492476463318
0.4401492476463318
0.4401492774486542
0.4401492476463318
0.4401492774486542
0.4401492774486542
0.4401492178440094
0.4401492178440094
0.4401492774486542
0.4401492178440094
0.440149188041687
0.4401492178440094
0.4401492476463318
0.4401492476463318
0.440149188041687
0.4401492476463318
0.4401491582393646
0.4401491582393646
0.4401491582393646
0.44014912843704224
0.440149188041687
0.4401492178440094
0.4401491582393646
0.4401492178440094
0.440149188041687
0.44014912843704224
0.4401491582393646
0.44014912843704224
0.4401491582393646
0.440149188041687
0.44014909863471985
0.440149188041687
0.440149188041687
0.4401491582393646
0.4401491582393646
0.44014912843704224
0.44014909863471985
0.44014909863471985
0.4401491582393646
0.4401491582393646
0.44014906883239746
0.44014906883239746
0.44014906883239746
0.44014912843704224
0.44014906883239746
0.4401490390300751
0.44014906883239746
0.44014906883239746
0.44014906883239746
0.4401490390300751
0.44014906883239746
0.44014906883239746
0.44014906883239746
0.4401490390300751
0.4401491582393646
0.4401489794254303
0.4401490390300751
0.44014906883239746
0.44014906883239746
0.44014906883239746
0.4401490092277527
0.4401490390300751
0.4401490092277527
0.4401490390300751
0.44014909863471985
0.4401490390300751
0.4401490092277527
0.44014906883239746
0.4401490092277527
0.4401489794254303
0.4401490092277527
0.4401489794254303
0.4401490092277527
0.4401490390300751
0.4401489794254303
0.4401489496231079
0.4401489496231079
0.4401489794254303
0.4401489496231079
0.4401489198207855
0.4401490092277527
0.4401489496231079
0.4401489794254303
0.4401489496231079
0.4401490092277527
0.4401489794254303
0.4401489496231079
0.4401489496231079
0.4401489198207855
0.4401489198207855
0.44014889001846313
0.44014889001846313
0.4401489496231079
0.4401489198207855
0.44014889001846313
0.44014886021614075
0.44014886021614075
0.44014886021614075
0.4401489198207855
0.44014886021614075
0.44014889001846313
0.44014886021614075
0.44014889001846313
0.44014886021614075
0.44014889001846313
0.44014883041381836
0.44014886021614075
0.44014889001846313
0.44014886021614075
0.44014883041381836
0.44014886021614075
0.44014883041381836
0.44014886021614075
0.44014886021614075
0.44014886021614075
0.44014880061149597
0.44014880061149597
0.44014886021614075
0.44014883041381836
0.44014880061149597
0.44014880061149597
0.4401487708091736
0.44014880061149597
0.4401487708091736
0.4401487410068512
0.4401487708091736
0.44014880061149597
0.44014880061149597
0.4401487410068512
0.4401487410068512
0.44014880061149597
0.4401487410068512
0.4401487410068512
0.4401487708091736
0.4401487410068512
0.4401487410068512
0.4401487112045288
0.4401487410068512
0.4401487410068512
0.4401487112045288
0.4401487112045288
0.44014880061149597
0.4401486814022064
0.4401487410068512
0.4401487112045288
0.4401487410068512
0.44014865159988403
0.4401486814022064
0.4401486814022064
0.4401486814022064
0.4401487112045288
0.4401486814022064
0.4401486814022064
0.44014865159988403
0.44014862179756165
0.44014865159988403
0.44014862179756165
0.44014862179756165
0.44014862179756165
0.44014862179756165
0.44014865159988403
0.44014865159988403
0.44014862179756165
0.44014862179756165
0.44014862179756165
0.44014862179756165
0.44014859199523926
0.44014859199523926
0.44014856219291687
0.44014856219291687
0.44014862179756165
0.44014856219291687
0.44014856219291687
0.44014859199523926
0.44014859199523926
0.44014856219291687
0.44014862179756165
0.44014856219291687
0.44014856219291687
0.44014856219291687
0.44014856219291687
0.4401485323905945
0.44014856219291687
0.44014856219291687
0.44014856219291687
0.4401485323905945
0.44014856219291687
0.4401485323905945
0.4401485323905945
0.4401485323905945
0.4401485323905945
0.44014856219291687
0.4401485323905945
0.4401485025882721
0.4401485323905945
0.4401485323905945
0.4401485323905945
0.4401485323905945
0.4401485025882721
0.4401484429836273
0.44014856219291687
0.4401484727859497
0.4401485323905945
0.4401484727859497
0.4401485025882721
0.4401484727859497
0.44014841318130493
0.4401484727859497
0.4401485025882721
0.44014841318130493
0.4401485025882721
0.44014841318130493
0.4401485025882721
0.4401485323905945
0.4401484429836273
0.44014841318130493
0.4401484429836273
0.4401484429836273
0.4401484429836273
0.44014841318130493
0.4401484429836273
0.44014841318130493
0.44014841318130493
0.44014838337898254
0.4401484727859497
0.44014841318130493
0.44014841318130493
0.44014835357666016
0.44014841318130493
0.44014838337898254
0.44014838337898254
0.44014838337898254
0.44014838337898254
0.44014841318130493
0.4401482939720154
0.44014838337898254
0.44014835357666016
0.44014832377433777
0.44014835357666016
0.44014838337898254
0.44014835357666016
0.4401482939720154
0.4401482939720154
0.44014835357666016
0.4401482939720154
0.4401482939720154
0.44014832377433777
0.44014835357666016
0.4401482939720154
0.4401482343673706
0.4401482939720154
0.4401482939720154
0.440148264169693
0.4401482343673706
0.4401482939720154
0.4401482939720154
0.440148264169693
0.44014835357666016
0.440148264169693
0.4401482045650482
0.440148264169693
0.4401482343673706
0.4401482939720154
0.4401482343673706
0.44014832377433777
0.4401482343673706
0.4401482343673706
0.4401482343673706
0.4401482343673706
0.440148264169693
0.44014817476272583
0.4401482343673706
0.4401482045650482
0.44014817476272583
0.4401482045650482
0.44014814496040344
0.44014817476272583
0.44014817476272583
0.4401482045650482
0.44014817476272583
0.44014814496040344
0.44014811515808105
0.44014814496040344
0.44014814496040344
0.44014817476272583
0.4401482343673706
0.44014817476272583
0.44014811515808105
0.44014817476272583
0.44014814496040344
0.44014808535575867
0.4401482045650482
0.44014811515808105
0.44014808535575867
0.44014811515808105
0.44014811515808105
0.44014808535575867
0.44014808535575867
0.4401480555534363
0.44014817476272583
0.44014817476272583
0.44014814496040344
0.44014808535575867
0.44014814496040344
0.4401480555534363
0.4401480555534363
0.4401480555534363
0.4401480555534363
0.4401480555534363
0.4401480555534363
0.4401480555534363
0.44014808535575867
0.4401480555534363
0.4401480257511139
0.4401480555534363
0.4401480257511139
0.4401480555534363
0.4401480555534363
0.4401480257511139
0.4401480555534363
0.4401480257511139
0.4401480257511139
0.4401479959487915
0.4401479959487915
0.4401479959487915
0.4401480555534363
0.4401480257511139
0.4401480555534363
0.4401480257511139
0.4401480257511139
0.4401479959487915
0.4401479661464691
0.4401479661464691
0.4401480257511139
0.4401479959487915
0.4401479959487915
0.4401479959487915
0.44014793634414673
0.4401479661464691
0.4401479661464691
0.4401479959487915
0.4401479661464691
0.44014793634414673
0.4401479959487915
0.4401479661464691
0.44014793634414673
0.44014793634414673
0.44014787673950195
0.44014790654182434
0.44014793634414673
0.44014793634414673
0.44014787673950195
0.44014787673950195
0.44014793634414673
0.44014790654182434
0.44014790654182434
0.44014787673950195
0.44014787673950195
0.44014784693717957
0.44014784693717957
0.44014784693717957
0.44014787673950195
0.44014793634414673
0.4401478171348572
0.44014787673950195
0.44014787673950195
0.4401478171348572
0.44014790654182434
0.4401478171348572
0.44014784693717957
0.44014787673950195
0.4401478171348572
0.44014787673950195
0.4401478171348572
0.4401478171348572
0.4401477873325348
0.4401477873325348
0.4401477575302124
0.4401477873325348
0.4401478171348572
0.4401477873325348
0.4401477575302124
0.4401477873325348
0.44014766812324524
0.44014772772789
0.44014772772789
0.4401477575302124
0.4401477873325348
0.44014772772789
0.4401477575302124
0.4401477575302124
0.4401476979255676
0.44014772772789
0.4401476979255676
0.44014772772789
0.44014772772789
0.44014766812324524
0.4401477575302124
0.4401477575302124
0.4401476979255676
0.4401476979255676
0.44014766812324524
0.44014772772789
0.4401476979255676
0.44014766812324524
0.44014772772789
0.44014763832092285
0.44014763832092285
0.44014766812324524
0.44014763832092285
0.44014760851860046
0.44014763832092285
0.44014763832092285
0.44014760851860046
0.44014760851860046
0.44014760851860046
0.44014766812324524
0.44014760851860046
0.44014760851860046
0.44014760851860046
0.4401475787162781
0.44014766812324524
0.4401475787162781
0.44014760851860046
0.4401475787162781
0.44014760851860046
0.4401475787162781
0.44014763832092285
0.4401475489139557
0.4401475489139557
0.4401475489139557
0.4401475191116333
0.4401475191116333
0.4401475489139557
0.4401475787162781
0.4401475787162781
0.4401475489139557
0.4401475191116333
0.4401475489139557
0.4401475489139557
0.4401475489139557
0.4401475191116333
0.4401475191116333
0.4401475489139557
0.4401475489139557
0.4401475191116333
0.4401475191116333
0.4401475191116333
0.4401475787162781
0.4401474595069885
0.4401475191116333
0.4401475191116333
0.4401474893093109
0.4401474893093109
0.4401475191116333
0.4401474893093109
0.44014742970466614
0.4401475191116333
0.4401474893093109
0.44014742970466614
0.4401474893093109
0.4401474595069885
0.4401475191116333
0.4401474595069885
0.44014742970466614
0.44014742970466614
0.44014742970466614
0.44014742970466614
0.44014742970466614
0.4401474595069885
0.44014739990234375
0.44014742970466614
0.4401474595069885
0.44014742970466614
0.44014739990234375
0.44014742970466614
0.44014742970466614
0.44014737010002136
0.44014742970466614
0.4401474595069885
0.44014739990234375
0.440147340297699
0.44014737010002136
0.44014739990234375
0.44014742970466614
0.4401473104953766
0.44014742970466614
0.44014737010002136
0.440147340297699
0.4401473104953766
0.44014737010002136
0.44014737010002136
0.4401472806930542
0.44014739990234375
0.44014737010002136
0.4401472806930542
0.4401472806930542
0.4401473104953766
0.4401473104953766
0.4401472806930542
0.4401473104953766
0.440147340297699
0.4401472508907318
0.440147340297699
0.4401472508907318
0.4401472806930542
0.4401472210884094
0.4401472210884094
0.4401472508907318
0.4401472806930542
0.4401472806930542
0.4401472210884094
0.4401472210884094
0.44014719128608704
0.4401473104953766
0.4401472806930542
0.4401472210884094
0.44014719128608704
0.4401472210884094
0.44014719128608704
0.44014719128608704
0.4401472508907318
0.44014719128608704
0.4401472210884094
0.4401472210884094
0.44014719128608704
0.44014716148376465
0.44014719128608704
0.4401472210884094
0.4401471018791199
0.44014713168144226
0.44014716148376465
0.44014716148376465
0.44014719128608704
0.44014716148376465
0.44014716148376465
0.4401471018791199
0.44014713168144226
0.44014713168144226
0.4401471018791199
0.4401471018791199
0.4401471018791199
0.4401471018791199
0.4401471018791199
0.4401471018791199
0.44014719128608704
0.44014716148376465
0.4401470422744751
0.4401470720767975
0.44014713168144226
0.4401470720767975
0.44014713168144226
0.4401470720767975
0.4401470720767975
0.4401470720767975
0.44014713168144226
0.4401470720767975
0.4401471018791199
0.4401470720767975
0.4401470422744751
0.4401470124721527
0.4401470422744751
0.4401471018791199
0.4401470422744751
0.4401471018791199
0.4401470720767975
0.4401470422744751
0.4401470124721527
0.4401470124721527
0.4401470124721527
0.4401470124721527
0.4401470124721527
0.4401470124721527
0.4401470124721527
0.4401470124721527
0.4401469826698303
0.44014695286750793
0.4401469826698303
0.4401469826698303
0.44014695286750793
0.4401469826698303
0.4401469826698303
0.44014695286750793
0.44014692306518555
0.44014692306518555
0.4401469826698303
0.44014692306518555
0.4401470124721527
0.4401470124721527
0.44014695286750793
0.44014695286750793
0.44014695286750793
0.44014689326286316
0.44014689326286316
0.44014695286750793
0.44014689326286316
0.44014686346054077
0.44014695286750793
0.44014689326286316
0.44014689326286316
0.44014686346054077
0.44014686346054077
0.44014689326286316
0.44014686346054077
0.4401468336582184
0.44014689326286316
0.44014686346054077
0.44014689326286316
0.44014686346054077
0.44014686346054077
0.4401468336582184
0.44014686346054077
0.44014686346054077
0.4401468336582184
0.4401468336582184
0.4401468336582184
0.4401467740535736
0.4401468336582184
0.440146803855896
0.44014686346054077
0.44014695286750793
0.4401468336582184
0.4401468336582184
0.44014686346054077
0.4401468336582184
0.440146803855896
0.440146803855896
0.4401467740535736
0.4401468336582184
0.4401467740535736
0.4401467740535736
0.4401468336582184
0.4401467740535736
0.4401467442512512
0.4401467442512512
0.4401467442512512
0.44014671444892883
0.44014671444892883
0.44014671444892883
0.44014668464660645
0.4401467740535736
0.44014671444892883
0.4401467442512512
0.44014671444892883
0.44014662504196167
0.44014668464660645
0.44014668464660645
0.44014665484428406
0.44014668464660645
0.44014668464660645
0.44014671444892883
0.4401467442512512
0.44014668464660645
0.44014671444892883
0.44014668464660645
0.44014662504196167
0.44014668464660645
0.44014665484428406
0.44014668464660645
0.44014665484428406
0.44014662504196167
0.44014671444892883
0.44014662504196167
0.44014665484428406
0.44014662504196167
0.44014662504196167
0.44014665484428406
0.4401465952396393
0.44014665484428406
0.4401465952396393
0.44014665484428406
0.4401465952396393
0.4401465356349945
0.4401465952396393
0.4401465952396393
0.4401465654373169
0.44014665484428406
0.4401465356349945
0.44014662504196167
0.44014662504196167
0.4401465356349945
0.4401465356349945
0.4401465654373169
0.4401465654373169
0.4401465058326721
0.4401465356349945
0.4401465654373169
0.4401465654373169
0.4401465058326721
0.4401465356349945
0.4401465654373169
0.4401465654373169
0.4401465058326721
0.4401465058326721
0.4401465058326721
0.4401465058326721
0.4401465654373169
0.4401465058326721
0.4401465356349945
0.4401465058326721
0.4401465058326721
0.44014647603034973
0.4401465058326721
0.4401465058326721
0.44014647603034973
0.44014647603034973
0.4401465058326721
0.44014647603034973
0.4401465058326721
0.4401465058326721
0.44014644622802734
0.44014644622802734
0.44014647603034973
0.4401465058326721
0.44014647603034973
0.44014641642570496
0.4401465058326721
0.44014644622802734
0.44014644622802734
0.44014647603034973
0.44014641642570496
0.44014641642570496
0.44014647603034973
0.44014638662338257
0.44014641642570496
0.44014638662338257
0.44014641642570496
0.44014641642570496
0.44014638662338257
0.44014641642570496
0.44014638662338257
0.44014638662338257
0.44014638662338257
0.44014638662338257
0.44014638662338257
0.44014638662338257
0.44014638662338257
0.4401463270187378
0.4401462972164154
0.44014638662338257
0.4401463270187378
0.4401462972164154
0.4401462972164154
0.4401463270187378
0.4401463568210602
0.4401463568210602
0.4401462972164154
0.4401463270187378
0.440146267414093
0.4401463270187378
0.4401462972164154
0.4401462972164154
0.440146267414093
0.4401463568210602
0.440146267414093
0.440146267414093
0.440146267414093
0.4401462972164154
0.440146267414093
0.4401462972164154
0.44014623761177063
0.44014623761177063
0.44014623761177063
0.4401462972164154
0.44014623761177063
0.440146267414093
0.4401462972164154
0.440146267414093
0.4401463568210602
0.44014620780944824
0.44014623761177063
0.44014620780944824
0.44014617800712585
0.44014623761177063
0.44014623761177063
0.44014620780944824
0.44014614820480347
0.44014617800712585
0.44014620780944824
0.44014614820480347
0.44014620780944824
0.44014617800712585
0.44014620780944824
0.44014614820480347
0.44014617800712585
0.44014614820480347
0.4401463568210602
0.4401460886001587
0.4401461184024811
0.44014614820480347
0.4401460886001587
0.44014614820480347
0.4401461184024811
0.4401461184024811
0.44014614820480347
0.4401460886001587
0.4401460886001587
0.4401460886001587
0.4401460886001587
0.44014617800712585
0.44014614820480347
0.4401460289955139
0.4401461184024811
0.4401460886001587
0.4401460587978363
0.4401460587978363
0.4401460587978363
0.4401460289955139
0.4401460289955139
0.4401460289955139
0.4401460289955139
0.4401460289955139
0.4401460886001587
0.4401460587978363
0.4401460587978363
0.4401460587978363
0.4401460587978363
0.4401460289955139
0.44014599919319153
0.4401460587978363
0.44014599919319153
0.44014599919319153
0.44014596939086914
0.4401460587978363
0.44014596939086914
0.4401460289955139
0.44014596939086914
0.44014596939086914
0.44014596939086914
0.44014596939086914
0.44014596939086914
0.44014596939086914
0.44014596939086914
0.44014596939086914
0.44014596939086914
0.44014596939086914
0.44014596939086914
0.44014596939086914
0.44014596939086914
0.44014596939086914
0.44014596939086914
0.44014593958854675
0.44014593958854675
0.44014593958854675
0.44014596939086914
0.44014590978622437
0.44014590978622437
0.44014593958854675
0.44014593958854675
0.44014590978622437
0.440145879983902
0.44014593958854675
0.4401460886001587
0.44014593958854675
0.4401458501815796
0.44014590978622437
0.440145879983902
0.4401458501815796
0.44014590978622437
0.440145879983902
0.44014590978622437
0.44014590978622437
0.440145879983902
0.44014590978622437
0.44014590978622437
0.4401458501815796
0.440145879983902
0.4401457607746124
0.4401458501815796
0.4401458203792572
0.4401458501815796
0.4401458501815796
0.440145879983902
0.4401457905769348
0.4401457905769348
0.4401458501815796
0.4401457905769348
0.4401457607746124
0.4401458203792572
0.4401458203792572
0.4401458203792572
0.44014573097229004
0.4401457905769348
0.4401457607746124
0.4401457905769348
0.4401458203792572
0.44014573097229004
0.4401457607746124
0.4401457905769348
0.4401458203792572
0.4401457607746124
0.4401457607746124
0.44014573097229004
0.44014570116996765
0.44014570116996765
0.44014570116996765
0.44014573097229004
0.44014570116996765
0.44014573097229004
0.44014570116996765
0.44014570116996765
0.44014570116996765
0.4401457607746124
0.44014573097229004
0.44014570116996765
0.4401456415653229
0.44014570116996765
0.44014567136764526
0.44014567136764526
0.44014567136764526
0.44014570116996765
0.44014567136764526
0.4401456117630005
0.44014567136764526
0.4401456415653229
0.44014570116996765
0.4401456415653229
0.4401456117630005
0.4401456117630005
0.44014567136764526
0.44014567136764526
0.44014567136764526
0.4401456415653229
0.4401455819606781
0.4401456415653229
0.44014567136764526
0.4401456117630005
0.44014567136764526
0.4401455819606781
0.4401456117630005
0.4401455819606781
0.4401455819606781
0.4401455521583557
0.4401456117630005
0.4401455223560333
0.4401455819606781
0.4401455521583557
0.4401455223560333
0.4401455223560333
0.4401455521583557
0.4401455521583557
0.4401455819606781
0.4401455521583557
0.4401455223560333
0.4401455223560333
0.44014549255371094
0.4401455521583557
0.4401455819606781
0.4401455819606781
0.4401455223560333
0.44014549255371094
0.44014549255371094
0.44014546275138855
0.44014549255371094
0.4401455521583557
0.44014546275138855
0.4401455521583557
0.4401455223560333
0.44014546275138855
0.44014546275138855
0.44014543294906616
0.44014543294906616
0.44014546275138855
0.44014546275138855
0.44014546275138855
0.44014546275138855
0.44014543294906616
0.44014546275138855
0.44014546275138855
0.44014546275138855
0.44014546275138855
0.44014543294906616
0.44014546275138855
0.44014546275138855
0.44014546275138855
0.44014543294906616
0.4401454031467438
0.44014546275138855
0.4401453733444214
0.4401454031467438
0.4401454031467438
0.4401453733444214
0.4401454031467438
0.4401453733444214
0.440145343542099
0.440145343542099
0.4401453733444214
0.4401453137397766
0.440145343542099
0.4401454031467438
0.4401453137397766
0.4401453733444214
0.440145343542099
0.440145343542099
0.4401453733444214
0.4401452839374542
0.4401453137397766
0.4401453733444214
0.4401453733444214
0.4401453137397766
0.4401453137397766
0.440145343542099
0.4401452839374542
0.440145343542099
0.4401453733444214
0.44014525413513184
0.4401452839374542
0.4401453137397766
0.4401452839374542
0.44014525413513184
0.44014525413513184
0.4401452839374542
0.4401452839374542
0.4401452839374542
0.44014525413513184
0.44014525413513184
0.44014522433280945
0.44014519453048706
0.44014519453048706
0.44014525413513184
0.44014522433280945
0.44014522433280945
0.44014525413513184
0.44014519453048706
0.44014522433280945
0.44014522433280945
0.44014522433280945
0.44014519453048706
0.4401451647281647
0.44014519453048706
0.44014519453048706
0.44014519453048706
0.44014519453048706
0.4401451647281647
0.44014519453048706
0.4401451349258423
0.4401451349258423
0.44014519453048706
0.4401451647281647
0.44014519453048706
0.4401451349258423
0.4401451647281647
0.4401451647281647
0.4401451349258423
0.4401451349258423
0.4401451349258423
0.4401451349258423
0.4401451349258423
0.4401451349258423
0.4401451349258423
0.4401451051235199
0.4401451051235199
0.4401450753211975
0.4401450753211975
0.4401450753211975
0.4401450753211975
0.44014498591423035
0.4401450753211975
0.4401450455188751
0.4401451051235199
0.44014498591423035
0.4401450455188751
0.4401450753211975
0.4401451051235199
0.44014501571655273
0.44014498591423035
0.44014501571655273
0.44014498591423035
0.4401450455188751
0.4401450455188751
0.44014501571655273
0.44014501571655273
0.4401450753211975
0.4401450455188751
0.44014498591423035
0.44014501571655273
0.44014501571655273
0.44014498591423035
0.44014498591423035
0.44014501571655273
0.44014495611190796
0.44014495611190796
0.44014495611190796
0.44014495611190796
0.44014498591423035
0.44014495611190796
0.44014495611190796
0.44014501571655273
0.44014498591423035
0.44014495611190796
0.44014498591423035
0.44014492630958557
0.44014498591423035
0.4401448965072632
0.4401448965072632
0.44014492630958557
0.44014492630958557
0.4401448965072632
0.44014492630958557
0.44014492630958557
0.44014492630958557
0.44014492630958557
0.4401448965072632
0.4401448965072632
0.44014492630958557
0.44014492630958557
0.4401448965072632
0.44014492630958557
0.44014492630958557
0.4401448965072632
0.4401448667049408
0.4401448965072632
0.4401448369026184
0.4401448667049408
0.4401448667049408
0.4401448369026184
0.44014477729797363
0.4401448667049408
0.4401448667049408
0.4401448369026184
0.4401448667049408
0.440144807100296
0.440144807100296
0.4401448667049408
0.4401448369026184
0.44014477729797363
0.440144807100296
0.44014477729797363
0.440144807100296
0.440144807100296
0.440144807100296
0.440144807100296
0.440144807100296
0.440144807100296
0.440144807100296
0.4401448667049408
0.4401448369026184
0.44014474749565125
0.44014474749565125
0.440144807100296
0.44014474749565125
0.44014471769332886
0.44014471769332886
0.440144807100296
0.44014474749565125
0.44014471769332886
0.44014471769332886
0.44014471769332886
0.44014471769332886
0.44014474749565125
0.44014468789100647
0.44014474749565125
0.44014471769332886
0.4401446580886841
0.44014471769332886
0.44014474749565125
0.4401446580886841
0.4401446580886841
0.44014471769332886
0.44014468789100647
0.44014468789100647
0.4401446580886841
0.4401446282863617
0.44014471769332886
0.44014468789100647
0.44014468789100647
0.4401446580886841
0.44014468789100647
0.4401446580886841
0.4401446282863617
0.4401446580886841
0.4401446282863617
0.4401446282863617
0.44014468789100647
0.4401446282863617
0.4401445686817169
0.44014468789100647
0.4401445984840393
0.4401446282863617
0.4401446282863617
0.4401446282863617
0.4401445984840393
0.4401446580886841
0.4401445686817169
0.4401445984840393
0.4401445984840393
0.44014453887939453
0.44014453887939453
0.4401445686817169
0.4401445686817169
0.4401445984840393
0.4401445686817169
0.44014453887939453
0.44014453887939453
0.44014453887939453
0.4401445686817169
0.44014450907707214
0.44014453887939453
0.44014450907707214
0.44014453887939453
0.44014447927474976
0.44014450907707214
0.44014447927474976
0.44014444947242737
0.44014444947242737
0.44014444947242737
0.44014450907707214
0.44014450907707214
0.44014447927474976
0.44014444947242737
0.44014447927474976
0.44014450907707214
0.44014447927474976
0.44014444947242737
0.44014450907707214
0.44014444947242737
0.44014444947242737
0.440144419670105
0.44014444947242737
0.440144419670105
0.440144419670105
0.44014444947242737
0.44014447927474976
0.440144419670105
0.440144419670105
0.44014447927474976
0.440144419670105
0.4401443898677826
0.440144419670105
0.44014444947242737
0.440144419670105
0.4401443600654602
0.4401443898677826
0.4401443898677826
0.4401443600654602
0.440144419670105
0.4401443898677826
0.4401443898677826
0.4401443302631378
0.4401443898677826
0.4401443898677826
0.44014430046081543
0.4401443898677826
0.4401443898677826
0.4401443898677826
0.4401443600654602
0.4401443600654602
0.4401443600654602
0.44014430046081543
0.44014430046081543
0.4401443302631378
0.44014430046081543
0.44014430046081543
0.4401443302631378
0.44014430046081543
0.44014430046081543
0.44014430046081543
0.4401443302631378
0.44014427065849304
0.4401443600654602
0.44014430046081543
0.44014430046081543
0.4401443302631378
0.44014427065849304
0.44014430046081543
0.44014430046081543
0.44014421105384827
0.44014424085617065
0.44014424085617065
0.44014421105384827
0.44014421105384827
0.44014424085617065
0.44014421105384827
0.44014427065849304
0.44014421105384827
0.44014427065849304
0.44014424085617065
0.44014421105384827
0.44014421105384827
0.44014427065849304
0.4401441812515259
0.4401441812515259
0.4401441812515259
0.44014421105384827
0.4401441812515259
0.4401441812515259
0.44014421105384827
0.44014421105384827
0.44014421105384827
0.4401441216468811
0.44014424085617065
0.4401441812515259
0.4401441812515259
0.4401441514492035
0.4401441514492035
0.4401441514492035
0.4401441812515259
0.4401441216468811
0.4401440918445587
0.4401441514492035
0.44014406204223633
0.4401441812515259
0.4401441216468811
0.4401441216468811
0.4401441216468811
0.44014400243759155
0.4401440918445587
0.4401441216468811
0.44014403223991394
0.4401441514492035
0.4401441216468811
0.4401441514492035
0.4401441216468811
0.44014403223991394
0.4401441216468811
0.44014406204223633
0.44014403223991394
0.44014403223991394
0.4401440918445587
0.4401440918445587
0.44014406204223633
0.44014403223991394
0.44014406204223633
0.44014403223991394
0.44014406204223633
0.44014400243759155
0.44014400243759155
0.44014406204223633
0.44014400243759155
0.44014400243759155
0.44014400243759155
0.44014397263526917
0.44014400243759155
0.44014403223991394
0.44014400243759155
0.44014400243759155
0.4401439428329468
0.44014400243759155
0.44014400243759155
0.4401439130306244
0.4401439428329468
0.4401439428329468
0.4401439428329468
0.44014397263526917
0.4401439130306244
0.4401439428329468
0.4401439130306244
0.4401439130306244
0.4401439130306244
0.4401439428329468
0.4401439130306244
0.4401439130306244
0.4401439428329468
0.440143883228302
0.4401439130306244
0.4401439428329468
0.4401439428329468
0.4401439130306244
0.4401439130306244
0.4401439130306244
0.4401439130306244
0.4401439130306244
0.4401438534259796
0.440143883228302
0.4401438534259796
0.440143883228302
0.4401439428329468
0.4401438534259796
0.440143883228302
0.4401438236236572
0.4401438236236572
0.4401439130306244
0.4401438534259796
0.4401438534259796
0.440143883228302
0.440143883228302
0.4401438534259796
0.4401438236236572
0.4401438534259796
0.440143883228302
0.4401438534259796
0.440143883228302
0.4401438236236572
0.44014373421669006
0.4401438236236572
0.44014376401901245
0.4401438236236572
0.44014376401901245
0.4401438534259796
0.44014373421669006
0.44014379382133484
0.4401439130306244
0.44014376401901245
0.44014376401901245
0.44014376401901245
0.44014376401901245
0.4401438236236572
0.4401437044143677
0.44014373421669006
0.44014376401901245
0.44014379382133484
0.4401438236236572
0.44014373421669006
0.44014373421669006
0.4401437044143677
0.4401437044143677
0.4401436746120453
0.4401436746120453
0.4401436746120453
0.4401437044143677
0.4401437044143677
0.44014373421669006
0.4401436448097229
0.4401436448097229
0.4401437044143677
0.4401436448097229
0.4401436746120453
0.4401437044143677
0.4401437044143677
0.4401436448097229
0.4401436150074005
0.4401436448097229
0.4401436746120453
0.4401436150074005
0.4401436746120453
0.4401436448097229
0.4401436150074005
0.4401436448097229
0.4401435852050781
0.4401435852050781
0.4401436448097229
0.4401435852050781
0.4401435852050781
0.4401436746120453
0.4401436150074005
0.4401436448097229
0.4401436150074005
0.4401435852050781
0.4401436150074005
0.44014352560043335
0.44014355540275574
0.4401436150074005
0.4401435852050781
0.44014352560043335
0.44014355540275574
0.4401435852050781
0.44014349579811096
0.44014352560043335
0.44014355540275574
0.44014355540275574
0.44014352560043335
0.44014352560043335
0.44014352560043335
0.44014352560043335
0.44014355540275574
0.44014352560043335
0.4401435852050781
0.44014349579811096
0.4401434659957886
0.44014349579811096
0.44014349579811096
0.4401434659957886
0.44014349579811096
0.44014349579811096
0.4401434361934662
0.4401434361934662
0.44014349579811096
0.4401434361934662
0.4401434063911438
0.4401434659957886
0.4401434361934662
0.44014352560043335
0.4401434659957886
0.4401434361934662
0.4401434063911438
0.4401434659957886
0.4401434361934662
0.4401434063911438
0.4401433765888214
0.4401434361934662
0.4401433765888214
0.44014349579811096
0.4401434361934662
0.4401433765888214
0.4401433765888214
0.4401434063911438
0.4401433765888214
0.4401433765888214
0.4401434659957886
0.4401433765888214
0.4401433765888214
0.4401433765888214
0.4401433765888214
0.440143346786499
0.4401433765888214
0.440143346786499
0.4401433765888214
0.440143346786499
0.4401433765888214
0.4401433765888214
0.4401434063911438
0.4401433765888214
0.44014328718185425
0.440143346786499
0.4401433765888214
0.440143346786499
0.440143346786499
0.44014328718185425
0.440143346786499
0.44014331698417664
0.44014331698417664
0.44014331698417664
0.44014328718185425
0.44014331698417664
0.44014325737953186
0.44014325737953186
0.440143346786499
0.44014328718185425
0.44014325737953186
0.44014325737953186
0.44014325737953186
0.44014325737953186
0.44014328718185425
0.4401432275772095
0.44014328718185425
0.4401431977748871
0.4401431977748871
0.44014328718185425
0.44014331698417664
0.44014325737953186
0.4401432275772095
0.4401432275772095
0.44014325737953186
0.4401431679725647
0.4401431679725647
0.4401431679725647
0.4401431679725647
0.44014325737953186
0.44014325737953186
0.4401431977748871
0.4401432275772095
0.4401431679725647
0.4401431381702423
0.4401431977748871
0.4401431679725647
0.4401431381702423
0.4401432275772095
0.4401431381702423
0.4401431381702423
0.4401431977748871
0.4401431679725647
0.4401431381702423
0.4401431083679199
0.44014307856559753
0.4401431977748871
0.44014307856559753
0.4401431083679199
0.44014307856559753
0.4401431679725647
0.44014307856559753
0.4401431381702423
0.44014307856559753
0.44014307856559753
0.44014307856559753
0.44014307856559753
0.4401431083679199
0.44014304876327515
0.44014301896095276
0.4401431083679199
0.44014304876327515
0.44014304876327515
0.44014304876327515
0.44014304876327515
0.44014307856559753
0.44014304876327515
0.44014307856559753
0.44014304876327515
0.44014301896095276
0.44014304876327515
0.44014304876327515
0.44014298915863037
0.44014301896095276
0.44014301896095276
0.44014304876327515
0.44014298915863037
0.440142959356308
0.44014301896095276
0.440142959356308
0.44014298915863037
0.4401429295539856
0.440142959356308
0.4401429295539856
0.4401428997516632
0.44014298915863037
0.4401429295539856
0.440142959356308
0.4401429295539856
0.4401429295539856
0.440142959356308
0.440142959356308
0.4401429295539856
0.440142959356308
0.4401428997516632
0.4401429295539856
0.4401429295539856
0.4401429295539856
0.440142959356308
0.4401428699493408
0.4401429295539856
0.4401428997516632
0.4401428699493408
0.4401428997516632
0.4401428699493408
0.4401428699493408
0.4401428699493408
0.4401428699493408
0.4401428699493408
0.4401428997516632
0.44014284014701843
0.4401429295539856
0.44014284014701843
0.4401428699493408
0.44014284014701843
0.4401428997516632
0.4401428699493408
0.44014281034469604
0.4401428699493408
0.44014284014701843
0.44014284014701843
0.4401428699493408
0.44014278054237366
0.44014284014701843
0.44014284014701843
0.44014284014701843
0.4401428699493408
0.44014284014701843
0.44014278054237366
0.44014284014701843
0.44014278054237366
0.44014281034469604
0.44014278054237366
0.44014281034469604
0.44014281034469604
0.44014281034469604
0.44014281034469604
0.44014278054237366
0.44014278054237366
0.44014278054237366
0.4401427209377289
0.44014275074005127
0.44014275074005127
0.44014278054237366
0.44014275074005127
0.44014275074005127
0.4401427209377289
0.44014275074005127
0.4401427209377289
0.4401426613330841
0.4401427209377289
0.4401427209377289
0.44014281034469604
0.4401427209377289
0.4401426911354065
0.4401427209377289
0.4401426911354065
0.4401426613330841
0.4401426911354065
0.4401426315307617
0.4401426613330841
0.4401426613330841
0.4401426315307617
0.4401426911354065
0.4401426911354065
0.4401427209377289
0.4401426315307617
0.4401426613330841
0.44014257192611694
0.44014260172843933
0.44014260172843933
0.4401426315307617
0.44014260172843933
0.4401426613330841
0.44014260172843933
0.4401426613330841
0.4401426613330841
0.44014257192611694
0.44014260172843933
0.44014260172843933
0.4401426315307617
0.4401426315307617
0.44014254212379456
0.44014260172843933
0.44014254212379456
0.44014254212379456
0.44014254212379456
0.44014254212379456
0.44014257192611694
0.44014260172843933
0.44014254212379456
0.44014254212379456
0.44014257192611694
0.4401424825191498
0.4401424825191498
0.4401424825191498
0.44014251232147217
0.44014251232147217
0.44014257192611694
0.44014251232147217
0.4401424527168274
0.44014254212379456
0.4401424825191498
0.44014260172843933
0.44014251232147217
0.4401424825191498
0.4401424527168274
0.44014251232147217
0.44014251232147217
0.44014254212379456
0.4401424825191498
0.440142422914505
0.4401424825191498
0.44014254212379456
0.4401424527168274
0.44014251232147217
0.4401424825191498
0.4401424527168274
0.440142422914505
0.4401423931121826
0.4401424527168274
0.440142422914505
0.4401423931121826
0.44014236330986023
0.440142422914505
0.44014236330986023
0.4401423931121826
0.4401423931121826
0.4401423931121826
0.4401423931121826
0.4401423931121826
0.440142422914505
0.44014236330986023
0.440142422914505
0.44014236330986023
0.440142422914505
0.44014236330986023
0.44014236330986023
0.44014236330986023
0.44014236330986023
0.44014236330986023
0.44014236330986023
0.44014236330986023
0.44014236330986023
0.44014236330986023
0.44014236330986023
0.44014236330986023
0.44014236330986023
0.44014236330986023
0.44014227390289307
0.44014230370521545
0.44014233350753784
0.44014233350753784
0.44014227390289307
0.44014227390289307
0.44014236330986023
0.44014230370521545
0.44014230370521545
0.44014227390289307
0.4401422441005707
0.44014233350753784
0.44014233350753784
0.44014227390289307
0.4401422441005707
0.44014233350753784
0.44014227390289307
0.4401422441005707
0.4401422441005707
0.44014227390289307
0.4401422441005707
0.44014227390289307
0.4401422142982483
0.44014230370521545
0.44014227390289307
0.4401422441005707
0.4401421844959259
0.4401422142982483
0.4401422441005707
0.4401421546936035
0.4401422142982483
0.4401422142982483
0.4401422441005707
0.44014212489128113
0.4401421844959259
0.4401421844959259
0.4401421844959259
0.4401421546936035
0.4401421844959259
0.4401422142982483
0.4401421546936035
0.4401421546936035
0.4401422142982483
0.4401422142982483
0.4401421546936035
0.4401421844959259
0.44014209508895874
0.44014209508895874
0.4401421546936035
0.4401421546936035
0.44014212489128113
0.4401421546936035
0.44014209508895874
0.4401421546936035
0.44014206528663635
0.44014212489128113
0.44014212489128113
0.44014209508895874
0.44014206528663635
0.44014206528663635
0.44014212489128113
0.44014206528663635
0.44014209508895874
0.44014206528663635
0.44014212489128113
0.44014203548431396
0.44014203548431396
0.4401420056819916
0.44014203548431396
0.44014206528663635
0.44014203548431396
0.44014203548431396
0.4401420056819916
0.44014203548431396
0.44014203548431396
0.4401420056819916
0.4401420056819916
0.4401420056819916
0.4401419758796692
0.44014203548431396
0.44014203548431396
0.4401420056819916
0.4401419758796692
0.4401419758796692
0.4401420056819916
0.4401419460773468
0.4401420056819916
0.44014203548431396
0.4401420056819916
0.4401419758796692
0.4401419460773468
0.4401419758796692
0.4401419758796692
0.4401419162750244
0.4401419758796692
0.4401419162750244
0.4401419460773468
0.440141886472702
0.4401419460773468
0.440141886472702
0.4401419162750244
0.4401419162750244
0.4401419460773468
0.4401419162750244
0.4401419162750244
0.4401419162750244
0.440141886472702
0.440141886472702
0.44014185667037964
0.44014185667037964
0.440141886472702
0.4401419162750244
0.440141886472702
0.440141886472702
0.44014182686805725
0.4401419162750244
0.4401419162750244
0.4401419162750244
0.44014185667037964
0.44014182686805725
0.440141886472702
0.44014182686805725
0.44014182686805725
0.44014182686805725
0.440141886472702
0.44014182686805725
0.44014182686805725
0.44014182686805725
0.44014182686805725
0.4401417672634125
0.44014182686805725
0.44014179706573486
0.44014182686805725
0.44014182686805725
0.44014182686805725
0.44014179706573486
0.44014182686805725
0.4401417672634125
0.4401417672634125
0.44014179706573486
0.4401417374610901
0.44014179706573486
0.4401417374610901
0.44014182686805725
0.4401417672634125
0.44014185667037964
0.4401417374610901
0.44014179706573486
0.4401417374610901
0.4401417374610901
0.4401417672634125
0.4401417672634125
0.44014179706573486
0.4401417374610901
0.4401417076587677
0.4401417672634125
0.4401417076587677
0.4401417374610901
0.4401417076587677
0.4401416480541229
0.4401416778564453
0.4401416778564453
0.4401417076587677
0.4401416480541229
0.4401416480541229
0.4401417076587677
0.4401416778564453
0.4401416480541229
0.4401416778564453
0.4401416778564453
0.4401416778564453
0.4401416480541229
0.4401416778564453
0.4401417076587677
0.44014161825180054
0.44014158844947815
0.4401416778564453
0.44014161825180054
0.4401416778564453
0.4401416480541229
0.44014161825180054
0.4401416480541229
0.44014161825180054
0.44014158844947815
0.44014161825180054
0.44014158844947815
0.44014158844947815
0.44014155864715576
0.44014158844947815
0.440141499042511
0.44014155864715576
0.44014161825180054
0.44014155864715576
0.4401415288448334
0.4401415288448334
0.4401415288448334
0.4401415288448334
0.4401415288448334
0.44014158844947815
0.4401415288448334
0.44014158844947815
0.44014155864715576
0.44014155864715576
0.44014155864715576
0.440141499042511
0.4401415288448334
0.440141499042511
0.4401415288448334
0.4401414394378662
0.440141499042511
0.4401415288448334
0.440141499042511
0.4401414692401886
0.4401414394378662
0.4401414394378662
0.4401415288448334
0.4401414096355438
0.4401414692401886
0.44014155864715576
0.4401414394378662
0.4401414096355438
0.4401414394378662
0.4401414692401886
0.4401414692401886
0.4401414394378662
0.4401414394378662
0.4401414394378662
0.4401414394378662
0.44014137983322144
0.440141499042511
0.4401414096355438
0.44014137983322144
0.44014137983322144
0.4401414096355438
0.4401414096355438
0.44014137983322144
0.4401414096355438
0.44014135003089905
0.44014135003089905
0.44014137983322144
0.44014132022857666
0.44014137983322144
0.44014132022857666
0.44014137983322144
0.44014137983322144
0.44014132022857666
0.44014135003089905
0.44014132022857666
0.44014132022857666
0.44014135003089905
0.44014132022857666
0.44014132022857666
0.44014132022857666
0.44014135003089905
0.4401412606239319
0.44014132022857666
0.44014135003089905
0.4401412904262543
0.44014132022857666
0.44014135003089905
0.44014132022857666
0.44014132022857666
0.44014132022857666
0.44014132022857666
0.4401412606239319
0.4401412904262543
0.44014132022857666
0.4401412904262543
0.44014132022857666
0.4401412308216095
0.44014132022857666
0.4401412904262543
0.4401412606239319
0.4401412308216095
0.4401412308216095
0.4401412606239319
0.4401412308216095
0.4401412606239319
0.4401412308216095
0.4401412010192871
0.4401412606239319
0.4401412308216095
0.4401412010192871
0.4401412904262543
0.4401412010192871
0.4401412010192871
0.4401412308216095
0.4401412010192871
0.4401412010192871
0.4401411712169647
0.4401412010192871
0.4401412010192871
0.4401411712169647
0.4401412010192871
0.4401411712169647
0.44014114141464233
0.44014114141464233
0.4401412010192871
0.44014114141464233
0.44014114141464233
0.44014114141464233
0.4401412010192871
0.4401411712169647
0.4401411712169647
0.4401411712169647
0.44014111161231995
0.44014114141464233
0.4401411712169647
0.44014114141464233
0.44014114141464233
0.44014111161231995
0.44014114141464233
0.44014108180999756
0.44014111161231995
0.44014108180999756
0.4401410222053528
0.44014111161231995
0.44014105200767517
0.44014111161231995
0.44014105200767517
0.44014108180999756
0.44014105200767517
0.44014108180999756
0.44014105200767517
0.44014108180999756
0.44014108180999756
0.44014105200767517
0.44014105200767517
0.4401409924030304
0.4401410222053528
0.440140962600708
0.4401409924030304
0.44014105200767517
0.4401409924030304
0.4401409924030304
0.4401409924030304
0.4401410222053528
0.440140962600708
0.440140962600708
0.4401410222053528
0.4401409924030304
0.4401409924030304
0.4401410222053528
0.440140962600708
0.4401409924030304
0.4401409924030304
0.440140962600708
0.440140962600708
0.44014090299606323
0.440140962600708
0.4401409327983856
0.44014090299606323
0.4401409327983856
0.4401409924030304
0.44014087319374084
0.440140962600708
0.4401409924030304
0.44014090299606323
0.4401409327983856
0.44014090299606323
0.4401409327983856
0.4401409327983856
0.44014090299606323
0.44014090299606323
0.44014084339141846
0.44014084339141846
0.44014090299606323
0.44014090299606323
0.44014087319374084
0.44014087319374084
0.44014087319374084
0.44014090299606323
0.4401409327983856
0.44014087319374084
0.44014090299606323
0.44014081358909607
0.44014084339141846
0.44014087319374084
0.44014084339141846
0.44014084339141846
0.4401409327983856
0.44014084339141846
0.44014084339141846
0.44014081358909607
0.44014084339141846
0.44014081358909607
0.44014081358909607
0.44014081358909607
0.4401407837867737
0.44014081358909607
0.44014081358909607
0.44014081358909607
0.44014081358909607
0.4401407837867737
0.44014081358909607
0.44014081358909607
0.44014081358909607
0.4401407837867737
0.44014081358909607
0.4401407837867737
0.4401407837867737
0.4401407837867737
0.4401407539844513
0.4401407241821289
0.4401407837867737
0.4401407539844513
0.4401407539844513
0.4401407241821289
0.4401407539844513
0.4401407241821289
0.4401407241821289
0.4401407539844513
0.4401406943798065
0.4401407241821289
0.4401407241821289
0.4401407539844513
0.44014066457748413
0.4401406943798065
0.4401407241821289
0.4401406943798065
0.4401406943798065
0.44014066457748413
0.4401407241821289
0.4401406943798065
0.4401407241821289
0.44014066457748413
0.44014066457748413
0.44014066457748413
0.44014060497283936
0.44014066457748413
0.4401406943798065
0.44014063477516174
0.44014063477516174
0.44014060497283936
0.44014063477516174
0.44014060497283936
0.44014066457748413
0.44014063477516174
0.44014057517051697
0.44014060497283936
0.44014063477516174
0.44014060497283936
0.44014057517051697
0.44014057517051697
0.44014063477516174
0.4401405453681946
0.44014057517051697
0.44014060497283936
0.44014057517051697
0.44014057517051697
0.44014057517051697
0.4401405155658722
0.44014057517051697
0.4401405453681946
0.44014057517051697
0.44014060497283936
0.4401405155658722
0.4401405155658722
0.4401405453681946
0.4401405453681946
0.4401404559612274
0.4401405155658722
0.4401405155658722
0.4401405155658722
0.4401405155658722
0.4401405155658722
0.4401404857635498
0.4401404857635498
0.4401405155658722
0.4401404559612274
0.4401405155658722
0.4401404857635498
0.4401404559612274
0.44014042615890503
0.4401405155658722
0.4401405155658722
0.4401404857635498
0.44014042615890503
0.44014042615890503
0.44014039635658264
0.44014039635658264
0.44014042615890503
0.44014042615890503
0.44014039635658264
0.44014042615890503
0.44014039635658264
0.44014042615890503
0.44014042615890503
0.44014036655426025
0.44014039635658264
0.44014042615890503
0.44014036655426025
0.44014033675193787
0.44014039635658264
0.44014036655426025
0.44014036655426025
0.44014036655426025
0.44014033675193787
0.44014039635658264
0.44014036655426025
0.44014033675193787
0.44014033675193787
0.44014033675193787
0.44014033675193787
0.44014039635658264
0.44014033675193787
0.44014036655426025
0.44014033675193787
0.4401403069496155
0.4401403069496155
0.4401402771472931
0.4401403069496155
0.44014033675193787
0.4401402771472931
0.4401403069496155
0.4401403069496155
0.4401402473449707
0.4401403069496155
0.4401402771472931
0.4401402771472931
0.4401402771472931
0.4401403069496155
0.4401402771472931
0.4401402473449707
0.4401402771472931
0.4401402473449707
0.4401402771472931
0.4401402473449707
0.4401402771472931
0.44014033675193787
0.4401402771472931
0.4401402473449707
0.4401401877403259
0.4401402473449707
0.4401402473449707
0.4401402175426483
0.4401402473449707
0.4401402473449707
0.4401401877403259
0.44014015793800354
0.4401402175426483
0.4401402473449707
0.4401401877403259
0.44014012813568115
0.44014015793800354
0.44014015793800354
0.4401402473449707
0.44014015793800354
0.4401402175426483
0.4401401877403259
0.44014012813568115
0.4401401877403259
0.44014015793800354
0.44014015793800354
0.4401401877403259
0.44014015793800354
0.4401401877403259
0.4401401877403259
0.4401402175426483
0.4401401877403259
0.44014009833335876
0.4401400685310364
0.44014012813568115
0.44014012813568115
0.44014009833335876
0.4401401877403259
0.44014015793800354
0.440140038728714
0.44014012813568115
0.4401400685310364
0.44014009833335876
0.4401400685310364
0.44014015793800354
0.440140038728714
0.440140038728714
0.440140038728714
0.44014009833335876
0.44014012813568115
0.440140038728714
0.440140038728714
0.4401400685310364
0.4401400685310364
0.44014009833335876
0.44014009833335876
0.4401400089263916
0.4401400685310364
0.4401400089263916
0.4401399791240692
0.4401400089263916
0.440140038728714
0.440140038728714
0.4401400089263916
0.4401400089263916
0.4401400089263916
0.4401399791240692
0.4401399791240692
0.4401399791240692
0.440140038728714
0.4401399791240692
0.4401399791240692
0.4401399493217468
0.4401399493217468
0.4401399493217468
0.4401399493217468
0.4401399493217468
0.4401399791240692
0.44013991951942444
0.4401399791240692
0.4401399791240692
0.4401399791240692
0.4401399493217468
0.44013988971710205
0.4401399493217468
0.4401399493217468
0.4401399493217468
0.44013991951942444
0.4401399493217468
0.44013991951942444
0.44013988971710205
0.44013985991477966
0.44013988971710205
0.44013988971710205
0.44013985991477966
0.44013985991477966
0.44013985991477966
0.4401398301124573
0.4401398003101349
0.44013988971710205
0.44013991951942444
0.44013985991477966
0.44013988971710205
0.4401398301124573
0.4401398003101349
0.4401398301124573
0.4401398301124573
0.4401398003101349
0.44013985991477966
0.4401398003101349
0.4401397705078125
0.4401398301124573
0.4401398301124573
0.44013988971710205
0.4401398301124573
0.4401398003101349
0.4401398003101349
0.4401398003101349
0.4401398003101349
0.4401398003101349
0.4401397705078125
0.4401398003101349
0.4401397705078125
0.4401398301124573
0.4401398003101349
0.4401397705078125
0.4401397705078125
0.4401397407054901
0.4401397407054901
0.4401397705078125
0.4401397705078125
0.4401397109031677
0.4401397407054901
0.4401397407054901
0.4401397109031677
0.4401397109031677
0.4401397109031677
0.4401397407054901
0.4401397407054901
0.44013968110084534
0.44013968110084534
0.4401397705078125
0.4401397109031677
0.44013968110084534
0.4401397407054901
0.4401397705078125
0.44013968110084534
0.44013968110084534
0.4401397109031677
0.4401397109031677
0.44013965129852295
0.4401397109031677
0.4401397407054901
0.44013968110084534
0.44013965129852295
0.44013965129852295
0.4401395916938782
0.44013968110084534
0.44013965129852295
0.44013965129852295
0.44013965129852295
0.44013962149620056
0.44013968110084534
0.4401397109031677
0.4401395618915558
0.44013962149620056
0.44013968110084534
0.4401395916938782
0.4401395916938782
0.4401395916938782
0.4401395618915558
0.44013965129852295
0.4401395320892334
0.4401395916938782
0.4401395618915558
0.4401395916938782
0.4401395916938782
0.4401395916938782
0.44013962149620056
0.4401395320892334
0.44013965129852295
0.4401395320892334
0.4401395916938782
0.4401395618915558
0.440139502286911
0.4401395320892334
0.4401395618915558
0.4401395320892334
0.4401395618915558
0.4401395618915558
0.4401395618915558
0.4401395618915558
0.440139502286911
0.440139502286911
0.4401395320892334
0.4401395320892334
0.440139502286911
0.4401394724845886
0.4401395320892334
0.4401394724845886
0.440139502286911
0.44013941287994385
0.4401394724845886
0.44013944268226624
0.440139502286911
0.440139502286911
0.4401395618915558
0.44013944268226624
0.4401394724845886
0.44013944268226624
0.4401394724845886
0.44013941287994385
0.440139502286911
0.44013938307762146
0.44013938307762146
0.44013938307762146
0.44013941287994385
0.44013941287994385
0.44013938307762146
0.4401393234729767
0.4401393532752991
0.44013938307762146
0.4401393532752991
0.44013938307762146
0.4401393532752991
0.4401393532752991
0.44013941287994385
0.4401393532752991
0.44013938307762146
0.4401393532752991
0.44013938307762146
0.44013938307762146
0.4401392936706543
0.44013938307762146
0.4401393234729767
0.4401393234729767
0.4401393234729767
0.44013938307762146
0.4401392638683319
0.4401393234729767
0.4401393234729767
0.4401393234729767
0.4401392936706543
0.4401393234729767
0.4401392638683319
0.4401392638683319
0.4401393234729767
0.4401392936706543
0.4401392638683319
0.4401392638683319
0.4401392936706543
0.44013938307762146
0.4401393234729767
0.4401392936706543
0.4401392340660095
0.4401392638683319
0.4401392638683319
0.4401392340660095
0.4401392936706543
0.4401392638683319
0.4401392638683319
0.4401392638683319
0.44013920426368713
0.44013920426368713
0.44013920426368713
0.4401392340660095
0.4401392340660095
0.44013920426368713
0.44013917446136475
0.44013920426368713
0.44013920426368713
0.44013920426368713
0.4401392340660095
0.4401392340660095
0.4401392638683319
0.44013920426368713
0.44013917446136475
0.44013917446136475
0.44013914465904236
0.44013914465904236
0.44013914465904236
0.44013917446136475
0.44013920426368713
0.44013914465904236
0.44013917446136475
0.44013911485671997
0.44013917446136475
0.44013920426368713
0.44013917446136475
0.44013914465904236
0.44013911485671997
0.44013914465904236
0.44013911485671997
0.4401390552520752
0.4401390850543976
0.44013911485671997
0.44013911485671997
0.44013911485671997
0.4401390850543976
0.44013911485671997
0.4401390850543976
0.4401390850543976
0.4401390850543976
0.4401390850543976
0.4401390552520752
0.4401389956474304
0.4401390254497528
0.4401390552520752
0.4401390254497528
0.4401390552520752
0.4401390552520752
0.4401390552520752
0.4401390254497528
0.4401390552520752
0.4401390552520752
0.4401390254497528
0.4401390850543976
0.4401390552520752
0.4401390254497528
0.4401390254497528
0.4401390850543976
0.4401389956474304
0.4401389956474304
0.4401389956474304
0.4401390254497528
0.44013896584510803
0.44013896584510803
0.4401390552520752
0.44013896584510803
0.44013896584510803
0.4401389956474304
0.4401389956474304
0.44013896584510803
0.44013893604278564
0.44013890624046326
0.44013890624046326
0.44013893604278564
0.4401389956474304
0.44013893604278564
0.44013893604278564
0.44013890624046326
0.44013887643814087
0.44013887643814087
0.44013890624046326
0.4401388466358185
0.44013893604278564
0.44013893604278564
0.44013890624046326
0.44013887643814087
0.44013887643814087
0.4401388466358185
0.4401388466358185
0.44013887643814087
0.4401388168334961
0.44013890624046326
0.4401388168334961
0.4401388466358185
0.4401388168334961
0.4401388466358185
0.4401387572288513
0.4401388466358185
0.44013887643814087
0.4401388168334961
0.4401387870311737
0.4401388466358185
0.4401388168334961
0.4401388168334961
0.4401388168334961
0.4401388168334961
0.4401388168334961
0.4401387870311737
0.4401387572288513
0.4401387870311737
0.4401388168334961
0.4401387870311737
0.44013872742652893
0.4401387870311737
0.44013872742652893
0.4401387572288513
0.4401387870311737
0.4401388168334961
0.44013872742652893
0.44013872742652893
0.44013872742652893
0.44013872742652893
0.4401387572288513
0.44013872742652893
0.4401387572288513
0.44013872742652893
0.44013872742652893
0.44013869762420654
0.44013872742652893
0.44013872742652893
0.44013869762420654
0.44013872742652893
0.44013872742652893
0.44013866782188416
0.44013869762420654
0.44013866782188416
0.44013863801956177
0.44013869762420654
0.44013863801956177
0.44013866782188416
0.44013866782188416
0.44013869762420654
0.44013869762420654
0.44013863801956177
0.44013866782188416
0.44013869762420654
0.44013869762420654
0.44013863801956177
0.44013866782188416
0.440138578414917
0.44013866782188416
0.44013863801956177
0.44013869762420654
0.4401386082172394
0.4401386082172394
0.440138578414917
0.4401386082172394
0.4401386082172394
0.440138578414917
0.440138578414917
0.440138578414917
0.4401385486125946
0.4401385486125946
0.4401386082172394
0.440138578414917
0.4401385486125946
0.4401386082172394
0.440138578414917
0.4401385486125946
0.4401385486125946
0.44013845920562744
0.44013863801956177
0.440138578414917
0.44013848900794983
0.4401385188102722
0.4401385188102722
0.4401385188102722
0.4401385188102722
0.4401385188102722
0.4401385486125946
0.4401385188102722
0.44013845920562744
0.44013848900794983
0.44013845920562744
0.44013848900794983
0.44013845920562744
0.44013845920562744
0.4401385486125946
0.4401385188102722
0.44013842940330505
0.44013845920562744
0.44013848900794983
0.44013848900794983
0.44013839960098267
0.4401383697986603
0.44013842940330505
0.44013845920562744
0.44013839960098267
0.44013839960098267
0.4401383697986603
0.44013845920562744
0.44013839960098267
0.44013839960098267
0.44013842940330505
0.44013842940330505
0.44013839960098267
0.44013839960098267
0.44013839960098267
0.44013842940330505
0.4401383697986603
0.4401383697986603
0.44013839960098267
0.4401383399963379
0.4401383101940155
0.4401383697986603
0.44013845920562744
0.4401383399963379
0.4401383697986603
0.4401383697986603
0.4401383399963379
0.4401383399963379
0.4401383399963379
0.4401383399963379
0.4401382803916931
0.4401382505893707
0.4401382803916931
0.4401383399963379
0.4401383101940155
0.4401383101940155
0.4401382505893707
0.4401382505893707
0.4401383101940155
0.4401382505893707
0.4401382803916931
0.44013822078704834
0.4401383101940155
0.44013822078704834
0.4401382505893707
0.4401382803916931
0.4401382803916931
0.4401382505893707
0.44013822078704834
0.44013822078704834
0.4401382505893707
0.44013822078704834
0.44013819098472595
0.44013822078704834
0.44013822078704834
0.44013822078704834
0.44013822078704834
0.44013822078704834
0.44013822078704834
0.44013822078704834
0.44013816118240356
0.44013822078704834
0.44013819098472595
0.44013819098472595
0.4401381313800812
0.44013819098472595
0.44013822078704834
0.44013819098472595
0.44013816118240356
0.44013816118240356
0.44013822078704834
0.44013819098472595
0.44013816118240356
0.4401381313800812
0.4401381313800812
0.4401381313800812
0.4401381015777588
0.44013816118240356
0.44013816118240356
0.44013816118240356
0.44013819098472595
0.4401381313800812
0.44013819098472595
0.4401380717754364
0.44013816118240356
0.44013822078704834
0.44013816118240356
0.44013816118240356
0.4401381313800812
0.4401381313800812
0.4401381015777588
0.4401381313800812
0.4401380717754364
0.4401381313800812
0.4401381015777588
0.4401381015777588
0.4401380717754364
0.4401381015777588
0.4401381015777588
0.4401380717754364
0.4401381015777588
0.440138041973114
0.440138041973114
0.4401381015777588
0.440138041973114
0.440138041973114
0.4401380121707916
0.440138041973114
0.4401380121707916
0.440138041973114
0.4401380121707916
0.4401381015777588
0.4401380121707916
0.4401380121707916
0.4401380121707916
0.44013798236846924
0.4401380121707916
0.44013795256614685
0.4401380121707916
0.44013798236846924
0.440138041973114
0.44013798236846924
0.4401378929615021
0.44013798236846924
0.44013792276382446
0.44013798236846924
0.44013798236846924
0.44013792276382446
0.4401378929615021
0.44013798236846924
0.44013795256614685
0.44013798236846924
0.4401380121707916
0.44013792276382446
0.44013792276382446
0.4401378929615021
0.44013792276382446
0.44013792276382446
0.4401378631591797
0.4401378929615021
0.44013792276382446
0.44013795256614685
0.4401378631591797
0.4401378333568573
0.44013792276382446
0.44013792276382446
0.4401378035545349
0.4401378631591797
0.4401378929615021
0.4401378035545349
0.4401378631591797
0.4401378333568573
0.4401378631591797
0.4401378333568573
0.4401378631591797
0.4401378631591797
0.4401378631591797
0.4401378631591797
0.4401378333568573
0.4401378035545349
0.4401378035545349
0.4401378035545349
0.4401378333568573
0.4401378333568573
0.4401378035545349
0.4401377737522125
0.4401378035545349
0.4401377737522125
0.44013774394989014
0.4401378035545349
0.4401378035545349
0.4401377737522125
0.4401378035545349
0.4401378035545349
0.44013774394989014
0.44013774394989014
0.44013774394989014
0.44013771414756775
0.44013771414756775
0.44013771414756775
0.44013771414756775
0.44013771414756775
0.44013771414756775
0.4401377737522125
0.44013771414756775
0.44013774394989014
0.440137654542923
0.44013771414756775
0.44013771414756775
0.44013771414756775
0.44013771414756775
0.44013768434524536
0.44013771414756775
0.44013768434524536
0.44013771414756775
0.44013768434524536
0.4401376247406006
0.44013771414756775
0.44013771414756775
0.44013771414756775
0.44013771414756775
0.44013771414756775
0.44013771414756775
0.440137654542923
0.44013768434524536
0.44013768434524536
0.440137654542923
0.44013768434524536
0.4401376247406006
0.4401376247406006
0.44013771414756775
0.440137654542923
0.440137654542923
0.4401376247406006
0.4401375949382782
0.4401376247406006
0.44013768434524536
0.4401375949382782
0.4401375949382782
0.4401375949382782
0.4401375949382782
0.4401375949382782
0.44013768434524536
0.4401375949382782
0.4401375651359558
0.4401376247406006
0.4401375651359558
0.44013750553131104
0.4401375651359558
0.4401375651359558
0.4401375949382782
0.4401375949382782
0.4401375949382782
0.4401375353336334
0.44013750553131104
0.4401375651359558
0.4401376247406006
0.4401375353336334
0.44013750553131104
0.44013747572898865
0.44013747572898865
0.44013750553131104
0.44013750553131104
0.4401375353336334
0.44013750553131104
0.4401375353336334
0.44013747572898865
0.44013750553131104
0.44013747572898865
0.44013750553131104
0.44013744592666626
0.44013750553131104
0.44013744592666626
0.44013744592666626
0.44013741612434387
0.44013750553131104
0.44013741612434387
0.44013741612434387
0.44013744592666626
0.44013741612434387
0.44013741612434387
0.4401373863220215
0.4401373863220215
0.4401373863220215
0.4401373863220215
0.44013741612434387
0.4401373565196991
0.44013741612434387
0.4401373863220215
0.44013741612434387
0.4401373863220215
0.4401373863220215
0.44013741612434387
0.4401373267173767
0.4401373565196991
0.4401373565196991
0.4401373565196991
0.4401373565196991
0.44013741612434387
0.4401373863220215
0.4401373565196991
0.4401373267173767
0.4401373565196991
0.4401373565196991
0.4401373267173767
0.4401373565196991
0.44013726711273193
0.4401372969150543
0.4401373267173767
0.44013726711273193
0.4401373267173767
0.4401372969150543
0.4401372969150543
0.4401372969150543
0.4401372969150543
0.44013726711273193
0.44013726711273193
0.4401373565196991
0.4401373267173767
0.4401372969150543
0.44013723731040955
0.44013723731040955
0.4401373267173767
0.44013720750808716
0.4401372969150543
0.44013726711273193
0.4401372969150543
0.44013723731040955
0.44013723731040955
0.44013720750808716
0.44013717770576477
0.44013720750808716
0.44013720750808716
0.44013717770576477
0.44013720750808716
0.44013717770576477
0.44013720750808716
0.44013717770576477
0.44013720750808716
0.44013723731040955
0.44013717770576477
0.44013717770576477
0.4401371479034424
0.4401371479034424
0.44013717770576477
0.44013717770576477
0.44013717770576477
0.44013717770576477
0.44013720750808716
0.44013720750808716
0.44013717770576477
0.44013717770576477
0.4401371479034424
0.44013717770576477
0.44013720750808716
0.44013717770576477
0.44013717770576477
0.44013711810112
0.4401370882987976
0.44013717770576477
0.44013711810112
0.4401371479034424
0.44013711810112
0.4401370882987976
0.4401370882987976
0.4401370882987976
0.44013711810112
0.4401370882987976
0.44013711810112
0.4401371479034424
0.4401370882987976
0.44013711810112
0.44013711810112
0.4401370882987976
0.4401370882987976
0.4401370584964752
0.4401370584964752
0.4401370584964752
0.44013702869415283
0.44013702869415283
0.44013702869415283
0.4401370584964752
0.4401371479034424
0.44013711810112
0.44013702869415283
0.44013696908950806
0.44013702869415283
0.4401369094848633
0.44013699889183044
0.44013699889183044
0.44013699889183044
0.44013696908950806
0.44013696908950806
0.44013699889183044
0.44013693928718567
0.44013696908950806
0.44013696908950806
0.44013696908950806
0.44013699889183044
0.44013693928718567
0.44013696908950806
0.44013699889183044
0.4401368796825409
0.4401369094848633
0.44013693928718567
0.4401369094848633
0.4401369094848633
0.44013693928718567
0.44013699889183044
0.44013693928718567
0.44013693928718567
0.44013693928718567
0.4401369094848633
0.4401369094848633
0.4401369094848633
0.4401369094848633
0.4401369094848633
0.4401369094848633
0.4401368498802185
0.4401368796825409
0.4401368498802185
0.4401368796825409
0.4401368498802185
0.4401368200778961
0.4401368200778961
0.4401368498802185
0.4401368498802185
0.44013679027557373
0.4401368796825409
0.4401368200778961
0.44013679027557373
0.4401368200778961
0.4401368200778961
0.4401368200778961
0.44013676047325134
0.4401368200778961
0.44013679027557373
0.4401368200778961
0.4401368200778961
0.4401368200778961
0.44013676047325134
0.44013679027557373
0.44013679027557373
0.44013670086860657
0.4401368498802185
0.44013676047325134
0.44013673067092896
0.44013676047325134
0.44013679027557373
0.44013679027557373
0.44013679027557373
0.44013673067092896
0.44013670086860657
0.44013670086860657
0.44013673067092896
0.44013673067092896
0.44013676047325134
0.44013673067092896
0.4401366710662842
0.44013670086860657
0.4401366710662842
0.44013670086860657
0.4401366710662842
0.44013670086860657
0.44013673067092896
0.44013670086860657
0.44013670086860657
0.44013670086860657
0.4401366710662842
0.44013673067092896
0.4401366710662842
0.4401366710662842
0.4401366710662842
0.4401366710662842
0.4401366710662842
0.4401366710662842
0.4401366710662842
0.4401366412639618
0.4401366412639618
0.4401366710662842
0.4401366412639618
0.4401366412639618
0.4401366412639618
0.4401366412639618
0.4401366412639618
0.4401366412639618
0.4401366412639618
0.4401366114616394
0.4401366114616394
0.4401366114616394
0.4401366412639618
0.4401366114616394
0.440136581659317
0.4401366114616394
0.440136581659317
0.440136581659317
0.440136581659317
0.4401366412639618
0.440136581659317
0.44013655185699463
0.4401366114616394
0.4401366114616394
0.440136581659317
0.44013655185699463
0.44013655185699463
0.440136581659317
0.440136581659317
0.44013649225234985
0.440136581659317
0.44013646245002747
0.440136581659317
0.44013652205467224
0.44013649225234985
0.44013652205467224
0.44013646245002747
0.44013652205467224
0.44013646245002747
0.44013649225234985
0.44013655185699463
0.44013652205467224
0.4401364326477051
0.44013646245002747
0.44013646245002747
0.4401364326477051
0.44013652205467224
0.44013646245002747
0.4401364028453827
0.4401364326477051
0.44013649225234985
0.4401364326477051
0.4401364028453827
0.44013646245002747
0.4401364028453827
0.4401364028453827
0.44013646245002747
0.4401363730430603
0.4401364326477051
0.4401364028453827
0.4401363730430603
0.4401364028453827
0.4401364028453827
0.4401363730430603
0.4401364028453827
0.4401364326477051
0.4401364028453827
0.4401364028453827
0.4401363730430603
0.4401363134384155
0.4401363432407379
0.4401363134384155
0.4401363432407379
0.4401363134384155
0.4401363134384155
0.4401363730430603
0.4401363134384155
0.4401363432407379
0.4401363134384155
0.44013628363609314
0.4401363432407379
0.4401363134384155
0.4401363432407379
0.4401363432407379
0.4401363134384155
0.44013628363609314
0.4401363730430603
0.44013628363609314
0.44013628363609314
0.44013628363609314
0.44013625383377075
0.44013625383377075
0.4401363134384155
0.44013622403144836
0.4401363134384155
0.44013628363609314
0.44013625383377075
0.44013625383377075
0.44013625383377075
0.4401363134384155
0.44013622403144836
0.44013628363609314
0.44013622403144836
0.44013625383377075
0.44013622403144836
0.440136194229126
0.44013622403144836
0.44013622403144836
0.44013628363609314
0.44013622403144836
0.440136194229126
0.4401361644268036
0.4401361644268036
0.440136194229126
0.44013628363609314
0.4401361644268036
0.4401361644268036
0.44013622403144836
0.4401361644268036
0.440136194229126
0.4401361644268036
0.4401361644268036
0.4401361644268036
0.4401361048221588
0.4401361644268036
0.4401361048221588
0.4401361644268036
0.4401361644268036
0.4401361644268036
0.4401361048221588
0.4401361346244812
0.4401361346244812
0.4401361644268036
0.4401361048221588
0.4401361644268036
0.4401361346244812
0.4401360750198364
0.4401361048221588
0.4401361048221588
0.4401361346244812
0.4401360750198364
0.4401361346244812
0.4401360750198364
0.4401361048221588
0.4401361048221588
0.4401360750198364
0.4401361048221588
0.4401360750198364
0.4401360750198364
0.44013601541519165
0.44013598561286926
0.44013601541519165
0.44013601541519165
0.4401360750198364
0.44013604521751404
0.44013604521751404
0.44013601541519165
0.44013604521751404
0.44013604521751404
0.44013598561286926
0.44013598561286926
0.4401361644268036
0.4401359558105469
0.4401359558105469
0.44013601541519165
0.44013601541519165
0.44013601541519165
0.4401359558105469
0.4401360750198364
0.44013604521751404
0.44013598561286926
0.4401359558105469
0.44013604521751404
0.44013598561286926
0.4401359558105469
0.4401359558105469
0.4401359260082245
0.4401358962059021
0.4401358664035797
0.4401358962059021
0.4401358962059021
0.4401359260082245
0.4401359260082245
0.4401359260082245
0.4401358962059021
0.4401358962059021
0.44013598561286926
0.4401358962059021
0.4401358664035797
0.4401359260082245
0.4401358664035797
0.4401358366012573
0.4401358664035797
0.4401358664035797
0.4401358962059021
0.44013580679893494
0.4401358664035797
0.4401358962059021
0.4401358366012573
0.4401358366012573
0.4401358366012573
0.4401358962059021
0.44013580679893494
0.4401358962059021
0.44013574719429016
0.4401358366012573
0.44013580679893494
0.44013580679893494
0.4401358366012573
0.44013577699661255
0.44013577699661255
0.44013580679893494
0.44013580679893494
0.44013574719429016
0.44013580679893494
0.44013574719429016
0.44013580679893494
0.44013577699661255
0.44013577699661255
0.44013574719429016
0.44013574719429016
0.4401356875896454
0.44013574719429016
0.44013577699661255
0.44013577699661255
0.44013577699661255
0.4401357173919678
0.44013574719429016
0.4401356875896454
0.4401357173919678
0.4401357173919678
0.4401357173919678
0.4401356875896454
0.44013574719429016
0.4401356875896454
0.440135657787323
0.4401356875896454
0.4401356279850006
0.4401356875896454
0.4401357173919678
0.440135657787323
0.440135657787323
0.440135657787323
0.4401356875896454
0.440135657787323
0.440135657787323
0.4401356875896454
0.4401356875896454
0.4401356875896454
0.44013574719429016
0.4401357173919678
0.4401356279850006
0.4401356279850006
0.4401356279850006
0.4401356279850006
0.440135657787323
0.4401356279850006
0.440135657787323
0.440135657787323
0.4401355981826782
0.4401356279850006
0.4401356279850006
0.4401356279850006
0.4401356279850006
0.4401355981826782
0.4401356279850006
0.44013556838035583
0.44013556838035583
0.44013553857803345
0.4401355981826782
0.44013556838035583
0.44013556838035583
0.44013556838035583
0.44013556838035583
0.44013556838035583
0.4401355981826782
0.44013556838035583
0.44013553857803345
0.44013553857803345
0.44013547897338867
0.44013553857803345
0.44013553857803345
0.44013550877571106
0.44013547897338867
0.44013553857803345
0.44013550877571106
0.44013547897338867
0.44013550877571106
0.4401355981826782
0.44013547897338867
0.44013547897338867
0.44013550877571106
0.44013550877571106
0.4401354491710663
0.44013547897338867
0.4401354491710663
0.44013550877571106
0.44013547897338867
0.4401354491710663
0.44013553857803345
0.44013547897338867
0.44013550877571106
0.44013547897338867
0.4401354491710663
0.4401354193687439
0.44013532996177673
0.4401354491710663
0.44013547897338867
0.4401354193687439
0.4401354491710663
0.4401353895664215
0.4401354491710663
0.4401353597640991
0.4401353597640991
0.4401353597640991
0.44013532996177673
0.4401353597640991
0.4401353895664215
0.4401353597640991
0.4401353597640991
0.4401353895664215
0.44013532996177673
0.4401353597640991
0.4401353597640991
0.44013532996177673
0.44013532996177673
0.4401353895664215
0.44013532996177673
0.44013530015945435
0.44013530015945435
0.4401353597640991
0.4401353597640991
0.44013532996177673
0.44013530015945435
0.4401353597640991
0.44013527035713196
0.4401353597640991
0.44013532996177673
0.44013532996177673
0.44013524055480957
0.44013530015945435
0.44013527035713196
0.44013524055480957
0.44013524055480957
0.44013527035713196
0.44013527035713196
0.44013527035713196
0.44013527035713196
0.44013524055480957
0.4401352107524872
0.44013530015945435
0.44013527035713196
0.4401352107524872
0.44013527035713196
0.4401352107524872
0.44013527035713196
0.44013524055480957
0.44013524055480957
0.44013524055480957
0.4401351809501648
0.4401352107524872
0.4401352107524872
0.4401351511478424
0.44013527035713196
0.4401352107524872
0.44013512134552
0.44013524055480957
0.44013524055480957
0.4401351511478424
0.44013527035713196
0.44013524055480957
0.4401351809501648
0.44013512134552
0.4401351809501648
0.4401352107524872
0.4401351809501648
0.4401351809501648
0.44013509154319763
0.4401351809501648
0.4401351511478424
0.44013512134552
0.4401351511478424
0.44013512134552
0.4401351511478424
0.44013512134552
0.44013512134552
0.44013506174087524
0.44013512134552
0.44013509154319763
0.44013509154319763
0.44013512134552
0.44013512134552
0.44013512134552
0.44013509154319763
0.44013512134552
0.44013509154319763
0.44013506174087524
0.44013506174087524
0.44013506174087524
0.44013512134552
0.44013512134552
0.44013506174087524
0.44013503193855286
0.44013506174087524
0.44013506174087524
0.44013506174087524
0.44013506174087524
0.44013506174087524
0.44013506174087524
0.44013506174087524
0.44013500213623047
0.44013500213623047
0.44013503193855286
0.44013500213623047
0.44013506174087524
0.44013503193855286
0.44013500213623047
0.44013500213623047
0.4401349723339081
0.44013503193855286
0.4401349723339081
0.44013500213623047
0.44013500213623047
0.4401349723339081
0.4401349723339081
0.44013500213623047
0.4401349723339081
0.4401349723339081
0.4401349425315857
0.44013506174087524
0.4401349723339081
0.4401349425315857
0.4401349127292633
0.4401349723339081
0.4401349425315857
0.4401348829269409
0.4401349425315857
0.4401349425315857
0.4401349425315857
0.4401349127292633
0.4401348829269409
0.4401349127292633
0.4401348829269409
0.4401349723339081
0.4401348829269409
0.4401349127292633
0.4401349127292633
0.44013482332229614
0.4401349127292633
0.44013485312461853
0.44013485312461853
0.44013482332229614
0.4401348829269409
0.44013485312461853
0.4401348829269409
0.4401348829269409
0.44013479351997375
0.44013482332229614
0.44013476371765137
0.44013485312461853
0.44013482332229614
0.44013479351997375
0.44013482332229614
0.44013482332229614
0.44013482332229614
0.44013482332229614
0.44013485312461853
0.44013482332229614
0.440134733915329
0.44013476371765137
0.44013479351997375
0.44013476371765137
0.44013479351997375
0.44013479351997375
0.44013479351997375
0.440134733915329
0.440134733915329
0.44013479351997375
0.440134733915329
0.44013476371765137
0.44013476371765137
0.44013476371765137
0.440134733915329
0.440134733915329
0.44013476371765137
0.4401347041130066
0.440134733915329
0.4401346743106842
0.4401346743106842
0.4401347041130066
0.4401346445083618
0.4401346743106842
0.4401347041130066
0.4401347041130066
0.4401346743106842
0.4401347041130066
0.4401347041130066
0.4401347041130066
0.4401346445083618
0.4401346743106842
0.4401346743106842
0.44013461470603943
0.44013461470603943
0.4401346743106842
0.4401346445083618
0.4401346743106842
0.4401346445083618
0.44013461470603943
0.44013458490371704
0.44013461470603943
0.44013461470603943
0.4401346445083618
0.44013458490371704
0.44013461470603943
0.44013461470603943
0.44013458490371704
0.44013458490371704
0.44013458490371704
0.44013458490371704
0.44013461470603943
0.44013458490371704
0.44013458490371704
0.44013461470603943
0.4401346445083618
0.44013458490371704
0.44013458490371704
0.44013458490371704
0.44013455510139465
0.44013455510139465
0.44013458490371704
0.44013455510139465
0.4401344954967499
0.44013455510139465
0.44013452529907227
0.4401344954967499
0.44013455510139465
0.44013452529907227
0.4401344954967499
0.4401344656944275
0.4401344954967499
0.44013458490371704
0.44013452529907227
0.44013458490371704
0.44013452529907227
0.4401344954967499
0.4401344954967499
0.4401344954967499
0.44013452529907227
0.4401344954967499
0.4401344656944275
0.4401344656944275
0.4401344656944275
0.4401344358921051
0.4401344954967499
0.4401344060897827
0.4401344358921051
0.4401344656944275
0.4401344358921051
0.4401344358921051
0.4401344656944275
0.4401344656944275
0.4401344656944275
0.4401344358921051
0.4401344060897827
0.4401344358921051
0.4401344358921051
0.4401344060897827
0.44013434648513794
0.4401344060897827
0.4401344060897827
0.4401344060897827
0.4401343762874603
0.44013434648513794
0.4401343762874603
0.4401344358921051
0.4401344060897827
0.4401344060897827
0.44013434648513794
0.44013434648513794
0.4401343762874603
0.44013434648513794
0.44013428688049316
0.44013431668281555
0.44013431668281555
0.44013431668281555
0.44013428688049316
0.44013431668281555
0.44013431668281555
0.4401342570781708
0.44013428688049316
0.44013434648513794
0.4401342570781708
0.44013428688049316
0.44013431668281555
0.44013434648513794
0.44013428688049316
0.44013428688049316
0.44013431668281555
0.4401342272758484
0.44013431668281555
0.4401342272758484
0.4401342570781708
0.4401342570781708
0.44013431668281555
0.4401342570781708
0.4401342272758484
0.4401342272758484
0.440134197473526
0.4401342272758484
0.4401342570781708
0.4401341676712036
0.4401342570781708
0.4401341676712036
0.440134197473526
0.440134197473526
0.440134197473526
0.440134197473526
0.44013431668281555
0.440134197473526
0.440134197473526
0.4401342570781708
0.44013428688049316
0.4401341378688812
0.4401341378688812
0.4401341378688812
0.4401341676712036
0.4401341676712036
0.4401341378688812
0.4401341378688812
0.440134197473526
0.44013407826423645
0.44013407826423645
0.4401341378688812
0.4401341378688812
0.4401341676712036
0.440134197473526
0.4401341378688812
0.4401341378688812
0.4401341378688812
0.4401341378688812
0.44013410806655884
0.44013410806655884
0.4401341378688812
0.44013407826423645
0.44013407826423645
0.44013407826423645
0.44013407826423645
0.44013410806655884
0.44013407826423645
0.44013410806655884
0.44013404846191406
0.44013407826423645
0.4401340186595917
0.4401340186595917
0.4401340186595917
0.44013407826423645
0.44013407826423645
0.44013407826423645
0.4401339888572693
0.44013404846191406
0.44013404846191406
0.44013404846191406
0.44013404846191406
0.44013407826423645
0.44013407826423645
0.4401339888572693
0.4401340186595917
0.44013404846191406
0.44013407826423645
0.44013404846191406
0.4401339590549469
0.4401339888572693
0.4401339590549469
0.4401340186595917
0.4401339888572693
0.44013407826423645
0.4401339888572693
0.4401339888572693
0.4401340186595917
0.4401339888572693
0.4401339292526245
0.4401339292526245
0.4401339292526245
0.4401339888572693
0.4401338994503021
0.4401339292526245
0.44013386964797974
0.4401339292526245
0.4401339292526245
0.4401338994503021
0.44013386964797974
0.4401338994503021
0.4401339292526245
0.4401339292526245
0.4401339292526245
0.4401339292526245
0.44013386964797974
0.44013386964797974
0.44013386964797974
0.4401338994503021
0.44013386964797974
0.44013386964797974
0.4401339292526245
0.4401338994503021
0.4401338994503021
0.44013386964797974
0.44013381004333496
0.44013383984565735
0.44013381004333496
0.4401338994503021
0.44013386964797974
0.44013383984565735
0.44013381004333496
0.4401337802410126
0.44013383984565735
0.44013386964797974
0.44013383984565735
0.44013381004333496
0.44013381004333496
0.4401337802410126
0.4401337802410126
0.44013381004333496
0.44013383984565735
0.4401337802410126
0.4401337802410126
0.4401337802410126
0.4401337504386902
0.4401337206363678
0.4401337504386902
0.4401337504386902
0.4401337504386902
0.4401337504386902
0.4401337504386902
0.4401337802410126
0.44013381004333496
0.4401337802410126
0.4401337504386902
0.4401337504386902
0.4401337206363678
0.4401337504386902
0.440133661031723
0.4401337802410126
0.4401336908340454
0.4401337206363678
0.4401336908340454
0.4401336908340454
0.4401336908340454
0.440133661031723
0.4401336908340454
0.4401336908340454
0.4401336908340454
0.4401336908340454
0.440133661031723
0.4401337206363678
0.4401336908340454
0.4401337504386902
0.44013360142707825
0.44013363122940063
0.44013360142707825
0.44013363122940063
0.4401336908340454
0.440133661031723
0.44013360142707825
0.440133661031723
0.44013360142707825
0.440133661031723
0.44013363122940063
0.44013360142707825
0.44013363122940063
0.44013363122940063
0.44013363122940063
0.44013360142707825
0.440133661031723
0.44013363122940063
0.44013357162475586
0.44013363122940063
0.44013363122940063
0.44013354182243347
0.44013360142707825
0.44013357162475586
0.44013357162475586
0.44013354182243347
0.44013357162475586
0.44013357162475586
0.44013357162475586
0.44013357162475586
0.44013354182243347
0.44013357162475586
0.44013357162475586
0.4401335120201111
0.44013354182243347
0.4401335120201111
0.44013354182243347
0.4401334822177887
0.4401335120201111
0.44013357162475586
0.44013354182243347
0.4401335120201111
0.4401334822177887
0.4401335120201111
0.4401334822177887
0.4401334822177887
0.4401334822177887
0.4401334822177887
0.4401334822177887
0.4401334524154663
0.44013354182243347
0.4401334226131439
0.4401334822177887
0.44013336300849915
0.4401334524154663
0.4401334822177887
0.4401334822177887
0.4401334226131439
0.44013354182243347
0.4401334226131439
0.4401334822177887
0.4401334524154663
0.4401334226131439
0.44013339281082153
0.4401334226131439
0.4401334822177887
0.4401334524154663
0.44013339281082153
0.44013336300849915
0.44013336300849915
0.4401334226131439
0.44013336300849915
0.44013336300849915
0.44013339281082153
0.44013336300849915
0.44013330340385437
0.44013336300849915
0.44013333320617676
0.44013339281082153
0.44013339281082153
0.44013339281082153
0.4401334226131439
0.44013333320617676
0.44013336300849915
0.44013333320617676
0.44013336300849915
0.44013336300849915
0.44013336300849915
0.440133273601532
0.44013333320617676
0.44013336300849915
0.44013330340385437
0.44013330340385437
0.44013336300849915
0.44013333320617676
0.44013336300849915
0.44013330340385437
0.440133273601532
0.44013330340385437
0.44013330340385437
0.44013330340385437
0.440133273601532
0.4401332437992096
0.440133273601532
0.4401332437992096
0.440133273601532
0.440133273601532
0.440133273601532
0.4401332437992096
0.4401331841945648
0.4401332437992096
0.4401332139968872
0.440133273601532
0.4401332139968872
0.4401331841945648
0.4401331841945648
0.4401332139968872
0.4401332139968872
0.4401331841945648
0.4401332139968872
0.4401332139968872
0.4401331841945648
0.44013315439224243
0.44013315439224243
0.4401331841945648
0.4401332139968872
0.44013315439224243
0.44013315439224243
0.44013312458992004
0.4401332437992096
0.44013312458992004
0.44013315439224243
0.44013315439224243
0.4401331841945648
0.4401332139968872
0.44013312458992004
0.44013312458992004
0.44013312458992004
0.44013306498527527
0.44013309478759766
0.44013312458992004
0.44013312458992004
0.44013306498527527
0.44013315439224243
0.44013309478759766
0.44013309478759766
0.44013309478759766
0.44013312458992004
0.44013309478759766
0.44013309478759766
0.44013306498527527
0.44013306498527527
0.44013309478759766
0.4401330351829529
0.4401330351829529
0.44013306498527527
0.44013306498527527
0.4401330351829529
0.4401330351829529
0.44013306498527527
0.44013306498527527
0.4401330351829529
0.4401330351829529
0.4401330351829529
0.4401330053806305
0.4401330351829529
0.4401330351829529
0.4401330351829529
0.4401330351829529
0.4401330053806305
0.4401330351829529
0.44013309478759766
0.4401330053806305
0.4401330351829529
0.4401330351829529
0.4401330053806305
0.4401330053806305
0.4401329755783081
0.4401329755783081
0.4401330053806305
0.4401330053806305
0.4401329457759857
0.4401329457759857
0.4401329755783081
0.4401330351829529
0.4401329755783081
0.4401329755783081
0.4401329457759857
0.4401329755783081
0.4401329755783081
0.4401330053806305
0.4401329457759857
0.4401330053806305
0.4401329755783081
0.44013291597366333
0.44013291597366333
0.4401329457759857
0.4401329457759857
0.44013291597366333
0.44013291597366333
0.4401329755783081
0.44013288617134094
0.44013285636901855
0.44013291597366333
0.44013288617134094
0.4401330053806305
0.44013291597366333
0.44013285636901855
0.44013285636901855
0.44013285636901855
0.44013282656669617
0.44013282656669617
0.44013285636901855
0.44013282656669617
0.44013288617134094
0.44013282656669617
0.44013282656669617
0.44013282656669617
0.44013285636901855
0.44013282656669617
0.440132737159729
0.44013288617134094
0.44013282656669617
0.4401327967643738
0.4401327967643738
0.44013285636901855
0.4401327967643738
0.440132737159729
0.4401327669620514
0.4401327967643738
0.4401327967643738
0.4401327669620514
0.440132737159729
0.4401327669620514
0.4401327669620514
0.4401327073574066
0.4401327669620514
0.440132737159729
0.440132737159729
0.44013267755508423
0.4401327073574066
0.4401327073574066
0.44013267755508423
0.440132737159729
0.4401327073574066
0.4401327073574066
0.4401327073574066
0.440132737159729
0.440132737159729
0.4401327073574066
0.44013264775276184
0.44013264775276184
0.44013267755508423
0.440132737159729
0.4401327073574066
0.44013264775276184
0.44013267755508423
0.44013261795043945
0.4401327073574066
0.440132737159729
0.44013261795043945
0.4401327073574066
0.44013267755508423
0.44013264775276184
0.44013258814811707
0.44013264775276184
0.44013267755508423
0.44013261795043945
0.44013261795043945
0.44013261795043945
0.44013261795043945
0.4401325583457947
0.44013261795043945
0.44013264775276184
0.44013258814811707
0.44013258814811707
0.4401325583457947
0.4401325583457947
0.44013264775276184
0.4401325583457947
0.4401325285434723
0.4401325583457947
0.44013258814811707
0.44013261795043945
0.44013258814811707
0.4401325285434723
0.4401325285434723
0.4401325285434723
0.4401325285434723
0.4401325583457947
0.44013258814811707
0.4401325583457947
0.4401325285434723
0.4401325285434723
0.4401325285434723
0.4401325285434723
0.4401325285434723
0.4401325583457947
0.4401325285434723
0.4401325285434723
0.4401325583457947
0.44013261795043945
0.4401324689388275
0.4401325285434723
0.4401325285434723
0.4401324987411499
0.4401325285434723
0.4401325285434723
0.4401324689388275
0.4401324689388275
0.4401324689388275
0.4401325285434723
0.4401324689388275
0.4401325285434723
0.4401324391365051
0.4401324689388275
0.4401324689388275
0.4401324689388275
0.4401324689388275
0.44013240933418274
0.4401324689388275
0.4401324391365051
0.4401324391365051
0.4401324391365051
0.44013240933418274
0.4401324391365051
0.44013237953186035
0.44013240933418274
0.44013240933418274
0.44013240933418274
0.44013240933418274
0.44013240933418274
0.44013234972953796
0.44013237953186035
0.44013240933418274
0.44013237953186035
0.44013234972953796
0.44013240933418274
0.44013240933418274
0.44013240933418274
0.4401323199272156
0.4401324391365051
0.4401323199272156
0.44013234972953796
0.4401323199272156
0.44013234972953796
0.4401322901248932
0.44013234972953796
0.44013234972953796
0.44013234972953796
0.4401323199272156
0.4401322603225708
0.4401322901248932
0.4401323199272156
0.4401322603225708
0.4401322901248932
0.4401323199272156
0.4401322603225708
0.4401323199272156
0.4401322603225708
0.4401322901248932
0.4401322603225708
0.4401322603225708
0.4401322901248932
0.4401322901248932
0.4401323199272156
0.4401322305202484
0.4401322603225708
0.4401322305202484
0.4401322305202484
0.4401322305202484
0.4401322603225708
0.4401322305202484
0.4401322305202484
0.440132200717926
0.4401322603225708
0.44013214111328125
0.440132200717926
0.440132200717926
0.44013217091560364
0.44013217091560364
0.4401322305202484
0.4401322305202484
0.440132200717926
0.440132200717926
0.44013217091560364
0.44013217091560364
0.44013214111328125
0.44013214111328125
0.44013211131095886
0.44013214111328125
0.44013214111328125
0.44013217091560364
0.44013214111328125
0.44013217091560364
0.44013214111328125
0.4401320815086365
0.44013214111328125
0.44013217091560364
0.44013211131095886
0.4401320815086365
0.4401320815086365
0.4401320815086365
0.44013211131095886
0.4401320517063141
0.44013211131095886
0.4401320815086365
0.4401320815086365
0.4401320517063141
0.4401320815086365
0.44013211131095886
0.4401320815086365
0.4401320517063141
0.4401320815086365
0.4401320517063141
0.4401320815086365
0.4401320219039917
0.4401320219039917
0.4401320219039917
0.4401320219039917
0.4401320219039917
0.4401320815086365
0.4401320219039917
0.4401320219039917
0.4401320219039917
0.4401320219039917
0.4401320219039917
0.4401320219039917
0.4401320219039917
0.4401320219039917
0.4401320219039917
0.4401320219039917
0.4401319921016693
0.4401320219039917
0.4401320219039917
0.4401319921016693
0.4401320219039917
0.4401319921016693
0.44013193249702454
0.4401319622993469
0.4401320219039917
0.4401319921016693
0.4401319921016693
0.44013193249702454
0.4401319622993469
0.4401319921016693
0.44013190269470215
0.44013193249702454
0.44013190269470215
0.4401319622993469
0.4401319921016693
0.4401319622993469
0.44013190269470215
0.44013190269470215
0.44013193249702454
0.44013193249702454
0.44013190269470215
0.44013190269470215
0.44013187289237976
0.44013190269470215
0.44013190269470215
0.44013187289237976
0.44013190269470215
0.44013187289237976
0.44013190269470215
0.4401318430900574
0.4401318430900574
0.44013193249702454
0.44013187289237976
0.44013187289237976
0.44013187289237976
0.4401318430900574
0.440131813287735
0.440131813287735
0.4401318430900574
0.440131813287735
0.440131813287735
0.440131813287735
0.4401317834854126
0.4401318430900574
0.440131813287735
0.4401318430900574
0.440131813287735
0.4401317834854126
0.440131813287735
0.4401317536830902
0.440131813287735
0.4401317536830902
0.4401317536830902
0.4401317536830902
0.4401317536830902
0.4401317834854126
0.4401317238807678
0.4401317536830902
0.4401317238807678
0.4401317536830902
0.4401317834854126
0.4401317238807678
0.4401317536830902
0.44013169407844543
0.44013166427612305
0.4401317536830902
0.4401317238807678
0.44013169407844543
0.4401317238807678
0.44013166427612305
0.4401317536830902
0.44013166427612305
0.4401317238807678
0.44013166427612305
0.44013166427612305
0.44013169407844543
0.4401317238807678
0.44013166427612305
0.44013166427612305
0.44013169407844543
0.44013166427612305
0.44013163447380066
0.44013166427612305
0.44013166427612305
0.44013166427612305
0.44013166427612305
0.44013166427612305
0.44013163447380066
0.44013163447380066
0.44013160467147827
0.44013163447380066
0.44013163447380066
0.44013160467147827
0.44013160467147827
0.44013160467147827
0.4401315748691559
0.44013163447380066
0.4401315748691559
0.4401315450668335
0.4401315450668335
0.44013160467147827
0.44013160467147827
0.44013166427612305
0.4401315748691559
0.4401315748691559
0.44013163447380066
0.4401315152645111
0.4401315748691559
0.4401315152645111
0.4401315152645111
0.4401315450668335
0.4401315450668335
0.4401315748691559
0.4401315748691559
0.4401315152645111
0.4401314854621887
0.4401315748691559
0.4401314854621887
0.4401314854621887
0.4401315152645111
0.4401315152645111
0.4401315152645111
0.4401315152645111
0.4401315152645111
0.4401314854621887
0.4401315152645111
0.4401314854621887
0.44013142585754395
0.4401314854621887
0.44013142585754395
0.4401314854621887
0.44013145565986633
0.4401314854621887
0.4401314854621887
0.44013145565986633
0.44013142585754395
0.44013139605522156
0.44013142585754395
0.44013142585754395
0.44013142585754395
0.44013139605522156
0.44013145565986633
0.4401314854621887
0.44013142585754395
0.44013142585754395
0.44013145565986633
0.44013142585754395
0.44013145565986633
0.44013139605522156
0.44013139605522156
0.44013139605522156
0.44013142585754395
0.4401314854621887
0.44013139605522156
0.44013139605522156
0.44013139605522156
0.44013136625289917
0.44013142585754395
0.44013142585754395
0.4401313364505768
0.4401313364505768
0.44013139605522156
0.4401313066482544
0.44013136625289917
0.44013136625289917
0.440131276845932
0.4401313066482544
0.4401313066482544
0.4401313364505768
0.4401313066482544
0.4401313066482544
0.4401313364505768
0.4401313364505768
0.440131276845932
0.44013136625289917
0.4401313364505768
0.4401312470436096
0.440131276845932
0.4401312470436096
0.4401313066482544
0.4401313066482544
0.440131276845932
0.4401312470436096
0.4401312470436096
0.4401312470436096
0.4401313066482544
0.4401312470436096
0.440131276845932
0.44013121724128723
0.440131276845932
0.4401312470436096
0.44013121724128723
0.440131276845932
0.44013121724128723
0.4401313066482544
0.44013121724128723
0.44013118743896484
0.44013121724128723
0.44013121724128723
0.44013112783432007
0.44013121724128723
0.4401312470436096
0.44013121724128723
0.440131276845932
0.440131276845932
0.4401312470436096
0.44013121724128723
0.44013121724128723
0.44013118743896484
0.4401312470436096
0.44013118743896484
0.44013115763664246
0.44013115763664246
0.44013115763664246
0.44013112783432007
0.44013115763664246
0.4401310682296753
0.4401310682296753
0.44013112783432007
0.4401310980319977
0.44013115763664246
0.4401310980319977
0.4401310682296753
0.4401310980319977
0.4401310682296753
0.4401310980319977
0.44013112783432007
0.4401310980319977
0.4401310682296753
0.4401310980319977
0.4401310682296753
0.4401310682296753
0.4401310384273529
0.4401310384273529
0.44013112783432007
0.4401310980319977
0.4401310682296753
0.4401310682296753
0.4401310384273529
0.4401310682296753
0.4401310980319977
0.4401310682296753
0.4401310682296753
0.4401310384273529
0.4401310682296753
0.4401310086250305
0.4401310384273529
0.44013097882270813
0.4401310384273529
0.44013097882270813
0.44013097882270813
0.44013097882270813
0.4401310086250305
0.4401310086250305
0.44013094902038574
0.44013094902038574
0.44013097882270813
0.44013094902038574
0.4401310682296753
0.44013097882270813
0.44013097882270813
0.44013097882270813
0.44013097882270813
0.44013097882270813
0.44013097882270813
0.44013097882270813
0.4401310086250305
0.44013097882270813
0.44013091921806335
0.44013097882270813
0.44013097882270813
0.44013094902038574
0.44013094902038574
0.44013094902038574
0.44013097882270813
0.44013094902038574
0.44013091921806335
0.44013091921806335
0.44013088941574097
0.44013094902038574
0.44013091921806335
0.44013091921806335
0.4401308596134186
0.44013088941574097
0.4401308596134186
0.44013091921806335
0.4401308596134186
0.44013091921806335
0.44013088941574097
0.44013091921806335
0.4401308596134186
0.4401308596134186
0.44013088941574097
0.44013091921806335
0.44013088941574097
0.4401308000087738
0.4401308596134186
0.4401308298110962
0.4401308596134186
0.4401308298110962
0.4401308298110962
0.4401308596134186
0.4401308298110962
0.4401308298110962
0.4401308298110962
0.4401308298110962
0.4401308298110962
0.4401308596134186
0.4401308000087738
0.4401307702064514
0.4401307702064514
0.4401308596134186
0.4401307702064514
0.44013074040412903
0.4401308298110962
0.4401307702064514
0.4401307702064514
0.44013074040412903
0.44013074040412903
0.44013074040412903
0.4401307702064514
0.44013068079948425
0.44013071060180664
0.44013071060180664
0.4401307702064514
0.4401307702064514
0.4401308000087738
0.44013074040412903
0.44013071060180664
0.44013068079948425
0.4401308298110962
0.44013068079948425
0.4401307702064514
0.44013071060180664
0.44013074040412903
0.4401307702064514
0.44013074040412903
0.44013068079948425
0.44013074040412903
0.4401306211948395
0.44013065099716187
0.44013065099716187
0.44013068079948425
0.44013071060180664
0.44013068079948425
0.44013065099716187
0.44013074040412903
0.44013065099716187
0.4401306211948395
0.4401306211948395
0.44013068079948425
0.4401305913925171
0.44013065099716187
0.44013068079948425
0.4401305913925171
0.4401306211948395
0.4401306211948395
0.4401305913925171
0.4401305615901947
0.4401305615901947
0.4401305615901947
0.4401305615901947
0.44013065099716187
0.4401305317878723
0.4401305615901947
0.4401305913925171
0.4401305615901947
0.4401305317878723
0.4401305317878723
0.4401305913925171
0.4401305913925171
0.4401305019855499
0.4401305615901947
0.4401305019855499
0.4401305317878723
0.4401305317878723
0.4401305317878723
0.4401305615901947
0.4401305019855499
0.44013047218322754
0.4401305317878723
0.4401305019855499
0.44013047218322754
0.4401305913925171
0.44013047218322754
0.4401305317878723
0.4401305317878723
0.44013044238090515
0.44013047218322754
0.4401305019855499
0.4401305019855499
0.44013047218322754
0.44013047218322754
0.4401305019855499
0.4401305317878723
0.44013044238090515
0.44013044238090515
0.44013044238090515
0.44013044238090515
0.44013047218322754
0.44013047218322754
0.44013044238090515
0.44013047218322754
0.44013044238090515
0.44013044238090515
0.44013044238090515
0.44013044238090515
0.44013044238090515
0.44013044238090515
0.44013041257858276
0.44013047218322754
0.440130352973938
0.4401303827762604
0.44013041257858276
0.44013041257858276
0.4401303827762604
0.440130352973938
0.4401303827762604
0.4401303827762604
0.44013047218322754
0.4401303231716156
0.4401303827762604
0.4401303827762604
0.4401303827762604
0.4401303827762604
0.4401303231716156
0.4401303231716156
0.4401302933692932
0.440130352973938
0.44013041257858276
0.4401303827762604
0.4401302933692932
0.4401302933692932
0.4401303827762604
0.4401303827762604
0.4401302933692932
0.440130352973938
0.4401302933692932
0.440130352973938
0.440130352973938
0.4401303231716156
0.4401303231716156
0.4401302635669708
0.4401302635669708
0.44013020396232605
0.4401303231716156
0.4401303231716156
0.4401302933692932
0.4401302635669708
0.4401302635669708
0.44013023376464844
0.44013020396232605
0.44013023376464844
0.44013023376464844
0.44013023376464844
0.44013023376464844
0.44013023376464844
0.44013020396232605
0.4401302635669708
0.44013017416000366
0.4401302933692932
0.44013020396232605
0.44013017416000366
0.44013017416000366
0.44013017416000366
0.44013023376464844
0.4401301443576813
0.44013020396232605
0.44013020396232605
0.4401301443576813
0.44013020396232605
0.4401301443576813
0.4401301443576813
0.44013017416000366
0.44013017416000366
0.4401301145553589
0.4401301443576813
0.44013020396232605
0.44013017416000366
0.4401301145553589
0.44013020396232605
0.4401301145553589
0.4401300847530365
0.4401301443576813
0.4401300847530365
0.4401300251483917
0.4401300847530365
0.4401300847530365
0.4401300847530365
0.4401300847530365
0.4401300847530365
0.4401301145553589
0.4401301145553589
0.44013017416000366
0.4401300847530365
0.4401300847530365
0.4401300549507141
0.4401300847530365
0.4401300549507141
0.4401300549507141
0.4401300549507141
0.4401300847530365
0.4401300251483917
0.4401300549507141
0.4401300549507141
0.4401300251483917
0.44012999534606934
0.4401300251483917
0.4401300549507141
0.4401300251483917
0.4401300549507141
0.44012999534606934
0.4401300251483917
0.4401300251483917
0.44012996554374695
0.4401300251483917
0.44012999534606934
0.44012999534606934
0.44012996554374695
0.44012993574142456
0.44012999534606934
0.4401300251483917
0.44012996554374695
0.44012993574142456
0.44012996554374695
0.44012996554374695
0.44012999534606934
0.44012996554374695
0.44012993574142456
0.44012993574142456
0.44012993574142456
0.44012993574142456
0.44012993574142456
0.44012993574142456
0.44012993574142456
0.44012996554374695
0.44012993574142456
0.4401299059391022
0.44012993574142456
0.4401299059391022
0.4401299059391022
0.4401298761367798
0.4401299059391022
0.4401299059391022
0.4401299059391022
0.4401298761367798
0.4401298761367798
0.44012993574142456
0.4401298463344574
0.4401298761367798
0.4401298761367798
0.4401298463344574
0.4401298463344574
0.4401299059391022
0.440129816532135
0.4401298463344574
0.440129816532135
0.4401298761367798
0.440129816532135
0.440129816532135
0.440129816532135
0.440129816532135
0.4401297867298126
0.4401298463344574
0.440129816532135
0.440129816532135
0.4401297867298126
0.4401298463344574
0.440129816532135
0.44012975692749023
0.44012975692749023
0.44012972712516785
0.44012975692749023
0.44012975692749023
0.4401297867298126
0.44012975692749023
0.4401299059391022
0.44012975692749023
0.44012975692749023
0.44012975692749023
0.4401297867298126
0.44012969732284546
0.44012975692749023
0.44012975692749023
0.4401297867298126
0.44012975692749023
0.44012969732284546
0.44012972712516785
0.44012969732284546
0.44012969732284546
0.44012966752052307
0.4401297867298126
0.44012966752052307
0.44012972712516785
0.44012969732284546
0.44012972712516785
0.44012969732284546
0.4401297867298126
0.44012969732284546
0.44012966752052307
0.44012969732284546
0.44012966752052307
0.44012966752052307
0.4401296377182007
0.4401296377182007
0.4401296377182007
0.4401296377182007
0.44012966752052307
0.4401296377182007
0.4401296079158783
0.4401296377182007
0.4401296377182007
0.4401295781135559
0.4401296079158783
0.4401295781135559
0.4401296377182007
0.4401296079158783
0.4401296079158783
0.4401295781135559
0.4401296079158783
0.4401295483112335
0.4401295781135559
0.4401295483112335
0.4401296079158783
0.4401296377182007
0.4401296079158783
0.4401296079158783
0.4401295781135559
0.44012951850891113
0.44012951850891113
0.4401295483112335
0.4401295781135559
0.44012951850891113
0.4401295483112335
0.4401295781135559
0.44012951850891113
0.4401295483112335
0.4401295483112335
0.44012951850891113
0.4401295483112335
0.4401295781135559
0.44012942910194397
0.44012942910194397
0.44012948870658875
0.44012945890426636
0.44012945890426636
0.44012951850891113
0.44012951850891113
0.44012951850891113
0.44012951850891113
0.44012945890426636
0.44012942910194397
0.44012945890426636
0.44012945890426636
0.44012948870658875
0.44012942910194397
0.44012945890426636
0.44012948870658875
0.44012942910194397
0.44012942910194397
0.4401293992996216
0.44012942910194397
0.4401295781135559
0.4401293992996216
0.44012942910194397
0.44012942910194397
0.44012942910194397
0.44012945890426636
0.44012942910194397
0.44012942910194397
0.4401293992996216
0.44012942910194397
0.44012942910194397
0.4401293694972992
0.4401293992996216
0.44012942910194397
0.4401293396949768
0.44012942910194397
0.4401293694972992
0.4401293694972992
0.4401293396949768
0.4401293396949768
0.4401293694972992
0.4401293396949768
0.4401293694972992
0.4401293098926544
0.4401293396949768
0.4401293098926544
0.4401293098926544
0.4401293694972992
0.4401293098926544
0.4401293396949768
0.4401293396949768
0.4401293098926544
0.4401293098926544
0.4401293098926544
0.4401293098926544
0.44012925028800964
0.4401293098926544
0.44012925028800964
0.44012922048568726
0.44012925028800964
0.44012922048568726
0.4401293396949768
0.44012928009033203
0.4401293992996216
0.44012928009033203
0.44012925028800964
0.44012922048568726
0.44012925028800964
0.44012922048568726
0.44012922048568726
0.44012925028800964
0.44012925028800964
0.44012922048568726
0.44012922048568726
0.44012919068336487
0.44012919068336487
0.44012919068336487
0.4401291608810425
0.44012922048568726
0.44012925028800964
0.44012922048568726
0.4401291608810425
0.4401291608810425
0.4401291608810425
0.44012919068336487
0.44012919068336487
0.4401291608810425
0.4401291310787201
0.44012919068336487
0.4401291310787201
0.4401291310787201
0.4401291310787201
0.4401291012763977
0.4401291608810425
0.4401291310787201
0.4401291608810425
0.4401291012763977
0.4401291012763977
0.4401291310787201
0.4401290714740753
0.4401291608810425
0.4401291310787201
0.4401291608810425
0.4401290714740753
0.4401290714740753
0.4401291012763977
0.4401290714740753
0.4401291608810425
0.4401290714740753
0.4401291012763977
0.4401291310787201
0.44012904167175293
0.4401291012763977
0.4401291012763977
0.44012904167175293
0.44012904167175293
0.44012904167175293
0.44012904167175293
0.44012901186943054
0.44012901186943054
0.44012904167175293
0.4401290714740753
0.4401290714740753
0.44012904167175293
0.44012901186943054
0.44012901186943054
0.44012898206710815
0.44012901186943054
0.44012901186943054
0.44012901186943054
0.44012898206710815
0.44012895226478577
0.44012901186943054
0.44012898206710815
0.4401289224624634
0.44012898206710815
0.44012901186943054
0.44012898206710815
0.44012898206710815
0.44012898206710815
0.4401289224624634
0.4401289224624634
0.44012895226478577
0.44012895226478577
0.44012895226478577
0.4401289224624634
0.4401289224624634
0.44012895226478577
0.4401289224624634
0.4401289224624634
0.44012895226478577
0.440128892660141
0.4401289224624634
0.440128892660141
0.44012895226478577
0.44012895226478577
0.4401288628578186
0.440128892660141
0.4401289224624634
0.4401289224624634
0.4401288628578186
0.440128892660141
0.4401288628578186
0.4401288330554962
0.4401289224624634
0.440128892660141
0.4401289224624634
0.4401289224624634
0.4401288628578186
0.4401288330554962
0.44012877345085144
0.4401288628578186
0.4401288628578186
0.44012880325317383
0.4401288330554962
0.4401288628578186
0.440128892660141
0.4401288330554962
0.440128892660141
0.4401288628578186
0.4401288330554962
0.44012874364852905
0.4401288330554962
0.44012880325317383
0.4401288330554962
0.44012880325317383
0.4401288330554962
0.44012880325317383
0.44012877345085144
0.44012877345085144
0.44012877345085144
0.44012874364852905
0.44012874364852905
0.44012877345085144
0.44012880325317383
0.44012880325317383
0.44012871384620667
0.44012877345085144
0.44012871384620667
0.4401286840438843
0.44012874364852905
0.44012874364852905
0.44012874364852905
0.4401286840438843
0.44012874364852905
0.44012874364852905
0.4401286840438843
0.44012871384620667
0.44012871384620667
0.44012871384620667
0.44012874364852905
0.4401286542415619
0.4401286840438843
0.4401286542415619
0.4401286542415619
0.4401286840438843
0.4401286542415619
0.4401286542415619
0.4401286244392395
0.4401286244392395
0.4401286244392395
0.4401286840438843
0.4401286542415619
0.4401286840438843
0.4401285946369171
0.4401286244392395
0.4401285946369171
0.4401285946369171
0.4401285648345947
0.4401285946369171
0.4401285648345947
0.4401285648345947
0.4401285648345947
0.4401286542415619
0.4401285648345947
0.44012853503227234
0.4401285648345947
0.4401285946369171
0.4401285648345947
0.4401285648345947
0.4401285648345947
0.4401285946369171
0.44012853503227234
0.4401285648345947
0.4401285648345947
0.44012850522994995
0.44012853503227234
0.44012850522994995
0.44012850522994995
0.4401285648345947
0.44012847542762756
0.44012850522994995
0.44012853503227234
0.44012850522994995
0.44012853503227234
0.4401284456253052
0.44012850522994995
0.44012853503227234
0.44012850522994995
0.4401284456253052
0.44012847542762756
0.4401284456253052
0.44012853503227234
0.4401284456253052
0.4401284158229828
0.4401284158229828
0.4401284158229828
0.44012847542762756
0.4401283860206604
0.4401283860206604
0.4401283860206604
0.4401283860206604
0.4401284158229828
0.4401284456253052
0.44012850522994995
0.44012850522994995
0.4401284158229828
0.4401284456253052
0.4401284456253052
0.4401283860206604
0.4401284456253052
0.4401283860206604
0.4401284158229828
0.4401283860206604
0.4401283860206604
0.4401283860206604
0.4401284158229828
0.4401283860206604
0.440128356218338
0.4401283860206604
0.4401284456253052
0.4401283860206604
0.4401283860206604
0.4401283860206604
0.440128356218338
0.440128356218338
0.4401283860206604
0.4401283860206604
0.440128356218338
0.4401283860206604
0.4401283264160156
0.440128356218338
0.4401283264160156
0.4401283264160156
0.4401283264160156
0.44012826681137085
0.44012829661369324
0.4401283264160156
0.44012829661369324
0.44012829661369324
0.4401283264160156
0.44012829661369324
0.44012826681137085
0.44012826681137085
0.44012826681137085
0.4401283264160156
0.44012829661369324
0.44012823700904846
0.44012829661369324
0.4401282072067261
0.4401282072067261
0.44012826681137085
0.4401283264160156
0.44012826681137085
0.44012826681137085
0.44012826681137085
0.44012826681137085
0.44012823700904846
0.44012826681137085
0.4401282072067261
0.4401281774044037
0.4401282072067261
0.4401282072067261
0.4401281774044037
0.44012823700904846
0.4401282072067261
0.4401281476020813
0.4401281774044037
0.4401281476020813
0.4401281774044037
0.4401281774044037
0.4401282072067261
0.4401281476020813
0.4401281774044037
0.4401281476020813
0.4401281476020813
0.4401281774044037
0.4401280879974365
0.4401281177997589
0.44012826681137085
0.4401281476020813
0.44012805819511414
0.44012805819511414
0.4401281177997589
0.4401281177997589
0.4401281177997589
0.4401281177997589
0.44012805819511414
0.44012805819511414
0.44012805819511414
0.4401281774044037
0.44012802839279175
0.44012802839279175
0.4401280879974365
0.44012805819511414
0.44012802839279175
0.4401280879974365
0.4401280879974365
0.44012799859046936
0.4401280879974365
0.4401280879974365
0.44012802839279175
0.44012802839279175
0.44012805819511414
0.44012802839279175
0.44012805819511414
0.440127968788147
0.44012802839279175
0.440127968788147
0.44012799859046936
0.44012802839279175
0.44012799859046936
0.44012799859046936
0.44012799859046936
0.44012802839279175
0.440127968788147
0.440127968788147
0.440127968788147
0.440127968788147
0.440127968788147
0.440127968788147
0.440127968788147
0.4401279389858246
0.4401279389858246
0.4401279389858246
0.440127968788147
0.440127968788147
0.4401279389858246
0.440127968788147
0.440127968788147
0.4401279091835022
0.4401279389858246
0.4401278793811798
0.4401279091835022
0.4401278793811798
0.4401279389858246
0.4401279091835022
0.4401279389858246
0.4401279389858246
0.4401279091835022
0.4401278793811798
0.4401279389858246
0.4401278793811798
0.4401278793811798
0.4401278793811798
0.4401279091835022
0.4401279091835022
0.4401279091835022
0.4401278793811798
0.4401278793811798
0.4401278495788574
0.4401278793811798
0.4401278793811798
0.4401278793811798
0.44012781977653503
0.44012781977653503
0.44012781977653503
0.4401278495788574
0.4401278495788574
0.44012778997421265
0.4401278495788574
0.4401278495788574
0.44012778997421265
0.44012776017189026
0.44012778997421265
0.44012781977653503
0.44012776017189026
0.44012776017189026
0.44012778997421265
0.4401278495788574
0.44012778997421265
0.4401278495788574
0.44012781977653503
0.44012776017189026
0.44012776017189026
0.44012776017189026
0.4401277005672455
0.44012781977653503
0.44012773036956787
0.44012773036956787
0.44012776017189026
0.44012778997421265
0.44012778997421265
0.44012776017189026
0.44012773036956787
0.44012773036956787
0.44012776017189026
0.4401277005672455
0.4401276707649231
0.4401277005672455
0.44012773036956787
0.44012773036956787
0.4401277005672455
0.4401277005672455
0.4401276707649231
0.4401277005672455
0.4401276707649231
0.4401277005672455
0.4401276409626007
0.44012776017189026
0.4401276707649231
0.44012773036956787
0.4401277005672455
0.4401277005672455
0.4401276707649231
0.4401276409626007
0.4401276409626007
0.4401276707649231
0.4401276409626007
0.4401277005672455
0.4401276409626007
0.4401276111602783
0.44012758135795593
0.4401276409626007
0.4401276409626007
0.44012758135795593
0.4401276111602783
0.4401276111602783
0.4401276409626007
0.4401276111602783
0.44012758135795593
0.44012755155563354
0.4401276111602783
0.44012758135795593
0.44012755155563354
0.44012758135795593
0.44012755155563354
0.44012758135795593
0.44012752175331116
0.44012755155563354
0.4401276111602783
0.44012758135795593
0.44012755155563354
0.44012755155563354
0.44012758135795593
0.44012755155563354
0.44012749195098877
0.4401274621486664
0.44012749195098877
0.44012749195098877
0.44012755155563354
0.4401274621486664
0.44012749195098877
0.440127432346344
0.4401274621486664
0.44012755155563354
0.44012749195098877
0.4401274621486664
0.44012752175331116
0.4401274621486664
0.4401273727416992
0.4401274621486664
0.440127432346344
0.44012749195098877
0.4401274621486664
0.4401274025440216
0.4401274621486664
0.440127432346344
0.4401274621486664
0.440127432346344
0.440127432346344
0.4401274621486664
0.44012749195098877
0.4401274025440216
0.4401274025440216
0.4401274025440216
0.4401274025440216
0.4401273727416992
0.4401273727416992
0.44012734293937683
0.4401274025440216
0.4401273727416992
0.4401273727416992
0.44012734293937683
0.44012734293937683
0.4401274621486664
0.44012734293937683
0.44012734293937683
0.4401273727416992
0.44012734293937683
0.4401274025440216
0.44012734293937683
0.44012734293937683
0.44012734293937683
0.44012734293937683
0.44012734293937683
0.44012734293937683
0.44012734293937683
0.4401273727416992
0.44012734293937683
0.44012734293937683
0.44012728333473206
0.44012731313705444
0.44012731313705444
0.44012731313705444
0.44012728333473206
0.44012731313705444
0.44012725353240967
0.44012734293937683
0.44012728333473206
0.44012725353240967
0.44012731313705444
0.44012725353240967
0.44012734293937683
0.44012731313705444
0.44012731313705444
0.4401272237300873
0.4401272237300873
0.44012725353240967
0.44012728333473206
0.44012728333473206
0.4401272237300873
0.44012728333473206
0.4401272237300873
0.4401271939277649
0.44012725353240967
0.4401271939277649
0.44012728333473206
0.4401272237300873
0.4401272237300873
0.4401272237300873
0.4401271939277649
0.4401271641254425
0.4401272237300873
0.4401271641254425
0.4401271939277649
0.4401271939277649
0.4401271641254425
0.4401272237300873
0.4401271343231201
0.4401271641254425
0.4401271641254425
0.4401271641254425
0.4401271641254425
0.4401271641254425
0.44012710452079773
0.4401271343231201
0.4401271343231201
0.44012704491615295
0.44012710452079773
0.44012707471847534
0.44012710452079773
0.44012710452079773
0.4401271343231201
0.4401271343231201
0.44012704491615295
0.44012707471847534
0.44012707471847534
0.44012704491615295
0.4401271641254425
0.44012704491615295
0.44012704491615295
0.44012707471847534
0.44012704491615295
0.44012710452079773
0.44012707471847534
0.44012707471847534
0.44012704491615295
0.44012701511383057
0.44012704491615295
0.44012704491615295
0.44012701511383057
0.44012704491615295
0.44012704491615295
0.44012704491615295
0.4401269853115082
0.4401269853115082
0.44012701511383057
0.44012701511383057
0.4401269555091858
0.4401269853115082
0.4401269555091858
0.4401269555091858
0.44012701511383057
0.44012704491615295
0.4401269257068634
0.4401269853115082
0.4401269555091858
0.4401269257068634
0.4401269257068634
0.4401269257068634
0.4401269555091858
0.4401269555091858
0.4401269853115082
0.4401269257068634
0.4401269257068634
0.4401269257068634
0.4401269853115082
0.4401269257068634
0.440126895904541
0.44012686610221863
0.440126895904541
0.4401269257068634
0.440126895904541
0.440126895904541
0.440126895904541
0.440126895904541
0.440126895904541
0.44012686610221863
0.44012686610221863
0.44012683629989624
0.44012686610221863
0.44012686610221863
0.440126895904541
0.44012683629989624
0.44012683629989624
0.440126895904541
0.44012686610221863
0.44012686610221863
0.44012683629989624
0.44012683629989624
0.44012683629989624
0.44012686610221863
0.44012680649757385
0.44012680649757385
0.44012683629989624
0.44012680649757385
0.44012677669525146
0.44012683629989624
0.44012680649757385
0.44012680649757385
0.44012680649757385
0.44012683629989624
0.4401267468929291
0.44012680649757385
0.44012677669525146
0.44012683629989624
0.44012677669525146
0.4401267170906067
0.44012677669525146
0.44012680649757385
0.44012677669525146
0.4401267170906067
0.4401267170906067
0.4401267170906067
0.4401267170906067
0.4401267468929291
0.4401267468929291
0.4401267170906067
0.44012677669525146
0.4401267170906067
0.44012680649757385
0.4401267468929291
0.4401266872882843
0.4401267170906067
0.4401267468929291
0.4401267170906067
0.4401267170906067
0.4401267468929291
0.44012677669525146
0.4401266574859619
0.4401266574859619
0.4401266574859619
0.4401266574859619
0.4401266574859619
0.4401266276836395
0.4401267170906067
0.4401266872882843
0.4401267170906067
0.4401266574859619
0.4401266872882843
0.44012659788131714
0.44012656807899475
0.4401266574859619
0.4401266872882843
0.4401266574859619
0.4401266574859619
0.44012659788131714
0.44012659788131714
0.44012656807899475
0.44012656807899475
0.44012659788131714
0.4401266574859619
0.44012659788131714
0.4401266276836395
0.44012659788131714
0.44012656807899475
0.44012659788131714
0.4401266276836395
0.44012656807899475
0.44012653827667236
0.44012659788131714
0.44012659788131714
0.44012656807899475
0.44012656807899475
0.4401266276836395
0.44012650847435
0.44012653827667236
0.44012656807899475
0.44012653827667236
0.44012659788131714
0.44012656807899475
0.44012650847435
0.44012650847435
0.44012656807899475
0.44012650847435
0.4401264488697052
0.44012653827667236
0.4401264786720276
0.44012653827667236
0.4401264488697052
0.44012650847435
0.4401264786720276
0.44012650847435
0.4401264786720276
0.44012650847435
0.4401264786720276
0.4401264488697052
0.44012650847435
0.4401264190673828
0.4401264786720276
0.4401264488697052
0.4401264488697052
0.4401264190673828
0.4401264190673828
0.4401264488697052
0.4401264786720276
0.4401263892650604
0.4401263892650604
0.4401263892650604
0.44012635946273804
0.4401263892650604
0.44012635946273804
0.44012635946273804
0.4401264190673828
0.44012635946273804
0.4401264190673828
0.4401264190673828
0.44012635946273804
0.44012635946273804
0.44012632966041565
0.44012635946273804
0.4401264190673828
0.4401263892650604
0.4401263892650604
0.44012632966041565
0.4401263892650604
0.44012632966041565
0.44012635946273804
0.44012632966041565
0.44012632966041565
0.44012635946273804
0.44012632966041565
0.44012632966041565
0.44012635946273804
0.44012632966041565
0.4401262402534485
0.44012632966041565
0.44012629985809326
0.44012632966041565
0.44012632966041565
0.44012632966041565
0.44012629985809326
0.44012632966041565
0.44012632966041565
0.44012632966041565
0.4401262700557709
0.44012629985809326
0.44012632966041565
0.44012629985809326
0.44012629985809326
0.4401261806488037
0.44012629985809326
0.4401262700557709
0.4401262700557709
0.4401262402534485
0.4401262402534485
0.4401262104511261
0.4401262700557709
0.4401262104511261
0.4401262402534485
0.4401261806488037
0.4401262104511261
0.4401262104511261
0.4401262402534485
0.4401261806488037
0.4401261806488037
0.4401261806488037
0.4401261806488037
0.4401262104511261
0.4401261508464813
0.4401262104511261
0.4401261806488037
0.4401261508464813
0.4401262104511261
0.4401262104511261
0.4401261508464813
0.4401261508464813
0.4401261508464813
0.44012609124183655
0.4401261806488037
0.4401261508464813
0.4401261806488037
0.44012612104415894
0.44012612104415894
0.4401261508464813
0.44012609124183655
0.44012609124183655
0.44012612104415894
0.44012609124183655
0.4401261508464813
0.44012612104415894
0.44012609124183655
0.44012612104415894
0.4401261508464813
0.44012609124183655
0.44012612104415894
0.44012606143951416
0.44012609124183655
0.44012609124183655
0.4401260316371918
0.4401260316371918
0.4401260316371918
0.44012609124183655
0.4401260316371918
0.44012606143951416
0.44012606143951416
0.4401260316371918
0.4401260316371918
0.4401260018348694
0.44012606143951416
0.4401260018348694
0.4401260018348694
0.44012606143951416
0.4401260316371918
0.44012606143951416
0.4401260018348694
0.4401260316371918
0.440125972032547
0.440125972032547
0.4401260018348694
0.4401260018348694
0.4401259422302246
0.440125972032547
0.4401260018348694
0.4401260018348694
0.4401260018348694
0.440125972032547
0.440125972032547
0.4401259124279022
0.4401259124279022
0.4401259124279022
0.4401259422302246
0.4401259422302246
0.4401259422302246
0.440125972032547
0.4401259422302246
0.4401259422302246
0.4401259124279022
0.4401259124279022
0.44012585282325745
0.4401259124279022
0.4401259422302246
0.4401259124279022
0.4401259124279022
0.4401259124279022
0.4401259124279022
0.44012582302093506
0.4401259124279022
0.4401259124279022
0.44012588262557983
0.4401260018348694
0.4401259124279022
0.44012585282325745
0.44012585282325745
0.44012588262557983
0.44012582302093506
0.44012579321861267
0.4401259124279022
0.44012585282325745
0.44012588262557983
0.44012579321861267
0.44012582302093506
0.44012579321861267
0.44012579321861267
0.44012579321861267
0.44012579321861267
0.44012582302093506
0.44012579321861267
0.44012585282325745
0.44012579321861267
0.44012579321861267
0.44012579321861267
0.44012579321861267
0.4401257634162903
0.44012579321861267
0.44012579321861267
0.44012579321861267
0.44012579321861267
0.4401257634162903
0.4401257634162903
0.4401257038116455
0.4401257634162903
0.4401257336139679
0.4401257634162903
0.44012579321861267
0.4401257634162903
0.4401257336139679
0.4401257336139679
0.4401257038116455
0.4401257038116455
0.4401257336139679
0.4401257336139679
0.44012579321861267
0.4401257038116455
0.4401257038116455
0.4401256740093231
0.4401257634162903
0.44012564420700073
0.4401256740093231
0.4401256740093231
0.4401257038116455
0.44012564420700073
0.4401256740093231
0.44012564420700073
0.4401256740093231
0.4401256740093231
0.44012561440467834
0.44012564420700073
0.44012558460235596
0.44012561440467834
0.44012561440467834
0.4401256740093231
0.44012561440467834
0.44012564420700073
0.44012561440467834
0.44012564420700073
0.44012561440467834
0.44012561440467834
0.44012558460235596
0.44012561440467834
0.44012558460235596
0.44012558460235596
0.44012561440467834
0.44012558460235596
0.44012558460235596
0.44012558460235596
0.44012555480003357
0.44012558460235596
0.44012558460235596
0.44012558460235596
0.4401255249977112
0.4401255249977112
0.44012558460235596
0.44012555480003357
0.44012558460235596
0.4401255249977112
0.44012561440467834
0.4401254951953888
0.44012558460235596
0.4401255249977112
0.4401255249977112
0.4401254951953888
0.4401254951953888
0.4401254653930664
0.4401254951953888
0.44012555480003357
0.4401254653930664
0.4401254653930664
0.440125435590744
0.4401254951953888
0.4401255249977112
0.4401254653930664
0.4401254951953888
0.4401254653930664
0.440125435590744
0.4401255249977112
0.4401254653930664
0.4401254653930664
0.44012540578842163
0.440125435590744
0.4401254653930664
0.440125435590744
0.4401254653930664
0.4401254653930664
0.44012540578842163
0.440125435590744
0.4401254653930664
0.44012540578842163
0.44012540578842163
0.44012540578842163
0.44012540578842163
0.44012534618377686
0.44012537598609924
0.44012540578842163
0.44012540578842163
0.44012534618377686
0.44012534618377686
0.44012534618377686
0.44012534618377686
0.44012534618377686
0.44012540578842163
0.4401252865791321
0.44012540578842163
0.44012534618377686
0.4401252865791321
0.44012531638145447
0.44012534618377686
0.44012537598609924
0.4401252865791321
0.44012531638145447
0.44012531638145447
0.44012534618377686
0.4401252865791321
0.4401252865791321
0.4401252865791321
0.4401252865791321
0.44012534618377686
0.44012534618377686
0.4401252865791321
0.4401252567768097
0.44012531638145447
0.4401252865791321
0.4401252865791321
0.4401252865791321
0.4401252865791321
0.4401252567768097
0.4401252567768097
0.4401252865791321
0.4401252865791321
0.4401252865791321
0.4401252865791321
0.4401251971721649
0.4401252567768097
0.4401252865791321
0.4401252567768097
0.4401252567768097
0.4401252269744873
0.4401251971721649
0.4401252567768097
0.4401252567768097
0.4401252269744873
0.4401251971721649
0.4401251971721649
0.4401251971721649
0.4401251971721649
0.4401252269744873
0.4401251971721649
0.44012516736984253
0.44012516736984253
0.44012516736984253
0.4401252269744873
0.44012513756752014
0.44012513756752014
0.44012516736984253
0.44012513756752014
0.44012513756752014
0.44012507796287537
0.44012516736984253
0.44012513756752014
0.44012510776519775
0.44012510776519775
0.44012507796287537
0.44012516736984253
0.44012510776519775
0.44012516736984253
0.44012513756752014
0.44012507796287537
0.44012510776519775
0.44012510776519775
0.44012510776519775
0.44012510776519775
0.44012507796287537
0.44012507796287537
0.4401250183582306
0.440125048160553
0.440125048160553
0.4401250183582306
0.44012507796287537
0.440125048160553
0.440125048160553
0.440125048160553
0.4401250183582306
0.440125048160553
0.440125048160553
0.440125048160553
0.4401249885559082
0.4401250183582306
0.4401249885559082
0.4401249885559082
0.4401250183582306
0.440125048160553
0.4401249587535858
0.440125048160553
0.4401249885559082
0.4401250183582306
0.440125048160553
0.4401249587535858
0.4401249587535858
0.4401249289512634
0.4401249587535858
0.4401249587535858
0.4401249587535858
0.4401249587535858
0.4401249885559082
0.4401249587535858
0.4401249587535858
0.44012489914894104
0.4401249289512634
0.44012486934661865
0.4401249587535858
0.44012489914894104
0.44012489914894104
0.44012486934661865
0.44012489914894104
0.4401249289512634
0.4401249587535858
0.4401249289512634
0.4401249289512634
0.4401249289512634
0.44012486934661865
0.44012489914894104
0.44012489914894104
0.44012486934661865
0.44012483954429626
0.44012486934661865
0.4401248097419739
0.44012486934661865
0.44012486934661865
0.44012486934661865
0.44012483954429626
0.44012486934661865
0.4401248097419739
0.4401248097419739
0.44012483954429626
0.4401247799396515
0.44012483954429626
0.44012486934661865
0.4401247799396515
0.4401248097419739
0.4401247799396515
0.4401247799396515
0.4401247799396515
0.4401247799396515
0.4401247799396515
0.4401247799396515
0.4401247799396515
0.4401247799396515
0.4401247799396515
0.4401248097419739
0.4401247501373291
0.4401247799396515
0.4401248097419739
0.4401247501373291
0.4401247799396515
0.4401247799396515
0.4401247799396515
0.4401247799396515
0.4401247799396515
0.4401247799396515
0.4401247501373291
0.4401247203350067
0.4401247501373291
0.4401247203350067
0.4401247501373291
0.4401247203350067
0.4401247501373291
0.4401247799396515
0.4401246905326843
0.4401247203350067
0.4401247501373291
0.4401247203350067
0.4401247203350067
0.4401247203350067
0.4401247501373291
0.44012463092803955
0.44012463092803955
0.4401246905326843
0.4401247501373291
0.4401246905326843
0.44012466073036194
0.4401246905326843
0.44012463092803955
0.4401246905326843
0.44012460112571716
0.44012463092803955
0.44012460112571716
0.4401246905326843
0.44012463092803955
0.44012463092803955
0.44012466073036194
0.44012463092803955
0.44012463092803955
0.44012466073036194
0.44012460112571716
0.44012463092803955
0.44012463092803955
0.44012463092803955
0.4401245713233948
0.44012460112571716
0.4401245415210724
0.4401245713233948
0.4401245713233948
0.4401245415210724
0.44012460112571716
0.4401245415210724
0.4401244819164276
0.44012451171875
0.44012460112571716
0.4401245415210724
0.4401245713233948
0.44012451171875
0.4401245713233948
0.4401245713233948
0.4401244819164276
0.4401245415210724
0.44012451171875
0.4401244819164276
0.44012451171875
0.4401244819164276
0.4401244819164276
0.4401244819164276
0.44012451171875
0.4401245713233948
0.4401244521141052
0.4401244521141052
0.4401244521141052
0.44012451171875
0.44012442231178284
0.4401244521141052
0.4401244819164276
0.4401244521141052
0.44012451171875
0.4401244521141052
0.44012451171875
0.4401244521141052
0.4401244521141052
0.4401244521141052
0.44012439250946045
0.44012439250946045
0.44012442231178284
0.44012442231178284
0.44012442231178284
0.44012451171875
0.4401244521141052
0.4401244521141052
0.44012442231178284
0.44012436270713806
0.44012442231178284
0.4401243329048157
0.44012439250946045
0.44012439250946045
0.44012439250946045
0.44012436270713806
0.44012436270713806
0.4401243329048157
0.4401243329048157
0.44012436270713806
0.4401243329048157
0.44012439250946045
0.4401243329048157
0.4401243329048157
0.4401243329048157
0.44012436270713806
0.4401243031024933
0.44012439250946045
0.4401243329048157
0.4401243329048157
0.4401242733001709
0.4401243031024933
0.4401243031024933
0.4401243329048157
0.4401242733001709
0.4401243031024933
0.4401243031024933
0.4401243031024933
0.4401243031024933
0.4401242434978485
0.4401242733001709
0.4401242733001709
0.4401242733001709
0.4401242733001709
0.4401242434978485
0.4401242733001709
0.4401242434978485
0.4401242434978485
0.4401242434978485
0.4401243031024933
0.4401242434978485
0.4401242434978485
0.4401242434978485
0.4401243031024933
0.4401242434978485
0.4401242136955261
0.4401242434978485
0.44012418389320374
0.4401242136955261
0.4401242434978485
0.4401242434978485
0.4401242434978485
0.4401242136955261
0.4401242136955261
0.4401242136955261
0.44012418389320374
0.4401242434978485
0.44012415409088135
0.4401242136955261
0.44012418389320374
0.44012415409088135
0.44012415409088135
0.4401242136955261
0.44012418389320374
0.44012418389320374
0.44012418389320374
0.44012418389320374
0.4401240944862366
0.4401240944862366
0.44012418389320374
0.44012412428855896
0.44012412428855896
0.44012412428855896
0.44012415409088135
0.44012418389320374
0.44012415409088135
0.44012412428855896
0.4401240944862366
0.44012412428855896
0.44012412428855896
0.44012412428855896
0.44012412428855896
0.4401240944862366
0.44012412428855896
0.4401240348815918
0.4401240646839142
0.4401240646839142
0.4401240944862366
0.4401240646839142
0.4401240348815918
0.44012412428855896
0.4401240348815918
0.4401240944862366
0.4401240646839142
0.4401240646839142
0.4401240050792694
0.4401240348815918
0.440123975276947
0.4401240050792694
0.4401240646839142
0.4401240050792694
0.4401240050792694
0.4401240050792694
0.440123975276947
0.4401240050792694
0.4401240050792694
0.44012412428855896
0.4401240646839142
0.4401240050792694
0.4401240348815918
0.4401240050792694
0.4401240348815918
0.440123975276947
0.44012394547462463
0.440123975276947
0.44012391567230225
0.44012388586997986
0.44012394547462463
0.4401240050792694
0.44012394547462463
0.44012394547462463
0.44012394547462463
0.44012394547462463
0.44012388586997986
0.44012388586997986
0.44012388586997986
0.44012394547462463
0.44012391567230225
0.44012394547462463
0.44012394547462463
0.44012385606765747
0.4401238262653351
0.44012388586997986
0.44012388586997986
0.44012388586997986
0.44012391567230225
0.44012391567230225
0.44012385606765747
0.44012385606765747
0.4401238262653351
0.44012385606765747
0.4401237964630127
0.44012388586997986
0.44012385606765747
0.4401238262653351
0.4401238262653351
0.4401237964630127
0.4401238262653351
0.4401237964630127
0.4401237964630127
0.44012385606765747
0.4401237964630127
0.4401238262653351
0.4401237964630127
0.4401237964630127
0.4401237666606903
0.4401237368583679
0.4401237666606903
0.4401237666606903
0.4401237368583679
0.4401237964630127
0.4401237964630127
0.4401237964630127
0.4401237368583679
0.4401237666606903
0.4401237666606903
0.4401237368583679
0.4401237964630127
0.4401237368583679
0.4401237368583679
0.4401237368583679
0.4401237368583679
0.4401237368583679
0.4401237666606903
0.4401237368583679
0.4401237368583679
0.4401237368583679
0.4401237368583679
0.44012370705604553
0.44012367725372314
0.44012370705604553
0.44012370705604553
0.44012370705604553
0.44012367725372314
0.4401237368583679
0.44012367725372314
0.44012361764907837
0.44012364745140076
0.44012367725372314
0.44012367725372314
0.44012367725372314
0.44012370705604553
0.4401237368583679
0.44012367725372314
0.44012361764907837
0.44012367725372314
0.44012364745140076
0.44012364745140076
0.44012364745140076
0.44012361764907837
0.44012361764907837
0.44012361764907837
0.44012361764907837
0.44012361764907837
0.440123587846756
0.44012364745140076
0.4401235580444336
0.440123587846756
0.440123587846756
0.440123587846756
0.44012361764907837
0.440123587846756
0.4401235580444336
0.4401235580444336
0.4401235282421112
0.4401235580444336
0.440123587846756
0.440123587846756
0.4401234984397888
0.4401235580444336
0.4401235580444336
0.440123587846756
0.440123587846756
0.4401235580444336
0.440123587846756
0.440123587846756
0.4401235580444336
0.4401234984397888
0.4401235282421112
0.4401234984397888
0.440123587846756
0.4401234984397888
0.4401235282421112
0.4401235282421112
0.4401234984397888
0.44012343883514404
0.44012346863746643
0.4401234984397888
0.44012343883514404
0.4401234984397888
0.44012346863746643
0.4401235580444336
0.44012343883514404
0.44012346863746643
0.44012343883514404
0.44012343883514404
0.4401234984397888
0.44012346863746643
0.44012343883514404
0.44012343883514404
0.44012346863746643
0.44012340903282166
0.44012337923049927
0.44012343883514404
0.44012346863746643
0.44012340903282166
0.44012340903282166
0.44012337923049927
0.44012337923049927
0.44012343883514404
0.44012337923049927
0.44012340903282166
0.44012337923049927
0.4401233494281769
0.4401232898235321
0.44012337923049927
0.4401233494281769
0.4401232898235321
0.4401233494281769
0.4401233196258545
0.4401233494281769
0.4401232898235321
0.4401233196258545
0.4401233196258545
0.4401233494281769
0.4401233196258545
0.4401233196258545
0.4401232898235321
0.4401232600212097
0.4401232898235321
0.4401233494281769
0.4401232600212097
0.4401232600212097
0.4401232898235321
0.4401232898235321
0.4401232898235321
0.4401232600212097
0.4401233494281769
0.44012323021888733
0.44012323021888733
0.4401232898235321
0.4401232898235321
0.4401233196258545
0.4401232898235321
0.4401232600212097
0.44012323021888733
0.44012323021888733
0.44012323021888733
0.4401232898235321
0.44012323021888733
0.44012323021888733
0.44012323021888733
0.44012323021888733
0.44012320041656494
0.44012323021888733
0.44012323021888733
0.44012317061424255
0.44012317061424255
0.44012323021888733
0.44012323021888733
0.44012320041656494
0.44012317061424255
0.44012320041656494
0.44012323021888733
0.44012317061424255
0.44012320041656494
0.44012317061424255
0.44012320041656494
0.44012317061424255
0.44012317061424255
0.44012320041656494
0.44012320041656494
0.44012323021888733
0.44012317061424255
0.4401231110095978
0.44012317061424255
0.44012314081192017
0.44012317061424255
0.44012314081192017
0.44012314081192017
0.4401231110095978
0.44012320041656494
0.4401230812072754
0.4401230812072754
0.4401231110095978
0.44012317061424255
0.44012314081192017
0.4401230812072754
0.44012317061424255
0.4401230812072754
0.4401231110095978
0.440123051404953
0.4401230812072754
0.440123051404953
0.44012320041656494
0.4401231110095978
0.4401230812072754
0.440123051404953
0.440123051404953
0.44012317061424255
0.4401230812072754
0.4401230812072754
0.440123051404953
0.4401230216026306
0.4401230216026306
0.4401230812072754
0.4401229918003082
0.440123051404953
0.4401230216026306
0.4401229918003082
0.440123051404953
0.4401230216026306
0.4401230216026306
0.44012296199798584
0.4401229918003082
0.44012296199798584
0.4401229918003082
0.44012293219566345
0.4401230216026306
0.4401229918003082
0.4401229918003082
0.4401229918003082
0.44012296199798584
0.44012296199798584
0.44012296199798584
0.44012290239334106
0.44012293219566345
0.4401229918003082
0.44012290239334106
0.44012296199798584
0.44012290239334106
0.44012290239334106
0.44012296199798584
0.4401228725910187
0.44012296199798584
0.44012290239334106
0.44012293219566345
0.44012293219566345
0.44012290239334106
0.44012290239334106
0.4401228725910187
0.4401228427886963
0.44012293219566345
0.4401228427886963
0.44012293219566345
0.4401228129863739
0.44012290239334106
0.4401228725910187
0.4401228725910187
0.44012293219566345
0.4401228725910187
0.44012290239334106
0.4401228427886963
0.4401228725910187
0.4401228427886963
0.4401228427886963
0.4401227831840515
0.4401227831840515
0.4401228129863739
0.4401228427886963
0.4401227533817291
0.4401227831840515
0.4401228129863739
0.4401227533817291
0.4401227831840515
0.4401228427886963
0.4401227533817291
0.4401227533817291
0.4401227831840515
0.4401228129863739
0.44012269377708435
0.4401228129863739
0.4401227533817291
0.4401227831840515
0.4401227533817291
0.4401227533817291
0.44012272357940674
0.44012272357940674
0.44012272357940674
0.4401227533817291
0.44012272357940674
0.44012269377708435
0.44012269377708435
0.44012272357940674
0.44012269377708435
0.44012272357940674
0.44012272357940674
0.4401227533817291
0.4401228427886963
0.44012269377708435
0.44012269377708435
0.44012269377708435
0.44012272357940674
0.44012266397476196
0.44012266397476196
0.44012269377708435
0.44012272357940674
0.44012269377708435
0.44012269377708435
0.44012266397476196
0.44012266397476196
0.44012266397476196
0.4401226043701172
0.44012266397476196
0.44012266397476196
0.4401226341724396
0.4401226341724396
0.4401226043701172
0.44012269377708435
0.44012266397476196
0.44012266397476196
0.44012266397476196
0.4401226341724396
0.4401226341724396
0.4401226043701172
0.4401226043701172
0.44012266397476196
0.4401225447654724
0.4401225447654724
0.4401225447654724
0.44012251496315
0.4401226341724396
0.4401225447654724
0.4401225745677948
0.4401225745677948
0.44012251496315
0.4401225745677948
0.44012251496315
0.4401225745677948
0.4401225447654724
0.44012251496315
0.4401225745677948
0.4401226043701172
0.4401225447654724
0.4401225745677948
0.44012248516082764
0.4401225447654724
0.44012248516082764
0.44012248516082764
0.44012248516082764
0.44012248516082764
0.44012251496315
0.44012251496315
0.44012248516082764
0.44012242555618286
0.44012251496315
0.44012251496315
0.4401225447654724
0.44012251496315
0.44012245535850525
0.44012242555618286
0.44012242555618286
0.44012245535850525
0.44012242555618286
0.44012245535850525
0.44012245535850525
0.44012242555618286
0.44012242555618286
0.4401223659515381
0.44012242555618286
0.44012245535850525
0.4401223659515381
0.44012242555618286
0.4401223659515381
0.44012245535850525
0.4401223957538605
0.44012242555618286
0.4401223361492157
0.4401223957538605
0.4401223957538605
0.4401223361492157
0.44012242555618286
0.4401223957538605
0.4401223361492157
0.4401223659515381
0.4401223361492157
0.4401223361492157
0.4401223659515381
0.4401223063468933
0.4401223659515381
0.4401223659515381
0.4401223063468933
0.4401223659515381
0.4401223361492157
0.4401223063468933
0.4401223361492157
0.4401223361492157
0.4401223361492157
0.4401223659515381
0.4401223361492157
0.4401223361492157
0.4401222765445709
0.4401222765445709
0.4401223659515381
0.4401222765445709
0.4401222765445709
0.4401222765445709
0.44012224674224854
0.4401223063468933
0.44012224674224854
0.4401222765445709
0.4401222765445709
0.4401222765445709
0.4401223361492157
0.44012221693992615
0.44012224674224854
0.44012221693992615
0.44012221693992615
0.44012221693992615
0.44012221693992615
0.44012224674224854
0.44012224674224854
0.44012221693992615
0.44012221693992615
0.44012224674224854
0.44012218713760376
0.44012221693992615
0.44012218713760376
0.44012224674224854
0.44012218713760376
0.44012218713760376
0.44012221693992615
0.44012221693992615
0.44012215733528137
0.44012218713760376
0.44012218713760376
0.44012218713760376
0.44012215733528137
0.44012218713760376
0.44012215733528137
0.440122127532959
0.44012215733528137
0.44012218713760376
0.4401220679283142
0.4401220977306366
0.44012218713760376
0.4401220977306366
0.44012215733528137
0.440122127532959
0.440122127532959
0.4401220977306366
0.440122127532959
0.4401220977306366
0.4401220977306366
0.440122127532959
0.4401220977306366
0.4401220977306366
0.4401220977306366
0.4401220977306366
0.4401220679283142
0.4401220679283142
0.4401220679283142
0.4401220679283142
0.4401220381259918
0.4401220679283142
0.4401220381259918
0.4401220381259918
0.4401220381259918
0.4401220381259918
0.4401220977306366
0.4401220977306366
0.44012200832366943
0.44012200832366943
0.4401220381259918
0.4401220381259918
0.44012200832366943
0.44012197852134705
0.44012197852134705
0.44012200832366943
0.44012197852134705
0.44012197852134705
0.44012197852134705
0.44012194871902466
0.44012197852134705
0.44012200832366943
0.44012197852134705
0.44012200832366943
0.44012197852134705
0.44012197852134705
0.44012194871902466
0.44012200832366943
0.44012194871902466
0.44012191891670227
0.44012197852134705
0.44012191891670227
0.44012194871902466
0.4401218891143799
0.44012194871902466
0.44012194871902466
0.4401218593120575
0.44012194871902466
0.44012191891670227
0.44012194871902466
0.44012191891670227
0.44012191891670227
0.4401218891143799
0.44012191891670227
0.44012191891670227
0.4401218891143799
0.4401218593120575
0.4401218593120575
0.4401218593120575
0.44012191891670227
0.4401218593120575
0.4401218891143799
0.4401218593120575
0.4401218593120575
0.4401218295097351
0.4401218593120575
0.4401218295097351
0.4401218593120575
0.4401218593120575
0.4401218593120575
0.4401217997074127
0.4401218295097351
0.4401218295097351
0.4401217997074127
0.44012174010276794
0.4401218295097351
0.4401217997074127
0.44012176990509033
0.44012176990509033
0.4401217997074127
0.44012176990509033
0.44012176990509033
0.44012176990509033
0.44012174010276794
0.4401218295097351
0.44012174010276794
0.44012174010276794
0.44012176990509033
0.44012176990509033
0.4401218295097351
0.44012171030044556
0.44012171030044556
0.44012168049812317
0.44012171030044556
0.4401217997074127
0.44012171030044556
0.44012174010276794
0.44012174010276794
0.44012174010276794
0.44012171030044556
0.44012171030044556
0.44012174010276794
0.44012168049812317
0.44012171030044556
0.4401216506958008
0.44012174010276794
0.44012171030044556
0.44012168049812317
0.44012168049812317
0.44012168049812317
0.44012168049812317
0.44012168049812317
0.44012168049812317
0.44012168049812317
0.4401216208934784
0.4401216506958008
0.4401216506958008
0.4401216506958008
0.4401216506958008
0.4401216506958008
0.4401216208934784
0.4401216506958008
0.4401216506958008
0.44012168049812317
0.44012168049812317
0.4401216506958008
0.440121591091156
0.440121591091156
0.4401216208934784
0.440121591091156
0.4401216208934784
0.440121591091156
0.440121591091156
0.44012153148651123
0.4401216208934784
0.440121591091156
0.440121591091156
0.440121591091156
0.4401216208934784
0.4401215612888336
0.440121591091156
0.44012153148651123
0.4401215612888336
0.44012153148651123
0.4401215612888336
0.4401215612888336
0.44012153148651123
0.4401216208934784
0.4401215612888336
0.44012147188186646
0.44012150168418884
0.44012144207954407
0.440121591091156
0.4401215612888336
