0.6618332862854004
0.6541978716850281
0.6472891569137573
0.6403911709785461
0.6336089968681335
0.6271759867668152
0.6206390261650085
0.6144893169403076
0.6081734299659729
0.6017757654190063
0.5953934788703918
0.5892562866210938
0.5829591751098633
0.5768476128578186
0.5705742239952087
0.564609944820404
0.5581938624382019
0.5522892475128174
0.5464627742767334
0.5411384701728821
0.5358712673187256
0.5311955809593201
0.5262323021888733
0.5220118761062622
0.517734944820404
0.5140577554702759
0.5108494758605957
0.5078749656677246
0.5047822594642639
0.5021264553070068
0.49970880150794983
0.4975723326206207
0.49526387453079224
0.4933073818683624
0.4916496276855469
0.49008509516716003
0.48855891823768616
0.48740696907043457
0.4864010512828827
0.48504480719566345
0.4839915931224823
0.48341989517211914
0.4822924733161926
0.48169127106666565
0.48089858889579773
0.47999468445777893
0.47943881154060364
0.4788612723350525
0.4782005250453949
0.47767820954322815
0.47710803151130676
0.47682327032089233
0.47647035121917725
0.47587645053863525
0.47564825415611267
0.4754732847213745
0.474863201379776
0.47474661469459534
0.4744163453578949
0.4741489291191101
0.4738643169403076
0.4736488163471222
0.47347569465637207
0.47332295775413513
0.4731559753417969
0.47308123111724854
0.4728696048259735
0.4728124737739563
0.4726092219352722
0.4724752604961395
0.47237563133239746
0.47276756167411804
0.47219935059547424
0.47208529710769653
0.4719763994216919
0.4718773365020752
0.4718184173107147
0.4716235399246216
0.4715486764907837
0.4713529646396637
0.47132015228271484
0.4713003933429718
0.47122520208358765
0.4710760712623596
0.47095412015914917
0.47084304690361023
0.4708678126335144
0.4707549810409546
0.4705958962440491
0.4705738425254822
0.4704669415950775
0.4705960750579834
0.47022294998168945
0.4702396094799042
0.4701843559741974
0.4701334536075592
0.4700208604335785
0.4699844717979431
0.4698953926563263
0.4698663353919983
0.46982094645500183
0.4697034955024719
0.46967029571533203
0.46960416436195374
0.4695259928703308
0.46952950954437256
0.4694150984287262
0.46932968497276306
0.46924567222595215
0.46931713819503784
0.4693717062473297
0.4695349335670471
0.46900472044944763
0.4691685140132904
0.4691237509250641
0.4688863754272461
0.4689943492412567
0.4689236879348755
0.4687980115413666
0.46866101026535034
0.46862950921058655
0.4685402512550354
0.46875691413879395
0.4684726595878601
0.4685492217540741
0.46857136487960815
0.4687674045562744
0.4683205783367157
0.46829453110694885
0.4684411883354187
0.468182772397995
0.4681631922721863
0.4680521488189697
0.46823185682296753
0.46814844012260437
0.46810898184776306
0.4684467911720276
0.46789878606796265
0.46788641810417175
0.4680359959602356
0.4679766297340393
0.4678717255592346
0.4678831994533539
0.46781590580940247
0.4676547646522522
0.4678349196910858
0.4675227999687195
0.46764668822288513
0.46754372119903564
0.4675329327583313
0.46749377250671387
0.4675193727016449
0.46735915541648865
0.4673582911491394
0.46735239028930664
0.4674089252948761
0.46729812026023865
0.4673227369785309
0.46781885623931885
0.46736037731170654
0.46735045313835144
0.4671367108821869
0.46714627742767334
0.4670564830303192
0.4673113226890564
0.467195063829422
0.46700242161750793
0.46702027320861816
0.46691760420799255
0.4672774076461792
0.4668583273887634
0.4669981300830841
0.46684184670448303
0.46684783697128296
0.46693965792655945
0.4667842388153076
0.4667515158653259
0.4666611850261688
0.4668106138706207
0.46689775586128235
0.46669480204582214
0.46659016609191895
0.46659526228904724
0.46679410338401794
0.46657678484916687
0.46663546562194824
0.4665829837322235
0.46653199195861816
0.46647942066192627
0.4664904475212097
0.466470330953598
0.4664645493030548
0.46636754274368286
0.4663183391094208
0.4662652313709259
0.4663250148296356
0.4663563072681427
0.4662909209728241
0.4666372239589691
0.46619918942451477
0.46621838212013245
0.4661743640899658
0.4665762782096863
0.4661080837249756
0.4660608172416687
0.4659942090511322
0.4660533666610718
0.4659506380558014
0.46619391441345215
0.46592244505882263
0.4659259021282196
0.4661167860031128
0.46579521894454956
0.46574023365974426
0.466028094291687
0.465758740901947
0.46590858697891235
0.465762734413147
0.4657946825027466
0.46568724513053894
0.46575888991355896
0.46569329500198364
0.4659690856933594
0.4656875431537628
0.4656215012073517
0.4655064046382904
0.46550628542900085
0.465568870306015
0.4655015766620636
0.4654375910758972
0.46545958518981934
0.46540898084640503
0.46540963649749756
0.46540123224258423
0.4655286371707916
0.4655459225177765
0.46534988284111023
0.4653255343437195
0.4652632772922516
0.46530991792678833
0.4654938876628876
0.46545225381851196
0.4651865065097809
0.4652208089828491
0.4653690755367279
0.46508410573005676
0.465160995721817
0.465110719203949
0.46515005826950073
0.46502402424812317
0.46495622396469116
0.46500709652900696
0.4650490880012512
0.46493008732795715
0.4650493860244751
0.46485254168510437
0.4649757146835327
0.46490275859832764
0.4650122821331024
0.4649289548397064
0.4649534523487091
0.4647715985774994
0.4646378457546234
0.4652893543243408
0.46454671025276184
0.4646715819835663
0.46456441283226013
0.46453461050987244
0.46450331807136536
0.4645155668258667
0.4644494652748108
0.46435290575027466
0.4643416404724121
0.46433472633361816
0.4644356369972229
0.46433985233306885
0.46436262130737305
0.4644673466682434
0.46425530314445496
0.46426934003829956
0.4641862213611603
0.46422797441482544
0.46408119797706604
0.4641299247741699
0.46412426233291626
0.46408092975616455
0.4639134109020233
0.4641212522983551
0.46390846371650696
0.46383732557296753
0.46380820870399475
0.4638136029243469
0.4638090133666992
0.46390727162361145
0.46378031373023987
0.4637165367603302
0.4637957513332367
0.46364060044288635
0.46368807554244995
0.46361446380615234
0.46361178159713745
0.46389931440353394
0.4635198414325714
0.4635852873325348
0.463856965303421
0.46350571513175964
0.4633635878562927
0.46336185932159424
0.4639691114425659
0.4633534252643585
0.46344026923179626
0.4633864462375641
0.4633510410785675
0.46335601806640625
0.4632575213909149
0.4632221460342407
0.46342596411705017
0.4632382094860077
0.46316424012184143
0.4631618559360504
0.46316206455230713
0.4631938636302948
0.4631510376930237
0.46316590905189514
0.463186651468277
0.46308642625808716
0.46305370330810547
0.4631509780883789
0.46295440196990967
0.4631201922893524
0.4628174602985382
0.4628200829029083
0.4629165828227997
0.46297335624694824
0.4627813994884491
0.4627498686313629
0.46281102299690247
0.46269306540489197
0.4629652500152588
0.46258124709129333
0.46270552277565
0.46297526359558105
0.4625701904296875
0.46276959776878357
0.462531715631485
0.4625346064567566
0.4625217914581299
0.46253517270088196
0.46253135800361633
0.46258053183555603
0.4624652862548828
0.4623428285121918
0.4623001217842102
0.46231257915496826
0.46229758858680725
0.46221911907196045
0.46225932240486145
0.4622580111026764
0.4629096984863281
0.46252480149269104
0.4621576964855194
0.46212396025657654
0.4621334671974182
0.46219930052757263
0.46246564388275146
0.4620056450366974
0.46202054619789124
0.46198827028274536
0.46202248334884644
0.4619118571281433
0.4619213342666626
0.46194347739219666
0.4618702232837677
0.4619530439376831
0.46169745922088623
0.4620920717716217
0.46188679337501526
0.4617844223976135
0.46189379692077637
0.46173322200775146
0.46174299716949463
0.4617326259613037
0.46164461970329285
0.46153005957603455
0.46181637048721313
0.4615321755409241
0.4614610970020294
0.46155306696891785
0.46149134635925293
0.4615562856197357
0.46180805563926697
0.461596816778183
0.461387574672699
0.46147748827934265
0.4614569842815399
0.46149513125419617
0.46184760332107544
0.46129196882247925
0.46132412552833557
0.4614236354827881
0.4613555073738098
0.46122944355010986
0.46157315373420715
0.4614572525024414
0.46132051944732666
0.461219847202301
0.46120110154151917
0.4612652063369751
0.4612118899822235
0.4611395597457886
0.46110498905181885
0.4612775146961212
0.46101129055023193
0.46123021841049194
0.4610123038291931
0.46116891503334045
0.46102339029312134
0.46114423871040344
0.4609277546405792
0.4611801207065582
0.46104931831359863
0.4610120952129364
0.4609402120113373
0.4610764682292938
0.4608497619628906
0.46094486117362976
0.4609137177467346
0.46092507243156433
0.4610123932361603
0.46094605326652527
0.4609082341194153
0.4608885645866394
0.4608986973762512
0.4608307182788849
0.46076005697250366
0.46078255772590637
0.4608924984931946
0.46078526973724365
0.46063101291656494
0.46074792742729187
0.4606277346611023
0.4606000781059265
0.46072670817375183
0.4606412947177887
0.46060630679130554
0.4605179727077484
0.4605710506439209
0.4605790376663208
0.4604944884777069
0.46051084995269775
0.4605953097343445
0.4605339765548706
0.4603586792945862
0.4606805741786957
0.4603709280490875
0.4605069160461426
0.4603630006313324
0.46032023429870605
0.46030670404434204
0.4603326618671417
0.46030619740486145
0.4602094888687134
0.46042194962501526
0.46029388904571533
0.4602585434913635
0.4601551294326782
0.4601407051086426
0.46004199981689453
0.4601578414440155
0.46001043915748596
0.46010658144950867
0.45999911427497864
0.4601655602455139
0.4599405825138092
0.4600507915019989
0.4600714445114136
0.4601910412311554
0.45993515849113464
0.45987677574157715
0.4599282145500183
0.4599068760871887
0.4598376750946045
0.460279256105423
0.45972031354904175
0.45974934101104736
0.459745317697525
0.46001219749450684
0.4597177803516388
0.4597117304801941
0.45970237255096436
0.4597232937812805
0.45973536372184753
0.4596228301525116
0.4595482349395752
0.45959705114364624
0.45954498648643494
0.4596031606197357
0.4595208168029785
0.4594554901123047
0.4593745172023773
0.45933210849761963
0.45955392718315125
0.45936018228530884
0.45932549238204956
0.45931655168533325
0.4593457281589508
0.4594542980194092
0.45937448740005493
0.459367036819458
0.4592433273792267
0.459262877702713
0.4593254625797272
0.4592021703720093
0.45918145775794983
0.45949313044548035
0.4591310918331146
0.4592168629169464
0.4591621458530426
0.4591551721096039
0.45911866426467896
0.459145188331604
0.4591139554977417
0.4591617286205292
0.4591076374053955
0.4590444564819336
0.45904847979545593
0.45905935764312744
0.4589802622795105
0.4591693580150604
0.45898863673210144
0.4589608311653137
0.4589509963989258
0.45896029472351074
0.4590473771095276
0.45889925956726074
0.458903044462204
0.45886465907096863
0.45892953872680664
0.4588302671909332
0.45883622765541077
0.45884576439857483
0.45885834097862244
0.4588417112827301
0.45879215002059937
0.4589696228504181
0.4588783085346222
0.4587475061416626
0.45877519249916077
0.4587564170360565
0.45874297618865967
0.4588485062122345
0.458719938993454
0.45883941650390625
0.4586406350135803
0.4586840271949768
0.4587227404117584
0.45863819122314453
0.4587913751602173
0.4585942029953003
0.4585787355899811
0.4585513472557068
0.4584881067276001
0.4584844410419464
0.45847567915916443
0.4584375321865082
0.45839136838912964
0.4584323763847351
0.45842066407203674
0.4583408534526825
0.4583580195903778
0.45841923356056213
0.45835304260253906
0.4582585394382477
0.45821571350097656
0.45816609263420105
0.4581376314163208
0.45814719796180725
0.45811358094215393
0.4581961929798126
0.4579961895942688
0.45808690786361694
0.45798540115356445
0.4579741656780243
0.4579460918903351
0.45792412757873535
0.45799461007118225
0.4579222500324249
0.45785537362098694
0.457832396030426
0.4577754735946655
0.45778030157089233
0.4577876031398773
0.4576597511768341
0.4577198624610901
0.4576493501663208
0.45756861567497253
0.4575628936290741
0.45757609605789185
0.4574984610080719
0.45753028988838196
0.45750123262405396
0.4574882686138153
0.45749431848526
0.45747658610343933
0.45744583010673523
0.4574393033981323
0.45751863718032837
0.4574572741985321
0.45742160081863403
0.45741888880729675
0.45740407705307007
0.45743033289909363
0.4574774205684662
0.45733708143234253
0.45733994245529175
0.4573485851287842
0.45733359456062317
0.4573204219341278
0.4573289155960083
0.45730865001678467
0.45727014541625977
0.45727771520614624
0.45723944902420044
0.4572499692440033
0.45725977420806885
0.457303524017334
0.457212895154953
0.4572174847126007
0.4572300612926483
0.4572125971317291
0.45724809169769287
0.4571872353553772
0.4571970999240875
0.45714661478996277
0.4572109878063202
0.45719677209854126
0.45713698863983154
0.4571618437767029
0.45709672570228577
0.4571142792701721
0.4571159780025482
0.4571506083011627
0.45713329315185547
0.4570707082748413
0.45706984400749207
0.4570610821247101
0.45712313055992126
0.45705506205558777
0.4570559561252594
0.45702895522117615
0.45703554153442383
0.45710289478302
0.457050085067749
0.4570311903953552
0.4570169448852539
0.45703640580177307
0.4570201337337494
0.4569937288761139
0.4569576382637024
0.45697498321533203
0.45693618059158325
0.4569377601146698
0.45697563886642456
0.4569295048713684
0.45693695545196533
0.45694413781166077
0.45689794421195984
0.45687639713287354
0.4569036662578583
0.45688703656196594
0.4568638205528259
0.45685875415802
0.4568779170513153
0.456820011138916
0.456920862197876
0.4568794369697571
0.45683541893959045
0.45681241154670715
0.4568544924259186
0.4567801356315613
0.4567842483520508
0.45684197545051575
0.45684537291526794
0.4567641019821167
0.45676377415657043
0.4567594528198242
0.4567639231681824
0.4567619562149048
0.45676782727241516
0.45676037669181824
0.45671984553337097
0.4566963016986847
0.4567602276802063
0.4567577540874481
0.4566968083381653
0.4566989839076996
0.456682026386261
0.4566383361816406
0.45662420988082886
0.45663872361183167
0.4566206634044647
0.45663705468177795
0.45660990476608276
0.4566443860530853
0.45664650201797485
0.45660215616226196
0.4566364288330078
0.4565923511981964
0.4566011428833008
0.4565931260585785
0.45659658312797546
0.4565883278846741
0.4565789997577667
0.4565860331058502
0.45656654238700867
0.4565698206424713
0.45657768845558167
0.4565637707710266
0.45657628774642944
0.4565446674823761
0.4565476179122925
0.4565514922142029
0.45655715465545654
0.4565370976924896
0.4565386176109314
0.4565282166004181
0.4565414786338806
0.4565269649028778
0.45652952790260315
0.4565201997756958
0.45652148127555847
0.45651304721832275
0.456537663936615
0.4565141499042511
0.4564957022666931
0.45649823546409607
0.4565322697162628
0.4565604329109192
0.4565354883670807
0.4564933180809021
0.4565274119377136
0.4564851224422455
0.4564831554889679
0.4564720392227173
0.45648232102394104
0.4565173089504242
0.45650145411491394
0.4565137028694153
0.4564509391784668
0.4564582109451294
0.4564729630947113
0.4564499258995056
0.45644766092300415
0.4564385712146759
0.45645421743392944
0.456438809633255
0.4564296305179596
0.4564310312271118
0.4564247727394104
0.45640817284584045
0.45641419291496277
0.45639699697494507
0.45641282200813293
0.4564058184623718
0.4564089775085449
0.45642250776290894
0.456417977809906
0.45640191435813904
0.4564133882522583
0.4563835561275482
0.45638591051101685
0.4563877582550049
0.45637768507003784
0.4563649296760559
0.45636293292045593
0.45636436343193054
0.4563490152359009
0.4563654959201813
0.4563397467136383
0.45633357763290405
0.4563654065132141
0.45635080337524414
0.4563787877559662
0.45632728934288025
0.4563096761703491
0.45633023977279663
0.4563174247741699
0.4563084542751312
0.45630308985710144
0.45630550384521484
0.4563277065753937
0.45628979802131653
0.4562937319278717
0.4562833905220032
0.4562777578830719
0.45629051327705383
0.4562760293483734
0.4562474191188812
0.45624303817749023
0.4562452733516693
0.45624077320098877
0.4562360644340515
0.45623594522476196
0.45622900128364563
0.4562571942806244
0.4562286138534546
0.45622149109840393
0.45622795820236206
0.4562222957611084
0.4562240540981293
0.4562236964702606
0.45620909333229065
0.45621171593666077
0.4562019407749176
0.4561997652053833
0.4562003016471863
0.4562183916568756
0.4561983048915863
0.45620450377464294
0.4562062621116638
0.45619872212409973
0.45619285106658936
0.4561953544616699
0.4561959505081177
0.45619088411331177
0.4561913311481476
0.4561876356601715
0.4562048316001892
0.45617595314979553
0.4561816155910492
0.45617911219596863
0.456180214881897
0.4561724066734314
0.45617368817329407
0.45616868138313293
0.4561719000339508
0.45616790652275085
0.45616284012794495
0.4561658501625061
0.45616886019706726
0.4561675190925598
0.4561651349067688
0.4561555087566376
0.45616036653518677
0.45615509152412415
0.4561523199081421
0.45614948868751526
0.4561571478843689
0.4561510980129242
0.4561525583267212
0.45614713430404663
0.45614075660705566
0.45614093542099
0.45614391565322876
0.45614349842071533
0.4561629891395569
0.456136554479599
0.45613914728164673
0.4561340808868408
0.45613953471183777
0.4561343491077423
0.4561358392238617
0.45613062381744385
0.45613572001457214
0.45612218976020813
0.4561209976673126
0.45612385869026184
0.4561244249343872
0.45611628890037537
0.45612606406211853
0.4561122953891754
0.4561186730861664
0.45611312985420227
0.45611390471458435
0.45610475540161133
0.4561115801334381
0.4561009407043457
0.45611870288848877
0.45610788464546204
0.4561029374599457
0.45609837770462036
0.45611876249313354
0.456101655960083
0.4560944437980652
0.4560960531234741
0.4560897946357727
0.45608893036842346
0.4561067819595337
0.45609593391418457
0.456091046333313
0.45609110593795776
0.4560830593109131
0.4561067521572113
0.45609256625175476
0.4560733437538147
0.45607784390449524
0.45607098937034607
0.45607346296310425
0.4560653269290924
0.4560788571834564
0.45606207847595215
0.4560664892196655
0.45606493949890137
0.45606544613838196
0.45606139302253723
0.4560616612434387
0.4560622274875641
0.4560638964176178
0.45605942606925964
0.45605719089508057
0.4560560882091522
0.4560571610927582
0.4560566544532776
0.4560587406158447
0.4560559093952179
0.4560562074184418
0.45605286955833435
0.4560532867908478
0.45605650544166565
0.45605629682540894
0.45605477690696716
0.45605650544166565
0.45604684948921204
0.45605015754699707
0.4560467004776001
0.4560474455356598
0.4560471177101135
0.4560438096523285
0.4560471475124359
0.4560546278953552
0.4560440480709076
0.4560505151748657
0.45604372024536133
0.45603978633880615
0.45604071021080017
0.45604997873306274
0.456039160490036
0.4560372829437256
0.45603665709495544
0.45603877305984497
0.4560370445251465
0.4560357630252838
0.45604267716407776
0.45603322982788086
0.45603400468826294
0.45603451132774353
0.4560457766056061
0.4560343027114868
0.4560301601886749
0.4560334384441376
0.45602935552597046
0.4560317099094391
0.45603352785110474
0.4560343027114868
0.45602577924728394
0.4560302793979645
0.45603063702583313
0.4560360312461853
0.4560212790966034
0.45603030920028687
0.45602041482925415
0.4560241401195526
0.45602113008499146
0.45602086186408997
0.45602327585220337
0.45601996779441833
0.45602360367774963
0.4560188949108124
0.45602819323539734
0.45601460337638855
0.4560169577598572
0.45601433515548706
0.4560208320617676
0.4560108780860901
0.45601415634155273
0.4560145437717438
0.456013560295105
0.4560096561908722
0.4560191035270691
0.45601725578308105
0.45601025223731995
0.45601415634155273
0.45601245760917664
0.45600491762161255
0.45600712299346924
0.45600494742393494
0.45600563287734985
0.4560037851333618
0.45600390434265137
0.4560072422027588
0.45601406693458557
0.45600655674934387
0.45600059628486633
0.4559984505176544
0.45599788427352905
0.45599645376205444
0.45599865913391113
0.4559935927391052
0.4559938609600067
0.45599356293678284
0.45599308609962463
0.4559953212738037
0.45599082112312317
0.4559948742389679
0.4559934735298157
0.455992728471756
0.45599186420440674
0.4559902250766754
0.45599400997161865
0.45599284768104553
0.455989807844162
0.45598864555358887
0.45598867535591125
0.4559895396232605
0.45598939061164856
0.4559890329837799
0.45598718523979187
0.45598718523979187
0.45598694682121277
0.4559877812862396
0.4559869170188904
0.4559856951236725
0.4559862017631531
0.4559880495071411
0.4559839069843292
0.4559859335422516
0.4559844732284546
0.45598405599594116
0.4559866189956665
0.4559841752052307
0.45598435401916504
0.4559895396232605
0.4559824764728546
0.4559818208217621
0.4559813439846039
0.45598462224006653
0.45598140358924866
0.45597949624061584
0.4559851586818695
0.455980509519577
0.45598104596138
0.45598068833351135
0.4559796154499054
0.4559825360774994
0.4559789001941681
0.45597967505455017
0.4559767246246338
0.4559766352176666
0.4559789001941681
0.4559750556945801
0.4559786319732666
0.4559808373451233
0.455974817276001
0.45597782731056213
0.4559738337993622
0.4559746980667114
0.45597708225250244
0.45597440004348755
0.4559803009033203
0.45597338676452637
0.45597487688064575
0.4559795558452606
0.45597320795059204
0.4559783935546875
0.4559716582298279
0.45597177743911743
0.4559706449508667
0.45597293972969055
0.45596954226493835
0.4559689462184906
0.45597171783447266
0.4559684097766876
0.4559675455093384
0.4559694528579712
0.4559689164161682
0.4559711813926697
0.4559684693813324
0.45596805214881897
0.45596542954444885
0.45596715807914734
0.4559655785560608
0.45596635341644287
0.4559667408466339
0.4559727609157562
0.4559657573699951
0.45597031712532043
0.4559641182422638
0.4559648633003235
0.4559687674045563
0.4559646546840668
0.45596352219581604
0.45596200227737427
0.45596224069595337
0.45596200227737427
0.4559614062309265
0.45596379041671753
0.455962210893631
0.45595893263816833
0.45595869421958923
0.4559582471847534
0.45595836639404297
0.45595863461494446
0.45595747232437134
0.4559573829174042
0.45595717430114746
0.4559592306613922
0.4559599757194519
0.45595648884773254
0.45595791935920715
0.4559563994407654
0.4559580087661743
0.45595645904541016
0.45595666766166687
0.4559567868709564
0.45595628023147583
0.4559558629989624
0.45595651865005493
0.4559561610221863
0.45595481991767883
0.45595571398735046
0.4559552073478699
0.4559551477432251
0.4559547007083893
0.45595595240592957
0.45595410466194153
0.45595428347587585
0.4559547007083893
0.4559531509876251
0.45595303177833557
0.4559551477432251
0.4559535086154938
0.455955445766449
0.455953985452652
0.4559536576271057
0.45595309138298035
0.45595213770866394
0.45595183968544006
0.4559524953365326
0.4559544026851654
0.4559522867202759
0.4559520184993744
0.45595139265060425
0.45595240592956543
0.4559513330459595
0.4559522271156311
0.455950528383255
0.45595237612724304
0.4559515118598938
0.4559501111507416
0.45594969391822815
0.45594993233680725
0.455949991941452
0.4559498429298401
0.4559497535228729
0.45594877004623413
0.4559498131275177
0.45595163106918335
0.4559481739997864
0.45594874024391174
0.45594847202301025
0.45594823360443115
0.45594853162765503
0.4559474289417267
0.45594918727874756
0.45594799518585205
0.4559481739997864
0.45595046877861023
0.455949068069458
0.4559473395347595
0.45594754815101624
0.45594820380210876
0.45594581961631775
0.4559466540813446
0.4559456706047058
0.45594656467437744
0.45594581961631775
0.4559457004070282
0.4559449553489685
0.4559444785118103
0.4559459388256073
0.45594608783721924
0.4559444189071655
0.45594507455825806
0.45594528317451477
0.4559437334537506
0.45594435930252075
0.45594504475593567
0.45594412088394165
0.4559457302093506
0.45594358444213867
0.45594322681427
0.4559432864189148
0.4559435546398163
0.4559454917907715
0.4559444487094879
0.4559430778026581
0.45594221353530884
0.45594125986099243
0.4559418559074402
0.4559417963027954
0.4559413194656372
0.455941379070282
0.4559406638145447
0.4559406340122223
0.4559420943260193
0.4559406340122223
0.45594123005867004
0.4559400677680969
0.45594051480293274
0.4559406638145447
0.45594048500061035
0.45594069361686707
0.4559404253959656
0.45594003796577454
0.4559406340122223
0.4559395909309387
0.4559401869773865
0.45593973994255066
0.4559396803379059
0.4559394121170044
0.4559406638145447
0.45593997836112976
0.4559391438961029
0.4559388756752014
0.4559392035007477
0.45593902468681335
0.45593881607055664
0.45593851804733276
0.45593875646591187
0.4559395909309387
0.45593908429145813
0.45593827962875366
0.4559383988380432
0.4559384286403656
0.45593807101249695
0.4559381902217865
0.45593881607055664
0.45593947172164917
0.45593783259391785
0.4559387266635895
0.45593780279159546
0.4559377431869507
0.4559376537799835
0.45593804121017456
0.45593783259391785
0.45593756437301636
0.45593738555908203
0.45593711733818054
0.4559370279312134
0.45593875646591187
0.45593804121017456
0.45593684911727905
0.45593664050102234
0.4559377431869507
0.45593664050102234
0.455936461687088
0.45593664050102234
0.45593664050102234
0.45593664050102234
0.45593735575675964
0.45593729615211487
0.4559369683265686
0.4559360444545746
0.45593568682670593
0.45593544840812683
0.4559360444545746
0.45593559741973877
0.45593520998954773
0.4559350907802582
0.4559352993965149
0.4559358060359955
0.455935001373291
0.45593559741973877
0.455935001373291
0.4559360146522522
0.4559350907802582
0.4559353291988373
0.4559345841407776
0.45593470335006714
0.4559342861175537
0.4559346139431
0.4559347331523895
0.45593515038490295
0.45593416690826416
0.45593464374542236
0.4559340476989746
0.45593398809432983
0.45593395829200745
0.4559336006641388
0.4559338688850403
0.4559343755245209
0.45593389868736267
0.4559333622455597
0.4559330344200134
0.45593440532684326
0.4559330344200134
0.45593294501304626
0.4559326469898224
0.4559328258037567
0.4559326171875
0.45593252778053284
0.45593270659446716
0.4559325575828552
0.4559323787689209
0.4559323191642761
0.455933541059494
0.45593246817588806
0.45593228936195374
0.4559321999549866
0.4559326767921448
0.45593205094337463
0.455932080745697
0.4559318423271179
0.4559318423271179
0.4559319317340851
0.4559316635131836
0.455932080745697
0.4559316039085388
0.4559319019317627
0.45593181252479553
0.4559323489665985
0.4559316635131836
0.45593154430389404
0.4559314548969269
0.45593151450157166
0.45593172311782837
0.45593133568763733
0.45593133568763733
0.45593133568763733
0.45593124628067017
0.4559310972690582
0.4559312164783478
0.4559310972690582
0.45593100786209106
0.45593130588531494
0.45593127608299255
0.45593100786209106
0.45593076944351196
0.45593082904815674
0.4559316337108612
0.45593100786209106
0.45593079924583435
0.4559309780597687
0.4559307396411896
0.45593076944351196
0.45593059062957764
0.4559304714202881
0.4559311270713806
0.45593029260635376
0.4559303820133209
0.45593059062957764
0.4559306204319
0.45593032240867615
0.45593011379241943
0.45593011379241943
0.4559304118156433
0.45593008399009705
0.45593008399009705
0.45592987537384033
0.4559306502342224
0.45593008399009705
0.45593005418777466
0.45592984557151794
0.45593005418777466
0.45593029260635376
0.45592954754829407
0.45592981576919556
0.4559296667575836
0.45592957735061646
0.45593008399009705
0.4559294879436493
0.45592933893203735
0.45592933893203735
0.4559297561645508
0.455929696559906
0.45592933893203735
0.4559294283390045
0.4559299051761627
0.4559295177459717
0.4559292793273926
0.45592910051345825
0.4559290111064911
0.45592939853668213
0.4559289515018463
0.4559289813041687
0.455929160118103
0.4559289216995239
0.4559289813041687
0.45592883229255676
0.4559288024902344
0.4559288024902344
0.4559285342693329
0.4559287428855896
0.45592865347862244
0.4559285342693329
0.4559285044670105
0.45592841506004333
0.45592832565307617
0.45592814683914185
0.45592835545539856
0.45592814683914185
0.45592808723449707
0.45592817664146423
0.4559280276298523
0.45592814683914185
0.4559280276298523
0.4559280276298523
0.4559282958507538
0.45592811703681946
0.45592811703681946
0.45592790842056274
0.4559278190135956
0.45592787861824036
0.4559280574321747
0.4559277892112732
0.45592787861824036
0.4559277892112732
0.4559277594089508
0.4559277594089508
0.45592784881591797
0.45592793822288513
0.4559277594089508
0.45592769980430603
0.4559277594089508
0.45592764019966125
0.45592767000198364
0.45592761039733887
0.4559275805950165
0.4559275209903717
0.45592761039733887
0.45592743158340454
0.4559275507926941
0.45592761039733887
0.4559275209903717
0.4559275805950165
0.45592740178108215
0.45592740178108215
0.45592740178108215
0.45592737197875977
0.4559272527694702
0.4559272825717926
0.45592737197875977
0.4559273421764374
0.4559275507926941
0.45592737197875977
0.4559272527694702
0.45592716336250305
0.4559272825717926
0.45592719316482544
0.4559271037578583
0.45592769980430603
0.4559269845485687
0.45592737197875977
0.4559272229671478
0.45592689514160156
0.4559271037578583
0.4559269845485687
0.4559269845485687
0.4559268653392792
0.4559270441532135
0.4559268653392792
0.4559267461299896
0.4559268057346344
0.4559269845485687
0.4559267461299896
0.45592665672302246
0.4559270143508911
0.4559272229671478
0.4559275507926941
0.4559265971183777
0.45592665672302246
0.4559269845485687
0.4559269845485687
0.4559266269207001
0.45592695474624634
0.45592671632766724
0.4559265077114105
0.4559265673160553
0.45592647790908813
0.4559265971183777
0.4559265375137329
0.4559265077114105
0.45592638850212097
0.4559266269207001
0.45592641830444336
0.4559263288974762
0.45592638850212097
0.45592647790908813
0.4559263288974762
0.4559265673160553
0.4559263288974762
0.4559262692928314
0.45592615008354187
0.45592615008354187
0.45592617988586426
0.45592617988586426
0.4559261202812195
0.4559260606765747
0.45592600107192993
0.45592594146728516
0.4559260308742523
0.45592591166496277
0.45592591166496277
0.45592597126960754
0.45592600107192993
0.4559258818626404
0.4559258818626404
0.45592597126960754
0.45592591166496277
0.4559258818626404
0.4559258818626404
0.45592591166496277
0.45592620968818665
0.45592594146728516
0.45592576265335083
0.455925852060318
0.4559257924556732
0.45592576265335083
0.455925852060318
0.4559257924556732
0.4559257924556732
0.4559258222579956
0.4559258222579956
0.45592576265335083
0.45592576265335083
0.45592573285102844
0.4559256434440613
0.45592570304870605
0.45592567324638367
0.4559256434440613
0.4559256434440613
0.4559256434440613
0.45592570304870605
0.4559256136417389
0.45592570304870605
0.4559256434440613
0.45592573285102844
0.45592552423477173
0.4559256434440613
0.4559255540370941
0.4559256136417389
0.45592549443244934
0.45592567324638367
0.4559255838394165
0.45592552423477173
0.45592543482780457
0.45592552423477173
0.45592546463012695
0.45592549443244934
0.4559255540370941
0.45592549443244934
0.45592549443244934
0.45592543482780457
0.45592549443244934
0.4559254050254822
0.45592543482780457
0.45592549443244934
0.45592543482780457
0.4559253454208374
0.4559253752231598
0.4559253454208374
0.455925315618515
0.4559253454208374
0.4559254050254822
0.45592543482780457
0.4559253454208374
0.45592522621154785
0.45592525601387024
0.4559252858161926
0.455925315618515
0.4559253454208374
0.4559251666069031
0.45592522621154785
0.4559251368045807
0.45592519640922546
0.4559251666069031
0.4559251368045807
0.45592519640922546
0.4559251368045807
0.45592519640922546
0.4559251666069031
0.4559251368045807
0.4559251666069031
0.4559251368045807
0.4559252858161926
0.4559251368045807
0.4559251070022583
0.4559251070022583
0.4559251070022583
0.4559251368045807
0.45592501759529114
0.4559251070022583
0.455924928188324
0.4559250771999359
0.45592501759529114
0.45592495799064636
0.45592498779296875
0.4559248685836792
0.4559248983860016
0.4559248685836792
0.45592495799064636
0.4559248983860016
0.45592495799064636
0.4559248387813568
0.4559248685836792
0.4559248685836792
0.4559248685836792
0.4559248983860016
0.4559248685836792
0.4559248387813568
0.4559248387813568
0.45592477917671204
0.4559248685836792
0.4559248089790344
0.45592477917671204
0.4559248387813568
0.4559248387813568
0.4559248089790344
0.4559248387813568
0.4559248685836792
0.4559248089790344
0.4559248089790344
0.4559248685836792
0.45592477917671204
0.45592474937438965
0.45592477917671204
0.45592474937438965
0.45592477917671204
0.45592474937438965
0.45592474937438965
0.45592474937438965
0.4559248387813568
0.4559246897697449
0.45592477917671204
0.4559246897697449
0.4559248387813568
0.4559246897697449
0.4559246897697449
0.45592474937438965
0.45592471957206726
0.45592471957206726
0.4559246897697449
0.45592471957206726
0.4559246301651001
0.4559246599674225
0.4559246897697449
0.4559246003627777
0.4559246301651001
0.4559246599674225
0.4559246301651001
0.4559246301651001
0.4559245705604553
0.4559246003627777
0.4559246301651001
0.4559246003627777
0.4559246003627777
0.4559246003627777
0.4559246599674225
0.4559246003627777
0.4559246599674225
0.4559246003627777
0.45592454075813293
0.4559246599674225
0.4559246003627777
0.4559246301651001
0.4559245705604553
0.4559246003627777
0.4559246003627777
0.45592454075813293
0.45592451095581055
0.4559246003627777
0.4559246301651001
0.4559245705604553
0.45592454075813293
0.45592448115348816
0.45592445135116577
0.45592454075813293
0.45592448115348816
0.4559245705604553
0.45592454075813293
0.45592448115348816
0.45592448115348816
0.45592448115348816
0.45592448115348816
0.45592448115348816
0.45592451095581055
0.45592445135116577
0.45592451095581055
0.45592448115348816
0.45592448115348816
0.45592451095581055
0.45592445135116577
0.45592445135116577
0.45592454075813293
0.4559244215488434
0.45592445135116577
0.45592445135116577
0.455924391746521
0.455924391746521
0.45592445135116577
0.455924391746521
0.4559243619441986
0.4559244215488434
0.4559243619441986
0.4559244215488434
0.4559243619441986
0.455924391746521
0.4559243321418762
0.4559243619441986
0.4559244215488434
0.4559243321418762
0.4559243321418762
0.455924391746521
0.4559243321418762
0.4559243619441986
0.4559243619441986
0.455924391746521
0.4559243619441986
0.4559243321418762
0.4559243321418762
0.45592430233955383
0.4559243321418762
0.4559243619441986
0.4559243321418762
0.4559243619441986
0.4559243619441986
0.4559243321418762
0.4559243321418762
0.45592430233955383
0.45592430233955383
0.4559243321418762
0.455924391746521
0.455924391746521
0.4559243619441986
0.4559243321418762
0.4559243321418762
0.4559243619441986
0.45592427253723145
0.45592430233955383
0.45592430233955383
0.4559243619441986
0.4559243321418762
0.4559243321418762
0.4559243321418762
0.4559243619441986
0.45592430233955383
0.45592430233955383
0.45592427253723145
0.4559243321418762
0.45592430233955383
0.45592427253723145
0.45592421293258667
0.45592430233955383
0.4559243321418762
0.4559243321418762
0.45592430233955383
0.45592427253723145
0.45592427253723145
0.45592430233955383
0.45592430233955383
0.45592430233955383
0.45592424273490906
0.45592430233955383
0.45592427253723145
0.45592430233955383
0.45592421293258667
0.45592424273490906
0.45592427253723145
0.45592424273490906
0.4559243321418762
0.45592424273490906
0.45592427253723145
0.45592430233955383
0.45592427253723145
0.45592424273490906
0.45592424273490906
0.45592421293258667
0.4559241831302643
0.4559241831302643
0.45592421293258667
0.45592427253723145
0.45592427253723145
0.45592424273490906
0.45592430233955383
0.45592427253723145
0.4559241831302643
0.45592421293258667
0.4559243321418762
0.45592421293258667
0.45592424273490906
0.45592424273490906
0.45592427253723145
0.4559241831302643
0.45592421293258667
0.4559241831302643
0.45592424273490906
0.45592430233955383
0.4559241831302643
0.45592421293258667
0.45592424273490906
0.45592421293258667
0.45592421293258667
0.4559241831302643
0.4559241831302643
0.4559241831302643
0.4559241533279419
0.45592421293258667
0.45592421293258667
0.45592424273490906
0.4559241831302643
0.4559241831302643
0.4559241533279419
0.45592421293258667
0.45592421293258667
0.4559241831302643
0.4559241533279419
0.45592421293258667
0.4559241235256195
0.4559241235256195
0.45592421293258667
0.45592421293258667
0.4559241533279419
0.4559241533279419
0.4559241533279419
0.4559241831302643
0.4559241533279419
0.4559241831302643
0.4559241533279419
0.4559241533279419
0.4559241533279419
0.4559241235256195
0.4559241831302643
0.4559241235256195
0.4559241533279419
0.4559241831302643
0.4559241533279419
0.4559241533279419
0.45592424273490906
0.4559241831302643
0.4559241533279419
0.4559241533279419
0.4559241235256195
0.4559241235256195
0.4559241533279419
0.4559240937232971
0.4559241831302643
0.4559241533279419
0.4559241235256195
0.4559241235256195
0.4559241533279419
0.4559241235256195
0.4559241533279419
0.4559241533279419
0.4559240937232971
0.4559241831302643
0.4559241235256195
0.4559240937232971
0.4559241533279419
0.4559240937232971
0.4559241235256195
0.4559241235256195
0.4559241533279419
0.4559241235256195
0.4559241235256195
0.4559241533279419
0.4559241831302643
0.4559241235256195
0.4559240937232971
0.4559240937232971
0.4559241533279419
0.4559241235256195
0.4559240937232971
0.4559240937232971
0.4559240937232971
0.4559240937232971
0.4559240937232971
0.4559241235256195
0.4559240937232971
0.4559240937232971
0.4559240937232971
0.4559240937232971
0.4559240937232971
0.4559240937232971
0.4559240937232971
0.4559240937232971
0.4559240937232971
0.4559240937232971
0.4559241533279419
0.4559240937232971
0.4559240937232971
0.4559240937232971
0.45592406392097473
0.4559240937232971
0.4559241235256195
0.4559240937232971
0.4559241533279419
0.4559241235256195
0.4559240937232971
0.4559240937232971
0.4559240937232971
0.4559240937232971
0.4559240937232971
0.4559241533279419
0.4559241533279419
0.4559241533279419
0.45592403411865234
0.4559240937232971
0.4559240937232971
0.45592406392097473
0.4559241235256195
0.4559240937232971
0.4559240937232971
0.45592406392097473
0.4559240937232971
0.45592403411865234
0.45592406392097473
0.45592406392097473
0.45592403411865234
0.4559240937232971
0.4559240937232971
0.4559240937232971
0.4559240937232971
0.45592400431632996
0.4559240937232971
0.45592400431632996
0.4559240937232971
0.45592403411865234
0.45592406392097473
0.45592400431632996
0.45592403411865234
0.4559240937232971
0.4559240937232971
0.45592406392097473
0.45592403411865234
0.45592406392097473
0.45592406392097473
0.45592403411865234
0.45592406392097473
0.4559240937232971
0.45592403411865234
0.45592403411865234
0.45592403411865234
0.4559240937232971
0.45592400431632996
0.45592397451400757
0.45592403411865234
0.45592403411865234
0.45592400431632996
0.45592406392097473
0.45592406392097473
0.45592406392097473
0.45592406392097473
0.45592400431632996
0.4559239149093628
0.45592400431632996
0.45592403411865234
0.45592397451400757
0.45592406392097473
0.45592397451400757
0.45592403411865234
0.45592400431632996
0.45592400431632996
0.45592400431632996
0.45592400431632996
0.45592400431632996
0.45592406392097473
0.45592397451400757
0.4559239447116852
0.45592403411865234
0.45592400431632996
0.45592400431632996
0.45592400431632996
0.45592400431632996
0.45592397451400757
0.45592403411865234
0.4559239447116852
0.45592397451400757
0.45592400431632996
0.45592397451400757
0.45592397451400757
0.45592397451400757
0.45592397451400757
0.45592397451400757
0.4559239447116852
0.45592397451400757
0.45592397451400757
0.45592403411865234
0.45592403411865234
0.45592403411865234
0.45592400431632996
0.45592406392097473
0.45592400431632996
0.45592397451400757
0.45592400431632996
0.45592403411865234
0.45592397451400757
0.45592397451400757
0.45592400431632996
0.45592397451400757
0.45592397451400757
0.45592397451400757
0.45592397451400757
0.4559239447116852
0.45592400431632996
0.45592397451400757
0.4559239447116852
0.4559239447116852
0.45592397451400757
0.45592397451400757
0.4559239447116852
0.4559239447116852
0.4559239447116852
0.4559239447116852
0.4559239447116852
0.4559239447116852
0.4559239149093628
0.4559239447116852
0.4559239447116852
0.4559239149093628
0.4559239447116852
0.4559239149093628
0.4559239447116852
0.45592397451400757
0.4559238851070404
0.4559239447116852
0.45592397451400757
0.4559239149093628
0.4559239447116852
0.45592397451400757
0.4559239447116852
0.4559239149093628
0.4559238851070404
0.45592400431632996
0.4559239447116852
0.4559239447116852
0.4559239447116852
0.4559239447116852
0.4559239149093628
0.4559239447116852
0.4559238851070404
0.4559239149093628
0.4559238851070404
0.4559239149093628
0.4559239447116852
0.4559238851070404
0.4559238851070404
0.4559239149093628
0.4559239149093628
0.4559239149093628
0.4559239447116852
0.4559238851070404
0.4559238851070404
0.4559239149093628
0.4559239447116852
0.45592382550239563
0.4559239149093628
0.455923855304718
0.455923855304718
0.4559238851070404
0.4559239149093628
0.455923855304718
0.455923855304718
0.4559239149093628
0.45592382550239563
0.455923855304718
0.4559238851070404
0.4559238851070404
0.4559238851070404
0.45592382550239563
0.4559239149093628
0.4559239149093628
0.4559239447116852
0.4559238851070404
0.4559238851070404
0.455923855304718
0.4559238851070404
0.4559239149093628
0.4559239149093628
0.4559238851070404
0.4559238851070404
0.4559239149093628
0.45592382550239563
0.455923855304718
0.455923855304718
0.4559238851070404
0.455923855304718
0.45592382550239563
0.455923855304718
0.4559238851070404
0.4559238851070404
0.455923855304718
0.45592382550239563
0.45592379570007324
0.45592382550239563
0.45592382550239563
0.4559238851070404
0.4559238851070404
0.45592379570007324
0.4559238851070404
0.4559238851070404
0.45592382550239563
0.45592382550239563
0.45592379570007324
0.45592382550239563
0.455923855304718
0.45592379570007324
0.45592382550239563
0.45592382550239563
0.45592379570007324
0.455923855304718
0.45592382550239563
0.45592376589775085
0.45592379570007324
0.455923855304718
0.4559238851070404
0.45592376589775085
0.45592382550239563
0.45592379570007324
0.455923855304718
0.45592382550239563
0.45592376589775085
0.45592379570007324
0.45592376589775085
0.455923855304718
0.45592376589775085
0.45592379570007324
0.45592382550239563
0.45592379570007324
0.45592379570007324
0.45592379570007324
0.45592379570007324
0.45592373609542847
0.45592379570007324
0.45592382550239563
0.45592382550239563
0.45592382550239563
0.45592382550239563
0.45592379570007324
0.45592379570007324
0.45592379570007324
0.45592376589775085
0.45592379570007324
0.45592376589775085
0.45592382550239563
0.45592382550239563
0.45592382550239563
0.45592379570007324
0.45592373609542847
0.4559237062931061
0.45592373609542847
0.45592376589775085
0.45592376589775085
0.45592376589775085
0.45592376589775085
0.45592376589775085
0.45592379570007324
0.45592376589775085
0.45592376589775085
0.45592379570007324
0.45592376589775085
0.4559237062931061
0.45592373609542847
0.45592373609542847
0.45592379570007324
0.45592376589775085
0.45592373609542847
0.45592373609542847
0.45592373609542847
0.45592373609542847
0.45592376589775085
0.45592373609542847
0.4559237062931061
0.45592379570007324
0.45592373609542847
0.45592376589775085
0.45592373609542847
0.45592373609542847
0.45592373609542847
0.45592373609542847
0.4559237062931061
0.45592373609542847
0.4559237062931061
0.4559236764907837
0.4559236764907837
0.45592376589775085
0.4559237062931061
0.45592376589775085
0.45592373609542847
0.45592376589775085
0.45592373609542847
0.4559237062931061
0.4559236764907837
0.4559237062931061
0.4559237062931061
0.4559237062931061
0.45592373609542847
0.4559237062931061
0.45592373609542847
0.4559237062931061
0.4559237062931061
0.4559237062931061
0.4559237062931061
0.4559237062931061
0.4559236764907837
0.4559237062931061
0.4559237062931061
0.4559236764907837
0.4559236764907837
0.4559236764907837
0.4559237062931061
0.4559236764907837
0.4559236466884613
0.45592373609542847
0.45592373609542847
0.4559237062931061
0.4559236466884613
0.4559237062931061
0.4559236466884613
0.4559237062931061
0.4559236764907837
0.4559236466884613
0.45592376589775085
0.45592373609542847
0.4559236764907837
0.4559236466884613
0.4559236764907837
0.4559236466884613
0.4559236466884613
0.4559237062931061
0.4559236168861389
0.4559237062931061
0.4559236764907837
0.4559236466884613
0.4559236466884613
0.4559236466884613
0.4559236466884613
0.4559236764907837
0.4559236466884613
0.4559236466884613
0.4559236764907837
0.4559236466884613
0.4559236764907837
0.4559236466884613
0.4559236764907837
0.4559236764907837
0.4559236168861389
0.45592373609542847
0.4559236466884613
0.4559236466884613
0.4559236466884613
0.4559236168861389
0.4559236764907837
0.4559236466884613
0.4559236764907837
0.4559236168861389
0.4559236764907837
0.4559236168861389
0.4559236466884613
0.4559236466884613
0.4559236466884613
0.4559236466884613
0.4559236168861389
0.4559236168861389
0.4559236168861389
0.4559236466884613
0.4559236764907837
0.4559236168861389
0.45592358708381653
0.4559236466884613
0.4559236168861389
0.4559236466884613
0.4559236466884613
0.4559236168861389
0.4559236168861389
0.4559236764907837
0.4559236168861389
0.4559236466884613
0.45592355728149414
0.45592358708381653
0.45592358708381653
0.4559236168861389
0.4559236168861389
0.45592355728149414
0.45592358708381653
0.4559236168861389
0.4559236168861389
0.45592358708381653
0.4559236764907837
0.4559236466884613
0.4559236168861389
0.45592358708381653
0.45592358708381653
0.45592355728149414
0.4559236168861389
0.4559236466884613
0.45592355728149414
0.45592358708381653
0.45592355728149414
0.4559236168861389
0.4559236466884613
0.45592355728149414
0.45592358708381653
0.45592358708381653
0.45592355728149414
0.45592355728149414
0.45592358708381653
0.4559236764907837
0.4559236466884613
0.45592358708381653
0.45592355728149414
0.45592355728149414
0.45592358708381653
0.45592355728149414
0.45592358708381653
0.45592355728149414
0.45592355728149414
0.45592355728149414
0.4559236168861389
0.45592358708381653
0.45592358708381653
0.45592355728149414
0.45592355728149414
0.45592355728149414
0.45592355728149414
0.45592355728149414
0.45592355728149414
0.45592352747917175
0.45592355728149414
0.45592358708381653
0.45592355728149414
0.45592355728149414
0.45592355728149414
0.45592355728149414
0.45592358708381653
0.45592355728149414
0.45592352747917175
0.45592355728149414
0.45592358708381653
0.45592352747917175
0.45592355728149414
0.45592352747917175
0.45592358708381653
0.45592355728149414
0.45592355728149414
0.45592352747917175
0.45592352747917175
0.45592352747917175
0.45592355728149414
0.45592352747917175
0.45592352747917175
0.45592355728149414
0.45592352747917175
0.45592352747917175
0.45592355728149414
0.45592355728149414
0.45592355728149414
0.45592358708381653
0.45592352747917175
0.45592352747917175
0.45592355728149414
0.45592352747917175
0.45592349767684937
0.45592355728149414
0.45592352747917175
0.45592355728149414
0.45592352747917175
0.455923467874527
0.45592349767684937
0.45592355728149414
0.45592349767684937
0.45592349767684937
0.45592352747917175
0.45592352747917175
0.45592352747917175
0.45592355728149414
0.45592349767684937
0.45592352747917175
0.45592349767684937
0.45592349767684937
0.45592349767684937
0.45592349767684937
0.45592352747917175
0.45592352747917175
0.45592355728149414
0.45592349767684937
0.45592352747917175
0.45592349767684937
0.45592352747917175
0.45592349767684937
0.455923467874527
0.45592349767684937
0.45592352747917175
0.45592352747917175
0.45592352747917175
0.45592349767684937
0.45592349767684937
0.45592355728149414
0.45592349767684937
0.455923467874527
0.45592349767684937
0.45592355728149414
0.455923467874527
0.45592352747917175
0.4559234380722046
0.45592349767684937
0.45592349767684937
0.45592349767684937
0.45592349767684937
0.45592355728149414
0.45592352747917175
0.45592349767684937
0.455923467874527
0.455923467874527
0.45592349767684937
0.4559234082698822
0.455923467874527
0.45592352747917175
0.4559234380722046
0.4559234380722046
0.4559234380722046
0.4559234380722046
0.455923467874527
0.4559234380722046
0.4559234380722046
0.4559234380722046
0.455923467874527
0.45592349767684937
0.4559234380722046
0.4559234380722046
0.455923467874527
0.4559233784675598
0.4559234082698822
0.45592349767684937
0.455923467874527
0.4559234380722046
0.4559234380722046
0.4559233784675598
0.4559234380722046
0.455923467874527
0.45592349767684937
0.4559234380722046
0.4559234380722046
0.4559234082698822
0.4559234380722046
0.455923467874527
0.4559234082698822
0.4559234380722046
0.4559234082698822
0.455923467874527
0.455923467874527
0.4559234380722046
0.4559234380722046
0.4559234380722046
0.4559234082698822
0.455923467874527
0.4559234380722046
0.4559234380722046
0.4559234380722046
0.4559234380722046
0.4559234082698822
0.4559234082698822
0.4559234082698822
0.4559234380722046
0.4559234082698822
0.4559233784675598
0.455923467874527
0.4559233784675598
0.4559234082698822
0.4559234082698822
0.4559233784675598
0.4559234082698822
0.455923467874527
0.4559233784675598
0.4559233784675598
0.4559233784675598
0.455923467874527
0.4559234082698822
0.455923467874527
0.4559233784675598
0.4559234082698822
0.455923467874527
0.4559233784675598
0.4559233784675598
0.4559233486652374
0.4559234380722046
0.4559233784675598
0.4559233486652374
0.45592331886291504
0.4559233784675598
0.4559233784675598
0.4559233486652374
0.4559234082698822
0.4559233784675598
0.4559233784675598
0.4559233486652374
0.4559233784675598
0.4559233784675598
0.45592331886291504
0.4559234082698822
0.4559233784675598
0.4559233784675598
0.45592331886291504
0.4559234082698822
0.4559233486652374
0.4559233784675598
0.4559233486652374
0.4559234082698822
0.4559233486652374
0.4559234380722046
0.45592331886291504
0.4559233486652374
0.4559234082698822
0.45592331886291504
0.4559233486652374
0.4559233486652374
0.4559233486652374
0.45592328906059265
0.45592331886291504
0.4559233486652374
0.45592328906059265
0.45592328906059265
0.4559233486652374
0.4559233784675598
0.45592328906059265
0.45592331886291504
0.45592328906059265
0.45592328906059265
0.45592328906059265
0.45592331886291504
0.45592328906059265
0.45592328906059265
0.45592331886291504
0.4559233486652374
0.45592328906059265
0.45592331886291504
0.45592328906059265
0.45592328906059265
0.45592328906059265
0.45592328906059265
0.45592325925827026
0.45592331886291504
0.45592328906059265
0.45592331886291504
0.45592325925827026
0.45592331886291504
0.45592331886291504
0.45592331886291504
0.45592331886291504
0.45592331886291504
0.45592328906059265
0.45592331886291504
0.45592328906059265
0.45592328906059265
0.45592331886291504
0.45592325925827026
0.45592325925827026
0.4559233486652374
0.45592325925827026
0.45592331886291504
0.45592328906059265
0.45592328906059265
0.45592325925827026
0.45592328906059265
0.45592328906059265
0.4559233486652374
0.45592331886291504
0.4559232294559479
0.4559232294559479
0.4559233486652374
0.45592331886291504
0.45592325925827026
0.45592325925827026
0.45592325925827026
0.45592325925827026
0.4559232294559479
0.45592325925827026
0.4559232294559479
0.4559232294559479
0.4559231996536255
0.4559232294559479
0.45592328906059265
0.4559232294559479
0.45592328906059265
0.45592328906059265
0.45592325925827026
0.45592325925827026
0.45592325925827026
0.45592325925827026
0.4559232294559479
0.45592325925827026
0.45592325925827026
0.45592325925827026
0.45592325925827026
0.45592325925827026
0.4559232294559479
0.4559231996536255
0.45592325925827026
0.45592328906059265
0.4559232294559479
0.45592325925827026
0.45592325925827026
0.4559231996536255
0.45592325925827026
0.4559232294559479
0.45592325925827026
0.45592325925827026
0.4559231996536255
0.45592325925827026
0.4559231698513031
0.45592325925827026
0.4559231996536255
0.4559231996536255
0.4559233486652374
0.4559231698513031
0.4559231996536255
0.4559231996536255
0.4559232294559479
0.4559231996536255
0.45592325925827026
0.4559232294559479
0.4559231400489807
0.4559232294559479
0.4559231996536255
0.4559231996536255
0.4559231996536255
0.4559231698513031
0.4559231698513031
0.4559231996536255
0.4559231698513031
0.4559232294559479
0.4559231698513031
0.4559231996536255
0.4559231996536255
0.4559231400489807
0.4559231996536255
0.4559231698513031
0.4559231698513031
0.4559231102466583
0.4559231698513031
0.4559232294559479
0.4559231698513031
0.4559231996536255
0.4559232294559479
0.4559232294559479
0.4559231698513031
0.4559231698513031
0.4559231698513031
0.4559231698513031
0.4559231698513031
0.4559231400489807
0.4559231698513031
0.45592328906059265
0.4559231400489807
0.4559231102466583
0.4559231698513031
0.4559231698513031
0.4559231400489807
0.4559231996536255
0.4559231698513031
0.4559231698513031
0.4559231400489807
0.4559231400489807
0.4559231698513031
0.4559231102466583
0.4559231698513031
0.4559231400489807
0.4559231400489807
0.4559231698513031
0.4559231698513031
0.4559231400489807
0.4559231698513031
0.4559231698513031
0.4559231698513031
0.4559231698513031
0.45592308044433594
0.4559231102466583
0.4559231102466583
0.4559231698513031
0.4559231102466583
0.45592308044433594
0.4559231400489807
0.4559231996536255
0.4559231996536255
0.4559231698513031
0.4559231102466583
0.4559231400489807
0.45592308044433594
0.4559231400489807
0.45592308044433594
0.4559231102466583
0.45592308044433594
0.4559231400489807
0.4559231400489807
0.4559231400489807
0.45592305064201355
0.4559231400489807
0.4559231102466583
0.4559231102466583
0.4559231400489807
0.4559231698513031
0.45592308044433594
0.4559231102466583
0.4559231400489807
0.4559231400489807
0.4559231102466583
0.45592305064201355
0.4559231102466583
0.45592308044433594
0.4559231400489807
0.4559231400489807
0.45592308044433594
0.4559231102466583
0.45592308044433594
0.45592305064201355
0.45592308044433594
0.45592308044433594
0.45592308044433594
0.45592308044433594
0.4559231400489807
0.4559231102466583
0.45592305064201355
0.45592308044433594
0.4559231102466583
0.45592308044433594
0.4559231102466583
0.45592308044433594
0.45592305064201355
0.45592308044433594
0.45592308044433594
0.45592305064201355
0.4559231102466583
0.45592305064201355
0.4559231102466583
0.45592305064201355
0.45592305064201355
0.45592305064201355
0.45592305064201355
0.45592305064201355
0.45592305064201355
0.45592305064201355
0.45592308044433594
0.45592305064201355
0.45592302083969116
0.45592305064201355
0.45592308044433594
0.45592305064201355
0.45592305064201355
0.45592305064201355
0.45592305064201355
0.45592302083969116
0.45592302083969116
0.45592308044433594
0.45592305064201355
0.45592302083969116
0.4559229910373688
0.45592305064201355
0.45592305064201355
0.4559231102466583
0.45592305064201355
0.45592302083969116
0.4559229910373688
0.45592305064201355
0.45592305064201355
0.45592302083969116
0.45592305064201355
0.45592302083969116
0.45592305064201355
0.45592305064201355
0.45592305064201355
0.45592305064201355
0.45592305064201355
0.45592308044433594
0.45592305064201355
0.45592305064201355
0.45592305064201355
0.45592302083969116
0.4559229910373688
0.45592302083969116
0.4559229910373688
0.45592305064201355
0.45592302083969116
0.45592305064201355
0.45592305064201355
0.45592302083969116
0.45592302083969116
0.45592305064201355
0.45592305064201355
0.4559229612350464
0.4559229612350464
0.45592302083969116
0.45592302083969116
0.45592305064201355
0.45592302083969116
0.45592302083969116
0.45592302083969116
0.4559229910373688
0.45592302083969116
0.4559229910373688
0.45592305064201355
0.455922931432724
0.4559229910373688
0.45592302083969116
0.45592305064201355
0.45592302083969116
0.455922931432724
0.45592302083969116
0.45592302083969116
0.45592302083969116
0.45592305064201355
0.4559229910373688
0.4559229612350464
0.45592302083969116
0.4559229612350464
0.4559229612350464
0.4559229910373688
0.4559229910373688
0.4559229910373688
0.4559229612350464
0.4559229910373688
0.45592302083969116
0.455922931432724
0.4559229910373688
0.455922931432724
0.4559229910373688
0.4559229612350464
0.4559229910373688
0.4559229910373688
0.4559229612350464
0.4559229612350464
0.4559229910373688
0.4559229910373688
0.4559229612350464
0.4559229612350464
0.4559229910373688
0.4559229910373688
0.455922931432724
0.455922931432724
0.455922931432724
0.4559229910373688
0.4559229612350464
0.455922931432724
0.4559229612350464
0.4559229910373688
0.4559229016304016
0.4559229612350464
0.4559229612350464
0.4559229910373688
0.4559229016304016
0.455922931432724
0.4559229612350464
0.455922931432724
0.4559229910373688
0.4559229910373688
0.4559229612350464
0.4559228718280792
0.4559228718280792
0.455922931432724
0.4559229612350464
0.455922931432724
0.4559229016304016
0.4559229612350464
0.4559229910373688
0.455922931432724
0.4559228718280792
0.45592305064201355
0.4559229612350464
0.455922931432724
0.4559229016304016
0.4559229612350464
0.455922931432724
0.455922931432724
0.455922931432724
0.4559229016304016
0.4559228718280792
0.455922931432724
0.4559229016304016
0.45592284202575684
0.4559228718280792
0.4559229016304016
0.4559229612350464
0.4559228718280792
0.45592284202575684
0.4559228718280792
0.4559229016304016
0.45592284202575684
0.4559229016304016
0.455922931432724
0.4559228718280792
0.4559229016304016
0.455922931432724
0.4559228718280792
0.4559229016304016
0.45592284202575684
0.4559228718280792
0.455922931432724
0.4559229016304016
0.4559228718280792
0.45592284202575684
0.45592284202575684
0.4559228718280792
0.4559229016304016
0.4559229016304016
0.455922931432724
0.4559229016304016
0.4559229016304016
0.455922931432724
0.455922931432724
0.45592281222343445
0.4559228718280792
0.4559228718280792
0.45592284202575684
0.45592284202575684
0.45592284202575684
0.45592284202575684
0.455922931432724
0.4559228718280792
0.4559228718280792
0.45592284202575684
0.45592284202575684
0.4559228718280792
0.4559229016304016
0.4559229016304016
0.4559228718280792
0.45592284202575684
0.4559228718280792
0.45592284202575684
0.45592284202575684
0.4559228718280792
0.45592281222343445
0.45592284202575684
0.4559228718280792
0.4559228718280792
0.45592278242111206
0.4559228718280792
0.45592281222343445
0.45592281222343445
0.45592281222343445
0.45592284202575684
0.4559228718280792
0.45592281222343445
0.45592284202575684
0.45592281222343445
0.45592278242111206
0.45592281222343445
0.45592278242111206
0.4559227526187897
0.45592281222343445
0.45592281222343445
0.45592278242111206
0.45592281222343445
0.45592281222343445
0.45592281222343445
0.45592278242111206
0.45592278242111206
0.4559227526187897
0.45592284202575684
0.45592281222343445
0.45592281222343445
0.45592284202575684
0.45592281222343445
0.45592281222343445
0.45592284202575684
0.45592278242111206
0.45592281222343445
0.45592281222343445
0.4559227228164673
0.45592278242111206
0.45592278242111206
0.45592278242111206
0.45592281222343445
0.45592278242111206
0.45592278242111206
0.45592284202575684
0.4559227526187897
0.4559227228164673
0.45592278242111206
0.45592281222343445
0.4559227526187897
0.45592278242111206
0.45592281222343445
0.45592281222343445
0.45592278242111206
0.45592278242111206
0.4559227228164673
0.45592281222343445
0.45592278242111206
0.45592278242111206
0.45592278242111206
0.4559226930141449
0.4559227526187897
0.45592281222343445
0.4559227526187897
0.4559227228164673
0.4559227228164673
0.4559227526187897
0.45592281222343445
0.45592278242111206
0.4559227526187897
0.4559227228164673
0.4559227228164673
0.4559227526187897
0.45592284202575684
0.4559227526187897
0.4559227526187897
0.4559227228164673
0.4559227526187897
0.4559227228164673
0.4559227526187897
0.4559227526187897
0.4559226930141449
0.4559227228164673
0.4559227526187897
0.4559227526187897
0.4559227526187897
0.4559226930141449
0.4559226930141449
0.4559226930141449
0.4559226930141449
0.4559226930141449
0.45592278242111206
0.4559226930141449
0.4559227526187897
0.4559227526187897
0.4559226930141449
0.4559226632118225
0.4559226930141449
0.4559227228164673
0.4559227228164673
0.4559227228164673
0.4559226632118225
0.4559226632118225
0.4559227228164673
0.4559227228164673
0.4559227526187897
0.4559226930141449
0.4559226930141449
0.4559227228164673
0.4559226930141449
0.4559226632118225
0.4559226334095001
0.4559227228164673
0.4559226334095001
0.4559227228164673
0.4559226334095001
0.4559226930141449
0.4559226334095001
0.4559226930141449
0.4559226930141449
0.4559227228164673
0.4559226632118225
0.4559226632118225
0.4559227228164673
0.4559226632118225
0.4559226632118225
0.4559226930141449
0.4559226930141449
0.4559226632118225
0.4559226632118225
0.45592260360717773
0.4559227228164673
0.4559226632118225
0.4559226632118225
0.4559226930141449
0.4559226334095001
0.4559227526187897
0.4559226334095001
0.4559226632118225
0.4559226334095001
0.4559226334095001
0.4559226334095001
0.4559226632118225
0.4559226632118225
0.4559226930141449
0.4559226632118225
0.45592260360717773
0.45592260360717773
0.4559226334095001
0.45592260360717773
0.4559226930141449
0.4559226632118225
0.4559226334095001
0.4559226334095001
0.4559226334095001
0.4559226334095001
0.4559226632118225
0.4559226334095001
0.4559226334095001
0.4559226334095001
0.4559226632118225
0.4559226334095001
0.4559226334095001
0.45592260360717773
0.45592260360717773
0.45592260360717773
0.4559226632118225
0.45592260360717773
0.4559226334095001
0.4559226334095001
0.45592260360717773
0.45592254400253296
0.45592257380485535
0.45592257380485535
0.4559226334095001
0.4559226632118225
0.45592257380485535
0.45592260360717773
0.45592260360717773
0.45592257380485535
0.45592260360717773
0.45592254400253296
0.45592257380485535
0.45592257380485535
0.4559226334095001
0.45592260360717773
0.45592260360717773
0.45592260360717773
0.45592260360717773
0.45592260360717773
0.45592257380485535
0.4559226334095001
0.45592257380485535
0.45592260360717773
0.45592257380485535
0.4559226334095001
0.4559226632118225
0.45592257380485535
0.4559226334095001
0.45592257380485535
0.45592260360717773
0.45592260360717773
0.45592254400253296
0.45592257380485535
0.45592260360717773
0.45592257380485535
0.45592257380485535
0.45592257380485535
0.45592257380485535
0.45592260360717773
0.45592260360717773
0.45592254400253296
0.45592257380485535
0.45592254400253296
0.45592254400253296
0.45592257380485535
0.45592257380485535
0.45592257380485535
0.45592257380485535
0.45592254400253296
0.45592254400253296
0.45592254400253296
0.4559226334095001
0.45592257380485535
0.45592254400253296
0.45592254400253296
0.45592254400253296
0.45592254400253296
0.45592254400253296
0.45592254400253296
0.45592257380485535
0.45592254400253296
0.45592257380485535
0.45592254400253296
0.45592254400253296
0.4559224843978882
0.45592251420021057
0.45592257380485535
0.45592254400253296
0.45592260360717773
0.45592254400253296
0.45592254400253296
0.45592254400253296
0.45592254400253296
0.45592254400253296
0.45592257380485535
0.45592254400253296
0.45592257380485535
0.45592257380485535
0.45592254400253296
0.45592254400253296
0.45592254400253296
0.45592254400253296
0.45592251420021057
0.45592251420021057
0.45592251420021057
0.45592254400253296
0.45592251420021057
0.45592251420021057
0.45592254400253296
0.45592251420021057
0.45592254400253296
0.45592251420021057
0.45592251420021057
0.45592254400253296
0.4559224843978882
0.45592254400253296
0.4559224843978882
0.45592254400253296
0.45592254400253296
0.45592251420021057
0.4559224843978882
0.4559224843978882
0.45592251420021057
0.4559224545955658
0.45592251420021057
0.4559224843978882
0.45592254400253296
0.45592251420021057
0.45592251420021057
0.4559224843978882
0.4559224843978882
0.45592251420021057
0.4559224843978882
0.4559224843978882
0.45592251420021057
0.4559224843978882
0.45592251420021057
0.4559224545955658
0.4559224545955658
0.45592251420021057
0.45592251420021057
0.4559224545955658
0.4559224247932434
0.4559224843978882
0.4559224843978882
0.4559224545955658
0.4559224843978882
0.4559224545955658
0.4559224545955658
0.4559224545955658
0.45592251420021057
0.4559224843978882
0.4559224843978882
0.4559224843978882
0.4559224843978882
0.4559224545955658
0.45592251420021057
0.4559224247932434
0.4559224545955658
0.45592254400253296
0.4559224545955658
0.4559224247932434
0.4559224545955658
0.455922394990921
0.455922394990921
0.4559224247932434
0.4559224545955658
0.4559224843978882
0.4559224545955658
0.4559224247932434
0.4559224843978882
0.4559224843978882
0.4559224545955658
0.4559224843978882
0.4559224843978882
0.4559224247932434
0.4559224247932434
0.4559224247932434
0.4559224247932434
0.4559224545955658
0.455922394990921
0.4559224247932434
0.4559224545955658
0.455922394990921
0.4559224247932434
0.455922394990921
0.4559224247932434
0.45592236518859863
0.4559224247932434
0.455922394990921
0.4559224545955658
0.4559224247932434
0.455922394990921
0.4559224247932434
0.455922394990921
0.4559224545955658
0.45592236518859863
0.455922394990921
0.455922394990921
0.4559224247932434
0.4559224247932434
0.4559224247932434
0.455922394990921
0.455922394990921
0.4559224247932434
0.4559224545955658
0.45592233538627625
0.45592236518859863
0.455922394990921
0.4559224247932434
0.4559224545955658
0.45592236518859863
0.4559224247932434
0.45592236518859863
0.45592233538627625
0.4559224843978882
0.45592236518859863
0.455922394990921
0.455922394990921
0.45592233538627625
0.4559224247932434
0.45592236518859863
0.455922394990921
0.455922394990921
0.455922394990921
0.45592236518859863
0.45592236518859863
0.455922394990921
0.45592233538627625
0.45592236518859863
0.45592230558395386
0.45592233538627625
0.45592233538627625
0.45592236518859863
0.455922394990921
0.45592230558395386
0.4559224247932434
0.45592236518859863
0.45592236518859863
0.455922394990921
0.45592233538627625
0.45592233538627625
0.45592233538627625
0.45592236518859863
0.45592236518859863
0.45592236518859863
0.455922394990921
0.45592236518859863
0.45592233538627625
0.45592233538627625
0.45592230558395386
0.45592236518859863
0.45592230558395386
0.45592233538627625
0.45592236518859863
0.45592230558395386
0.455922394990921
0.45592236518859863
0.45592230558395386
0.45592236518859863
0.45592236518859863
0.45592236518859863
0.45592233538627625
0.45592233538627625
0.45592230558395386
0.45592236518859863
0.45592230558395386
0.45592230558395386
0.45592233538627625
0.45592230558395386
0.45592236518859863
0.45592230558395386
0.45592236518859863
0.45592230558395386
0.45592230558395386
0.45592236518859863
0.45592233538627625
0.45592230558395386
0.45592230558395386
0.45592227578163147
0.45592230558395386
0.45592230558395386
0.45592230558395386
0.4559222459793091
0.45592230558395386
0.45592230558395386
0.45592230558395386
0.45592227578163147
0.45592227578163147
0.45592233538627625
0.4559222459793091
0.45592230558395386
0.4559222161769867
0.4559222459793091
0.45592230558395386
0.4559222459793091
0.45592227578163147
0.4559222459793091
0.45592227578163147
0.45592227578163147
0.4559222459793091
0.45592227578163147
0.45592227578163147
0.45592227578163147
0.45592227578163147
0.4559222459793091
0.45592227578163147
0.45592230558395386
0.45592227578163147
0.45592233538627625
0.4559222161769867
0.4559222459793091
0.45592230558395386
0.4559222161769867
0.45592230558395386
0.45592230558395386
0.4559222459793091
0.4559222161769867
0.4559222459793091
0.45592230558395386
0.4559222161769867
0.4559222161769867
0.45592230558395386
0.4559222161769867
0.45592227578163147
0.4559222161769867
0.4559222161769867
0.4559222459793091
0.4559222161769867
0.4559222161769867
0.4559222459793091
0.4559222459793091
0.4559222459793091
0.4559221863746643
0.4559222459793091
0.4559222161769867
0.4559222459793091
0.4559222459793091
0.45592227578163147
0.4559221863746643
0.4559222161769867
0.4559222459793091
0.4559221863746643
0.4559221863746643
0.4559221863746643
0.4559221863746643
0.45592227578163147
0.4559222161769867
0.4559221863746643
0.4559221863746643
0.4559221863746643
0.4559221863746643
0.45592227578163147
0.4559222459793091
0.4559221863746643
0.45592227578163147
0.4559222161769867
0.4559221565723419
0.4559222459793091
0.4559222459793091
0.4559222459793091
0.4559221565723419
0.4559222161769867
0.4559222459793091
0.4559221565723419
0.4559222459793091
0.4559222161769867
0.4559222459793091
0.45592212677001953
0.4559222161769867
0.4559221565723419
0.4559221863746643
0.45592212677001953
0.4559221863746643
0.4559221863746643
0.4559221863746643
0.4559222459793091
0.45592212677001953
0.4559221565723419
0.4559221565723419
0.45592212677001953
0.4559221565723419
0.4559222161769867
0.4559222161769867
0.45592212677001953
0.4559221565723419
0.4559221565723419
0.4559222459793091
0.45592212677001953
0.4559221565723419
0.45592212677001953
0.45592212677001953
0.4559222459793091
0.45592212677001953
0.45592212677001953
0.4559221565723419
0.4559221863746643
0.45592212677001953
0.4559221863746643
0.45592212677001953
0.4559221565723419
0.4559221863746643
0.45592212677001953
0.45592212677001953
0.45592212677001953
0.45592209696769714
0.4559221565723419
0.45592209696769714
0.45592212677001953
0.4559221863746643
0.45592209696769714
0.4559221863746643
0.45592212677001953
0.45592212677001953
0.4559221863746643
0.45592212677001953
0.4559221565723419
0.45592212677001953
0.4559221565723419
0.4559221565723419
0.45592206716537476
0.45592212677001953
0.4559221565723419
0.4559221565723419
0.45592209696769714
0.4559221565723419
0.4559221565723419
0.45592206716537476
0.45592209696769714
0.45592206716537476
0.45592209696769714
0.45592206716537476
0.45592212677001953
0.45592212677001953
0.45592212677001953
0.45592212677001953
0.45592206716537476
0.4559221565723419
0.45592212677001953
0.45592209696769714
0.45592209696769714
0.45592209696769714
0.45592209696769714
0.45592212677001953
0.45592209696769714
0.45592212677001953
0.45592212677001953
0.45592212677001953
0.45592209696769714
0.45592206716537476
0.45592206716537476
0.45592209696769714
0.45592203736305237
0.45592209696769714
0.45592209696769714
0.45592209696769714
0.45592209696769714
0.45592206716537476
0.45592212677001953
0.45592209696769714
0.45592209696769714
0.45592206716537476
0.45592206716537476
0.45592206716537476
0.45592203736305237
0.45592209696769714
0.45592203736305237
0.45592212677001953
0.45592206716537476
0.45592206716537476
0.45592212677001953
0.45592203736305237
0.45592203736305237
0.45592206716537476
0.45592206716537476
0.45592206716537476
0.45592212677001953
0.45592212677001953
0.45592209696769714
0.45592203736305237
0.45592206716537476
0.45592200756073
0.45592203736305237
0.45592203736305237
0.45592200756073
0.45592200756073
0.45592203736305237
0.45592200756073
0.45592203736305237
0.45592206716537476
0.45592206716537476
0.45592200756073
0.45592206716537476
0.45592203736305237
0.45592209696769714
0.45592200756073
0.45592206716537476
0.45592200756073
0.45592200756073
0.45592203736305237
0.45592203736305237
0.45592200756073
0.45592206716537476
0.45592203736305237
0.45592200756073
0.45592203736305237
0.45592203736305237
0.45592200756073
0.45592200756073
0.45592200756073
0.45592200756073
0.45592200756073
0.45592203736305237
0.45592203736305237
0.45592200756073
0.45592206716537476
0.45592206716537476
0.45592200756073
0.45592206716537476
0.45592203736305237
0.45592200756073
0.45592203736305237
0.45592200756073
0.4559219777584076
0.45592203736305237
0.45592200756073
0.4559219777584076
0.45592200756073
0.45592200756073
0.45592200756073
0.4559219479560852
0.45592200756073
0.45592200756073
0.45592200756073
0.45592200756073
0.4559219777584076
0.45592206716537476
0.4559219777584076
0.4559219777584076
0.45592200756073
0.45592200756073
0.45592200756073
0.45592200756073
0.45592200756073
0.45592200756073
0.45592200756073
0.45592200756073
0.45592200756073
0.45592200756073
0.45592200756073
0.45592200756073
0.45592200756073
0.4559219777584076
0.45592200756073
0.4559219777584076
0.45592200756073
0.45592200756073
0.4559219777584076
0.4559219777584076
0.45592200756073
0.45592200756073
0.45592203736305237
0.45592200756073
0.45592200756073
0.4559219777584076
0.45592200756073
0.4559219777584076
0.4559219777584076
0.4559219479560852
0.4559219479560852
0.4559219479560852
0.4559219479560852
0.4559219777584076
0.4559219777584076
0.45592200756073
0.4559219479560852
0.4559219181537628
0.4559219181537628
0.4559219181537628
0.4559219181537628
0.4559219479560852
0.45592200756073
0.4559219479560852
0.4559219777584076
0.4559219181537628
0.4559219479560852
0.4559219777584076
0.4559219479560852
0.4559219479560852
0.4559219479560852
0.4559219479560852
0.4559219181537628
0.4559219777584076
0.4559219181537628
0.4559219479560852
0.4559219181537628
0.4559219479560852
0.4559219479560852
0.45592200756073
0.4559219181537628
0.4559219181537628
0.4559219479560852
0.4559219181537628
0.4559219181537628
0.4559219181537628
0.4559219181537628
0.4559219181537628
0.4559219479560852
0.4559219777584076
0.4559219479560852
0.4559219181537628
0.45592188835144043
0.4559219181537628
0.4559219479560852
0.45592188835144043
0.45592185854911804
0.45592188835144043
0.4559219777584076
0.45592185854911804
0.45592188835144043
0.4559219479560852
0.45592188835144043
0.45592185854911804
0.4559219479560852
0.45592188835144043
0.4559219479560852
0.45592188835144043
0.4559219479560852
0.4559219181537628
0.45592188835144043
0.45592188835144043
0.4559219479560852
0.45592188835144043
0.45592188835144043
0.45592188835144043
0.45592185854911804
0.45592185854911804
0.45592188835144043
0.4559219181537628
0.45592185854911804
0.45592185854911804
0.45592188835144043
0.45592185854911804
0.45592182874679565
0.45592182874679565
0.45592185854911804
0.45592188835144043
0.45592188835144043
0.45592185854911804
0.45592185854911804
0.45592188835144043
0.4559219181537628
0.4559219181537628
0.4559219181537628
0.45592188835144043
0.45592188835144043
0.45592188835144043
0.45592182874679565
0.45592188835144043
0.45592182874679565
0.45592179894447327
0.45592182874679565
0.45592185854911804
0.45592185854911804
0.45592182874679565
0.45592182874679565
0.45592185854911804
0.45592182874679565
0.45592188835144043
0.45592185854911804
0.45592185854911804
0.45592185854911804
0.45592185854911804
0.45592179894447327
0.45592188835144043
0.45592185854911804
0.45592179894447327
0.45592179894447327
0.45592185854911804
0.45592188835144043
0.45592185854911804
0.45592182874679565
0.45592182874679565
0.45592179894447327
0.45592179894447327
0.45592182874679565
0.4559217691421509
0.45592182874679565
0.45592185854911804
0.45592182874679565
0.45592185854911804
0.45592182874679565
0.45592182874679565
0.45592179894447327
0.45592179894447327
0.45592179894447327
0.45592182874679565
0.4559217691421509
0.45592185854911804
0.4559217691421509
0.45592182874679565
0.45592179894447327
0.45592179894447327
0.45592185854911804
0.45592182874679565
0.45592182874679565
0.45592179894447327
0.45592179894447327
0.4559217691421509
0.45592182874679565
0.45592179894447327
0.45592179894447327
0.45592179894447327
0.4559217095375061
0.45592182874679565
0.45592182874679565
0.4559217691421509
0.45592179894447327
0.4559217393398285
0.4559217691421509
0.45592179894447327
0.4559217095375061
0.4559217691421509
0.45592179894447327
0.4559217393398285
0.4559217691421509
0.4559217691421509
0.45592185854911804
0.4559217691421509
0.4559217691421509
0.45592179894447327
0.4559217393398285
0.4559217095375061
0.4559217393398285
0.4559217691421509
0.4559217393398285
0.4559217393398285
0.4559217095375061
0.4559217393398285
0.45592182874679565
0.4559217393398285
0.4559217095375061
0.4559217691421509
0.4559217393398285
0.4559217691421509
0.4559217095375061
0.4559216797351837
0.45592179894447327
0.4559217393398285
0.4559217393398285
0.4559216797351837
0.4559217393398285
0.4559217393398285
0.4559217393398285
0.4559217095375061
0.4559217095375061
0.4559217393398285
0.4559217095375061
0.4559217095375061
0.4559217095375061
0.4559217393398285
0.4559217095375061
0.4559216797351837
0.4559217393398285
0.4559217095375061
0.4559217095375061
0.4559216797351837
0.4559217095375061
0.4559217393398285
0.4559217095375061
0.4559217393398285
0.4559217095375061
0.4559216797351837
0.4559217095375061
0.4559217095375061
0.4559216797351837
0.4559217393398285
0.4559217393398285
0.45592162013053894
0.4559216797351837
0.4559216797351837
0.4559217393398285
0.4559216797351837
0.4559217095375061
0.45592164993286133
0.4559216797351837
0.4559217095375061
0.4559217393398285
0.4559216797351837
0.4559216797351837
0.4559216797351837
0.4559217095375061
0.4559216797351837
0.4559216797351837
0.4559216797351837
0.45592164993286133
0.4559217095375061
0.45592162013053894
0.4559217095375061
0.4559216797351837
0.4559217095375061
0.4559216797351837
0.45592182874679565
0.4559216797351837
0.45592162013053894
0.4559217095375061
0.4559217095375061
0.45592164993286133
0.4559216797351837
0.4559217095375061
0.4559217095375061
0.4559216797351837
0.45592162013053894
0.45592164993286133
0.4559216797351837
0.45592162013053894
0.45592164993286133
0.45592162013053894
0.45592164993286133
0.45592164993286133
0.4559217095375061
0.45592164993286133
0.4559216797351837
0.4559217095375061
0.45592162013053894
0.45592164993286133
0.45592162013053894
0.45592164993286133
0.45592164993286133
0.45592164993286133
0.4559216797351837
0.45592162013053894
0.45592162013053894
0.45592162013053894
0.45592164993286133
0.45592162013053894
0.45592162013053894
0.45592162013053894
0.45592162013053894
0.45592159032821655
0.45592162013053894
0.45592164993286133
0.45592159032821655
0.45592162013053894
0.45592162013053894
0.45592159032821655
0.4559216797351837
0.45592162013053894
0.45592162013053894
0.45592162013053894
0.45592159032821655
0.45592159032821655
0.45592159032821655
0.45592159032821655
0.45592162013053894
0.45592162013053894
0.45592159032821655
0.45592162013053894
0.4559215307235718
0.45592162013053894
0.45592156052589417
0.45592156052589417
0.45592162013053894
0.45592156052589417
0.45592159032821655
0.45592156052589417
0.45592159032821655
0.45592156052589417
0.45592159032821655
0.45592159032821655
0.4559215307235718
0.45592156052589417
0.45592159032821655
0.45592156052589417
0.4559215307235718
0.45592159032821655
0.4559216797351837
0.45592156052589417
0.45592159032821655
0.45592156052589417
0.45592159032821655
0.45592156052589417
0.45592156052589417
0.45592156052589417
0.45592156052589417
0.45592156052589417
0.45592159032821655
0.45592156052589417
0.45592159032821655
0.45592156052589417
0.45592159032821655
0.45592159032821655
0.45592162013053894
0.45592159032821655
0.45592156052589417
0.45592159032821655
0.4559215307235718
0.45592156052589417
0.45592159032821655
0.45592156052589417
0.45592156052589417
0.4559215009212494
0.4559215307235718
0.4559215307235718
0.4559215307235718
0.45592156052589417
0.4559215307235718
0.4559215307235718
0.45592156052589417
0.4559215009212494
0.4559215307235718
0.45592159032821655
0.45592156052589417
0.4559215009212494
0.45592156052589417
0.45592159032821655
0.4559215009212494
0.4559215307235718
0.45592156052589417
0.4559215307235718
0.4559215009212494
0.45592156052589417
0.4559215009212494
0.4559215009212494
0.45592156052589417
0.4559215307235718
0.4559215009212494
0.4559215009212494
0.4559215307235718
0.4559215009212494
0.4559215009212494
0.4559215009212494
0.4559215009212494
0.4559215009212494
0.45592156052589417
0.4559215009212494
0.4559215009212494
0.4559215009212494
0.4559215307235718
0.4559215009212494
0.4559215009212494
0.455921471118927
0.455921471118927
0.4559215009212494
0.455921471118927
0.4559215307235718
0.455921471118927
0.4559215009212494
0.4559215009212494
0.4559215009212494
0.455921471118927
0.4559215009212494
0.4559215009212494
0.4559214413166046
0.4559215009212494
0.455921471118927
0.4559215009212494
0.455921471118927
0.455921471118927
0.4559215009212494
0.455921471118927
0.4559215009212494
0.4559215009212494
0.455921471118927
0.4559215307235718
0.4559215009212494
0.4559215009212494
0.4559215009212494
0.4559215009212494
0.4559215009212494
0.455921471118927
0.455921471118927
0.4559215009212494
0.455921471118927
0.4559215009212494
0.455921471118927
0.455921471118927
0.4559215009212494
0.4559215009212494
0.455921471118927
0.455921471118927
0.4559214413166046
0.4559214115142822
0.4559215009212494
0.4559215009212494
0.455921471118927
0.4559214413166046
0.4559215009212494
0.455921471118927
0.4559214413166046
0.4559214115142822
0.4559214413166046
0.4559214115142822
0.455921471118927
0.4559215009212494
0.455921471118927
0.4559214413166046
0.4559215009212494
0.4559214413166046
0.455921471118927
0.4559214413166046
0.455921471118927
0.455921471118927
0.4559214115142822
0.455921471118927
0.4559214413166046
0.4559214115142822
0.4559214115142822
0.455921471118927
0.455921471118927
0.4559214115142822
0.4559215009212494
0.4559214413166046
0.455921471118927
0.4559214115142822
0.4559214115142822
0.4559214413166046
0.4559214115142822
0.45592138171195984
0.4559214115142822
0.4559214413166046
0.45592135190963745
0.4559214413166046
0.4559214115142822
0.4559214413166046
0.4559214413166046
0.4559214115142822
0.4559214413166046
0.4559214115142822
0.4559214115142822
0.4559214413166046
0.4559214115142822
0.4559214115142822
0.4559214115142822
0.45592135190963745
0.4559214115142822
0.4559214115142822
0.4559214413166046
0.45592135190963745
0.4559214115142822
0.4559214115142822
0.45592138171195984
0.45592138171195984
0.4559214115142822
0.45592135190963745
0.45592138171195984
0.45592138171195984
0.45592135190963745
0.4559214115142822
0.45592138171195984
0.4559214115142822
0.45592132210731506
0.4559214115142822
0.4559214115142822
0.455921471118927
0.45592138171195984
0.45592138171195984
0.45592138171195984
0.4559214115142822
0.4559214115142822
0.45592138171195984
0.45592138171195984
0.45592135190963745
0.4559214115142822
0.45592132210731506
0.45592135190963745
0.45592135190963745
0.45592138171195984
0.45592138171195984
0.45592138171195984
0.45592135190963745
0.45592135190963745
0.45592132210731506
0.45592135190963745
0.45592135190963745
0.45592135190963745
0.45592135190963745
0.4559214413166046
0.45592138171195984
0.4559212923049927
0.45592132210731506
0.45592138171195984
0.4559212923049927
0.45592135190963745
0.45592135190963745
0.45592135190963745
0.45592135190963745
0.45592135190963745
0.4559212923049927
0.4559212923049927
0.4559214115142822
0.4559214115142822
0.45592138171195984
0.45592135190963745
0.45592132210731506
0.45592132210731506
0.45592135190963745
0.45592132210731506
0.4559212923049927
0.45592138171195984
0.4559212923049927
0.4559214115142822
0.45592132210731506
0.45592132210731506
0.45592135190963745
0.45592135190963745
0.45592132210731506
0.45592135190963745
0.4559212923049927
0.45592132210731506
0.4559212625026703
0.4559212625026703
0.45592132210731506
0.4559212923049927
0.4559212625026703
0.4559212923049927
0.4559212923049927
0.4559212625026703
0.4559212923049927
0.45592138171195984
0.45592132210731506
0.4559212923049927
0.4559212923049927
0.45592132210731506
0.45592132210731506
0.4559212923049927
0.4559212923049927
0.4559212625026703
0.45592132210731506
0.45592135190963745
0.4559212923049927
0.4559212923049927
0.4559212625026703
0.4559212923049927
0.4559212625026703
0.4559212625026703
0.4559212923049927
0.4559212327003479
0.4559212625026703
0.4559212625026703
0.4559212327003479
0.45592132210731506
0.45592132210731506
0.4559212625026703
0.4559212625026703
0.4559212923049927
0.45592138171195984
0.4559212625026703
0.4559212327003479
0.4559212923049927
0.4559212625026703
0.4559212923049927
0.4559212028980255
0.4559212625026703
0.4559212625026703
0.4559212327003479
0.4559212923049927
0.4559212327003479
0.4559212923049927
0.4559212625026703
0.4559212625026703
0.4559212625026703
0.4559212923049927
0.4559212625026703
0.4559212028980255
0.4559212625026703
0.4559212327003479
0.4559212327003479
0.4559212327003479
0.4559212028980255
0.4559212327003479
0.4559211730957031
0.4559212028980255
0.4559212028980255
0.4559211730957031
0.4559211730957031
0.4559212028980255
0.4559212327003479
0.4559212327003479
0.4559212625026703
0.4559212327003479
0.4559212028980255
0.4559212327003479
0.4559212923049927
0.4559211730957031
0.4559212327003479
0.4559212327003479
0.4559212327003479
0.4559212028980255
0.4559212028980255
0.4559211730957031
0.4559212327003479
0.4559212028980255
0.4559212625026703
0.4559212327003479
0.4559211730957031
0.4559211730957031
0.4559211730957031
0.4559212028980255
0.4559211730957031
0.4559212327003479
0.4559211730957031
0.4559211730957031
0.4559212327003479
0.4559212327003479
0.4559211730957031
0.4559211730957031
0.45592114329338074
0.4559212028980255
0.45592114329338074
0.4559212028980255
0.4559211730957031
0.4559212028980255
0.4559211730957031
0.4559212028980255
0.4559211730957031
0.45592114329338074
0.4559211730957031
0.4559211730957031
0.45592114329338074
0.4559211730957031
0.4559211730957031
0.4559212028980255
0.4559211730957031
0.4559211730957031
0.45592114329338074
0.45592114329338074
0.4559211730957031
0.4559211730957031
0.4559211730957031
0.45592114329338074
0.4559211730957031
0.45592114329338074
0.45592108368873596
0.4559212028980255
0.4559212028980255
0.45592111349105835
0.4559212327003479
0.45592114329338074
0.45592114329338074
0.45592114329338074
0.4559211730957031
0.45592114329338074
0.45592114329338074
0.45592111349105835
0.45592114329338074
0.45592111349105835
0.4559211730957031
0.45592114329338074
0.45592111349105835
0.45592111349105835
0.45592114329338074
0.45592114329338074
0.45592108368873596
0.45592111349105835
0.45592111349105835
0.45592114329338074
0.45592114329338074
0.45592111349105835
0.45592108368873596
0.4559212625026703
0.45592111349105835
0.45592111349105835
0.45592111349105835
0.45592114329338074
0.45592108368873596
0.45592111349105835
0.45592111349105835
0.4559210538864136
0.45592111349105835
0.45592108368873596
0.4559211730957031
0.4559211730957031
0.45592108368873596
0.45592111349105835
0.45592111349105835
0.45592108368873596
0.45592108368873596
0.45592111349105835
0.45592108368873596
0.45592111349105835
0.4559210240840912
0.45592108368873596
0.45592114329338074
0.45592111349105835
0.45592111349105835
0.45592114329338074
0.4559210538864136
0.4559210538864136
0.45592111349105835
0.45592108368873596
0.45592108368873596
0.45592108368873596
0.4559210538864136
0.4559210240840912
0.4559210538864136
0.4559210240840912
0.4559210538864136
0.4559210538864136
0.45592111349105835
0.4559210538864136
0.4559210240840912
0.4559210538864136
0.4559209942817688
0.4559210240840912
0.4559209942817688
0.4559210538864136
0.4559210240840912
0.4559210240840912
0.4559210240840912
0.4559210240840912
0.4559210538864136
0.45592108368873596
0.4559210538864136
0.45592111349105835
0.4559209942817688
0.4559210538864136
0.4559210538864136
0.4559210538864136
0.4559209942817688
0.4559210538864136
0.4559210240840912
0.4559210240840912
0.4559209942817688
0.4559209644794464
0.4559210538864136
0.4559209942817688
0.4559209644794464
0.4559210240840912
0.4559210538864136
0.4559210538864136
0.4559209942817688
0.4559210240840912
0.4559210538864136
0.4559210240840912
0.4559209942817688
0.4559210240840912
0.4559209942817688
0.4559210240840912
0.4559209644794464
0.4559209942817688
0.4559209644794464
0.4559210240840912
0.4559210538864136
0.4559209644794464
0.4559209942817688
0.4559209942817688
0.4559209942817688
0.4559209942817688
0.4559209644794464
0.4559209942817688
0.4559209942817688
0.4559210240840912
0.4559209942817688
0.4559209644794464
0.4559209942817688
0.4559209644794464
0.4559210240840912
0.4559209644794464
0.4559209942817688
0.4559209942817688
0.4559209644794464
0.4559209644794464
0.4559209644794464
0.4559210240840912
0.4559209942817688
0.45592108368873596
0.4559209644794464
0.4559210240840912
0.4559209942817688
0.4559209644794464
0.4559209644794464
0.4559209644794464
0.4559209644794464
0.4559210538864136
0.4559209644794464
0.455920934677124
0.4559209942817688
0.4559209644794464
0.4559209942817688
0.4559210240840912
0.4559209644794464
0.4559209644794464
0.4559209942817688
0.4559209644794464
0.455920934677124
0.4559209942817688
0.4559209644794464
0.4559209942817688
0.4559209644794464
0.45592090487480164
0.4559209644794464
0.4559209942817688
0.4559209644794464
0.455920934677124
0.4559209644794464
0.4559209644794464
0.4559209644794464
0.4559210538864136
0.4559209644794464
0.4559209644794464
0.4559209644794464
0.4559209644794464
0.4559209942817688
0.455920934677124
0.455920934677124
0.455920934677124
0.45592090487480164
0.4559209644794464
0.4559209644794464
0.45592090487480164
0.455920934677124
0.4559209644794464
0.45592090487480164
0.455920934677124
0.4559209644794464
0.455920934677124
0.455920934677124
0.45592090487480164
0.455920934677124
0.45592090487480164
0.4559209942817688
0.45592084527015686
0.45592084527015686
0.45592090487480164
0.455920934677124
0.4559209644794464
0.455920934677124
0.45592090487480164
0.45592090487480164
0.45592090487480164
0.455920934677124
0.45592090487480164
0.455920934677124
0.4559209644794464
0.455920934677124
0.45592090487480164
0.45592087507247925
0.45592084527015686
0.45592087507247925
0.45592090487480164
0.45592090487480164
0.45592090487480164
0.455920934677124
0.455920934677124
0.45592087507247925
0.455920934677124
0.45592090487480164
0.45592090487480164
0.45592090487480164
0.45592090487480164
0.45592087507247925
0.45592090487480164
0.45592090487480164
0.45592090487480164
0.45592090487480164
0.45592087507247925
0.45592087507247925
0.45592090487480164
0.45592090487480164
0.45592090487480164
0.45592084527015686
0.45592090487480164
0.45592087507247925
0.45592087507247925
0.45592090487480164
0.45592087507247925
0.45592084527015686
0.45592087507247925
0.45592084527015686
0.45592087507247925
0.45592087507247925
0.45592084527015686
0.45592087507247925
0.45592087507247925
0.45592087507247925
0.45592084527015686
0.45592084527015686
0.45592087507247925
0.45592087507247925
0.45592084527015686
0.45592084527015686
0.45592087507247925
0.45592087507247925
0.45592084527015686
0.45592087507247925
0.4559207856655121
0.45592087507247925
0.45592084527015686
0.45592087507247925
0.45592084527015686
0.45592090487480164
0.45592084527015686
0.4559207856655121
0.45592084527015686
0.45592084527015686
0.4559209644794464
0.45592087507247925
0.45592087507247925
0.4559208154678345
0.4559208154678345
0.4559208154678345
0.45592084527015686
0.45592084527015686
0.4559208154678345
0.4559208154678345
0.45592084527015686
0.4559208154678345
0.4559208154678345
0.45592084527015686
0.45592084527015686
0.4559208154678345
0.4559208154678345
0.4559208154678345
0.4559208154678345
0.4559208154678345
0.4559208154678345
0.4559208154678345
0.4559207856655121
0.4559207856655121
0.4559207856655121
0.4559207856655121
0.4559207856655121
0.4559208154678345
0.45592084527015686
0.4559207856655121
0.4559208154678345
0.4559207558631897
0.4559207856655121
0.4559208154678345
0.4559208154678345
0.45592087507247925
0.4559208154678345
0.4559207558631897
0.45592087507247925
0.45592084527015686
0.4559207558631897
0.4559207856655121
0.4559207558631897
0.4559208154678345
0.45592084527015686
0.4559208154678345
0.4559208154678345
0.4559207856655121
0.4559207856655121
0.4559207558631897
0.4559208154678345
0.4559207558631897
0.4559207558631897
0.4559208154678345
0.4559207558631897
0.4559207856655121
0.4559207558631897
0.4559207856655121
0.4559207558631897
0.4559207856655121
0.4559207558631897
0.4559208154678345
0.4559207260608673
0.45592084527015686
0.4559207856655121
0.4559207856655121
0.4559207260608673
0.4559207558631897
0.4559207260608673
0.4559207260608673
0.4559207558631897
0.4559207856655121
0.4559207260608673
0.4559207558631897
0.4559207856655121
0.4559207558631897
0.4559208154678345
0.4559207260608673
0.4559207856655121
0.4559207558631897
0.4559207260608673
0.45592066645622253
0.4559207260608673
0.4559207260608673
0.4559206962585449
0.4559207260608673
0.4559207260608673
0.4559207260608673
0.4559206962585449
0.4559207856655121
0.4559207260608673
0.4559207260608673
0.4559206962585449
0.4559207260608673
0.4559207260608673
0.4559206962585449
0.4559207260608673
0.4559206962585449
0.4559206962585449
0.4559206962585449
0.4559206962585449
0.4559207260608673
0.4559206962585449
0.4559207260608673
0.45592066645622253
0.4559206962585449
0.4559207260608673
0.4559206962585449
0.4559207260608673
0.4559206962585449
0.4559207260608673
0.4559206962585449
0.4559206962585449
0.4559206962585449
0.4559207558631897
0.4559207856655121
0.45592066645622253
0.45592066645622253
0.45592066645622253
0.45592063665390015
0.45592066645622253
0.4559207260608673
0.4559206962585449
0.45592066645622253
0.4559207260608673
0.4559206962585449
0.4559207260608673
0.45592066645622253
0.45592066645622253
0.45592066645622253
0.4559207260608673
0.45592063665390015
0.45592063665390015
0.4559206962585449
0.4559206962585449
0.4559206962585449
0.45592066645622253
0.45592066645622253
0.45592060685157776
0.4559206962585449
0.4559207260608673
0.4559206962585449
0.45592066645622253
0.45592060685157776
0.45592060685157776
0.45592063665390015
0.45592066645622253
0.45592066645622253
0.45592060685157776
0.45592063665390015
0.4559206962585449
0.45592063665390015
0.45592063665390015
0.45592066645622253
0.45592063665390015
0.45592063665390015
0.45592063665390015
0.45592060685157776
0.45592060685157776
0.4559207260608673
0.45592066645622253
0.45592066645622253
0.45592060685157776
0.45592060685157776
0.45592066645622253
0.45592060685157776
0.45592063665390015
0.45592066645622253
0.45592063665390015
0.45592063665390015
0.45592060685157776
0.45592060685157776
0.45592057704925537
0.45592060685157776
0.45592063665390015
0.45592057704925537
0.45592060685157776
0.45592060685157776
0.45592057704925537
0.45592066645622253
0.45592057704925537
0.45592060685157776
0.45592063665390015
0.455920547246933
0.45592063665390015
0.45592066645622253
0.45592057704925537
0.45592060685157776
0.45592063665390015
0.45592057704925537
0.45592057704925537
0.45592063665390015
0.45592057704925537
0.45592060685157776
0.45592060685157776
0.45592057704925537
0.45592057704925537
0.45592060685157776
0.45592060685157776
0.45592060685157776
0.45592060685157776
0.45592057704925537
0.45592060685157776
0.45592057704925537
0.45592057704925537
0.45592057704925537
0.45592057704925537
0.45592057704925537
0.45592057704925537
0.455920547246933
0.455920547246933
0.455920547246933
0.45592060685157776
0.4559205174446106
0.455920547246933
0.4559205174446106
0.455920547246933
0.45592060685157776
0.45592057704925537
0.455920547246933
0.4559205174446106
0.455920547246933
0.45592057704925537
0.45592057704925537
0.455920547246933
0.4559205174446106
0.45592057704925537
0.45592060685157776
0.4559204876422882
0.4559205174446106
0.455920547246933
0.4559204876422882
0.4559205174446106
0.4559204876422882
0.455920547246933
0.4559205174446106
0.45592057704925537
0.455920547246933
0.45592057704925537
0.455920547246933
0.455920547246933
0.45592057704925537
0.45592057704925537
0.45592060685157776
0.455920547246933
0.455920547246933
0.4559205174446106
0.4559205174446106
0.4559205174446106
0.4559205174446106
0.4559205174446106
0.4559205174446106
0.4559205174446106
0.455920547246933
0.4559204876422882
0.455920547246933
0.4559204876422882
0.4559205174446106
0.455920547246933
0.4559204876422882
0.4559204876422882
0.4559204876422882
0.4559205174446106
0.4559205174446106
0.4559204876422882
0.455920547246933
0.455920547246933
0.4559204876422882
0.4559205174446106
0.4559205174446106
0.4559204876422882
0.4559204876422882
0.4559205174446106
0.4559204876422882
0.4559204876422882
0.4559204876422882
0.4559204876422882
0.4559204578399658
0.4559204578399658
0.4559204876422882
0.4559204876422882
0.4559204876422882
0.4559205174446106
0.4559204578399658
0.4559204876422882
0.4559204578399658
0.4559204578399658
0.4559204578399658
0.4559204578399658
0.4559204578399658
0.455920547246933
0.4559205174446106
0.4559204578399658
0.4559204578399658
0.4559204578399658
0.4559204578399658
0.4559204578399658
0.4559205174446106
0.4559204578399658
0.4559204578399658
0.4559204578399658
0.4559204876422882
0.4559204578399658
0.4559204578399658
0.4559204578399658
0.45592042803764343
0.4559204578399658
0.4559204876422882
0.4559204578399658
0.4559204578399658
0.4559204578399658
0.4559205174446106
0.4559204578399658
0.4559204578399658
0.4559204578399658
0.4559204578399658
0.4559204578399658
0.4559204578399658
0.4559204578399658
0.4559204578399658
0.4559204578399658
0.45592039823532104
0.45592042803764343
0.4559204578399658
0.4559204578399658
0.4559204578399658
0.4559204578399658
0.45592042803764343
0.4559204578399658
0.4559204578399658
0.4559204578399658
0.45592042803764343
0.45592042803764343
0.4559204578399658
0.45592039823532104
0.45592039823532104
0.4559204578399658
0.45592042803764343
0.45592039823532104
0.45592039823532104
0.45592042803764343
0.4559204578399658
0.45592042803764343
0.4559204578399658
0.45592036843299866
0.4559204578399658
0.4559204578399658
0.45592039823532104
0.45592039823532104
0.45592042803764343
0.45592042803764343
0.45592039823532104
0.45592039823532104
0.45592039823532104
0.45592039823532104
0.45592039823532104
0.45592039823532104
0.45592039823532104
0.45592042803764343
0.45592042803764343
0.45592039823532104
0.4559204578399658
0.45592042803764343
0.4559204578399658
0.45592042803764343
0.45592042803764343
0.45592036843299866
0.45592042803764343
0.45592042803764343
0.45592042803764343
0.45592039823532104
0.4559204578399658
0.45592039823532104
0.45592039823532104
0.45592039823532104
0.45592039823532104
0.45592039823532104
0.45592042803764343
0.45592039823532104
0.45592042803764343
0.45592042803764343
0.45592033863067627
0.45592036843299866
0.45592033863067627
0.45592033863067627
0.45592042803764343
0.45592039823532104
0.45592033863067627
0.45592039823532104
0.45592039823532104
0.45592033863067627
0.45592033863067627
0.45592033863067627
0.45592036843299866
0.45592036843299866
0.45592033863067627
0.45592039823532104
0.45592039823532104
0.45592033863067627
0.45592039823532104
0.45592036843299866
0.45592033863067627
0.45592033863067627
0.45592033863067627
0.45592033863067627
0.45592036843299866
0.45592033863067627
0.45592036843299866
0.45592039823532104
0.45592036843299866
0.4559203088283539
0.45592036843299866
0.45592033863067627
0.45592039823532104
0.45592036843299866
0.45592039823532104
0.4559202790260315
0.45592036843299866
0.45592033863067627
0.45592033863067627
0.45592036843299866
0.45592033863067627
0.45592033863067627
0.45592036843299866
0.45592036843299866
0.4559203088283539
0.4559202790260315
0.4559203088283539
0.4559203088283539
0.45592033863067627
0.45592036843299866
0.4559203088283539
0.45592033863067627
0.45592036843299866
0.45592036843299866
0.45592033863067627
0.4559203088283539
0.45592036843299866
0.4559203088283539
0.4559203088283539
0.4559203088283539
0.4559203088283539
0.4559202790260315
0.4559202790260315
0.4559202790260315
0.45592033863067627
0.4559202790260315
0.4559202492237091
0.4559203088283539
0.4559203088283539
0.4559202790260315
0.45592033863067627
0.4559202790260315
0.4559202790260315
0.4559203088283539
0.45592033863067627
0.4559202790260315
0.45592033863067627
0.45592036843299866
0.4559202492237091
0.4559203088283539
0.4559202492237091
0.4559202790260315
0.4559202790260315
0.4559202492237091
0.45592033863067627
0.4559202790260315
0.4559203088283539
0.4559202790260315
0.4559202790260315
0.4559202492237091
0.45592033863067627
0.4559202790260315
0.4559203088283539
0.4559202790260315
0.4559202492237091
0.4559202492237091
0.4559202492237091
0.4559202492237091
0.4559203088283539
0.4559202790260315
0.4559203088283539
0.4559202492237091
0.4559202194213867
0.4559203088283539
0.4559203088283539
0.4559202790260315
0.4559202790260315
0.4559202194213867
0.4559202790260315
0.4559202492237091
0.4559202194213867
0.45592033863067627
0.4559202194213867
0.4559202194213867
0.4559202790260315
0.4559202492237091
0.4559202492237091
0.4559202790260315
0.4559202492237091
0.4559202194213867
0.4559202194213867
0.45592018961906433
0.4559202790260315
0.4559202492237091
0.4559202492237091
0.4559202492237091
0.45592018961906433
0.4559202492237091
0.4559202194213867
0.4559202194213867
0.4559202790260315
0.4559202194213867
0.4559202492237091
0.4559202194213867
0.4559202790260315
0.4559202492237091
0.45592018961906433
0.45592018961906433
0.45592015981674194
0.4559202194213867
0.4559202194213867
0.4559202790260315
0.4559202194213867
0.4559202194213867
0.4559202194213867
0.4559202194213867
0.4559202194213867
0.4559202194213867
0.45592018961906433
0.45592018961906433
0.4559202194213867
0.45592015981674194
0.45592018961906433
0.45592018961906433
0.45592018961906433
0.4559202194213867
0.45592015981674194
0.4559202194213867
0.45592018961906433
0.4559202194213867
0.45592013001441956
0.45592018961906433
0.4559202194213867
0.45592015981674194
0.45592018961906433
0.45592018961906433
0.4559202194213867
0.45592018961906433
0.45592018961906433
0.45592015981674194
0.45592018961906433
0.4559202194213867
0.45592018961906433
0.4559200704097748
0.4559202194213867
0.45592015981674194
0.45592015981674194
0.45592015981674194
0.45592015981674194
0.45592018961906433
0.45592015981674194
0.45592013001441956
0.45592013001441956
0.45592018961906433
0.45592010021209717
0.45592010021209717
0.45592015981674194
0.45592015981674194
0.45592010021209717
0.45592015981674194
0.45592010021209717
0.45592015981674194
0.45592013001441956
0.4559202194213867
0.45592010021209717
0.45592013001441956
0.45592013001441956
0.45592015981674194
0.45592010021209717
0.45592015981674194
0.45592013001441956
0.45592015981674194
0.45592013001441956
0.4559202194213867
0.45592010021209717
0.45592010021209717
0.45592010021209717
0.45592013001441956
0.45592010021209717
0.45592010021209717
0.45592010021209717
0.45592010021209717
0.45592013001441956
0.45592013001441956
0.45592013001441956
0.45592010021209717
0.45592010021209717
0.4559200704097748
0.45592015981674194
0.45592010021209717
0.45592013001441956
0.45592010021209717
0.45592010021209717
0.45592010021209717
0.45592010021209717
0.45592013001441956
0.45592010021209717
0.4559200704097748
0.4559200406074524
0.45592010021209717
0.45592010021209717
0.4559200704097748
0.45592013001441956
0.4559200704097748
0.45592013001441956
0.45592015981674194
0.4559200704097748
0.4559200406074524
0.45592010021209717
0.45592001080513
0.45592010021209717
0.45592010021209717
0.45592013001441956
0.4559200704097748
0.4559200406074524
0.4559200704097748
0.45592010021209717
0.45592001080513
0.45592010021209717
0.4559200704097748
0.4559200704097748
0.45592010021209717
0.45592010021209717
0.4559200406074524
0.4559200406074524
0.4559200704097748
0.4559200406074524
0.4559200406074524
0.45592010021209717
0.4559200704097748
0.45592001080513
0.4559200406074524
0.4559200406074524
0.4559200406074524
0.4559200704097748
0.45592010021209717
0.4559200704097748
0.4559200406074524
0.45592001080513
0.4559200704097748
0.4559200406074524
0.45592001080513
0.4559200406074524
0.45592001080513
0.4559200704097748
0.4559200406074524
0.45592001080513
0.4559200704097748
0.45592001080513
0.4559200704097748
0.4559200406074524
0.4559199810028076
0.4559200704097748
0.4559200406074524
0.4559200704097748
0.4559200406074524
0.4559200406074524
0.4559200406074524
0.4559200406074524
0.45592001080513
0.4559200406074524
0.4559199810028076
0.45592001080513
0.45592010021209717
0.45592001080513
0.45592001080513
0.4559200406074524
0.4559200406074524
0.4559199810028076
0.45592001080513
0.45592001080513
0.4559199810028076
0.4559199810028076
0.4559199810028076
0.4559199810028076
0.45592001080513
0.45592001080513
0.45591995120048523
0.4559199810028076
0.45592001080513
0.45592001080513
0.45592001080513
0.4559200406074524
0.45591995120048523
0.4559199810028076
0.45592001080513
0.4559199810028076
0.4559200406074524
0.45592001080513
0.45591995120048523
0.4559199810028076
0.45592001080513
0.45591995120048523
0.45592001080513
0.45591995120048523
0.4559199810028076
0.45591995120048523
0.45591995120048523
0.45591995120048523
0.45592001080513
0.4559199810028076
0.45591995120048523
0.45591995120048523
0.45592001080513
0.4559199810028076
0.45591995120048523
0.45591995120048523
0.4559199810028076
0.4559199810028076
0.45591995120048523
0.45591995120048523
0.4559199810028076
0.45591995120048523
0.45591995120048523
0.4559199810028076
0.45591995120048523
0.45591995120048523
0.45591995120048523
0.45591995120048523
0.4559199810028076
0.45591995120048523
0.45591995120048523
0.45591995120048523
0.45591995120048523
0.45591995120048523
0.45591995120048523
0.45591995120048523
0.45591995120048523
0.45591995120048523
0.45591995120048523
0.45591995120048523
0.45591995120048523
0.45591995120048523
0.45591995120048523
0.45591992139816284
0.45591992139816284
0.45591995120048523
0.45591995120048523
0.45591992139816284
0.45591995120048523
0.45591995120048523
0.45591992139816284
0.45591995120048523
0.45591995120048523
0.45591992139816284
0.45591995120048523
0.45591992139816284
0.45591995120048523
0.45591992139816284
0.45591995120048523
0.45591995120048523
0.45591989159584045
0.45591992139816284
0.45591989159584045
0.45591992139816284
0.45591995120048523
0.45591989159584045
0.45591992139816284
0.45591995120048523
0.45591995120048523
0.45591995120048523
0.45591989159584045
0.45591995120048523
0.45591995120048523
0.45591995120048523
0.45591989159584045
0.45591992139816284
0.45591992139816284
0.45591986179351807
0.45591992139816284
0.45591992139816284
0.45591989159584045
0.45591986179351807
0.4559198319911957
0.45591989159584045
0.45591995120048523
0.45591992139816284
0.45591995120048523
0.45591986179351807
0.45591992139816284
0.45591989159584045
0.45591992139816284
0.45591986179351807
0.45591989159584045
0.45591986179351807
0.45591986179351807
0.4559198319911957
0.45591995120048523
0.45591986179351807
0.45591995120048523
0.45591986179351807
0.45591995120048523
0.45591989159584045
0.45591986179351807
0.45591986179351807
0.45591986179351807
0.45591992139816284
0.45591986179351807
0.45591989159584045
0.45591989159584045
0.45591986179351807
0.45591986179351807
0.45591986179351807
0.4559198319911957
0.45591986179351807
0.45591986179351807
0.45591989159584045
0.45591986179351807
0.45591989159584045
0.4559198319911957
0.4559198319911957
0.45591989159584045
0.4559197723865509
0.4559198319911957
0.45591986179351807
0.45591989159584045
0.4559198319911957
0.45591989159584045
0.45591986179351807
0.45591986179351807
0.4559197723865509
0.4559198319911957
0.4559198319911957
0.45591989159584045
0.45591986179351807
0.4559197723865509
0.4559198021888733
0.4559198319911957
0.4559198319911957
0.45591986179351807
0.4559197425842285
0.4559198021888733
0.4559198021888733
0.4559198021888733
0.4559198319911957
0.4559197723865509
0.4559198319911957
0.45591986179351807
0.4559197723865509
0.4559198319911957
0.4559198319911957
0.4559198319911957
0.4559197723865509
0.4559198319911957
0.4559198021888733
0.4559197723865509
0.4559197723865509
0.4559198319911957
0.45591986179351807
0.4559198319911957
0.4559197723865509
0.4559197723865509
0.4559198021888733
0.4559198021888733
0.4559197723865509
0.4559197723865509
0.4559198319911957
0.4559198021888733
0.4559197723865509
0.4559198021888733
0.4559198319911957
0.4559197425842285
0.4559198021888733
0.4559197723865509
0.4559198319911957
0.4559197425842285
0.4559197425842285
0.4559197723865509
0.4559197723865509
0.4559197723865509
0.45591986179351807
0.4559197723865509
0.4559198319911957
0.4559198021888733
0.4559197425842285
0.45591971278190613
0.4559197723865509
0.4559197723865509
0.4559197425842285
0.4559198021888733
0.4559197723865509
0.4559197425842285
0.4559198021888733
0.4559197425842285
0.4559198021888733
0.4559198021888733
0.4559197425842285
0.4559197425842285
0.4559197425842285
0.4559198021888733
0.4559197425842285
0.4559197723865509
0.4559197723865509
0.4559197723865509
0.4559197723865509
0.45591971278190613
0.45591968297958374
0.4559197425842285
0.4559198021888733
0.4559197723865509
0.4559197425842285
0.45591971278190613
0.4559197425842285
0.45591971278190613
0.4559197723865509
0.45591971278190613
0.4559197425842285
0.4559197425842285
0.4559197425842285
0.4559197425842285
0.4559197723865509
0.45591971278190613
0.45591968297958374
0.45591971278190613
0.4559197425842285
0.4559197425842285
0.4559197425842285
0.4559197723865509
0.45591971278190613
0.4559197425842285
0.45591971278190613
0.45591965317726135
0.45591971278190613
0.45591971278190613
0.45591968297958374
0.4559197425842285
0.45591971278190613
0.45591971278190613
0.45591971278190613
0.45591971278190613
0.45591965317726135
0.45591968297958374
0.45591965317726135
0.45591971278190613
0.45591965317726135
0.45591968297958374
0.45591968297958374
0.45591968297958374
0.45591971278190613
0.45591968297958374
0.45591971278190613
0.45591965317726135
0.45591968297958374
0.45591968297958374
0.45591971278190613
0.45591962337493896
0.45591965317726135
0.45591968297958374
0.45591968297958374
0.4559197425842285
0.45591971278190613
0.45591968297958374
0.45591971278190613
0.45591971278190613
0.45591968297958374
0.45591968297958374
0.45591962337493896
0.45591968297958374
0.45591962337493896
0.45591965317726135
0.45591965317726135
0.45591971278190613
0.45591968297958374
0.45591971278190613
0.45591965317726135
0.45591965317726135
0.45591962337493896
0.45591968297958374
0.45591965317726135
0.45591971278190613
0.4559195935726166
0.4559195935726166
0.45591962337493896
0.45591962337493896
0.45591971278190613
0.45591965317726135
0.45591968297958374
0.4559195935726166
0.4559197425842285
0.45591962337493896
0.45591965317726135
0.45591965317726135
0.4559195935726166
0.45591968297958374
0.45591965317726135
0.45591965317726135
0.4559195935726166
0.4559195935726166
0.45591965317726135
0.4559195935726166
0.45591962337493896
0.4559195637702942
0.4559195935726166
0.4559195935726166
0.4559195637702942
0.45591965317726135
0.45591968297958374
0.45591968297958374
0.4559195637702942
0.4559195637702942
0.4559195637702942
0.4559195935726166
0.4559195637702942
0.4559195637702942
0.4559195935726166
0.45591962337493896
0.4559195935726166
0.4559195935726166
0.4559195935726166
0.4559195637702942
0.4559195935726166
0.4559195637702942
0.45591962337493896
0.4559195935726166
0.45591962337493896
0.4559195935726166
0.4559195637702942
0.4559195935726166
0.45591965317726135
0.4559195637702942
0.45591962337493896
0.4559195935726166
0.4559195935726166
0.4559195637702942
0.4559195637702942
0.4559195935726166
0.4559195637702942
0.4559195935726166
0.45591962337493896
0.4559195935726166
0.45591962337493896
0.45591965317726135
0.4559195637702942
0.4559195041656494
0.45591962337493896
0.4559195339679718
0.4559195339679718
0.4559195637702942
0.4559195637702942
0.4559195637702942
0.4559195339679718
0.45591962337493896
0.4559195339679718
0.4559195637702942
0.4559195637702942
0.4559195339679718
0.4559195935726166
0.4559195339679718
0.4559195637702942
0.4559195637702942
0.4559195339679718
0.4559195637702942
0.4559195637702942
0.4559195339679718
0.4559195041656494
0.4559195637702942
0.4559195339679718
0.4559195339679718
0.4559195339679718
0.4559195339679718
0.4559195339679718
0.4559195637702942
0.4559195637702942
0.4559195339679718
0.4559195041656494
0.4559195637702942
0.455919474363327
0.4559195339679718
0.4559195339679718
0.4559195041656494
0.4559195339679718
0.4559195637702942
0.4559195041656494
0.4559195041656494
0.455919474363327
0.4559195041656494
0.4559195339679718
0.4559195637702942
0.455919474363327
0.4559195637702942
0.455919474363327
0.4559195041656494
0.4559195637702942
0.4559195339679718
0.4559195339679718
0.455919474363327
0.4559195339679718
0.4559195041656494
0.4559195041656494
0.4559195041656494
0.4559195339679718
0.455919474363327
0.4559195637702942
0.45591944456100464
0.455919474363327
0.4559195041656494
0.4559195339679718
0.4559195339679718
0.4559195041656494
0.455919474363327
0.4559195041656494
0.455919474363327
0.45591944456100464
0.455919474363327
0.4559195041656494
0.4559195339679718
0.4559195637702942
0.455919474363327
0.45591941475868225
0.4559195339679718
0.4559195339679718
0.455919474363327
0.45591944456100464
0.455919474363327
0.4559195041656494
0.455919474363327
0.45591944456100464
0.45591944456100464
0.4559195041656494
0.455919474363327
0.455919474363327
0.45591944456100464
0.455919474363327
0.45591944456100464
0.455919474363327
0.455919474363327
0.45591941475868225
0.4559195041656494
0.45591941475868225
0.45591941475868225
0.45591941475868225
0.45591941475868225
0.45591944456100464
0.455919474363327
0.455919474363327
0.45591944456100464
0.455919474363327
0.455919474363327
0.45591941475868225
0.45591941475868225
0.45591941475868225
0.455919474363327
0.45591941475868225
0.45591941475868225
0.455919474363327
0.45591944456100464
0.45591941475868225
0.45591944456100464
0.45591941475868225
0.45591944456100464
0.45591938495635986
0.45591941475868225
0.45591941475868225
0.45591941475868225
0.45591944456100464
0.45591941475868225
0.45591941475868225
0.45591941475868225
0.45591941475868225
0.45591944456100464
0.45591938495635986
0.45591941475868225
0.45591941475868225
0.45591944456100464
0.45591941475868225
0.45591938495635986
0.45591941475868225
0.45591941475868225
0.45591944456100464
0.45591941475868225
0.45591941475868225
0.45591941475868225
0.45591944456100464
0.45591941475868225
0.45591941475868225
0.45591941475868225
0.4559193551540375
0.45591944456100464
0.45591941475868225
0.45591941475868225
0.45591941475868225
0.45591938495635986
0.45591941475868225
0.4559193551540375
0.45591941475868225
0.45591941475868225
0.45591944456100464
0.45591941475868225
0.45591941475868225
0.45591938495635986
0.45591941475868225
0.45591938495635986
0.45591941475868225
0.45591941475868225
0.45591938495635986
0.45591941475868225
0.45591941475868225
0.45591941475868225
0.45591941475868225
0.45591938495635986
0.45591938495635986
0.4559193551540375
0.45591938495635986
0.45591941475868225
0.45591938495635986
0.45591938495635986
0.45591941475868225
0.4559193551540375
0.4559193551540375
0.4559193551540375
0.4559193551540375
0.4559193253517151
0.45591938495635986
0.45591941475868225
0.45591938495635986
0.4559193551540375
0.4559193551540375
0.45591941475868225
0.4559193551540375
0.45591941475868225
0.4559193551540375
0.4559193253517151
0.4559193551540375
0.4559193551540375
0.4559193551540375
0.4559193551540375
0.4559193253517151
0.45591938495635986
0.4559193551540375
0.4559192955493927
0.4559193551540375
0.4559193551540375
0.4559193551540375
0.45591938495635986
0.45591938495635986
0.4559193551540375
0.4559193253517151
0.4559193253517151
0.45591938495635986
0.45591938495635986
0.4559193253517151
0.4559193551540375
0.4559193551540375
0.45591941475868225
0.4559192955493927
0.4559193253517151
0.4559193551540375
0.4559193253517151
0.4559193253517151
0.4559193253517151
0.4559193253517151
0.4559193253517151
0.4559193551540375
0.4559193253517151
0.4559192955493927
0.45591938495635986
0.4559192955493927
0.4559193253517151
0.4559192955493927
0.4559193253517151
0.4559192657470703
0.4559192955493927
0.4559192657470703
0.4559192955493927
0.4559193253517151
0.4559192657470703
0.4559192955493927
0.4559192657470703
0.4559192359447479
0.4559193551540375
0.4559192955493927
0.4559193253517151
0.4559192955493927
0.4559192955493927
0.4559192955493927
0.4559193253517151
0.4559192359447479
0.4559192955493927
0.4559192955493927
0.4559193253517151
0.4559192955493927
0.4559192657470703
0.4559193253517151
0.4559192657470703
0.4559192955493927
0.4559192955493927
0.4559192657470703
0.45591920614242554
0.4559192955493927
0.4559192657470703
0.4559192955493927
0.4559193253517151
0.4559192657470703
0.4559192657470703
0.4559192657470703
0.4559193253517151
0.4559193253517151
0.4559193551540375
0.4559192359447479
0.4559192955493927
0.4559192657470703
0.4559193253517151
0.45591920614242554
0.4559192657470703
0.4559193253517151
0.4559192955493927
0.4559192657470703
0.4559192657470703
0.4559192359447479
0.4559192359447479
0.4559192657470703
0.4559192657470703
0.4559192657470703
0.4559192359447479
0.4559192657470703
0.4559192359447479
0.4559192359447479
0.4559192657470703
0.4559192955493927
0.4559192657470703
0.45591920614242554
0.4559192657470703
0.4559192657470703
0.4559192657470703
0.4559192657470703
0.4559192657470703
0.45591920614242554
0.4559192359447479
0.4559192657470703
0.4559192657470703
0.4559192359447479
0.45591920614242554
0.4559192657470703
0.45591920614242554
0.4559192657470703
0.45591920614242554
0.45591917634010315
0.45591920614242554
0.4559192955493927
0.4559192359447479
0.45591920614242554
0.4559192657470703
0.4559192657470703
0.45591920614242554
0.4559192359447479
0.45591914653778076
0.45591920614242554
0.4559192657470703
0.45591917634010315
0.45591920614242554
0.4559192657470703
0.45591917634010315
0.45591917634010315
0.45591920614242554
0.45591920614242554
0.4559192657470703
0.45591917634010315
0.4559192359447479
0.45591917634010315
0.45591920614242554
0.45591920614242554
0.45591917634010315
0.4559192657470703
0.45591920614242554
0.45591920614242554
0.45591920614242554
0.45591920614242554
0.4559192359447479
0.45591917634010315
0.45591914653778076
0.45591914653778076
0.45591914653778076
0.45591917634010315
0.45591920614242554
0.45591917634010315
0.45591917634010315
0.455919086933136
0.45591914653778076
0.4559191167354584
0.45591914653778076
0.45591920614242554
0.4559191167354584
0.45591917634010315
0.45591914653778076
0.45591914653778076
0.45591914653778076
0.45591914653778076
0.45591914653778076
0.45591920614242554
0.4559191167354584
0.45591917634010315
0.45591917634010315
0.45591914653778076
0.4559191167354584
0.45591917634010315
0.45591917634010315
0.455919086933136
0.45591914653778076
0.45591917634010315
0.45591914653778076
0.45591920614242554
0.45591914653778076
0.45591917634010315
0.455919086933136
0.455919086933136
0.45591917634010315
0.45591914653778076
0.45591914653778076
0.4559191167354584
0.4559191167354584
0.4559191167354584
0.4559191167354584
0.45591917634010315
0.4559191167354584
0.4559190571308136
0.45591914653778076
0.4559191167354584
0.4559191167354584
0.455919086933136
0.4559191167354584
0.45591914653778076
0.4559191167354584
0.45591914653778076
0.455919086933136
0.455919086933136
0.45591914653778076
0.45591914653778076
0.455919086933136
0.455919086933136
0.45591914653778076
0.45591914653778076
0.4559190571308136
0.455919086933136
0.455919086933136
0.455919086933136
0.455919086933136
0.455919086933136
0.4559190273284912
0.4559190571308136
0.4559190571308136
0.45591914653778076
0.455919086933136
0.45591914653778076
0.4559190571308136
0.4559190571308136
0.45591914653778076
0.4559190273284912
0.455919086933136
0.45591914653778076
0.4559190273284912
0.4559190571308136
0.4559190571308136
0.4559190571308136
0.4559191167354584
0.4559190571308136
0.4559190571308136
0.4559190571308136
0.455919086933136
0.4559190273284912
0.4559190571308136
0.4559190571308136
0.4559190571308136
0.4559191167354584
0.4559190571308136
0.4559190571308136
0.455919086933136
0.4559190273284912
0.4559190273284912
0.4559190571308136
0.4559190571308136
0.4559190273284912
0.4559189975261688
0.4559189975261688
0.4559190273284912
0.4559189975261688
0.4559190273284912
0.455919086933136
0.4559191167354584
0.455919086933136
0.455919086933136
0.4559190273284912
0.4559190273284912
0.4559190273284912
0.4559190273284912
0.4559190571308136
0.4559190273284912
0.455919086933136
0.4559190273284912
0.4559190273284912
0.4559190273284912
0.4559190273284912
0.4559190273284912
0.4559189975261688
0.4559190273284912
0.45591896772384644
0.45591896772384644
0.4559189975261688
0.4559189975261688
0.4559190273284912
0.4559190273284912
0.4559190273284912
0.4559189975261688
0.4559189975261688
0.45591896772384644
0.4559190273284912
0.4559189975261688
0.45591893792152405
0.45591896772384644
0.4559190571308136
0.4559190273284912
0.4559189975261688
0.4559189975261688
0.4559189975261688
0.4559190571308136
0.45591896772384644
0.4559190273284912
0.45591896772384644
0.45591896772384644
0.4559189975261688
0.45591893792152405
0.4559190273284912
0.4559189975261688
0.45591896772384644
0.4559190273284912
0.45591896772384644
0.45591896772384644
0.45591893792152405
0.45591896772384644
0.4559190273284912
0.45591896772384644
0.4559190273284912
0.45591896772384644
0.45591896772384644
0.45591893792152405
0.45591896772384644
0.4559189975261688
0.45591896772384644
0.45591896772384644
0.45591896772384644
0.4559189975261688
0.4559189975261688
0.45591896772384644
0.45591896772384644
0.45591896772384644
0.45591890811920166
0.4559190273284912
0.45591896772384644
0.4559189975261688
0.45591890811920166
0.45591896772384644
0.45591890811920166
0.45591890811920166
0.45591893792152405
0.45591896772384644
0.45591896772384644
0.4559189975261688
0.45591893792152405
0.45591893792152405
0.45591896772384644
0.45591893792152405
0.45591896772384644
0.45591890811920166
0.45591896772384644
0.45591893792152405
0.45591893792152405
0.45591890811920166
0.45591896772384644
0.45591890811920166
0.45591893792152405
0.45591896772384644
0.45591890811920166
0.45591893792152405
0.45591890811920166
0.45591893792152405
0.45591890811920166
0.4559188783168793
0.45591890811920166
0.45591890811920166
0.45591890811920166
0.45591890811920166
0.45591896772384644
0.45591890811920166
0.45591893792152405
0.45591890811920166
0.45591890811920166
0.45591890811920166
0.45591890811920166
0.45591890811920166
0.45591890811920166
0.45591890811920166
0.45591890811920166
0.4559188783168793
0.45591890811920166
0.45591890811920166
0.45591890811920166
0.45591890811920166
0.45591890811920166
0.4559188783168793
0.45591890811920166
0.45591890811920166
0.4559188783168793
0.45591890811920166
0.45591890811920166
0.45591890811920166
0.45591890811920166
0.45591890811920166
0.4559188485145569
0.45591890811920166
0.4559188485145569
0.45591893792152405
0.45591890811920166
0.4559188783168793
0.4559188783168793
0.45591890811920166
0.45591890811920166
0.4559188783168793
0.4559188485145569
0.4559188485145569
0.4559188783168793
0.4559188783168793
0.4559188783168793
0.45591890811920166
0.45591890811920166
0.4559188783168793
0.4559188783168793
0.4559188783168793
0.4559188783168793
0.4559188783168793
0.45591890811920166
0.4559188783168793
0.4559188783168793
0.4559188783168793
0.4559188485145569
0.4559188485145569
0.4559188485145569
0.4559188485145569
0.4559188783168793
0.4559188187122345
0.45591890811920166
0.4559188485145569
0.4559188485145569
0.4559188783168793
0.4559188187122345
0.4559188485145569
0.4559188783168793
0.4559188485145569
0.4559188783168793
0.45591890811920166
0.45591890811920166
0.4559188485145569
0.4559188783168793
0.4559187889099121
0.45591890811920166
0.4559188783168793
0.4559188187122345
0.4559188485145569
0.45591890811920166
0.4559188485145569
0.4559188783168793
0.4559188485145569
0.4559188783168793
0.4559188485145569
0.4559188187122345
0.4559188783168793
0.4559188485145569
0.4559188187122345
0.4559187889099121
0.4559188485145569
0.4559188485145569
0.4559188187122345
0.4559188187122345
0.4559188187122345
0.4559188187122345
0.4559187591075897
0.4559188187122345
0.4559188187122345
0.4559187889099121
0.4559188187122345
0.4559188783168793
0.4559187591075897
0.4559188187122345
0.4559188187122345
0.4559188485145569
0.4559187591075897
0.4559187591075897
0.4559187889099121
0.4559188187122345
0.4559188187122345
0.4559187591075897
0.4559188187122345
0.4559187591075897
0.4559187889099121
0.4559188187122345
0.4559187889099121
0.4559187591075897
0.4559187889099121
0.4559188187122345
0.4559188187122345
0.4559187889099121
0.4559188187122345
0.45591872930526733
0.4559187889099121
0.45591872930526733
0.4559188187122345
0.4559187591075897
0.4559187889099121
0.4559187889099121
0.4559188187122345
0.4559188187122345
0.4559187889099121
0.4559187889099121
0.4559187889099121
0.4559187591075897
0.4559187591075897
0.4559188187122345
0.4559187591075897
0.4559187591075897
0.4559187591075897
0.4559187591075897
0.4559187591075897
0.45591872930526733
0.45591869950294495
0.4559187591075897
0.45591869950294495
0.45591872930526733
0.4559187591075897
0.45591869950294495
0.45591872930526733
0.45591872930526733
0.45591866970062256
0.45591872930526733
0.45591872930526733
0.4559187591075897
0.45591869950294495
0.4559187889099121
0.4559187591075897
0.4559187889099121
0.45591866970062256
0.45591872930526733
0.4559187591075897
0.45591872930526733
0.45591872930526733
0.45591872930526733
0.45591869950294495
0.45591866970062256
0.45591866970062256
0.4559187591075897
0.4559187591075897
0.45591872930526733
0.45591872930526733
0.45591869950294495
0.4559187591075897
0.45591863989830017
0.45591866970062256
0.45591869950294495
0.4559187591075897
0.45591872930526733
0.45591872930526733
0.45591869950294495
0.45591869950294495
0.45591872930526733
0.4559187591075897
0.45591872930526733
0.45591866970062256
0.45591872930526733
0.45591866970062256
0.45591872930526733
0.45591872930526733
0.4559187591075897
0.45591869950294495
0.45591866970062256
0.45591866970062256
0.45591872930526733
0.45591869950294495
0.45591866970062256
0.4559186100959778
0.45591866970062256
0.45591869950294495
0.45591866970062256
0.45591866970062256
0.45591866970062256
0.45591869950294495
0.45591863989830017
0.45591869950294495
0.45591866970062256
0.45591866970062256
0.45591863989830017
0.4559186100959778
0.45591866970062256
0.45591866970062256
0.45591866970062256
0.45591863989830017
0.4559186100959778
0.45591866970062256
0.4559186100959778
0.4559187591075897
0.45591866970062256
0.4559186100959778
0.45591863989830017
0.45591863989830017
0.4559186100959778
0.45591866970062256
0.45591869950294495
0.4559186100959778
0.45591863989830017
0.45591866970062256
0.4559186100959778
0.4559186100959778
0.45591863989830017
0.45591869950294495
0.45591863989830017
0.4559185802936554
0.45591866970062256
0.45591866970062256
0.45591863989830017
0.4559185802936554
0.4559186100959778
0.45591869950294495
0.45591863989830017
0.4559185802936554
0.4559185802936554
0.45591863989830017
0.45591863989830017
0.4559186100959778
0.4559186100959778
0.45591866970062256
0.4559186100959778
0.45591863989830017
0.45591863989830017
0.4559186100959778
0.4559186100959778
0.4559186100959778
0.4559186100959778
0.45591863989830017
0.45591866970062256
0.4559185802936554
0.4559186100959778
0.45591863989830017
0.4559186100959778
0.4559186100959778
0.45591863989830017
0.45591863989830017
0.4559185802936554
0.4559185802936554
0.4559185802936554
0.4559186100959778
0.4559185802936554
0.4559185802936554
0.455918550491333
0.4559186100959778
0.4559186100959778
0.4559185802936554
0.4559186100959778
0.4559185802936554
0.4559185802936554
0.4559185802936554
0.4559185802936554
0.4559186100959778
0.4559185802936554
0.4559185802936554
0.455918550491333
0.4559185802936554
0.4559185802936554
0.4559185802936554
0.4559185802936554
0.4559185206890106
0.4559185802936554
0.455918550491333
0.4559185206890106
0.45591849088668823
0.455918550491333
0.4559186100959778
0.4559185802936554
0.4559185802936554
0.4559185802936554
0.4559185802936554
0.4559185206890106
0.455918550491333
0.45591849088668823
0.4559186100959778
0.4559185206890106
0.4559185206890106
0.45591849088668823
0.4559185206890106
0.4559185802936554
0.4559185206890106
0.455918550491333
0.45591849088668823
0.4559185206890106
0.4559185206890106
0.4559185206890106
0.4559185206890106
0.4559185206890106
0.4559185206890106
0.4559185206890106
0.4559185206890106
0.4559185802936554
0.455918550491333
0.4559185206890106
0.45591849088668823
0.455918550491333
0.45591849088668823
0.455918550491333
0.45591846108436584
0.4559185206890106
0.45591849088668823
0.4559185206890106
0.4559185206890106
0.4559185206890106
0.45591849088668823
0.4559186100959778
0.4559185206890106
0.4559185206890106
0.45591849088668823
0.45591849088668823
0.45591846108436584
0.4559185206890106
0.45591843128204346
0.45591849088668823
0.45591849088668823
0.4559185802936554
0.45591849088668823
0.4559185206890106
0.45591849088668823
0.45591849088668823
0.45591849088668823
0.45591849088668823
0.4559185206890106
0.45591849088668823
0.45591849088668823
0.45591849088668823
0.45591849088668823
0.45591846108436584
0.45591846108436584
0.45591846108436584
0.45591846108436584
0.45591846108436584
0.45591849088668823
0.455918550491333
0.45591846108436584
0.45591846108436584
0.45591849088668823
0.45591849088668823
0.45591849088668823
0.45591849088668823
0.45591846108436584
0.45591846108436584
0.45591846108436584
0.45591849088668823
0.45591846108436584
0.45591843128204346
0.45591843128204346
0.45591846108436584
0.45591849088668823
0.45591846108436584
0.45591846108436584
0.45591843128204346
0.45591846108436584
0.45591846108436584
0.45591846108436584
0.45591843128204346
0.45591849088668823
0.45591846108436584
0.45591843128204346
0.45591843128204346
0.45591840147972107
0.45591843128204346
0.45591843128204346
0.45591849088668823
0.45591840147972107
0.45591846108436584
0.45591843128204346
0.45591843128204346
0.45591843128204346
0.45591843128204346
0.45591846108436584
0.45591843128204346
0.45591846108436584
0.45591840147972107
0.45591843128204346
0.45591846108436584
0.45591840147972107
0.45591843128204346
0.45591840147972107
0.45591840147972107
0.45591840147972107
0.45591843128204346
0.45591849088668823
0.45591840147972107
0.45591840147972107
0.45591840147972107
0.45591849088668823
0.45591840147972107
0.45591840147972107
0.45591840147972107
0.45591843128204346
0.45591840147972107
0.4559183716773987
0.45591840147972107
0.45591840147972107
0.45591840147972107
0.45591840147972107
0.45591840147972107
0.45591840147972107
0.45591840147972107
0.45591840147972107
0.45591840147972107
0.4559183716773987
0.45591840147972107
0.45591840147972107
0.45591840147972107
0.45591843128204346
0.4559183716773987
0.45591840147972107
0.45591840147972107
0.4559183716773987
0.45591843128204346
0.45591840147972107
0.45591840147972107
0.45591843128204346
0.45591840147972107
0.4559183716773987
0.45591840147972107
0.45591840147972107
0.4559183716773987
0.45591840147972107
0.45591849088668823
0.4559183716773987
0.45591840147972107
0.45591840147972107
0.4559183716773987
0.4559183418750763
0.45591840147972107
0.45591840147972107
0.45591840147972107
0.45591840147972107
0.45591840147972107
0.4559183418750763
0.45591840147972107
0.4559183716773987
0.45591840147972107
0.45591840147972107
0.4559183716773987
0.4559183716773987
0.4559183716773987
0.4559183716773987
0.4559183716773987
0.4559183418750763
0.4559183418750763
0.4559183418750763
0.4559183716773987
0.4559183716773987
0.4559183418750763
0.4559183716773987
0.4559183418750763
0.4559183716773987
0.4559183120727539
0.4559183120727539
0.4559183418750763
0.4559183418750763
0.4559183120727539
0.4559183418750763
0.45591840147972107
0.4559183418750763
0.4559183120727539
0.4559183418750763
0.4559183120727539
0.45591840147972107
0.4559183120727539
0.4559183716773987
0.4559183716773987
0.4559183418750763
0.4559183418750763
0.4559183120727539
0.4559183418750763
0.4559183418750763
0.4559183120727539
0.4559183120727539
0.4559182822704315
0.4559183418750763
0.4559183418750763
0.4559183418750763
0.4559182822704315
0.4559183716773987
0.4559183120727539
0.4559183418750763
0.4559183418750763
0.4559183716773987
0.4559183120727539
0.4559183418750763
0.4559183418750763
0.45591825246810913
0.4559183120727539
0.4559183716773987
0.4559182822704315
0.4559183418750763
0.4559182822704315
0.4559183418750763
0.4559183120727539
0.4559183418750763
0.4559182822704315
0.4559182822704315
0.4559182822704315
0.4559183120727539
0.4559182822704315
0.4559183120727539
0.4559183120727539
0.4559182822704315
0.45591825246810913
0.4559183120727539
0.4559183120727539
0.4559182822704315
0.45591825246810913
0.4559182822704315
0.4559183120727539
0.4559182822704315
0.4559182822704315
0.4559183120727539
0.45591819286346436
0.4559182822704315
0.4559182822704315
0.45591822266578674
0.45591825246810913
0.4559183120727539
0.45591825246810913
0.45591822266578674
0.4559183120727539
0.45591825246810913
0.4559182822704315
0.45591822266578674
0.45591825246810913
0.45591825246810913
0.4559182822704315
0.45591822266578674
0.45591822266578674
0.45591825246810913
0.45591825246810913
0.45591819286346436
0.45591822266578674
0.45591819286346436
0.4559182822704315
0.4559182822704315
0.45591822266578674
0.45591825246810913
0.45591825246810913
0.45591825246810913
0.45591822266578674
0.45591822266578674
0.45591825246810913
0.45591825246810913
0.45591819286346436
0.45591822266578674
0.45591825246810913
0.45591822266578674
0.45591819286346436
0.45591822266578674
0.45591825246810913
0.45591822266578674
0.45591825246810913
0.45591825246810913
0.4559182822704315
0.45591825246810913
0.45591819286346436
0.45591822266578674
0.45591822266578674
0.4559182822704315
0.45591825246810913
0.45591825246810913
0.45591819286346436
0.45591822266578674
0.45591822266578674
0.45591822266578674
0.45591822266578674
0.45591819286346436
0.45591819286346436
0.45591819286346436
0.45591822266578674
0.45591822266578674
0.45591825246810913
0.45591816306114197
0.45591819286346436
0.45591825246810913
0.45591816306114197
0.45591822266578674
0.45591819286346436
0.45591825246810913
0.45591819286346436
0.45591816306114197
0.45591819286346436
0.45591822266578674
0.45591825246810913
0.45591816306114197
0.45591819286346436
0.4559181332588196
0.4559181332588196
0.45591819286346436
0.45591816306114197
0.45591819286346436
0.45591822266578674
0.4559181332588196
0.45591816306114197
0.45591816306114197
0.45591816306114197
0.45591819286346436
0.45591816306114197
0.45591819286346436
0.45591816306114197
0.45591816306114197
0.45591816306114197
0.45591816306114197
0.4559181332588196
0.45591816306114197
0.45591816306114197
0.4559181332588196
0.45591819286346436
0.4559181332588196
0.4559181332588196
0.45591816306114197
0.4559181034564972
0.45591819286346436
0.45591816306114197
0.4559181332588196
0.4559181332588196
0.4559181332588196
0.45591816306114197
0.4559181332588196
0.4559181034564972
0.45591819286346436
0.45591816306114197
0.4559181332588196
0.4559181034564972
0.4559181332588196
0.4559181332588196
0.4559181034564972
0.4559181332588196
0.4559181332588196
0.45591816306114197
0.45591816306114197
0.4559181034564972
0.4559180736541748
0.4559181332588196
0.4559180438518524
0.4559181034564972
0.4559181332588196
0.4559180736541748
0.4559181332588196
0.4559181332588196
0.4559180736541748
0.4559181034564972
0.45591816306114197
0.4559181034564972
0.4559181332588196
0.4559180438518524
0.4559181034564972
0.4559181034564972
0.4559181034564972
0.4559181332588196
0.45591801404953003
0.45591816306114197
0.4559181332588196
0.4559181034564972
0.4559180438518524
0.4559181332588196
0.4559181034564972
0.4559181034564972
0.4559181034564972
0.4559180438518524
0.4559180736541748
0.4559181034564972
0.4559180438518524
0.4559181034564972
0.4559180438518524
0.4559180438518524
0.4559181034564972
0.4559180736541748
0.4559180736541748
0.4559180736541748
0.4559180736541748
0.4559180736541748
0.4559180438518524
0.4559181034564972
0.4559181332588196
0.4559180736541748
0.4559180736541748
0.4559181332588196
0.4559180736541748
0.4559180736541748
0.4559180736541748
0.4559180438518524
0.4559180438518524
0.45591801404953003
0.4559180438518524
0.4559181034564972
0.4559180736541748
0.45591801404953003
0.4559180736541748
0.4559181034564972
0.4559181034564972
0.4559180736541748
0.45591801404953003
0.45591801404953003
0.4559180438518524
0.4559180736541748
0.4559180736541748
0.4559180736541748
0.4559180438518524
0.45591801404953003
0.45591801404953003
0.4559180438518524
0.4559180438518524
0.45591801404953003
0.45591801404953003
0.45591801404953003
0.4559180438518524
0.45591801404953003
0.45591798424720764
0.45591801404953003
0.45591801404953003
0.4559180438518524
0.4559180438518524
0.4559180438518524
0.4559180438518524
0.45591801404953003
0.45591798424720764
0.45591801404953003
0.45591798424720764
0.45591798424720764
0.45591795444488525
0.45591792464256287
0.45591795444488525
0.45591801404953003
0.4559180736541748
0.45591798424720764
0.45591801404953003
0.45591801404953003
0.45591795444488525
0.45591801404953003
0.4559180438518524
0.45591798424720764
0.45591798424720764
0.45591795444488525
0.45591801404953003
0.45591798424720764
0.45591795444488525
0.45591801404953003
0.45591801404953003
0.45591795444488525
0.45591801404953003
0.45591798424720764
0.45591798424720764
0.45591798424720764
0.45591801404953003
0.45591798424720764
0.45591792464256287
0.45591795444488525
0.45591798424720764
0.45591801404953003
0.45591792464256287
0.45591795444488525
0.4559180438518524
0.45591798424720764
0.45591795444488525
0.4559178948402405
0.45591792464256287
0.45591795444488525
0.4559180438518524
0.45591792464256287
0.45591795444488525
0.45591798424720764
0.45591798424720764
0.45591801404953003
0.45591795444488525
0.45591795444488525
0.45591795444488525
0.45591792464256287
0.45591798424720764
0.45591792464256287
0.45591801404953003
0.45591795444488525
0.45591798424720764
0.45591795444488525
0.45591795444488525
0.45591795444488525
0.45591798424720764
0.45591792464256287
0.45591792464256287
0.45591795444488525
0.4559178948402405
0.45591792464256287
0.45591792464256287
0.45591795444488525
0.45591792464256287
0.45591795444488525
0.4559178948402405
0.45591792464256287
0.45591792464256287
0.45591792464256287
0.45591795444488525
0.45591792464256287
0.4559178948402405
0.4559178650379181
0.45591795444488525
0.45591792464256287
0.45591792464256287
0.45591792464256287
0.4559178948402405
0.4559178948402405
0.4559178948402405
0.4559178650379181
0.45591792464256287
0.4559178948402405
0.45591792464256287
0.4559178948402405
0.4559178650379181
0.45591792464256287
0.4559178650379181
0.45591795444488525
0.45591792464256287
0.4559178948402405
0.4559178948402405
0.4559178948402405
0.45591795444488525
0.4559178650379181
0.4559178948402405
0.4559178948402405
0.4559178948402405
0.4559178948402405
0.4559178948402405
0.4559178650379181
0.4559178948402405
0.4559178948402405
0.4559178948402405
0.4559178948402405
0.4559178650379181
0.4559178948402405
0.4559178650379181
0.4559178650379181
0.4559178650379181
0.4559178948402405
0.4559178650379181
0.4559178948402405
0.4559178650379181
0.4559178948402405
0.4559178650379181
0.4559178352355957
0.4559178650379181
0.4559178948402405
0.4559178650379181
0.45591792464256287
0.4559178948402405
0.4559178650379181
0.4559178650379181
0.4559178650379181
0.4559178650379181
0.4559178650379181
0.4559178650379181
0.4559178650379181
0.4559178948402405
0.4559178352355957
0.4559178650379181
0.4559178948402405
0.4559178650379181
0.4559178650379181
0.4559178650379181
0.4559178352355957
0.4559178650379181
0.4559178352355957
0.4559178650379181
0.4559178650379181
0.4559178650379181
0.4559178352355957
0.4559178352355957
0.4559178650379181
0.4559178650379181
0.4559178352355957
0.4559178352355957
0.4559178948402405
0.4559178650379181
0.4559178650379181
0.4559178650379181
0.4559178352355957
0.4559178948402405
0.4559178054332733
0.4559178352355957
0.4559178054332733
0.4559178352355957
0.4559178352355957
0.4559178650379181
0.4559178650379181
0.4559178650379181
0.4559178352355957
0.4559178054332733
0.4559178054332733
0.4559178054332733
0.4559178650379181
0.4559178650379181
0.4559178352355957
0.4559178054332733
0.4559178054332733
0.4559178352355957
0.4559178650379181
0.4559178054332733
0.4559178054332733
0.4559178054332733
0.4559178054332733
0.4559178352355957
0.4559178054332733
0.45591774582862854
0.4559178352355957
0.4559178352355957
0.4559178054332733
0.4559178650379181
0.4559178054332733
0.4559178352355957
0.4559177756309509
0.4559177756309509
0.45591774582862854
0.4559178054332733
0.4559178352355957
0.4559177756309509
0.4559177756309509
0.45591774582862854
0.4559178352355957
0.45591774582862854
0.4559177756309509
0.45591774582862854
0.45591774582862854
0.4559178352355957
0.45591774582862854
0.45591774582862854
0.4559177756309509
0.4559178054332733
0.45591774582862854
0.45591774582862854
0.45591774582862854
0.4559177756309509
0.45591771602630615
0.45591774582862854
0.45591774582862854
0.45591774582862854
0.45591774582862854
0.4559177756309509
0.45591774582862854
0.4559177756309509
0.45591774582862854
0.4559177756309509
0.4559177756309509
0.4559177756309509
0.45591771602630615
0.45591774582862854
0.45591771602630615
0.45591774582862854
0.45591774582862854
0.45591771602630615
0.45591771602630615
0.4559178054332733
0.4559178054332733
0.45591771602630615
0.45591774582862854
0.4559177756309509
0.45591774582862854
0.45591771602630615
0.4559177756309509
0.4559177756309509
0.4559178054332733
0.4559177756309509
0.45591774582862854
0.4559177756309509
0.45591771602630615
0.45591774582862854
0.45591774582862854
0.45591771602630615
0.45591774582862854
0.45591771602630615
0.45591768622398376
0.45591774582862854
0.45591771602630615
0.45591768622398376
0.45591768622398376
0.45591768622398376
0.45591774582862854
0.45591774582862854
0.45591774582862854
0.45591771602630615
0.45591768622398376
0.45591774582862854
0.4559176564216614
0.4559176564216614
0.45591768622398376
0.45591768622398376
0.45591768622398376
0.45591768622398376
0.4559176564216614
0.45591768622398376
0.45591771602630615
0.4559177756309509
0.45591771602630615
0.45591768622398376
0.4559176564216614
0.45591768622398376
0.45591774582862854
0.45591768622398376
0.45591771602630615
0.45591771602630615
0.45591771602630615
0.45591768622398376
0.4559178054332733
0.45591771602630615
0.4559175968170166
0.45591768622398376
0.45591768622398376
0.45591768622398376
0.45591774582862854
0.45591771602630615
0.4559176564216614
0.45591768622398376
0.45591768622398376
0.45591768622398376
0.4559176564216614
0.45591771602630615
0.4559176564216614
0.45591768622398376
0.45591771602630615
0.455917626619339
0.45591771602630615
0.45591768622398376
0.455917626619339
0.455917626619339
0.455917626619339
0.45591771602630615
0.4559176564216614
0.4559176564216614
0.4559176564216614
0.4559176564216614
0.4559175968170166
0.45591771602630615
0.455917626619339
0.45591771602630615
0.455917626619339
0.4559176564216614
0.455917626619339
0.4559176564216614
0.455917626619339
0.4559175968170166
0.4559175670146942
0.455917626619339
0.4559176564216614
0.4559175670146942
0.4559175968170166
0.45591768622398376
0.4559176564216614
0.455917626619339
0.4559176564216614
0.45591768622398376
0.4559175968170166
0.4559176564216614
0.455917626619339
0.455917626619339
0.4559176564216614
0.455917626619339
0.455917626619339
0.4559175670146942
0.4559175968170166
0.4559175968170166
0.4559175968170166
0.4559175670146942
0.455917626619339
0.4559175968170166
0.4559175670146942
0.455917626619339
0.455917626619339
0.4559175968170166
0.4559175968170166
0.4559175968170166
0.4559175968170166
0.4559175968170166
0.4559175968170166
0.4559175670146942
0.4559175670146942
0.4559175968170166
0.4559175968170166
0.4559175670146942
0.4559175670146942
0.4559175968170166
0.4559175372123718
0.4559175372123718
0.455917626619339
0.4559175968170166
0.4559175372123718
0.4559175968170166
0.4559175670146942
0.455917626619339
0.4559175670146942
0.4559175670146942
0.4559175968170166
0.4559175670146942
0.4559175670146942
0.4559175670146942
0.4559175670146942
0.455917626619339
0.4559175670146942
0.4559175670146942
0.4559175372123718
0.4559175968170166
0.4559175372123718
0.4559175372123718
0.4559175670146942
0.4559175670146942
0.45591750741004944
0.4559175372123718
0.4559175968170166
0.4559175670146942
0.4559175968170166
0.4559175372123718
0.4559175670146942
0.4559175372123718
0.4559175670146942
0.4559175372123718
0.45591750741004944
0.4559175372123718
0.4559175670146942
0.4559175968170166
0.4559175372123718
0.45591750741004944
0.45591747760772705
0.45591747760772705
0.45591750741004944
0.4559175372123718
0.4559175670146942
0.4559175670146942
0.4559175372123718
0.45591750741004944
0.45591747760772705
0.4559175372123718
0.4559175372123718
0.45591750741004944
0.45591747760772705
0.4559175372123718
0.45591750741004944
0.45591750741004944
0.45591747760772705
0.45591750741004944
0.4559175372123718
0.4559175372123718
0.45591750741004944
0.4559175372123718
0.4559175670146942
0.45591747760772705
0.4559175372123718
0.45591750741004944
0.45591747760772705
0.4559175372123718
0.45591747760772705
0.4559175670146942
0.45591747760772705
0.45591750741004944
0.45591750741004944
0.4559175372123718
0.45591747760772705
0.45591750741004944
0.45591747760772705
0.45591744780540466
0.45591747760772705
0.4559174180030823
0.4559175372123718
0.4559175372123718
0.45591750741004944
0.45591750741004944
0.4559175372123718
0.45591744780540466
0.45591750741004944
0.45591747760772705
0.45591744780540466
0.45591744780540466
0.45591747760772705
0.45591750741004944
0.45591747760772705
0.45591744780540466
0.45591750741004944
0.45591744780540466
0.4559173882007599
0.45591744780540466
0.4559175372123718
0.45591744780540466
0.45591747760772705
0.4559175372123718
0.45591744780540466
0.45591744780540466
0.45591747760772705
0.45591750741004944
0.4559173882007599
0.45591747760772705
0.45591744780540466
0.45591747760772705
0.45591744780540466
0.45591744780540466
0.45591747760772705
0.45591744780540466
0.4559174180030823
0.45591747760772705
0.45591744780540466
0.45591747760772705
0.45591747760772705
0.45591747760772705
0.45591744780540466
0.45591744780540466
0.4559174180030823
0.4559173882007599
0.4559174180030823
0.4559174180030823
0.45591744780540466
0.4559174180030823
0.4559174180030823
0.4559173882007599
0.4559173882007599
0.45591744780540466
0.4559174180030823
0.45591744780540466
0.4559173583984375
0.4559173583984375
0.4559174180030823
0.4559174180030823
0.4559173882007599
0.4559174180030823
0.4559174180030823
0.4559173882007599
0.4559174180030823
0.4559174180030823
0.4559174180030823
0.4559174180030823
0.45591744780540466
0.4559173882007599
0.4559173882007599
0.4559174180030823
0.4559173583984375
0.4559174180030823
0.45591744780540466
0.4559173583984375
0.45591744780540466
0.4559173882007599
0.4559173882007599
0.4559173882007599
0.4559173882007599
0.4559174180030823
0.4559173882007599
0.4559173882007599
0.4559173882007599
0.4559173882007599
0.4559173583984375
0.4559173882007599
0.4559173882007599
0.4559173583984375
0.4559173583984375
0.4559172987937927
0.4559173583984375
0.4559173583984375
0.4559173882007599
0.4559173882007599
0.4559173882007599
0.4559173882007599
0.4559173583984375
0.45591744780540466
0.4559173583984375
0.4559173583984375
0.4559173882007599
0.4559173583984375
0.4559173583984375
0.4559173285961151
0.4559173882007599
0.4559173583984375
0.4559173882007599
0.4559173583984375
0.4559173583984375
0.4559173583984375
0.4559173583984375
0.4559173583984375
0.4559173583984375
0.4559174180030823
0.4559173882007599
0.4559173583984375
0.4559173583984375
0.4559173285961151
0.4559173583984375
0.4559173583984375
0.4559173583984375
0.4559173583984375
0.4559173882007599
0.4559173583984375
0.4559172987937927
0.4559173285961151
0.4559172987937927
0.4559173583984375
0.4559172987937927
0.4559173583984375
0.4559173583984375
0.4559173583984375
0.4559173285961151
0.4559173583984375
0.4559173583984375
0.4559173285961151
0.4559173583984375
0.4559173285961151
0.4559173583984375
0.4559173285961151
0.4559173285961151
0.4559172987937927
0.4559173285961151
0.4559173285961151
0.4559173285961151
0.4559173285961151
0.4559172987937927
0.4559173882007599
0.4559173285961151
0.4559173583984375
0.4559172987937927
0.4559172987937927
0.4559173285961151
0.4559173285961151
0.45591726899147034
0.45591726899147034
0.4559172987937927
0.4559173285961151
0.4559172987937927
0.4559173583984375
0.45591726899147034
0.4559172987937927
0.4559173285961151
0.4559172987937927
0.4559173285961151
0.4559172987937927
0.45591726899147034
0.45591723918914795
0.4559173285961151
0.45591726899147034
0.4559173285961151
0.4559172987937927
0.4559173583984375
0.4559172987937927
0.4559172987937927
0.45591723918914795
0.4559173285961151
0.4559172987937927
0.45591723918914795
0.45591726899147034
0.45591723918914795
0.4559172987937927
0.45591726899147034
0.45591723918914795
0.4559172987937927
0.4559172987937927
0.45591723918914795
0.45591723918914795
0.4559173285961151
0.4559172987937927
0.4559173285961151
0.45591726899147034
0.45591723918914795
0.4559172987937927
0.45591726899147034
0.45591726899147034
0.45591720938682556
0.4559173583984375
0.4559172987937927
0.45591723918914795
0.4559172987937927
0.4559172987937927
0.45591726899147034
0.4559172987937927
0.45591723918914795
0.45591726899147034
0.45591720938682556
0.45591723918914795
0.45591726899147034
0.4559173285961151
0.45591720938682556
0.45591720938682556
0.45591723918914795
0.45591726899147034
0.4559171795845032
0.45591723918914795
0.45591726899147034
0.4559171795845032
0.45591726899147034
0.45591723918914795
0.45591723918914795
0.45591726899147034
0.45591720938682556
0.45591720938682556
0.45591720938682556
0.45591723918914795
0.45591720938682556
0.45591723918914795
0.4559171795845032
0.4559171795845032
0.45591720938682556
0.45591723918914795
0.4559171795845032
0.4559171497821808
0.4559171497821808
0.45591720938682556
0.4559172987937927
0.4559171497821808
0.4559171795845032
0.45591723918914795
0.4559171795845032
0.4559171795845032
0.4559171795845032
0.4559171199798584
0.4559171795845032
0.4559171795845032
0.45591720938682556
0.45591723918914795
0.45591720938682556
0.4559171795845032
0.4559171795845032
0.4559171795845032
0.4559171199798584
0.45591720938682556
0.45591720938682556
0.4559171497821808
0.45591720938682556
0.4559171497821808
0.45591720938682556
0.4559171795845032
0.45591720938682556
0.45591720938682556
0.4559171199798584
0.4559171795845032
0.4559171795845032
0.4559171795845032
0.4559171795845032
0.4559171795845032
0.45591720938682556
0.4559171795845032
0.45591720938682556
0.4559171497821808
0.4559171199798584
0.4559171199798584
0.4559171795845032
0.4559171795845032
0.4559171497821808
0.4559171497821808
0.4559171199798584
0.4559171497821808
0.4559171199798584
0.4559171497821808
0.4559171199798584
0.4559171497821808
0.4559171497821808
0.4559171497821808
0.4559170603752136
0.4559171795845032
0.4559171497821808
0.4559171497821808
0.455917090177536
0.4559171795845032
0.4559171199798584
0.4559171795845032
0.4559171199798584
0.4559171199798584
0.4559171795845032
0.4559171199798584
0.455917090177536
0.45591720938682556
0.455917090177536
0.4559171199798584
0.4559171199798584
0.455917090177536
0.4559171199798584
0.4559171199798584
0.4559171199798584
0.4559171199798584
0.4559171497821808
0.4559171199798584
0.4559171497821808
0.455917090177536
0.4559171199798584
0.455917090177536
0.455917090177536
0.4559170603752136
0.455917090177536
0.455917090177536
0.455917090177536
0.4559171199798584
0.4559170603752136
0.455917090177536
0.4559171199798584
0.4559171199798584
0.4559170603752136
0.455917090177536
0.4559170603752136
0.4559171199798584
0.455917090177536
0.455917090177536
0.4559170603752136
0.455917090177536
0.4559171199798584
0.455917090177536
0.4559171497821808
0.4559170603752136
0.455917090177536
0.4559170603752136
0.455917090177536
0.4559170603752136
0.4559171199798584
0.4559170603752136
0.455917090177536
0.4559170603752136
0.4559170603752136
0.45591700077056885
0.4559170603752136
0.455917090177536
0.4559170603752136
0.455917090177536
0.455917090177536
0.45591700077056885
0.4559170603752136
0.4559171199798584
0.4559170603752136
0.4559170603752136
0.4559170603752136
0.45591700077056885
0.45591700077056885
0.455917090177536
0.4559170603752136
0.45591700077056885
0.4559170603752136
0.45591703057289124
0.45591703057289124
0.455917090177536
0.45591703057289124
0.45591703057289124
0.45591703057289124
0.4559170603752136
0.45591703057289124
0.45591703057289124
0.455917090177536
0.45591703057289124
0.4559170603752136
0.45591703057289124
0.45591703057289124
0.45591697096824646
0.45591700077056885
0.45591700077056885
0.45591703057289124
0.4559170603752136
0.4559170603752136
0.45591703057289124
0.45591703057289124
0.4559170603752136
0.45591700077056885
0.45591703057289124
0.4559170603752136
0.45591700077056885
0.45591703057289124
0.45591697096824646
0.45591703057289124
0.45591697096824646
0.45591697096824646
0.45591700077056885
0.45591703057289124
0.45591703057289124
0.45591697096824646
0.45591703057289124
0.45591697096824646
0.4559170603752136
0.45591697096824646
0.45591700077056885
0.45591697096824646
0.4559170603752136
0.45591703057289124
0.45591703057289124
0.45591703057289124
0.45591700077056885
0.45591703057289124
0.45591703057289124
0.45591703057289124
0.45591703057289124
0.45591697096824646
0.45591700077056885
0.45591697096824646
0.4559169411659241
0.45591697096824646
0.45591697096824646
0.45591700077056885
0.4559169113636017
0.45591703057289124
0.45591703057289124
0.45591697096824646
0.4559169411659241
0.4559169411659241
0.4559169411659241
0.4559169411659241
0.45591700077056885
0.45591697096824646
0.4559169411659241
0.45591700077056885
0.4559169113636017
0.45591703057289124
0.45591697096824646
0.4559169411659241
0.45591697096824646
0.4559169411659241
0.45591697096824646
0.4559169411659241
0.4559169411659241
0.4559169113636017
0.45591697096824646
0.4559169411659241
0.4559169113636017
0.4559169411659241
0.4559169411659241
0.4559169113636017
0.45591697096824646
0.4559168815612793
0.45591697096824646
0.4559169411659241
0.45591697096824646
0.4559169411659241
0.4559169411659241
0.4559169113636017
0.4559169411659241
0.45591697096824646
0.4559169113636017
0.4559169113636017
0.4559169411659241
0.4559169113636017
0.4559169113636017
0.4559169411659241
0.4559168517589569
0.45591697096824646
0.4559169113636017
0.4559169113636017
0.4559169411659241
0.4559169113636017
0.4559168815612793
0.4559169411659241
0.4559169113636017
0.4559169411659241
0.4559169113636017
0.4559169113636017
0.4559169411659241
0.4559169113636017
0.45591697096824646
0.4559168815612793
0.4559169113636017
0.4559168815612793
0.4559168815612793
0.4559168815612793
0.4559169411659241
0.4559168815612793
0.4559168815612793
0.4559169113636017
0.4559169113636017
0.4559168815612793
0.4559168517589569
0.4559168517589569
0.4559168517589569
0.4559168517589569
0.4559169113636017
0.4559168815612793
0.4559168815612793
0.4559169113636017
0.4559169113636017
0.4559168517589569
0.4559168517589569
0.4559168815612793
0.4559168517589569
0.4559169113636017
0.4559168815612793
0.4559168517589569
0.4559168815612793
0.4559168517589569
0.4559168517589569
0.4559168815612793
0.4559169113636017
0.4559169113636017
0.4559168815612793
0.4559168517589569
0.4559168517589569
0.4559168815612793
0.4559168517589569
0.4559168219566345
0.4559168517589569
0.4559168815612793
0.4559168517589569
0.4559168517589569
0.4559168815612793
0.4559168517589569
0.4559168517589569
0.4559168517589569
0.4559168219566345
0.4559168517589569
0.4559168815612793
0.4559169113636017
0.4559168517589569
0.4559168517589569
0.4559168219566345
0.4559168219566345
0.4559168219566345
0.4559168517589569
0.45591679215431213
0.4559168517589569
0.4559169113636017
0.4559168517589569
0.4559168517589569
0.4559168517589569
0.4559168517589569
0.45591679215431213
0.4559168517589569
0.4559168517589569
0.4559168517589569
0.4559168517589569
0.4559168815612793
0.4559168219566345
0.4559168517589569
0.4559168517589569
0.4559168517589569
0.4559168517589569
0.4559168517589569
0.4559168517589569
0.45591676235198975
0.45591679215431213
0.4559168517589569
0.4559168517589569
0.4559168219566345
0.4559168219566345
0.4559168517589569
0.4559168517589569
0.4559168219566345
0.4559168517589569
0.45591679215431213
0.45591679215431213
0.4559168517589569
0.4559168219566345
0.45591679215431213
0.45591676235198975
0.4559168219566345
0.45591679215431213
0.4559168517589569
0.45591679215431213
0.45591679215431213
0.45591676235198975
0.4559168219566345
0.45591679215431213
0.4559168219566345
0.45591679215431213
0.45591679215431213
0.45591676235198975
0.45591679215431213
0.45591679215431213
0.45591679215431213
0.45591676235198975
0.4559168517589569
0.45591676235198975
0.45591679215431213
0.45591676235198975
0.45591676235198975
0.45591673254966736
0.4559168219566345
0.45591679215431213
0.45591676235198975
0.4559168219566345
0.45591676235198975
0.45591679215431213
0.45591676235198975
0.45591676235198975
0.45591676235198975
0.45591673254966736
0.45591670274734497
0.45591676235198975
0.45591673254966736
0.45591679215431213
0.45591676235198975
0.45591673254966736
0.45591676235198975
0.45591673254966736
0.45591679215431213
0.45591679215431213
0.45591676235198975
0.45591673254966736
0.45591679215431213
0.45591673254966736
0.45591673254966736
0.45591679215431213
0.4559166729450226
0.45591676235198975
0.45591670274734497
0.45591673254966736
0.45591670274734497
0.45591676235198975
0.45591670274734497
0.45591676235198975
0.45591670274734497
0.4559166729450226
0.45591676235198975
0.45591670274734497
0.45591673254966736
0.45591673254966736
0.45591676235198975
0.45591670274734497
0.45591673254966736
0.45591673254966736
0.45591673254966736
0.45591670274734497
0.45591670274734497
0.45591670274734497
0.45591670274734497
0.45591670274734497
0.45591673254966736
0.45591673254966736
0.45591670274734497
0.4559166729450226
0.45591670274734497
0.4559166729450226
0.4559166729450226
0.45591670274734497
0.4559166431427002
0.45591670274734497
0.45591673254966736
0.45591670274734497
0.45591670274734497
0.4559166431427002
0.45591670274734497
0.45591670274734497
0.45591679215431213
0.4559166729450226
0.4559166729450226
0.45591673254966736
0.4559166729450226
0.45591670274734497
0.4559166133403778
0.4559166431427002
0.45591670274734497
0.45591673254966736
0.4559166431427002
0.45591670274734497
0.4559166729450226
0.45591673254966736
0.4559166431427002
0.4559166729450226
0.4559166729450226
0.4559166431427002
0.45591670274734497
0.4559166431427002
0.4559166729450226
0.4559166729450226
0.45591670274734497
0.4559166431427002
0.4559166431427002
0.4559166431427002
0.45591670274734497
0.4559166431427002
0.4559166431427002
0.4559166729450226
0.4559166431427002
0.4559166431427002
0.4559166729450226
0.4559166133403778
0.4559166431427002
0.4559166133403778
0.4559166133403778
0.4559166729450226
0.4559166729450226
0.4559166431427002
0.4559166431427002
0.4559166729450226
0.4559166431427002
0.4559166431427002
0.4559166133403778
0.4559165835380554
0.4559166133403778
0.4559166133403778
0.4559166431427002
0.4559166133403778
0.4559166729450226
0.4559166431427002
0.4559166431427002
0.4559166431427002
0.4559166133403778
0.4559166431427002
0.4559166133403778
0.4559165835380554
0.4559165835380554
0.4559166133403778
0.4559166729450226
0.4559166431427002
0.4559166133403778
0.4559166133403778
0.4559165835380554
0.4559166133403778
0.4559166431427002
0.4559166431427002
0.4559166133403778
0.4559166133403778
0.45591655373573303
0.45591655373573303
0.4559166133403778
0.4559166133403778
0.45591655373573303
0.4559166431427002
0.4559166133403778
0.4559165835380554
0.4559165835380554
0.4559165835380554
0.4559165835380554
0.4559166133403778
0.45591655373573303
0.4559166431427002
0.4559166133403778
0.4559166133403778
0.4559165835380554
0.4559165835380554
0.45591655373573303
0.4559165835380554
0.4559165835380554
0.4559166133403778
0.45591655373573303
0.45591655373573303
0.4559166133403778
0.45591655373573303
0.45591655373573303
0.45591655373573303
0.4559165835380554
0.4559165835380554
0.4559165835380554
0.45591655373573303
0.45591655373573303
0.45591655373573303
0.45591652393341064
0.45591652393341064
0.45591655373573303
0.45591655373573303
0.4559165835380554
0.45591652393341064
0.45591655373573303
0.45591655373573303
0.45591652393341064
0.45591655373573303
0.45591655373573303
0.45591652393341064
0.4559166133403778
0.45591652393341064
0.45591652393341064
0.45591655373573303
0.45591655373573303
0.45591655373573303
0.45591655373573303
0.45591652393341064
0.4559165835380554
0.45591655373573303
0.4559165835380554
0.45591652393341064
0.45591652393341064
0.45591652393341064
0.45591646432876587
0.45591655373573303
0.45591649413108826
0.45591652393341064
0.45591655373573303
0.45591652393341064
0.45591655373573303
0.45591646432876587
0.45591649413108826
0.45591649413108826
0.45591649413108826
0.45591649413108826
0.45591649413108826
0.45591652393341064
0.45591655373573303
0.45591652393341064
0.45591649413108826
0.45591646432876587
0.45591649413108826
0.45591646432876587
0.45591649413108826
0.45591652393341064
0.45591649413108826
0.45591646432876587
0.45591649413108826
0.45591649413108826
0.45591646432876587
0.45591649413108826
0.45591649413108826
0.45591652393341064
0.45591646432876587
0.45591646432876587
0.45591655373573303
0.45591652393341064
0.45591649413108826
0.45591649413108826
0.45591652393341064
0.4559164345264435
0.45591649413108826
0.45591649413108826
0.45591646432876587
0.45591649413108826
0.4559164345264435
0.45591646432876587
0.45591649413108826
0.45591646432876587
0.45591646432876587
0.45591646432876587
0.4559164345264435
0.4559164047241211
0.45591646432876587
0.45591649413108826
0.45591646432876587
0.4559164345264435
0.45591646432876587
0.45591646432876587
0.4559164345264435
0.45591649413108826
0.45591646432876587
0.45591652393341064
0.4559164345264435
0.4559164047241211
0.4559164345264435
0.4559164345264435
0.4559165835380554
0.4559164345264435
0.4559164345264435
0.4559164345264435
0.4559164345264435
0.4559164047241211
0.45591649413108826
0.4559164345264435
0.4559164047241211
0.4559164345264435
0.4559164345264435
0.4559164345264435
0.4559163749217987
0.4559163749217987
0.4559164047241211
0.4559164047241211
0.4559164345264435
0.4559164345264435
0.4559164047241211
0.4559164345264435
0.45591646432876587
0.4559164345264435
0.4559164047241211
0.4559164345264435
0.4559164345264435
0.4559163749217987
0.4559164047241211
0.4559163749217987
0.4559164345264435
0.4559164047241211
0.4559164047241211
0.4559164345264435
0.4559164345264435
0.4559164345264435
0.4559164047241211
0.4559163451194763
0.4559164047241211
0.4559163451194763
0.4559164345264435
0.4559164047241211
0.4559163749217987
0.4559164047241211
0.4559164047241211
0.4559164047241211
0.4559163749217987
0.45591649413108826
0.4559163749217987
0.4559164047241211
0.4559164047241211
0.4559163749217987
0.4559164047241211
0.4559164345264435
0.4559163451194763
0.4559164047241211
0.4559164047241211
0.4559164047241211
0.4559164047241211
0.4559163749217987
0.4559163451194763
0.4559163451194763
0.4559164047241211
0.4559163451194763
0.4559163749217987
0.4559163451194763
0.45591631531715393
0.4559163451194763
0.4559163749217987
0.4559164047241211
0.4559163749217987
0.4559163451194763
0.4559164047241211
0.45591631531715393
0.4559164047241211
0.45591631531715393
0.4559164047241211
0.4559163451194763
0.45591631531715393
0.4559164047241211
0.45591631531715393
0.4559163451194763
0.4559164345264435
0.4559163749217987
0.4559163749217987
0.4559163451194763
0.4559163749217987
0.4559163451194763
0.45591631531715393
0.45591631531715393
0.4559163451194763
0.4559163451194763
0.4559163749217987
0.4559163749217987
0.45591631531715393
0.45591631531715393
0.4559163749217987
0.4559163451194763
0.45591631531715393
0.4559163749217987
0.4559163451194763
0.45591631531715393
0.45591631531715393
0.45591631531715393
0.4559163451194763
0.4559163451194763
0.45591631531715393
0.4559163749217987
0.45591631531715393
0.4559163451194763
0.45591631531715393
0.45591631531715393
0.45591631531715393
0.45591631531715393
0.45591631531715393
0.4559163451194763
0.45591631531715393
0.45591631531715393
0.45591631531715393
0.45591631531715393
0.45591631531715393
0.45591631531715393
0.45591631531715393
0.45591631531715393
0.45591631531715393
0.4559163451194763
0.45591631531715393
0.45591631531715393
0.45591631531715393
0.45591628551483154
0.45591631531715393
0.45591631531715393
0.45591631531715393
0.45591631531715393
0.45591631531715393
0.45591625571250916
0.45591628551483154
0.45591628551483154
0.45591625571250916
0.45591628551483154
0.45591628551483154
0.45591628551483154
0.45591628551483154
0.45591628551483154
0.45591628551483154
0.45591631531715393
0.45591628551483154
0.45591622591018677
0.45591631531715393
0.45591628551483154
0.45591628551483154
0.45591631531715393
0.45591631531715393
0.45591631531715393
0.45591625571250916
0.45591622591018677
0.45591631531715393
0.45591628551483154
0.45591631531715393
0.45591628551483154
0.45591631531715393
0.45591628551483154
0.45591631531715393
0.45591628551483154
0.45591631531715393
0.45591631531715393
0.45591625571250916
0.45591625571250916
0.45591628551483154
0.45591625571250916
0.45591622591018677
0.45591622591018677
0.45591625571250916
0.45591625571250916
0.45591622591018677
0.45591631531715393
0.45591628551483154
0.45591622591018677
0.45591625571250916
0.45591622591018677
0.45591628551483154
0.45591625571250916
0.45591625571250916
0.45591622591018677
0.45591625571250916
0.45591628551483154
0.45591625571250916
0.45591625571250916
0.45591622591018677
0.4559161961078644
0.45591628551483154
0.4559161961078644
0.4559161961078644
0.45591628551483154
0.45591622591018677
0.45591622591018677
0.45591622591018677
0.45591622591018677
0.45591622591018677
0.45591628551483154
0.45591625571250916
0.45591622591018677
0.45591622591018677
0.455916166305542
0.4559161961078644
0.45591625571250916
0.45591622591018677
0.45591625571250916
0.45591625571250916
0.45591622591018677
0.455916166305542
0.45591622591018677
0.45591625571250916
0.45591622591018677
0.4559161961078644
0.45591622591018677
0.45591622591018677
0.455916166305542
0.4559161961078644
0.45591622591018677
0.4559161961078644
0.4559161961078644
0.4559161067008972
0.45591622591018677
0.4559161961078644
0.4559161961078644
0.4559161961078644
0.455916166305542
0.455916166305542
0.4559161961078644
0.4559161961078644
0.45591622591018677
0.4559161961078644
0.4559161961078644
0.455916166305542
0.4559161961078644
0.455916166305542
0.4559161961078644
0.4559161961078644
0.455916166305542
0.455916166305542
0.455916166305542
0.4559161961078644
0.45591622591018677
0.455916166305542
0.4559161961078644
0.455916166305542
0.455916166305542
0.4559161961078644
0.4559161961078644
0.455916166305542
0.455916166305542
0.4559161365032196
0.455916166305542
0.455916166305542
0.4559161365032196
0.455916166305542
0.4559161365032196
0.4559161365032196
0.455916166305542
0.4559161365032196
0.455916166305542
0.4559161365032196
0.455916166305542
0.455916166305542
0.4559161067008972
0.455916166305542
0.4559161961078644
0.455916166305542
0.4559161365032196
0.45591622591018677
0.455916166305542
0.4559161365032196
0.4559161067008972
0.4559161067008972
0.4559161365032196
0.45591622591018677
0.45591607689857483
0.4559161365032196
0.4559161365032196
0.4559161365032196
0.455916166305542
0.4559161067008972
0.4559161067008972
0.4559161365032196
0.4559161365032196
0.45591607689857483
0.4559161067008972
0.4559161365032196
0.4559161365032196
0.45591607689857483
0.4559161067008972
0.45591607689857483
0.45591607689857483
0.4559161365032196
0.45591604709625244
0.45591604709625244
0.45591604709625244
0.4559161067008972
0.455916166305542
0.455916166305542
0.45591601729393005
0.4559161365032196
0.4559161067008972
0.4559161067008972
0.45591604709625244
0.45591604709625244
0.45591607689857483
0.4559161365032196
0.4559161067008972
0.45591607689857483
0.4559161067008972
0.45591604709625244
0.4559161067008972
0.4559161067008972
0.4559161365032196
0.45591607689857483
0.45591607689857483
0.45591604709625244
0.45591607689857483
0.45591607689857483
0.4559161067008972
0.4559161067008972
0.45591604709625244
0.4559161067008972
0.45591601729393005
0.4559161365032196
0.45591607689857483
0.45591601729393005
0.45591601729393005
0.4559161067008972
0.45591607689857483
0.45591607689857483
0.45591604709625244
0.45591601729393005
0.45591604709625244
0.45591607689857483
0.45591604709625244
0.45591604709625244
0.45591601729393005
0.45591601729393005
0.45591604709625244
0.45591601729393005
0.45591601729393005
0.45591604709625244
0.4559161067008972
0.45591604709625244
0.45591601729393005
0.45591604709625244
0.45591604709625244
0.45591601729393005
0.45591607689857483
0.45591601729393005
0.45591601729393005
0.45591601729393005
0.45591604709625244
0.45591598749160767
0.45591604709625244
0.45591604709625244
0.45591601729393005
0.45591598749160767
0.45591604709625244
0.45591601729393005
0.45591604709625244
0.45591604709625244
0.45591598749160767
0.45591601729393005
0.45591601729393005
0.45591601729393005
0.45591601729393005
0.45591601729393005
0.45591601729393005
0.45591601729393005
0.45591607689857483
0.45591601729393005
0.45591601729393005
0.45591598749160767
0.4559159576892853
0.45591607689857483
0.45591598749160767
0.45591601729393005
0.4559159576892853
0.45591601729393005
0.4559159576892853
0.45591601729393005
0.4559159576892853
0.45591598749160767
0.45591598749160767
0.45591598749160767
0.45591598749160767
0.45591601729393005
0.45591601729393005
0.45591598749160767
0.45591604709625244
0.45591598749160767
0.45591598749160767
0.45591598749160767
0.4559159278869629
0.45591601729393005
0.4559159278869629
0.45591598749160767
0.45591598749160767
0.4559159576892853
0.45591601729393005
0.4559159576892853
0.4559158980846405
0.45591601729393005
0.4559159278869629
0.4559159576892853
0.4559159576892853
0.4559159576892853
0.4559159278869629
0.4559159278869629
0.4559159278869629
0.4559159576892853
0.4559159278869629
0.4559159278869629
0.45591598749160767
0.4559158980846405
0.45591604709625244
0.4559159576892853
0.4559159576892853
0.4559159576892853
0.4559159278869629
0.4559159576892853
0.4559159278869629
0.4559159278869629
0.45591598749160767
0.4559159576892853
0.4559158980846405
0.45591598749160767
0.4559159278869629
0.4559158980846405
0.4559159278869629
0.4559159576892853
0.4559159278869629
0.4559159278869629
0.4559159576892853
0.4559159278869629
0.4559158980846405
0.4559158980846405
0.4559159278869629
0.4559158980846405
0.4559159278869629
0.4559159278869629
0.4559158682823181
0.4559158980846405
0.4559159278869629
0.4559158980846405
0.4559158980846405
0.4559158980846405
0.4559159278869629
0.4559158980846405
0.4559158682823181
0.4559158980846405
0.4559158980846405
0.4559158980846405
0.4559159278869629
0.4559159576892853
0.4559158682823181
0.4559159278869629
0.4559159278869629
0.4559158682823181
0.4559158980846405
0.4559159278869629
0.4559159278869629
0.4559158980846405
0.4559158682823181
0.4559158980846405
0.4559158384799957
0.4559159576892853
0.4559158682823181
0.4559159278869629
0.4559158682823181
0.4559158682823181
0.4559158682823181
0.4559158384799957
0.4559158682823181
0.4559158682823181
0.4559158682823181
0.4559158682823181
0.4559158980846405
0.4559158682823181
0.4559158682823181
0.4559159278869629
0.4559158384799957
0.4559158384799957
0.4559158384799957
0.4559158384799957
0.4559158384799957
0.45591580867767334
0.4559158384799957
0.4559158384799957
0.45591580867767334
0.4559158384799957
0.4559158384799957
0.4559158384799957
0.4559158384799957
0.45591580867767334
0.4559158682823181
0.4559158384799957
0.45591580867767334
0.4559158384799957
0.4559158384799957
0.45591580867767334
0.45591580867767334
0.45591580867767334
0.45591574907302856
0.45591580867767334
0.4559158384799957
0.45591580867767334
0.4559158384799957
0.45591580867767334
0.45591580867767334
0.4559158384799957
0.45591580867767334
0.45591580867767334
0.45591580867767334
0.45591580867767334
0.45591580867767334
0.4559158384799957
0.4559158384799957
0.4559158384799957
0.4559158384799957
0.45591580867767334
0.45591580867767334
0.4559158980846405
0.45591580867767334
0.45591580867767334
0.45591580867767334
0.45591580867767334
0.45591580867767334
0.4559158384799957
0.45591580867767334
0.45591580867767334
0.45591580867767334
0.45591580867767334
0.45591580867767334
0.45591580867767334
0.45591577887535095
0.45591580867767334
0.45591580867767334
0.45591580867767334
0.4559158384799957
0.45591580867767334
0.45591580867767334
0.45591577887535095
0.4559158384799957
0.45591577887535095
0.45591580867767334
0.45591580867767334
0.45591580867767334
0.45591580867767334
0.45591580867767334
0.45591574907302856
0.45591577887535095
0.45591580867767334
0.45591580867767334
0.45591577887535095
0.45591574907302856
0.45591574907302856
0.45591580867767334
0.45591574907302856
0.45591580867767334
0.45591580867767334
0.45591577887535095
0.45591577887535095
0.45591580867767334
0.45591580867767334
0.45591574907302856
0.45591574907302856
0.45591577887535095
0.45591580867767334
0.4559157192707062
0.45591577887535095
0.45591577887535095
0.45591574907302856
0.45591577887535095
0.45591577887535095
0.45591577887535095
0.45591577887535095
0.45591577887535095
0.45591577887535095
0.45591577887535095
0.45591577887535095
0.45591574907302856
0.4559157192707062
0.45591577887535095
0.45591577887535095
0.4559157192707062
0.45591577887535095
0.4559157192707062
0.4559157192707062
0.45591577887535095
0.4559157192707062
0.4559157192707062
0.45591574907302856
0.45591580867767334
0.4559157192707062
0.45591577887535095
0.45591574907302856
0.45591577887535095
0.45591577887535095
0.4559157192707062
0.4559157192707062
0.4559156894683838
0.45591574907302856
0.45591574907302856
0.4559156894683838
0.45591574907302856
0.4559157192707062
0.45591574907302856
0.4559156596660614
0.45591577887535095
0.4559157192707062
0.4559157192707062
0.4559156894683838
0.45591577887535095
0.4559157192707062
0.4559156596660614
0.45591574907302856
0.4559156894683838
0.45591574907302856
0.4559157192707062
0.45591580867767334
0.4559156596660614
0.45591577887535095
0.4559156596660614
0.4559156894683838
0.4559157192707062
0.4559156894683838
0.4559156596660614
0.4559157192707062
0.4559157192707062
0.4559156596660614
0.4559156894683838
0.4559156596660614
0.4559157192707062
0.45591574907302856
0.45591574907302856
0.4559156596660614
0.4559156596660614
0.4559156894683838
0.4559156894683838
0.4559156894683838
0.4559156596660614
0.4559156596660614
0.4559156894683838
0.4559156596660614
0.4559156894683838
0.4559156596660614
0.4559156894683838
0.4559156596660614
0.455915629863739
0.4559156596660614
0.4559156894683838
0.4559156894683838
0.455915629863739
0.455915629863739
0.4559156596660614
0.4559156596660614
0.4559156894683838
0.4559156596660614
0.4559156894683838
0.455915629863739
0.4559156596660614
0.4559156894683838
0.4559156596660614
0.4559156596660614
0.4559156596660614
0.455915629863739
0.455915629863739
0.4559157192707062
0.455915629863739
0.4559156894683838
0.4559156596660614
0.4559156000614166
0.455915629863739
0.4559156596660614
0.455915629863739
0.4559156596660614
0.4559156894683838
0.455915629863739
0.4559156000614166
0.455915629863739
0.4559156596660614
0.4559156894683838
0.45591557025909424
0.455915629863739
0.4559156000614166
0.4559156000614166
0.455915629863739
0.455915629863739
0.455915629863739
0.455915629863739
0.455915629863739
0.455915629863739
0.4559156000614166
0.455915629863739
0.45591557025909424
0.4559156000614166
0.4559156596660614
0.455915629863739
0.4559156000614166
0.4559156596660614
0.455915629863739
0.4559156000614166
0.45591557025909424
0.45591557025909424
0.4559156000614166
0.45591557025909424
0.4559156000614166
0.45591554045677185
0.4559156000614166
0.4559156000614166
0.45591557025909424
0.45591557025909424
0.4559156000614166
0.4559156000614166
0.4559156000614166
0.4559156000614166
0.4559156000614166
0.45591557025909424
0.4559156000614166
0.45591554045677185
0.45591557025909424
0.45591557025909424
0.45591557025909424
0.45591557025909424
0.45591557025909424
0.4559156000614166
0.45591554045677185
0.45591554045677185
0.45591554045677185
0.4559156000614166
0.4559156000614166
0.45591554045677185
0.45591554045677185
0.45591557025909424
0.45591554045677185
0.4559156000614166
0.455915629863739
0.45591557025909424
0.45591554045677185
0.45591557025909424
0.45591557025909424
0.45591554045677185
0.45591554045677185
0.45591551065444946
0.45591557025909424
0.45591554045677185
0.45591554045677185
0.45591554045677185
0.45591554045677185
0.45591554045677185
0.45591554045677185
0.4559154808521271
0.45591554045677185
0.45591551065444946
0.45591557025909424
0.45591551065444946
0.45591551065444946
0.45591551065444946
0.45591554045677185
0.45591554045677185
0.45591557025909424
0.45591551065444946
0.45591551065444946
0.45591554045677185
0.4559154808521271
0.45591554045677185
0.45591554045677185
0.45591551065444946
0.45591554045677185
0.45591551065444946
0.45591554045677185
0.45591551065444946
0.45591551065444946
0.45591551065444946
0.45591557025909424
0.4559154808521271
0.4559154808521271
0.45591554045677185
0.45591554045677185
0.4559154808521271
0.4559154510498047
0.4559154808521271
0.45591551065444946
0.45591551065444946
0.45591554045677185
0.4559154510498047
0.4559154808521271
0.45591551065444946
0.45591551065444946
0.4559154808521271
0.4559154808521271
0.4559154510498047
0.45591551065444946
0.4559154808521271
0.4559154510498047
0.4559154808521271
0.45591551065444946
0.45591551065444946
0.4559154510498047
0.4559154212474823
0.4559154510498047
0.4559154808521271
0.4559154212474823
0.45591554045677185
0.4559154510498047
0.4559154212474823
0.4559154510498047
0.4559154808521271
0.4559154212474823
0.4559154808521271
0.4559154510498047
0.4559154212474823
0.4559154510498047
0.4559154212474823
0.4559154510498047
0.4559154510498047
0.45591554045677185
0.4559154510498047
0.4559154510498047
0.4559154212474823
0.45591551065444946
0.4559154808521271
0.4559154510498047
0.4559154510498047
0.4559154808521271
0.4559154212474823
0.4559154212474823
0.4559154212474823
0.4559154808521271
0.4559154510498047
0.4559154510498047
0.4559154510498047
0.4559154212474823
0.4559154212474823
0.4559154212474823
0.4559154212474823
0.4559154510498047
0.4559154212474823
0.4559154808521271
0.4559154510498047
0.4559154808521271
0.4559154212474823
0.4559154212474823
0.4559154212474823
0.4559154212474823
0.4559154510498047
0.4559154212474823
0.4559153914451599
0.4559154808521271
0.4559154510498047
0.4559153914451599
0.4559154808521271
0.4559154212474823
0.4559154510498047
0.4559154212474823
0.4559153616428375
0.4559153616428375
0.4559153914451599
0.4559154510498047
0.4559154212474823
0.4559153616428375
0.4559154212474823
0.4559154510498047
0.4559153616428375
0.45591533184051514
0.4559153616428375
0.4559153616428375
0.4559153616428375
0.4559154212474823
0.4559154212474823
0.4559154212474823
0.4559153616428375
0.4559153914451599
0.4559154212474823
0.4559153616428375
0.4559153616428375
0.4559153616428375
0.4559153616428375
0.45591533184051514
0.45591533184051514
0.4559153914451599
0.4559153616428375
0.4559153616428375
0.4559153914451599
0.4559153616428375
0.45591533184051514
0.45591530203819275
0.45591533184051514
0.45591533184051514
0.4559154510498047
0.4559153914451599
0.4559153914451599
0.4559153914451599
0.4559153914451599
0.4559153616428375
0.45591533184051514
0.4559153616428375
0.4559153914451599
0.45591530203819275
0.45591533184051514
0.45591533184051514
0.4559153914451599
0.45591530203819275
0.45591530203819275
0.4559153914451599
0.4559153616428375
0.4559153616428375
0.4559153616428375
0.4559153616428375
0.4559153616428375
0.45591530203819275
0.45591530203819275
0.45591530203819275
0.45591530203819275
0.4559153616428375
0.45591530203819275
0.45591533184051514
0.4559153616428375
0.45591533184051514
0.45591530203819275
0.45591533184051514
0.45591530203819275
0.45591530203819275
0.45591530203819275
0.4559153616428375
0.45591533184051514
0.45591530203819275
0.45591530203819275
0.45591530203819275
0.45591530203819275
0.45591533184051514
0.45591530203819275
0.45591533184051514
0.45591533184051514
0.45591530203819275
0.45591530203819275
0.45591530203819275
0.45591533184051514
0.45591530203819275
0.45591530203819275
0.45591530203819275
0.45591533184051514
0.45591530203819275
0.45591530203819275
0.45591530203819275
0.45591530203819275
0.45591530203819275
0.45591530203819275
0.45591530203819275
0.45591530203819275
0.45591530203819275
0.45591527223587036
0.45591530203819275
0.45591530203819275
0.45591530203819275
0.45591530203819275
0.45591530203819275
0.45591530203819275
0.45591527223587036
0.455915242433548
0.45591530203819275
0.45591527223587036
0.45591530203819275
0.45591530203819275
0.45591530203819275
0.45591527223587036
0.455915242433548
0.45591527223587036
0.455915242433548
0.45591530203819275
0.45591527223587036
0.45591530203819275
0.45591530203819275
0.45591527223587036
0.45591530203819275
0.45591530203819275
0.45591530203819275
0.45591527223587036
0.45591527223587036
0.45591527223587036
0.45591530203819275
0.45591527223587036
0.45591527223587036
0.455915242433548
0.45591530203819275
0.45591527223587036
0.455915242433548
0.45591527223587036
0.45591527223587036
0.45591530203819275
0.45591527223587036
0.45591527223587036
0.45591530203819275
0.45591527223587036
0.45591527223587036
0.455915242433548
0.45591527223587036
0.4559152126312256
0.455915242433548
0.4559152126312256
0.455915242433548
0.45591530203819275
0.4559152126312256
0.455915242433548
0.45591527223587036
0.45591527223587036
0.45591527223587036
0.4559152126312256
0.455915242433548
0.4559152126312256
0.455915242433548
0.4559151828289032
0.4559151828289032
0.4559152126312256
0.45591527223587036
0.45591530203819275
0.4559152126312256
0.45591527223587036
0.4559152126312256
0.4559152126312256
0.455915242433548
0.4559152126312256
0.455915242433548
0.455915242433548
0.4559152126312256
0.4559151828289032
0.4559152126312256
0.4559152126312256
0.455915242433548
0.4559151828289032
0.455915242433548
0.4559152126312256
0.4559152126312256
0.4559152126312256
0.4559152126312256
0.4559152126312256
0.4559151530265808
0.455915242433548
0.4559151828289032
0.4559151828289032
0.4559152126312256
0.455915242433548
0.4559151828289032
0.4559151828289032
0.4559152126312256
0.4559152126312256
0.4559151530265808
0.455915242433548
0.4559152126312256
0.4559151530265808
0.4559152126312256
0.4559151828289032
0.4559151530265808
0.4559151828289032
0.4559151828289032
0.4559151530265808
0.4559151530265808
0.4559151232242584
0.4559151828289032
0.4559151828289032
0.4559151530265808
0.4559152126312256
0.4559152126312256
0.45591509342193604
0.4559151530265808
0.4559151530265808
0.4559151530265808
0.4559151232242584
0.4559151828289032
0.4559151828289032
0.455915242433548
0.4559151530265808
0.4559151530265808
0.4559151530265808
0.4559151828289032
0.4559151530265808
0.4559151232242584
0.4559151530265808
0.4559151530265808
0.4559151232242584
0.4559151828289032
0.4559151530265808
0.4559151530265808
0.4559151232242584
0.4559151530265808
0.4559151232242584
0.4559151232242584
0.4559151530265808
0.4559151232242584
0.4559151530265808
0.4559151530265808
0.4559151232242584
0.4559151232242584
0.4559151232242584
0.4559151232242584
0.45591509342193604
0.4559151828289032
0.4559151530265808
0.4559151232242584
0.4559151232242584
0.4559151232242584
0.4559151828289032
0.4559151530265808
0.4559151530265808
0.4559151530265808
0.4559151530265808
0.4559151232242584
0.45591509342193604
0.4559151232242584
0.4559151530265808
0.45591509342193604
0.4559151232242584
0.4559151530265808
0.45591506361961365
0.45591509342193604
0.45591509342193604
0.45591506361961365
0.45591509342193604
0.45591506361961365
0.4559151232242584
0.45591503381729126
0.4559151232242584
0.45591509342193604
0.4559151232242584
0.4559151530265808
0.45591509342193604
0.4559151232242584
0.4559151530265808
0.45591506361961365
0.45591509342193604
0.45591509342193604
0.45591509342193604
0.45591506361961365
0.45591506361961365
0.4559151232242584
0.45591509342193604
0.4559151232242584
0.45591506361961365
0.45591509342193604
0.45591509342193604
0.45591509342193604
0.45591509342193604
0.45591506361961365
0.4559151232242584
0.4559151232242584
0.4559151232242584
0.45591503381729126
0.45591506361961365
0.45591509342193604
0.45591509342193604
0.45591506361961365
0.45591506361961365
0.45591506361961365
0.45591503381729126
0.45591503381729126
0.45591503381729126
0.45591503381729126
0.45591509342193604
0.45591503381729126
0.45591506361961365
0.45591506361961365
0.45591500401496887
0.45591509342193604
0.45591503381729126
0.45591509342193604
0.45591509342193604
0.45591503381729126
0.45591506361961365
0.45591506361961365
0.45591500401496887
0.45591506361961365
0.45591509342193604
0.45591503381729126
0.45591503381729126
0.45591509342193604
0.45591503381729126
0.45591509342193604
0.45591503381729126
0.45591500401496887
0.4559151232242584
0.45591503381729126
0.45591506361961365
0.45591500401496887
0.45591503381729126
0.45591509342193604
0.4559149742126465
0.45591500401496887
0.45591503381729126
0.4559149742126465
0.45591500401496887
0.45591506361961365
0.45591503381729126
0.45591503381729126
0.45591500401496887
0.45591500401496887
0.45591500401496887
0.45591500401496887
0.45591500401496887
0.45591500401496887
0.4559149742126465
0.45591503381729126
0.45591500401496887
0.45591500401496887
0.45591503381729126
0.45591503381729126
0.45591500401496887
0.4559149742126465
0.4559149742126465
0.45591500401496887
0.45591503381729126
0.45591500401496887
0.45591503381729126
0.4559149742126465
0.4559149742126465
0.45591500401496887
0.4559149742126465
0.4559149742126465
0.4559149742126465
0.45591503381729126
0.4559149742126465
0.45591500401496887
0.45591500401496887
0.45591503381729126
0.4559149742126465
0.45591503381729126
0.4559149742126465
0.4559149742126465
0.45591500401496887
0.4559149742126465
0.45591503381729126
0.4559149444103241
0.45591500401496887
0.45591500401496887
0.45591509342193604
0.4559149444103241
0.4559149742126465
0.4559149146080017
0.4559149742126465
0.4559149146080017
0.4559149742126465
0.4559149742126465
0.4559148848056793
0.4559149444103241
0.4559149146080017
0.4559149444103241
0.4559149444103241
0.45591500401496887
0.45591500401496887
0.4559149444103241
0.4559149146080017
0.4559149444103241
0.4559149444103241
0.4559148848056793
0.4559149444103241
0.4559149146080017
0.4559149444103241
0.4559148848056793
0.4559148848056793
0.4559148848056793
0.4559149146080017
0.4559149444103241
0.4559149444103241
0.4559149146080017
0.4559149444103241
0.4559148848056793
0.4559149146080017
0.4559149146080017
0.45591500401496887
0.4559149444103241
0.4559149444103241
0.4559149444103241
0.4559149146080017
0.4559149146080017
0.4559149146080017
0.4559149444103241
0.4559149444103241
0.45591485500335693
0.4559148848056793
0.4559148848056793
0.4559149146080017
0.4559148848056793
0.4559148848056793
0.4559149444103241
0.4559149146080017
0.4559148848056793
0.4559149146080017
0.4559148848056793
0.4559149444103241
0.4559148848056793
0.4559149146080017
0.4559149146080017
0.45591485500335693
0.4559149146080017
0.4559148848056793
0.4559148848056793
0.4559149444103241
0.4559149146080017
0.4559148848056793
0.45591482520103455
0.4559149146080017
0.4559148848056793
0.45591485500335693
0.45591485500335693
0.45591485500335693
0.4559148848056793
0.4559149146080017
0.4559149444103241
0.45591482520103455
0.4559148848056793
0.45591485500335693
0.4559148848056793
0.45591485500335693
0.4559148848056793
0.45591482520103455
0.45591485500335693
0.45591485500335693
0.4559148848056793
0.4559148848056793
0.4559149146080017
0.4559149146080017
0.4559148848056793
0.45591485500335693
0.45591482520103455
0.45591482520103455
0.45591485500335693
0.4559148848056793
0.45591485500335693
0.45591485500335693
0.45591485500335693
0.45591485500335693
0.45591485500335693
0.45591485500335693
0.45591482520103455
0.45591476559638977
0.45591482520103455
0.45591485500335693
