0.6880596876144409
0.6768720746040344
0.6705188155174255
0.6646744012832642
0.659139096736908
0.6536639928817749
0.6479462385177612
0.6423847079277039
0.6364119648933411
0.6300936341285706
0.6236298084259033
0.6168727874755859
0.6096696257591248
0.6023049354553223
0.5941095352172852
0.5863213539123535
0.5783189535140991
0.5703617334365845
0.5627437829971313
0.5565375685691833
0.5506643056869507
0.5458479523658752
0.5404186248779297
0.5361918807029724
0.5319327116012573
0.5284171104431152
0.524958074092865
0.5222121477127075
0.5188303589820862
0.5158998966217041
0.5133904814720154
0.5107676982879639
0.5070157647132874
0.5040164589881897
0.5016348958015442
0.4993654191493988
0.4969414174556732
0.4951050281524658
0.49382901191711426
0.49152258038520813
0.48999670147895813
0.48882341384887695
0.4873214364051819
0.48627611994743347
0.4851841330528259
0.4840952455997467
0.4836049973964691
0.48287150263786316
0.4820723533630371
0.481659859418869
0.480629026889801
0.4803929626941681
0.47983551025390625
0.4790531098842621
0.4789102375507355
0.47830215096473694
0.47776567935943604
0.4775291383266449
0.47709935903549194
0.4766547679901123
0.47602158784866333
0.47559258341789246
0.47534990310668945
0.47501981258392334
0.4747244119644165
0.47470468282699585
0.4743057191371918
0.4742205739021301
0.4739564061164856
0.4738389551639557
0.4733891189098358
0.474446177482605
0.4732505977153778
0.47287508845329285
0.4729090631008148
0.472556471824646
0.472746878862381
0.47235965728759766
0.4722588062286377
0.47184988856315613
0.4718303680419922
0.47201669216156006
0.47168394923210144
0.4714803397655487
0.4713386595249176
0.471193790435791
0.4712844789028168
0.47108733654022217
0.4708431661128998
0.47089123725891113
0.47079935669898987
0.4709296226501465
0.4703347980976105
0.4705864489078522
0.47046568989753723
0.47030359506607056
0.47015318274497986
0.47014734148979187
0.46995988488197327
0.46997976303100586
0.4699019193649292
0.46968865394592285
0.46964001655578613
0.46959757804870605
0.4694819450378418
0.46951669454574585
0.46934497356414795
0.46916040778160095
0.46894389390945435
0.4692051410675049
0.4692701995372772
0.4698570668697357
0.46858957409858704
0.4689416289329529
0.46893665194511414
0.4685825705528259
0.4685860276222229
0.4686155617237091
0.4683287441730499
0.46803197264671326
0.467888206243515
0.4677727520465851
0.4683009088039398
0.4675922393798828
0.4678631126880646
0.4677550792694092
0.4680841863155365
0.4672887921333313
0.4672630727291107
0.4674007296562195
0.46701186895370483
0.4669170081615448
0.46671828627586365
0.4671195447444916
0.4669816493988037
0.4669483006000519
0.46773940324783325
0.4663850963115692
0.466438889503479
0.46667298674583435
0.46674948930740356
0.4663456082344055
0.4663744270801544
0.46622434258461
0.46589353680610657
0.46644383668899536
0.4656411409378052
0.4658278524875641
0.46568194031715393
0.46565815806388855
0.4655069410800934
0.46564850211143494
0.4653269946575165
0.46529123187065125
0.4652259647846222
0.465423047542572
0.46517840027809143
0.4652397930622101
0.4662366509437561
0.4651102125644684
0.46560603380203247
0.4650777280330658
0.4650105834007263
0.46478721499443054
0.46527957916259766
0.4654182493686676
0.46481865644454956
0.4648287892341614
0.4645465314388275
0.4650551676750183
0.46457192301750183
0.46458572149276733
0.4643898606300354
0.4644034504890442
0.46456819772720337
0.4642903804779053
0.4642757475376129
0.46395084261894226
0.46421104669570923
0.4643876552581787
0.46399810910224915
0.46375471353530884
0.46379321813583374
0.464301198720932
0.46373096108436584
0.46383345127105713
0.4639245569705963
0.4637022614479065
0.4635963439941406
0.4636233150959015
0.463549941778183
0.4634082317352295
0.46329018473625183
0.4632798731327057
0.4631085693836212
0.4632396101951599
0.46313193440437317
0.46312353014945984
0.46364670991897583
0.46305978298187256
0.4629470109939575
0.46283388137817383
0.4635656177997589
0.4628537595272064
0.46286648511886597
0.4625599682331085
0.4625997543334961
0.46249330043792725
0.4628875255584717
0.4624044597148895
0.4624289870262146
0.46274852752685547
0.4621301293373108
0.4620859920978546
0.46243545413017273
0.46208131313323975
0.46227559447288513
0.46211904287338257
0.46201208233833313
0.4617886543273926
0.4620261490345001
0.46189746260643005
0.4623262882232666
0.46187612414360046
0.4617840647697449
0.46156027913093567
0.4614787995815277
0.46176019310951233
0.4615200459957123
0.4614843428134918
0.46137499809265137
0.4613492488861084
0.46125084161758423
0.4612787961959839
0.46146360039711
0.4617878198623657
0.461178183555603
0.46100807189941406
0.4609631896018982
0.4610695242881775
0.46137967705726624
0.4614142179489136
0.4609290659427643
0.46096983551979065
0.4614098370075226
0.46087777614593506
0.4608420431613922
0.4607093036174774
0.46083614230155945
0.4606983959674835
0.4605187773704529
0.4607658386230469
0.46078529953956604
0.4606403708457947
0.46089640259742737
0.46036648750305176
0.4609430134296417
0.46048277616500854
0.46087291836738586
0.46072977781295776
0.460478276014328
0.46063917875289917
0.4602590501308441
0.46172502636909485
0.45994332432746887
0.46035853028297424
0.4601742923259735
0.4600677192211151
0.4600638449192047
0.4601280689239502
0.460127055644989
0.4598800539970398
0.45999908447265625
0.4599294662475586
0.46008241176605225
0.4600082039833069
0.46020135283470154
0.460537850856781
0.4599752128124237
0.45995116233825684
0.4598294794559479
0.4600364863872528
0.45966532826423645
0.4600202441215515
0.45981845259666443
0.45979923009872437
0.4594320058822632
0.4601869583129883
0.4594991207122803
0.4595215618610382
0.45943573117256165
0.4595267176628113
0.45951467752456665
0.459374338388443
0.45954185724258423
0.4593924283981323
0.45959675312042236
0.4592636823654175
0.4592631757259369
0.4593134820461273
0.4592832326889038
0.4597584903240204
0.4591451585292816
0.4591226875782013
0.4596884846687317
0.4590394198894501
0.4588966369628906
0.4588516354560852
0.4599929749965668
0.45888710021972656
0.4590774178504944
0.45882561802864075
0.45884978771209717
0.45882725715637207
0.4587644636631012
0.4586736559867859
0.45911285281181335
0.45873790979385376
0.45861321687698364
0.45855244994163513
0.4586862623691559
0.45857223868370056
0.45861193537712097
0.45868799090385437
0.4584915041923523
0.4585902988910675
0.4585196077823639
0.45890071988105774
0.45837417244911194
0.45864540338516235
0.4582009017467499
0.45828813314437866
0.45850101113319397
0.4584256410598755
0.4581933617591858
0.4581007957458496
0.4583723843097687
0.45821747183799744
0.45874136686325073
0.45804738998413086
0.4582348167896271
0.45876631140708923
0.4581489562988281
0.4582850933074951
0.4580354690551758
0.4581255316734314
0.4581103026866913
0.4579814672470093
0.45805835723876953
0.4586421251296997
0.4578048288822174
0.4578888714313507
0.45774033665657043
0.4578271210193634
0.45786252617836
0.45780205726623535
0.45784640312194824
0.4578954875469208
0.45945674180984497
0.4586330056190491
0.4577893912792206
0.4578723907470703
0.4578501582145691
0.45790955424308777
0.4587405323982239
0.45764970779418945
0.45762842893600464
0.45763006806373596
0.4578297436237335
0.457643061876297
0.4576430916786194
0.45754683017730713
0.45743313431739807
0.45763781666755676
0.4572063386440277
0.4580453038215637
0.4577183127403259
0.4577012062072754
0.457597553730011
0.45745304226875305
0.45750510692596436
0.45759251713752747
0.457192599773407
0.45711421966552734
0.45735350251197815
0.45706793665885925
0.45705410838127136
0.45711490511894226
0.4570722281932831
0.4572136700153351
0.45766499638557434
0.45742377638816833
0.45705270767211914
0.4571373760700226
0.4573105573654175
0.45722538232803345
0.4578031301498413
0.4568452835083008
0.4570584297180176
0.45711371302604675
0.4570346772670746
0.45687657594680786
0.45738375186920166
0.4575277864933014
0.45694953203201294
0.4568021893501282
0.4568328857421875
0.4569501578807831
0.4567394554615021
0.45673492550849915
0.4566343426704407
0.4569842219352722
0.45646095275878906
0.45702511072158813
0.4565378427505493
0.45687687397003174
0.4564583897590637
0.45686405897140503
0.4563073217868805
0.45686525106430054
0.456727534532547
0.45657798647880554
0.45639780163764954
0.45664530992507935
0.45625007152557373
0.4563530385494232
0.45640239119529724
0.4564371407032013
0.45664113759994507
0.45651182532310486
0.456381231546402
0.456414133310318
0.4564242362976074
0.4563126862049103
0.45615828037261963
0.4562036395072937
0.45637568831443787
0.45623815059661865
0.45598486065864563
0.4561810791492462
0.4559251070022583
0.45605748891830444
0.4561499059200287
0.4561099708080292
0.45609158277511597
0.45574238896369934
0.45606791973114014
0.45590224862098694
0.4559380114078522
0.4559345543384552
0.4560924470424652
0.45591357350349426
0.45563533902168274
0.4564237594604492
0.455684632062912
0.4558062255382538
0.45559823513031006
0.455649197101593
0.4556005001068115
0.4557165205478668
0.4555514454841614
0.4556014835834503
0.45601844787597656
0.455742210149765
0.4554642140865326
0.45549920201301575
0.45547550916671753
0.4552329182624817
0.455457478761673
0.4552106559276581
0.45537275075912476
0.45530006289482117
0.4553879201412201
0.45497560501098633
0.4554405212402344
0.45533913373947144
0.45552900433540344
0.45508602261543274
0.4550780653953552
0.45498332381248474
0.4550956189632416
0.4549458920955658
0.4556424915790558
0.4549137055873871
0.4549329876899719
0.4547281861305237
0.45512068271636963
0.4546891450881958
0.45482945442199707
0.45491331815719604
0.454899400472641
0.45507580041885376
0.4546509385108948
0.45456579327583313
0.4546786844730377
0.45446324348449707
0.4545351564884186
0.45474109053611755
0.45473411679267883
0.4544989764690399
0.45421984791755676
0.4551262855529785
0.45431241393089294
0.4544031322002411
0.45424532890319824
0.45424842834472656
0.4548375606536865
0.45455697178840637
0.45452752709388733
0.4538969099521637
0.4539114534854889
0.45433247089385986
0.45372310280799866
0.45365265011787415
0.4547572135925293
0.4536041021347046
0.45376527309417725
0.4535353481769562
0.45343780517578125
0.45338860154151917
0.4533003568649292
0.45317697525024414
0.45321106910705566
0.45302680134773254
0.4527933895587921
0.452783465385437
0.4528096318244934
0.45255547761917114
0.4532828629016876
0.4526972472667694
0.4524887204170227
0.4523892104625702
0.4522310495376587
0.452782541513443
0.45212361216545105
0.4520063102245331
0.45208901166915894
0.4520646929740906
0.45156213641166687
0.45155540108680725
0.4515737295150757
0.451551616191864
0.4515594244003296
0.45146939158439636
0.4517320990562439
0.451602041721344
0.4513390064239502
0.4513152539730072
0.45126616954803467
0.4512946307659149
0.4512992203235626
0.4511891305446625
0.4513740539550781
0.451017290353775
0.45116469264030457
0.4512641727924347
0.45106032490730286
0.4513328969478607
0.45093074440956116
0.45097488164901733
0.45091596245765686
0.4507950246334076
0.4507610499858856
0.4508339464664459
0.4507519006729126
0.4506770968437195
0.45070746541023254
0.45072945952415466
0.4505956172943115
0.4506171643733978
0.45075470209121704
0.45060959458351135
0.4505801498889923
0.4504659175872803
0.450363427400589
0.4503204822540283
0.4503801167011261
0.450343519449234
0.45063066482543945
0.4502173662185669
0.4502948522567749
0.45013394951820374
0.45014306902885437
0.4501654803752899
0.4501297175884247
0.450360506772995
0.4501159191131592
0.45005178451538086
0.45011600852012634
0.4499293565750122
0.44999250769615173
0.45008909702301025
0.44990625977516174
0.4499901831150055
0.44986486434936523
0.44983068108558655
0.44976288080215454
0.4500458538532257
0.44970107078552246
0.4499589800834656
0.4498559832572937
0.4497753083705902
0.4498167634010315
0.4496839642524719
0.4496598243713379
0.4496568441390991
0.4499712586402893
0.4497864246368408
0.4496047794818878
0.4496225416660309
0.44959545135498047
0.44958606362342834
0.44999679923057556
0.44934171438217163
0.4493238031864166
0.44940468668937683
0.4493623673915863
0.44933295249938965
0.4493712782859802
0.44923245906829834
0.4491601884365082
0.449191689491272
0.44907346367836
0.4491754472255707
0.44912639260292053
0.4491642415523529
0.4489932954311371
0.44899970293045044
0.4489630162715912
0.4489906132221222
0.44916051626205444
0.4488707482814789
0.448921263217926
0.44888442754745483
0.4489853084087372
0.44900840520858765
0.4487934708595276
0.4488603174686432
0.4485851228237152
0.4486132860183716
0.44860509037971497
0.44867560267448425
0.4486442506313324
0.44852888584136963
0.44851553440093994
0.44849810004234314
0.44862455129623413
0.4484935402870178
0.44847625494003296
0.44843965768814087
0.4484698474407196
0.4486168622970581
0.44845399260520935
0.44847914576530457
0.44841572642326355
0.4484875798225403
0.4484197199344635
0.4483206272125244
0.4483037292957306
0.4483564496040344
0.44824904203414917
0.4482493996620178
0.4483117461204529
0.4482208490371704
0.44824540615081787
0.4482825696468353
0.4481700360774994
0.44815629720687866
0.44819730520248413
0.4481700360774994
0.44814249873161316
0.4481079578399658
0.4481843113899231
0.4480589032173157
0.44822975993156433
0.4481722414493561
0.448079913854599
0.44802314043045044
0.4481387138366699
0.4479883909225464
0.44800129532814026
0.448066771030426
0.44810396432876587
0.4479442536830902
0.44793498516082764
0.4479433000087738
0.44791358709335327
0.4479120969772339
0.4478885233402252
0.447918564081192
0.4478544592857361
0.4478119909763336
0.4478863477706909
0.44793450832366943
0.4478679597377777
0.4477894604206085
0.44777166843414307
0.44777795672416687
0.4476938545703888
0.4477401673793793
0.4476742744445801
0.4477345645427704
0.44764992594718933
0.44775596261024475
0.4478452503681183
0.44761911034584045
0.44774481654167175
0.4475913941860199
0.4475966691970825
0.44756314158439636
0.44758814573287964
0.44756799936294556
0.44754257798194885
0.44757434725761414
0.4474736154079437
0.4474891722202301
0.44750162959098816
0.4474666714668274
0.4474985897541046
0.44741445779800415
0.44739314913749695
0.4474197328090668
0.44741272926330566
0.44735416769981384
0.4473991096019745
0.4473377764225006
0.4473782181739807
0.4473017156124115
0.4473114609718323
0.4472832977771759
0.44727832078933716
0.4472658336162567
0.4473382532596588
0.4472452998161316
0.44718292355537415
0.44719377160072327
0.4473056495189667
0.44736185669898987
0.44720324873924255
0.44711095094680786
0.4471723437309265
0.44710347056388855
0.44709327816963196
0.4470733404159546
0.44708922505378723
0.4471437931060791
0.4471265971660614
0.44712865352630615
0.44703054428100586
0.4470212161540985
0.4470751881599426
0.44702455401420593
0.4470052719116211
0.44699937105178833
0.44701242446899414
0.44699302315711975
0.44699153304100037
0.44697463512420654
0.44697847962379456
0.4469444155693054
0.44694897532463074
0.446914404630661
0.4469388723373413
0.4469199478626251
0.44692501425743103
0.44695109128952026
0.4469371736049652
0.4469185769557953
0.4469597041606903
0.44688156247138977
0.4468812346458435
0.4468902051448822
0.44685646891593933
0.44684919714927673
0.44684430956840515
0.4468469023704529
0.44683101773262024
0.4468563199043274
0.4468069076538086
0.4468030333518982
0.44686660170555115
0.44684898853302
0.44690731167793274
0.4468095302581787
0.4467707872390747
0.44680678844451904
0.4467715919017792
0.44676414132118225
0.44675761461257935
0.44677048921585083
0.44683992862701416
0.44674670696258545
0.44673511385917664
0.44671446084976196
0.446706086397171
0.4467485249042511
0.4467047154903412
0.4466869533061981
0.44668614864349365
0.44668570160865784
0.446676641702652
0.44665294885635376
0.4466629922389984
0.44663724303245544
0.4467414617538452
0.44663006067276
0.44661015272140503
0.44663748145103455
0.4466104805469513
0.4466274380683899
0.4466094374656677
0.446577250957489
0.4465812146663666
0.4465571939945221
0.44654765725135803
0.44654273986816406
0.44660988450050354
0.4465562403202057
0.44656720757484436
0.44658908247947693
0.4465472996234894
0.44651660323143005
0.4465338885784149
0.4465474486351013
0.4465119242668152
0.4465160071849823
0.44650328159332275
0.4465540051460266
0.44646015763282776
0.44648265838623047
0.4464724361896515
0.4464697539806366
0.44644325971603394
0.44643670320510864
0.446419894695282
0.44644325971603394
0.44642508029937744
0.4464147686958313
0.4463913142681122
0.44639527797698975
0.4463849365711212
0.44639331102371216
0.4463648200035095
0.4463764429092407
0.4463683068752289
0.4463610053062439
0.4463566839694977
0.4463694393634796
0.4463612139225006
0.446367472410202
0.4463523030281067
0.44634220004081726
0.4463419020175934
0.4463444650173187
0.4463413953781128
0.44638344645500183
0.44633951783180237
0.44632935523986816
0.44632530212402344
0.44632598757743835
0.44632118940353394
0.4463253617286682
0.4463323652744293
0.4463428854942322
0.4462994635105133
0.4462999999523163
0.44631096720695496
0.4462999403476715
0.4462934732437134
0.44630733132362366
0.44628041982650757
0.44629549980163574
0.44629403948783875
0.44628003239631653
0.4462694227695465
0.44627606868743896
0.4462626576423645
0.44628652930259705
0.44627121090888977
0.44625744223594666
0.4462510347366333
0.4463009238243103
0.44625431299209595
0.44624966382980347
0.44625139236450195
0.4462422728538513
0.4462282061576843
0.44626107811927795
0.4462384879589081
0.4462369978427887
0.44623929262161255
0.4462223947048187
0.44625577330589294
0.446223646402359
0.4462023675441742
0.44621023535728455
0.44619670510292053
0.4462393522262573
0.4462025463581085
0.4462471306324005
0.44618576765060425
0.4461996257305145
0.44619888067245483
0.4461868703365326
0.44618353247642517
0.44617941975593567
0.44618475437164307
0.4461802840232849
0.4461749494075775
0.4461609125137329
0.44616028666496277
0.4461636245250702
0.4461667537689209
0.44617563486099243
0.4461560845375061
0.446158230304718
0.44614607095718384
0.4461440145969391
0.44615069031715393
0.44615456461906433
0.4461463689804077
0.44615495204925537
0.4461214542388916
0.44613489508628845
0.4461190700531006
0.44613882899284363
0.446129709482193
0.4461113512516022
0.4461209177970886
0.4461412727832794
0.4461054503917694
0.4461301863193512
0.44610312581062317
0.4460897147655487
0.4460953176021576
0.4461155831813812
0.44608569145202637
0.44608524441719055
0.4460701048374176
0.4460704028606415
0.4460657835006714
0.44606566429138184
0.4460761547088623
0.44605880975723267
0.4460570514202118
0.4460601508617401
0.4460826516151428
0.44605889916419983
0.44605299830436707
0.44605767726898193
0.4460494816303253
0.4460567235946655
0.4460587501525879
0.4460563659667969
0.4460422098636627
0.4460475444793701
0.44604581594467163
0.44605201482772827
0.4460330307483673
0.44605234265327454
0.44602853059768677
0.4460422992706299
0.44602590799331665
0.4460301995277405
0.44603803753852844
0.4460287094116211
0.4460342824459076
0.4460204839706421
0.44604113698005676
0.4460142254829407
0.4460172951221466
0.4460148215293884
0.4460256099700928
0.4460068643093109
0.44601380825042725
0.44601258635520935
0.4460139274597168
0.4460047781467438
0.4460192620754242
0.44601723551750183
0.4460051953792572
0.44600948691368103
0.4460054039955139
0.4459935426712036
0.44599446654319763
0.44599196314811707
0.44599029421806335
0.445991188287735
0.4459860920906067
0.4459945261478424
0.4460001587867737
0.44599243998527527
0.44598034024238586
0.4459802806377411
0.44597434997558594
0.44597145915031433
0.4459729790687561
0.44596976041793823
0.44597432017326355
0.4459742307662964
0.44596847891807556
0.4459758400917053
0.4459613859653473
0.445974200963974
0.44597068428993225
0.4459684491157532
0.44596531987190247
0.4459558129310608
0.4459698498249054
0.4459616541862488
0.4459535479545593
0.4459494352340698
0.44595640897750854
0.44594883918762207
0.4459525942802429
0.445948988199234
0.4459444284439087
0.44594359397888184
0.4459380507469177
0.4459422528743744
0.44593819975852966
0.44593605399131775
0.44593706727027893
0.4459405839443207
0.44593051075935364
0.44593238830566406
0.44592735171318054
0.4459303617477417
0.44593900442123413
0.4459298253059387
0.4459323585033417
0.44594651460647583
0.4459228813648224
0.44591543078422546
0.4459129273891449
0.4459250867366791
0.4459133744239807
0.4459085464477539
0.4459116756916046
0.445902943611145
0.44590574502944946
0.44590240716934204
0.44590020179748535
0.445904016494751
0.4458983838558197
0.44590166211128235
0.44589564204216003
0.4458944499492645
0.44589728116989136
0.4458923637866974
0.44589725136756897
0.4458995461463928
0.4458904266357422
0.4458982050418854
0.44588997960090637
0.44588881731033325
0.44589298963546753
0.4458877742290497
0.44589731097221375
0.44588685035705566
0.4458899199962616
0.44589710235595703
0.4458829462528229
0.4458959996700287
0.44588351249694824
0.445883184671402
0.4458814859390259
0.4458855092525482
0.4458789527416229
0.4458775818347931
0.4458829462528229
0.44587674736976624
0.44587433338165283
0.4458755552768707
0.44587966799736023
0.44588127732276917
0.4458746314048767
0.44587448239326477
0.4458703398704529
0.4458712339401245
0.44587111473083496
0.44587135314941406
0.4458709955215454
0.4458804130554199
0.4458690285682678
0.4458741545677185
0.4458661377429962
0.4458657503128052
0.44587939977645874
0.44586414098739624
0.44586512446403503
0.44586116075515747
0.44586172699928284
0.44586169719696045
0.4458596706390381
0.4458635449409485
0.4458610415458679
0.44585999846458435
0.4458603262901306
0.4458577632904053
0.4458569884300232
0.4458569288253784
0.4458528459072113
0.44585201144218445
0.4458526372909546
0.4458623230457306
0.44586145877838135
0.44584959745407104
0.4458546042442322
0.4458466172218323
0.44585326313972473
0.44584789872169495
0.4458506107330322
0.445848673582077
0.44584596157073975
0.4458446800708771
0.4458479583263397
0.4458456337451935
0.4458417296409607
0.44584357738494873
0.44584327936172485
0.44584211707115173
0.44584158062934875
0.4458443224430084
0.4458383321762085
0.44583889842033386
0.44583749771118164
0.44583550095558167
0.4458343982696533
0.44584009051322937
0.4458351135253906
0.44584140181541443
0.44583776593208313
0.4458351731300354
0.4458325505256653
0.44582897424697876
0.4458278715610504
0.44583192467689514
0.44582873582839966
0.44582533836364746
0.4458250105381012
0.4458234906196594
0.4458259344100952
0.4458238482475281
0.4458242356777191
0.445821613073349
0.4458242356777191
0.4458245038986206
0.4458204209804535
0.44581952691078186
0.44581982493400574
0.4458193778991699
0.4458205997943878
0.4458184242248535
0.44581761956214905
0.4458205997943878
0.44582220911979675
0.44581595063209534
0.44581708312034607
0.4458164870738983
0.4458163380622864
0.4458170235157013
0.4458150267601013
0.44581758975982666
0.4458160996437073
0.44581592082977295
0.4458204209804535
0.4458175003528595
0.4458141326904297
0.4458141624927521
0.44581565260887146
0.44581085443496704
0.4458122253417969
0.445809930562973
0.44581225514411926
0.4458101987838745
0.44581013917922974
0.4458085000514984
0.44580787420272827
0.4458097815513611
0.44581013917922974
0.44580742716789246
0.4458083212375641
0.4458083510398865
0.44580522179603577
0.4458060562610626
0.4458078444004059
0.4458054006099701
0.44580909609794617
0.44580477476119995
0.4458041489124298
0.44580408930778503
0.4458038806915283
0.445806622505188
0.44580504298210144
0.44580432772636414
0.44580188393592834
0.44580087065696716
0.4458037316799164
0.44580236077308655
0.4458015561103821
0.4458012580871582
0.4457986354827881
0.4457985460758209
0.4458036720752716
0.4457983672618866
0.4458005428314209
0.4457961320877075
0.445797324180603
0.44579795002937317
0.44579648971557617
0.44579795002937317
0.44579747319221497
0.44579511880874634
0.4457974135875702
0.445793479681015
0.4457951784133911
0.44579389691352844
0.44579431414604187
0.44579267501831055
0.445797324180603
0.4457939565181732
0.44579070806503296
0.44579017162323
0.4457908868789673
0.44579070806503296
0.44579017162323
0.44578856229782104
0.4457889497280121
0.4457930028438568
0.44579023122787476
0.44578689336776733
0.4457877278327942
0.44578683376312256
0.4457860291004181
0.4457867741584778
0.4457879364490509
0.4457911550998688
0.4457840323448181
0.4457853436470032
0.4457832872867584
0.44578295946121216
0.4457833170890808
0.4457837641239166
0.44578316807746887
0.4457825720310211
0.44578248262405396
0.4457821846008301
0.4457820951938629
0.44578656554222107
0.44578349590301514
0.4457811713218689
0.445780873298645
0.4457830786705017
0.445780873298645
0.44578030705451965
0.445780485868454
0.4457806646823883
0.4457806646823883
0.4457818269729614
0.44578149914741516
0.4457816779613495
0.4457797706127167
0.4457785487174988
0.4457780122756958
0.44577935338020325
0.4457778036594391
0.4457787871360779
0.44577711820602417
0.4457775950431824
0.4457782506942749
0.4457765519618988
0.4457777738571167
0.44577664136886597
0.4457785189151764
0.44577714800834656
0.44577744603157043
0.44577568769454956
0.44577640295028687
0.4457758665084839
0.44577544927597046
0.44577667117118835
0.4457758665084839
0.4457748830318451
0.4457756280899048
0.4457741379737854
0.44577449560165405
0.4457736313343048
0.44577327370643616
0.44577348232269287
0.44577494263648987
0.44577324390411377
0.4457727074623108
0.44577208161354065
0.4457736313343048
0.4457716941833496
0.44577133655548096
0.4457717537879944
0.4457720220088959
0.4457709789276123
0.44577115774154663
0.44577136635780334
0.44577139616012573
0.44577017426490784
0.4457700848579407
0.4457755982875824
0.44577091932296753
0.4457694888114929
0.4457698464393616
0.4457715153694153
0.4457691013813019
0.4457690417766571
0.44576817750930786
0.4457681477069855
0.445768266916275
0.44576773047447205
0.4457685649394989
0.4457669258117676
0.4457680583000183
0.44576767086982727
0.4457691013813019
0.4457663893699646
0.44576647877693176
0.4457660913467407
0.44576597213745117
0.4457668364048004
0.4457651674747467
0.4457651376724243
0.4457651376724243
0.4457644522190094
0.44576430320739746
0.4457642734050751
0.4457645118236542
0.44576364755630493
0.44576457142829895
0.44576478004455566
0.44576388597488403
0.4457628130912781
0.4457620680332184
0.4457637369632721
0.4457622766494751
0.4457617998123169
0.44576194882392883
0.44576188921928406
0.44576194882392883
0.4457612931728363
0.4457610547542572
0.44576266407966614
0.4457607865333557
0.4457610547542572
0.44576120376586914
0.44576165080070496
0.4457607865333557
0.4457603991031647
0.44576019048690796
0.4457608163356781
0.4457603693008423
0.44576019048690796
0.44575995206832886
0.44576120376586914
0.4457601010799408
0.4457601308822632
0.4457596242427826
0.44576016068458557
0.44576069712638855
0.4457591474056244
0.44575926661491394
0.44575920701026917
0.4457589089870453
0.4457602798938751
0.44575878977775574
0.44575828313827515
0.4457584321498871
0.4457590878009796
0.44575902819633484
0.44575828313827515
0.4457583725452423
0.4457590878009796
0.44575855135917664
0.44575798511505127
0.44575777649879456
0.4457574486732483
0.44575798511505127
0.44575732946395874
0.44575726985931396
0.44575783610343933
0.44575706124305725
0.44575759768486023
0.4457567632198334
0.44575682282447815
0.4457567036151886
0.44575682282447815
0.4457567036151886
0.4457562565803528
0.44575607776641846
0.44575604796409607
0.4457559585571289
0.44575637578964233
0.4457557499408722
0.4457562565803528
0.4457557499408722
0.44575533270835876
0.4457554817199707
0.4457550346851349
0.4457554221153259
0.4457550346851349
0.44575509428977966
0.44575628638267517
0.44575533270835876
0.4457552433013916
0.4457549452781677
0.44575440883636475
0.4457544982433319
0.44575539231300354
0.4457540214061737
0.4457540810108185
0.44575393199920654
0.4457539916038513
0.44575372338294983
0.4457542598247528
0.4457542300224304
0.44575342535972595
0.4457534849643707
0.4457532465457916
0.44575318694114685
0.44575294852256775
0.4457527697086334
0.4457527697086334
0.44575273990631104
0.445752888917923
0.44575217366218567
0.44575241208076477
0.4457526206970215
0.44575265049934387
0.4457527697086334
0.445751816034317
0.4457521438598633
0.4457516372203827
0.4457511901855469
0.4457511603832245
0.4457510709762573
0.4457511603832245
0.4457511901855469
0.4457513988018036
0.44575121998786926
0.445750892162323
0.4457508623600006
0.445750892162323
0.4457508623600006
0.4457506239414215
0.44575196504592896
0.4457504153251648
0.44575101137161255
0.4457511007785797
0.44575029611587524
0.4457504451274872
0.44575029611587524
0.44575023651123047
0.4457501471042633
0.44575023651123047
0.44574999809265137
0.44574981927871704
0.44574984908103943
0.44575047492980957
0.44574981927871704
0.44574975967407227
0.44575005769729614
0.44575032591819763
0.4457509219646454
0.4457494020462036
0.44574952125549316
0.44575002789497375
0.44574999809265137
0.4457494020462036
0.4457496702671051
0.4457494616508484
0.4457491636276245
0.44574910402297974
0.4457491338253021
0.44574955105781555
0.4457489550113678
0.4457490146160126
0.44574880599975586
0.4457491338253021
0.445748895406723
0.4457486867904663
0.44574880599975586
0.44574907422065735
0.4457486867904663
0.44574907422065735
0.4457486569881439
0.4457484781742096
0.44574829936027527
0.4457482695579529
0.44574815034866333
0.44574832916259766
0.4457482397556305
0.4457482099533081
0.445747971534729
0.44574809074401855
0.4457479417324066
0.44574788212776184
0.4457477629184723
0.4457477927207947
0.4457477629184723
0.4457477629184723
0.44574758410453796
0.4457476735115051
0.44574764370918274
0.4457477629184723
0.4457475543022156
0.445747435092926
0.44574862718582153
0.4457475543022156
0.4457471966743469
0.44574734568595886
0.445747047662735
0.44574692845344543
0.44574758410453796
0.4457469880580902
0.44574686884880066
0.4457471966743469
0.4457469880580902
0.4457467198371887
0.44574686884880066
0.4457467198371887
0.44574660062789917
0.4457467198371887
0.4457467794418335
0.4457464814186096
0.4457463026046753
0.4457465410232544
0.4457467794418335
0.44574621319770813
0.4457462728023529
0.4457462430000305
0.445746511220932
0.44574591517448425
0.44574597477912903
0.44574567675590515
0.44574591517448425
0.44574564695358276
0.44574588537216187
0.44574570655822754
0.44574570655822754
0.445745587348938
0.44574564695358276
0.4457454979419708
0.4457455575466156
0.44574567675590515
0.44574570655822754
0.4457454979419708
0.44574540853500366
0.4457456171512604
0.44574540853500366
0.4457452893257141
0.4457455575466156
0.44574543833732605
0.44574517011642456
0.4457452595233917
0.44574519991874695
0.4457452595233917
0.44574522972106934
0.44574519991874695
0.4457452595233917
0.4457451403141022
0.4457450211048126
0.44574499130249023
0.4457450211048126
0.4457450211048126
0.445745050907135
0.44574490189552307
0.44574493169784546
0.4457448124885559
0.4457448124885559
0.4457448720932007
0.4457447826862335
0.4457447826862335
0.4457448124885559
0.44574490189552307
0.4457447826862335
0.44574469327926636
0.4457446336746216
0.44574466347694397
0.4457448422908783
0.44574466347694397
0.44574466347694397
0.44574469327926636
0.44574445486068726
0.4457445740699768
0.44574445486068726
0.44574451446533203
0.4457443356513977
0.4457443654537201
0.4457443952560425
0.44574442505836487
0.4457443058490753
0.44574427604675293
0.44574424624443054
0.4457443058490753
0.44574427604675293
0.4457441568374634
0.4457441568374634
0.445744127035141
0.4457440674304962
0.4457440972328186
0.44574403762817383
0.445744127035141
0.44574403762817383
0.44574397802352905
0.44574394822120667
0.4457439184188843
0.4457439184188843
0.44574373960494995
0.44574373960494995
0.4457438290119171
0.4457438290119171
0.44574373960494995
0.44574370980262756
0.4457436800003052
0.4457436203956604
0.4457436203956604
0.44574373960494995
0.4457435607910156
0.4457436501979828
0.4457436203956604
0.44574353098869324
0.4457435607910156
0.4457434415817261
0.44574350118637085
0.4457434415817261
0.4457436203956604
0.44574329257011414
0.4457435607910156
0.4457433521747589
0.4457436203956604
0.44574323296546936
0.4457431733608246
0.4457431435585022
0.4457430839538574
0.4457430839538574
0.44574305415153503
0.4457431137561798
0.44574305415153503
0.44574299454689026
0.44574305415153503
0.44574296474456787
0.44574296474456787
0.4457431137561798
0.44574299454689026
0.4457429349422455
0.4457429051399231
0.4457429051399231
0.4457428753376007
0.4457428455352783
0.4457428753376007
0.4457429349422455
0.4457429051399231
0.4457428753376007
0.4457429051399231
0.4457429349422455
0.44574278593063354
0.44574281573295593
0.4457428455352783
0.4457428455352783
0.44574272632598877
0.4457426965236664
0.4457426965236664
0.44574272632598877
0.445742666721344
0.44574275612831116
0.4457428455352783
0.44574272632598877
0.44574272632598877
0.44574257731437683
0.4457426369190216
0.4457426071166992
0.44574257731437683
0.445742666721344
0.44574257731437683
0.44574257731437683
0.44574254751205444
0.44574254751205444
0.44574254751205444
0.44574251770973206
0.44574251770973206
0.4457424581050873
0.44574257731437683
0.4457426369190216
0.4457424581050873
0.44574251770973206
0.4457424581050873
0.4457424581050873
0.44574254751205444
0.4457424283027649
0.4457423985004425
0.4457423985004425
0.44574230909347534
0.4457424283027649
0.4457424283027649
0.4457424283027649
0.44574230909347534
0.4457423686981201
0.44574233889579773
0.4457423985004425
0.4457422196865082
0.4457422196865082
0.44574230909347534
0.4457422196865082
0.4457423686981201
0.4457421600818634
0.4457421600818634
0.44574224948883057
0.44574207067489624
0.4457421898841858
0.4457421600818634
0.4457421898841858
0.44574210047721863
0.44574210047721863
0.44574207067489624
0.44574207067489624
0.44574207067489624
0.44574204087257385
0.44574207067489624
0.44574204087257385
0.44574201107025146
0.44574204087257385
0.4457419514656067
0.44574201107025146
0.4457419514656067
0.4457419514656067
0.44574201107025146
0.44574204087257385
0.4457419812679291
0.4457418620586395
0.44574204087257385
0.44574201107025146
0.4457418620586395
0.44574177265167236
0.44574180245399475
0.44574177265167236
0.4457418620586395
0.4457418620586395
0.4457417130470276
0.44574177265167236
0.44574180245399475
0.4457417130470276
0.4457417130470276
0.44574183225631714
0.44574183225631714
0.44574174284935
0.44574174284935
0.44574177265167236
0.44574183225631714
0.44574174284935
0.44574180245399475
0.4457417130470276
0.4457416534423828
0.4457417130470276
0.4457417130470276
0.44574174284935
0.4457416534423828
0.4457417130470276
0.4457416832447052
0.4457416832447052
0.4457416832447052
0.4457417130470276
0.4457417130470276
0.4457416534423828
0.4457417130470276
0.4457416832447052
0.4457416534423828
0.4457416534423828
0.4457416236400604
0.4457416534423828
0.4457416534423828
0.4457416236400604
0.4457416534423828
0.4457416534423828
0.4457416236400604
0.4457416236400604
0.44574156403541565
0.4457416832447052
0.4457416832447052
0.44574159383773804
0.44574159383773804
0.44574159383773804
0.4457417130470276
0.44574159383773804
0.44574156403541565
0.44574159383773804
0.44574159383773804
0.44574156403541565
0.44574156403541565
0.44574156403541565
0.44574159383773804
0.4457416832447052
0.44574159383773804
0.44574156403541565
0.4457416236400604
0.44574156403541565
0.4457415044307709
0.4457414746284485
0.44574156403541565
0.4457415044307709
0.44574153423309326
0.4457415044307709
0.4457415044307709
0.4457415044307709
0.44574153423309326
0.4457414746284485
0.4457415044307709
0.44574153423309326
0.44574153423309326
0.44574153423309326
0.4457414746284485
0.4457414746284485
0.4457414746284485
0.4457415044307709
0.4457414746284485
0.4457414448261261
0.4457414746284485
0.4457414746284485
0.4457414448261261
0.4457414150238037
0.4457414448261261
0.4457414150238037
0.4457414448261261
0.4457415044307709
0.4457414448261261
0.4457413852214813
0.4457414746284485
0.4457414150238037
0.4457414448261261
0.44574153423309326
0.4457414150238037
0.4457414448261261
0.4457415044307709
0.4457413852214813
0.4457413852214813
0.4457414746284485
0.44574135541915894
0.4457414150238037
0.4457414448261261
0.44574132561683655
0.4457413852214813
0.44574132561683655
0.4457413852214813
0.44574132561683655
0.44574135541915894
0.44574135541915894
0.44574129581451416
0.4457414150238037
0.44574132561683655
0.44574135541915894
0.4457413852214813
0.44574129581451416
0.44574132561683655
0.4457413852214813
0.44574132561683655
0.44574129581451416
0.44574132561683655
0.44574132561683655
0.44574135541915894
0.44574129581451416
0.44574132561683655
0.44574132561683655
0.44574129581451416
0.44574129581451416
0.44574132561683655
0.4457413852214813
0.44574129581451416
0.44574132561683655
0.4457412660121918
0.4457412362098694
0.4457412660121918
0.4457412660121918
0.4457412362098694
0.44574132561683655
0.445741206407547
0.4457412362098694
0.44574129581451416
0.4457412660121918
0.44574129581451416
0.4457412362098694
0.4457412660121918
0.4457412660121918
0.4457412660121918
0.4457412362098694
0.4457412362098694
0.4457412362098694
0.4457412362098694
0.4457412660121918
0.44574129581451416
0.4457412660121918
0.4457412362098694
0.445741206407547
0.4457412362098694
0.4457411766052246
0.4457412362098694
0.4457411766052246
0.4457412362098694
0.44574129581451416
0.4457413852214813
0.44574132561683655
0.4457411468029022
0.445741206407547
0.445741206407547
0.4457411468029022
0.445741206407547
0.4457411766052246
0.4457411766052246
0.4457411766052246
0.4457411766052246
0.44574111700057983
0.44574108719825745
0.4457411468029022
0.44574111700057983
0.44574111700057983
0.4457411468029022
0.44574108719825745
0.4457411468029022
0.4457411766052246
0.44574111700057983
0.44574111700057983
0.44574111700057983
0.4457411468029022
0.4457411468029022
0.44574108719825745
0.44574111700057983
0.4457411766052246
0.44574108719825745
0.44574111700057983
0.4457411468029022
0.44574108719825745
0.44574108719825745
0.44574108719825745
0.44574105739593506
0.44574108719825745
0.44574108719825745
0.44574108719825745
0.44574108719825745
0.44574111700057983
0.44574102759361267
0.44574108719825745
0.44574105739593506
0.44574105739593506
0.44574102759361267
0.44574105739593506
0.44574102759361267
0.4457411468029022
0.44574105739593506
0.44574105739593506
0.44574102759361267
0.44574102759361267
0.44574108719825745
0.44574105739593506
0.44574102759361267
0.44574102759361267
0.44574102759361267
0.44574102759361267
0.44574102759361267
0.4457409977912903
0.44574102759361267
0.4457409977912903
0.44574102759361267
0.44574102759361267
0.44574102759361267
0.4457409977912903
0.44574102759361267
0.4457409977912903
0.4457409977912903
0.44574102759361267
0.4457409679889679
0.44574102759361267
0.4457409977912903
0.44574102759361267
0.4457409679889679
0.44574102759361267
0.44574102759361267
0.4457409679889679
0.4457409977912903
0.4457409679889679
0.4457409381866455
0.4457409679889679
0.4457409679889679
0.4457409679889679
0.4457409679889679
0.44574102759361267
0.4457409679889679
0.4457409679889679
0.4457409381866455
0.4457409679889679
0.4457409381866455
0.4457409381866455
0.4457409679889679
0.4457409977912903
0.4457409381866455
0.4457409679889679
0.4457409083843231
0.4457409083843231
0.4457409083843231
0.44574087858200073
0.4457409083843231
0.4457409083843231
0.4457409381866455
0.44574087858200073
0.4457409083843231
0.44574087858200073
0.44574081897735596
0.4457409083843231
0.44574087858200073
0.4457409083843231
0.44574081897735596
0.44574087858200073
0.44574081897735596
0.44574087858200073
0.44574087858200073
0.44574087858200073
0.4457409083843231
0.44574078917503357
0.44574084877967834
0.44574081897735596
0.44574087858200073
0.44574084877967834
0.44574084877967834
0.44574084877967834
0.44574084877967834
0.44574081897735596
0.44574081897735596
0.44574084877967834
0.44574081897735596
0.44574087858200073
0.44574084877967834
0.44574078917503357
0.4457407593727112
0.44574078917503357
0.44574081897735596
0.44574078917503357
0.44574087858200073
0.44574078917503357
0.44574081897735596
0.44574078917503357
0.44574081897735596
0.44574078917503357
0.4457407593727112
0.44574078917503357
0.4457407593727112
0.4457407593727112
0.44574087858200073
0.4457407593727112
0.4457407295703888
0.4457407593727112
0.4457407295703888
0.4457407295703888
0.4457406997680664
0.4457406997680664
0.4457407295703888
0.4457407295703888
0.4457407295703888
0.4457407593727112
0.4457406997680664
0.4457406997680664
0.445740669965744
0.4457406997680664
0.4457407593727112
0.4457406997680664
0.4457407295703888
0.445740669965744
0.4457406997680664
0.4457406997680664
0.4457407295703888
0.445740669965744
0.44574061036109924
0.445740669965744
0.445740669965744
0.4457407295703888
0.4457407593727112
0.4457406997680664
0.44574064016342163
0.4457407593727112
0.4457406997680664
0.4457406997680664
0.4457406997680664
0.445740669965744
0.44574064016342163
0.44574064016342163
0.44574061036109924
0.445740669965744
0.44574064016342163
0.44574064016342163
0.44574064016342163
0.44574058055877686
0.4457406997680664
0.44574064016342163
0.445740669965744
0.44574058055877686
0.44574055075645447
0.44574061036109924
0.44574061036109924
0.445740669965744
0.44574058055877686
0.44574064016342163
0.44574061036109924
0.44574061036109924
0.44574058055877686
0.44574058055877686
0.44574055075645447
0.44574055075645447
0.44574055075645447
0.44574061036109924
0.44574058055877686
0.44574055075645447
0.44574061036109924
0.44574061036109924
0.44574058055877686
0.44574055075645447
0.4457405209541321
0.44574058055877686
0.44574058055877686
0.44574058055877686
0.44574058055877686
0.4457405209541321
0.44574055075645447
0.4457405209541321
0.44574058055877686
0.4457405209541321
0.44574058055877686
0.44574055075645447
0.44574055075645447
0.4457405209541321
0.4457405209541321
0.4457405209541321
0.4457405209541321
0.44574055075645447
0.4457405209541321
0.44574058055877686
0.4457405209541321
0.4457405209541321
0.4457405209541321
0.4457404911518097
0.4457404613494873
0.44574055075645447
0.4457405209541321
0.44574055075645447
0.44574055075645447
0.4457405209541321
0.4457405209541321
0.4457404911518097
0.4457404911518097
0.4457405209541321
0.4457405209541321
0.4457404911518097
0.4457404911518097
0.4457405209541321
0.4457405209541321
0.4457404613494873
0.4457404911518097
0.4457404911518097
0.4457404613494873
0.4457404613494873
0.4457405209541321
0.44574040174484253
0.44574040174484253
0.4457404911518097
0.4457404315471649
0.44574040174484253
0.4457404613494873
0.4457404315471649
0.4457404315471649
0.4457404315471649
0.4457404315471649
0.4457404315471649
0.44574040174484253
0.44574040174484253
0.44574040174484253
0.4457404315471649
0.44574037194252014
0.4457405209541321
0.44574037194252014
0.44574034214019775
0.44574037194252014
0.4457404315471649
0.44574034214019775
0.44574034214019775
0.44574034214019775
0.44574040174484253
0.44574040174484253
0.44574034214019775
0.44574034214019775
0.44574040174484253
0.44574037194252014
0.44574040174484253
0.44574037194252014
0.44574034214019775
0.44574040174484253
0.44574037194252014
0.44574034214019775
0.44574037194252014
0.44574034214019775
0.44574031233787537
0.44574037194252014
0.44574037194252014
0.44574034214019775
0.44574034214019775
0.445740282535553
0.44574031233787537
0.44574037194252014
0.44574034214019775
0.44574034214019775
0.445740282535553
0.44574031233787537
0.44574031233787537
0.44574031233787537
0.4457402527332306
0.44574031233787537
0.445740282535553
0.44574031233787537
0.44574031233787537
0.4457402527332306
0.4457402527332306
0.44574031233787537
0.44574031233787537
0.445740282535553
0.4457402527332306
0.44574031233787537
0.4457402527332306
0.4457402229309082
0.4457402229309082
0.4457402229309082
0.4457402527332306
0.44574031233787537
0.4457401931285858
0.4457401633262634
0.4457402229309082
0.4457402229309082
0.445740282535553
0.4457402229309082
0.4457402229309082
0.4457401931285858
0.4457402229309082
0.44574034214019775
0.4457402229309082
0.4457402527332306
0.4457402229309082
0.4457401931285858
0.4457401931285858
0.4457401633262634
0.4457402527332306
0.4457402229309082
0.44574013352394104
0.4457401931285858
0.4457401633262634
0.4457401931285858
0.44574013352394104
0.4457402527332306
0.4457401931285858
0.4457401931285858
0.4457402229309082
0.44574013352394104
0.4457402229309082
0.4457401633262634
0.4457401633262634
0.44574013352394104
0.4457401633262634
0.4457402229309082
0.44574007391929626
0.44574013352394104
0.44574013352394104
0.44574010372161865
0.44574010372161865
0.44574013352394104
0.44574013352394104
0.4457401633262634
0.4457401633262634
0.44574010372161865
0.4457401633262634
0.44574010372161865
0.44574013352394104
0.44574013352394104
0.44574013352394104
0.44574013352394104
0.4457400441169739
0.4457400441169739
0.44574007391929626
0.44574010372161865
0.44574007391929626
0.44574013352394104
0.4457400441169739
0.4457400441169739
0.44574010372161865
0.4457400143146515
0.44574007391929626
0.44574007391929626
0.4457400441169739
0.44574010372161865
0.4457400143146515
0.44574007391929626
0.44574013352394104
0.4457400143146515
0.4457400441169739
0.4457400441169739
0.4457400441169739
0.4457400143146515
0.4457400143146515
0.4457400143146515
0.44574013352394104
0.4457400143146515
0.4457399845123291
0.4457400441169739
0.4457400143146515
0.44574007391929626
0.4457400143146515
0.4457399845123291
0.4457399845123291
0.4457400143146515
0.4457400441169739
0.4457400441169739
0.4457400143146515
0.4457399845123291
0.4457399845123291
0.4457400143146515
0.4457399845123291
0.4457399845123291
0.4457399845123291
0.4457399547100067
0.4457399845123291
0.4457400143146515
0.4457399845123291
0.4457400143146515
0.4457399547100067
0.4457399547100067
0.4457399845123291
0.4457399547100067
0.4457399845123291
0.4457399845123291
0.4457399249076843
0.4457399249076843
0.4457399249076843
0.4457399249076843
0.4457399547100067
0.44573989510536194
0.4457399547100067
0.4457399547100067
0.44573989510536194
0.4457399547100067
0.44573986530303955
0.44573989510536194
0.4457399547100067
0.44573989510536194
0.44573989510536194
0.4457399249076843
0.4457399547100067
0.44573989510536194
0.4457399547100067
0.44573986530303955
0.4457399249076843
0.44573986530303955
0.44573986530303955
0.44573986530303955
0.4457399249076843
0.44573983550071716
0.4457399249076843
0.44573989510536194
0.4457399249076843
0.44573986530303955
0.44573986530303955
0.44573983550071716
0.4457398056983948
0.44573983550071716
0.44573983550071716
0.44573983550071716
0.44573983550071716
0.4457398056983948
0.44573986530303955
0.4457398056983948
0.4457398056983948
0.44573983550071716
0.4457398056983948
0.4457398056983948
0.4457398056983948
0.44573986530303955
0.4457398056983948
0.4457398056983948
0.4457398056983948
0.4457397758960724
0.44573983550071716
0.44573974609375
0.4457398056983948
0.44573986530303955
0.44573986530303955
0.4457398056983948
0.4457397758960724
0.4457397758960724
0.4457397758960724
0.44573983550071716
0.44573983550071716
0.44573974609375
0.4457397758960724
0.44573974609375
0.44573986530303955
0.44573974609375
0.44573986530303955
0.44573974609375
0.44573974609375
0.4457397162914276
0.4457397758960724
0.4457398056983948
0.4457397162914276
0.44573974609375
0.4457396864891052
0.4457397162914276
0.4457397162914276
0.4457397162914276
0.4457396864891052
0.4457397162914276
0.44573974609375
0.4457396864891052
0.4457396864891052
0.4457396864891052
0.44573962688446045
0.44573965668678284
0.4457396864891052
0.4457396864891052
0.4457397162914276
0.44573965668678284
0.4457397162914276
0.44573965668678284
0.4457396864891052
0.4457396864891052
0.44573962688446045
0.4457396864891052
0.44573965668678284
0.44573962688446045
0.44573965668678284
0.4457396864891052
0.44573962688446045
0.44573959708213806
0.44573965668678284
0.44573959708213806
0.44573959708213806
0.44573959708213806
0.44573965668678284
0.44573965668678284
0.44573962688446045
0.4457395672798157
0.44573962688446045
0.44573965668678284
0.4457395672798157
0.44573965668678284
0.44573965668678284
0.44573965668678284
0.44573959708213806
0.44573959708213806
0.4457395672798157
0.44573962688446045
0.4457395672798157
0.44573962688446045
0.44573962688446045
0.4457395672798157
0.4457395672798157
0.4457395672798157
0.44573959708213806
0.44573959708213806
0.4457395374774933
0.4457395076751709
0.4457395672798157
0.4457395374774933
0.44573959708213806
0.44573959708213806
0.4457395672798157
0.4457395076751709
0.4457395076751709
0.44573962688446045
0.4457395076751709
0.44573962688446045
0.44573959708213806
0.44573965668678284
0.4457395374774933
0.44573959708213806
0.4457395374774933
0.4457395076751709
0.4457395076751709
0.4457395076751709
0.4457395672798157
0.4457395076751709
0.4457395076751709
0.4457394778728485
0.4457395076751709
0.4457394778728485
0.4457394778728485
0.4457394778728485
0.4457395076751709
0.4457395076751709
0.4457394778728485
0.4457394778728485
0.4457394778728485
0.4457395076751709
0.4457394778728485
0.4457394778728485
0.4457394480705261
0.4457394778728485
0.4457394480705261
0.4457394778728485
0.4457394480705261
0.4457394778728485
0.4457394778728485
0.4457394778728485
0.4457395076751709
0.4457394778728485
0.4457394480705261
0.4457395076751709
0.4457394778728485
0.4457394778728485
0.4457394778728485
0.44573938846588135
0.44573938846588135
0.4457394480705261
0.44573941826820374
0.4457394480705261
0.44573938846588135
0.4457394480705261
0.44573938846588135
0.44573941826820374
0.4457394778728485
0.44573941826820374
0.44573938846588135
0.44573938846588135
0.44573938846588135
0.44573941826820374
0.44573938846588135
0.44573938846588135
0.44573938846588135
0.4457393288612366
0.44573935866355896
0.44573938846588135
0.44573938846588135
0.4457393288612366
0.44573938846588135
0.4457393288612366
0.44573938846588135
0.44573935866355896
0.44573935866355896
0.4457392990589142
0.44573935866355896
0.4457392990589142
0.4457393288612366
0.4457393288612366
0.4457392990589142
0.4457393288612366
0.4457392990589142
0.4457392990589142
0.4457393288612366
0.4457392990589142
0.4457392990589142
0.44573935866355896
0.4457393288612366
0.4457392692565918
0.4457392990589142
0.44573938846588135
0.4457393288612366
0.4457392692565918
0.4457392990589142
0.4457392394542694
0.4457392692565918
0.4457392990589142
0.445739209651947
0.4457392394542694
0.4457392990589142
0.4457392692565918
0.4457392990589142
0.4457392692565918
0.4457392692565918
0.4457392394542694
0.4457392990589142
0.4457392394542694
0.445739209651947
0.445739209651947
0.4457392394542694
0.4457392692565918
0.4457392394542694
0.445739209651947
0.445739209651947
0.4457392394542694
0.44573917984962463
0.4457392394542694
0.4457392394542694
0.445739209651947
0.445739209651947
0.44573917984962463
0.445739209651947
0.445739209651947
0.4457392394542694
0.445739209651947
0.445739209651947
0.4457392394542694
0.4457392990589142
0.4457392394542694
0.44573917984962463
0.44573915004730225
0.44573917984962463
0.44573912024497986
0.445739209651947
0.44573912024497986
0.44573917984962463
0.44573917984962463
0.44573915004730225
0.44573909044265747
0.44573917984962463
0.44573912024497986
0.44573915004730225
0.44573917984962463
0.44573915004730225
0.44573912024497986
0.44573912024497986
0.44573912024497986
0.44573909044265747
0.44573909044265747
0.44573912024497986
0.44573912024497986
0.4457390606403351
0.44573909044265747
0.44573912024497986
0.44573909044265747
0.44573909044265747
0.44573912024497986
0.4457390606403351
0.44573912024497986
0.44573909044265747
0.44573909044265747
0.44573912024497986
0.4457390606403351
0.44573912024497986
0.44573912024497986
0.4457390606403351
0.4457390606403351
0.44573909044265747
0.4457390606403351
0.4457390606403351
0.4457390308380127
0.4457390606403351
0.4457390606403351
0.4457390308380127
0.44573909044265747
0.4457390010356903
0.44573909044265747
0.4457390010356903
0.4457390308380127
0.44573909044265747
0.4457389712333679
0.4457390010356903
0.44573912024497986
0.4457389712333679
0.4457390308380127
0.4457390606403351
0.4457389712333679
0.44573909044265747
0.4457390010356903
0.4457389712333679
0.4457390010356903
0.4457389712333679
0.4457389712333679
0.4457389712333679
0.4457390010356903
0.4457390010356903
0.4457390010356903
0.4457389712333679
0.4457389712333679
0.4457389712333679
0.4457389712333679
0.4457389712333679
0.4457390010356903
0.44573894143104553
0.4457389712333679
0.44573891162872314
0.44573891162872314
0.4457389712333679
0.4457389712333679
0.44573894143104553
0.4457389712333679
0.4457389712333679
0.4457389712333679
0.4457389712333679
0.4457389712333679
0.4457389712333679
0.4457389712333679
0.44573888182640076
0.44573894143104553
0.4457389712333679
0.44573894143104553
0.44573891162872314
0.4457389712333679
0.4457389712333679
0.44573891162872314
0.4457389712333679
0.44573891162872314
0.44573894143104553
0.44573891162872314
0.4457389712333679
0.44573885202407837
0.44573894143104553
0.44573891162872314
0.44573885202407837
0.4457387924194336
0.44573885202407837
0.44573885202407837
0.44573888182640076
0.44573888182640076
0.44573891162872314
0.44573888182640076
0.44573885202407837
0.445738822221756
0.44573888182640076
0.445738822221756
0.44573885202407837
0.4457387924194336
0.445738822221756
0.44573888182640076
0.44573891162872314
0.44573885202407837
0.44573885202407837
0.4457387924194336
0.44573888182640076
0.44573885202407837
0.4457387626171112
0.44573885202407837
0.445738822221756
0.445738822221756
0.44573885202407837
0.44573885202407837
0.445738822221756
0.44573885202407837
0.44573888182640076
0.44573885202407837
0.4457387924194336
0.4457387924194336
0.4457387626171112
0.4457387924194336
0.4457387626171112
0.4457387626171112
0.4457387328147888
0.4457387626171112
0.4457387328147888
0.445738822221756
0.4457387924194336
0.4457387328147888
0.44573870301246643
0.4457387328147888
0.4457387328147888
0.4457387626171112
0.4457387328147888
0.4457387626171112
0.4457387626171112
0.4457387328147888
0.44573867321014404
0.4457387328147888
0.4457387626171112
0.445738822221756
0.44573870301246643
0.4457387328147888
0.44573870301246643
0.44573870301246643
0.4457387328147888
0.4457387328147888
0.44573867321014404
0.44573870301246643
0.4457387924194336
0.4457387328147888
0.44573870301246643
0.4457387328147888
0.44573870301246643
0.44573867321014404
0.44573870301246643
0.4457387328147888
0.44573870301246643
0.44573861360549927
0.44573870301246643
0.44573867321014404
0.44573867321014404
0.44573861360549927
0.44573861360549927
0.44573864340782166
0.44573864340782166
0.44573861360549927
0.44573864340782166
0.44573867321014404
0.44573861360549927
0.44573864340782166
0.44573864340782166
0.44573861360549927
0.4457385838031769
0.44573861360549927
0.44573864340782166
0.44573864340782166
0.44573867321014404
0.44573861360549927
0.44573861360549927
0.44573864340782166
0.4457385838031769
0.4457385540008545
0.44573864340782166
0.44573861360549927
0.4457387626171112
0.4457385540008545
0.4457385838031769
0.44573864340782166
0.44573861360549927
0.4457385540008545
0.4457385540008545
0.4457385838031769
0.4457385540008545
0.4457385838031769
0.4457385838031769
0.4457385540008545
0.4457384943962097
0.4457385540008545
0.4457385241985321
0.4457385241985321
0.4457385838031769
0.4457385241985321
0.4457384943962097
0.4457384943962097
0.44573846459388733
0.4457384943962097
0.4457385241985321
0.44573864340782166
0.4457385241985321
0.4457384943962097
0.4457384943962097
0.4457384943962097
0.44573846459388733
0.4457385241985321
0.4457384943962097
0.4457384943962097
0.44573846459388733
0.4457384943962097
0.4457384943962097
0.44573843479156494
0.4457385241985321
0.44573846459388733
0.44573846459388733
0.44573840498924255
0.44573846459388733
0.44573846459388733
0.44573846459388733
0.44573846459388733
0.44573846459388733
0.4457384943962097
0.44573846459388733
0.44573846459388733
0.44573846459388733
0.44573846459388733
0.4457385540008545
0.44573846459388733
0.44573846459388733
0.44573846459388733
0.44573843479156494
0.44573846459388733
0.44573846459388733
0.44573840498924255
0.44573846459388733
0.44573837518692017
0.44573840498924255
0.44573843479156494
0.4457385540008545
0.44573846459388733
0.44573840498924255
0.44573837518692017
0.44573840498924255
0.44573846459388733
0.44573837518692017
0.44573840498924255
0.44573843479156494
0.44573837518692017
0.44573843479156494
0.44573843479156494
0.4457383453845978
0.44573843479156494
0.44573840498924255
0.44573837518692017
0.44573840498924255
0.4457383453845978
0.44573843479156494
0.44573837518692017
0.44573837518692017
0.44573843479156494
0.44573846459388733
0.4457383453845978
0.4457383453845978
0.44573840498924255
0.4457383155822754
0.4457383155822754
0.445738285779953
0.44573837518692017
0.4457383155822754
0.4457383453845978
0.4457383155822754
0.4457383453845978
0.4457382559776306
0.4457383155822754
0.4457383155822754
0.445738285779953
0.445738285779953
0.4457383155822754
0.4457383155822754
0.4457383453845978
0.4457383453845978
0.4457382261753082
0.445738285779953
0.4457383155822754
0.44573819637298584
0.4457383155822754
0.4457382559776306
0.445738285779953
0.4457383453845978
0.445738285779953
0.4457382559776306
0.4457382261753082
0.4457382261753082
0.4457382559776306
0.445738285779953
0.4457383155822754
0.4457382261753082
0.445738285779953
0.4457382559776306
0.44573819637298584
0.4457382559776306
0.4457382261753082
0.44573816657066345
0.44573819637298584
0.44573819637298584
0.4457382559776306
0.4457382261753082
0.4457382261753082
0.44573816657066345
0.44573819637298584
0.4457382261753082
0.44573819637298584
0.44573819637298584
0.44573819637298584
0.44573819637298584
0.44573816657066345
0.44573816657066345
0.44573816657066345
0.44573813676834106
0.44573813676834106
0.44573816657066345
0.44573816657066345
0.4457381069660187
0.44573813676834106
0.44573816657066345
0.4457381069660187
0.44573819637298584
0.4457381069660187
0.44573816657066345
0.44573819637298584
0.44573816657066345
0.44573819637298584
0.44573816657066345
0.44573813676834106
0.44573813676834106
0.4457381069660187
0.4457380771636963
0.4457381069660187
0.44573813676834106
0.4457380771636963
0.44573813676834106
0.4457381069660187
0.4457381069660187
0.4457380771636963
0.44573813676834106
0.44573813676834106
0.4457380771636963
0.4457380771636963
0.4457380771636963
0.4457381069660187
0.4457381069660187
0.4457381069660187
0.4457381069660187
0.4457380473613739
0.4457381069660187
0.4457381069660187
0.4457380473613739
0.4457380473613739
0.4457380473613739
0.4457380175590515
0.4457380175590515
0.4457380175590515
0.4457380175590515
0.4457380473613739
0.4457380473613739
0.4457380473613739
0.4457380175590515
0.4457380473613739
0.4457380175590515
0.4457380771636963
0.4457379877567291
0.4457380473613739
0.4457379877567291
0.4457380473613739
0.44573795795440674
0.4457380771636963
0.4457379877567291
0.4457379877567291
0.44573795795440674
0.4457379877567291
0.4457379877567291
0.4457379877567291
0.4457380175590515
0.4457379877567291
0.44573795795440674
0.44573792815208435
0.4457379877567291
0.44573792815208435
0.4457379877567291
0.44573795795440674
0.4457380175590515
0.4457380175590515
0.4457379877567291
0.4457380175590515
0.44573795795440674
0.44573792815208435
0.44573795795440674
0.4457379877567291
0.44573795795440674
0.44573792815208435
0.44573795795440674
0.4457379877567291
0.44573789834976196
0.44573792815208435
0.44573789834976196
0.44573792815208435
0.44573789834976196
0.44573789834976196
0.44573792815208435
0.44573792815208435
0.44573792815208435
0.44573789834976196
0.44573789834976196
0.44573789834976196
0.4457378685474396
0.44573789834976196
0.44573789834976196
0.44573792815208435
0.4457378685474396
0.4457378685474396
0.44573789834976196
0.4457378685474396
0.44573792815208435
0.44573789834976196
0.4457378089427948
0.44573789834976196
0.4457378387451172
0.4457378387451172
0.44573792815208435
0.4457378089427948
0.4457378685474396
0.44573792815208435
0.4457378089427948
0.44573792815208435
0.4457378685474396
0.4457378685474396
0.4457378387451172
0.4457378685474396
0.44573792815208435
0.4457378089427948
0.4457378387451172
0.4457377791404724
0.4457378387451172
0.4457378387451172
0.4457378685474396
0.4457378387451172
0.4457377791404724
0.4457377791404724
0.4457378685474396
0.4457378089427948
0.4457378089427948
0.4457377791404724
0.4457378387451172
0.4457377791404724
0.4457378089427948
0.44573774933815
0.44573774933815
0.44573774933815
0.44573774933815
0.4457377791404724
0.4457378089427948
0.44573774933815
0.44573774933815
0.44573771953582764
0.44573774933815
0.44573774933815
0.44573771953582764
0.44573774933815
0.4457378089427948
0.4457377791404724
0.44573774933815
0.44573774933815
0.44573774933815
0.44573768973350525
0.44573774933815
0.44573774933815
0.44573768973350525
0.4457377791404724
0.44573771953582764
0.44573771953582764
0.44573768973350525
0.44573768973350525
0.44573771953582764
0.44573765993118286
0.44573765993118286
0.44573771953582764
0.44573771953582764
0.4457376301288605
0.44573768973350525
0.44573768973350525
0.44573765993118286
0.44573768973350525
0.44573765993118286
0.44573768973350525
0.4457376301288605
0.44573768973350525
0.4457376301288605
0.44573774933815
0.44573774933815
0.44573765993118286
0.44573765993118286
0.44573765993118286
0.4457376003265381
0.4457376003265381
0.4457376301288605
0.44573768973350525
0.44573771953582764
0.4457376003265381
0.4457376301288605
0.4457376003265381
0.44573768973350525
0.4457376003265381
0.4457375705242157
0.4457376003265381
0.4457376003265381
0.44573765993118286
0.4457376003265381
0.4457376003265381
0.4457375705242157
0.4457376003265381
0.4457375705242157
0.4457375705242157
0.4457375705242157
0.4457376003265381
0.4457375705242157
0.4457375109195709
0.4457375705242157
0.4457376003265381
0.4457375705242157
0.4457375407218933
0.4457375705242157
0.4457375705242157
0.4457375705242157
0.4457376003265381
0.4457376003265381
0.4457375407218933
0.4457375407218933
0.4457375407218933
0.44573748111724854
0.4457375705242157
0.4457375109195709
0.4457376003265381
0.4457375407218933
0.44573748111724854
0.4457375407218933
0.4457375407218933
0.44573748111724854
0.4457375407218933
0.44573745131492615
0.44573745131492615
0.4457375109195709
0.4457375109195709
0.44573745131492615
0.4457375705242157
0.4457375109195709
0.44573748111724854
0.44573748111724854
0.44573748111724854
0.44573748111724854
0.44573748111724854
0.44573748111724854
0.44573745131492615
0.44573745131492615
0.44573745131492615
0.44573742151260376
0.4457375109195709
0.44573742151260376
0.44573742151260376
0.44573748111724854
0.44573745131492615
0.44573742151260376
0.4457375109195709
0.44573742151260376
0.44573742151260376
0.44573742151260376
0.44573742151260376
0.44573742151260376
0.44573745131492615
0.44573742151260376
0.44573739171028137
0.44573742151260376
0.44573742151260376
0.44573742151260376
0.44573748111724854
0.44573742151260376
0.44573742151260376
0.44573742151260376
0.44573739171028137
0.44573739171028137
0.44573742151260376
0.44573742151260376
0.4457373321056366
0.445737361907959
0.44573742151260376
0.44573739171028137
0.44573739171028137
0.44573739171028137
0.44573739171028137
0.44573742151260376
0.4457373321056366
0.445737361907959
0.445737361907959
0.44573739171028137
0.445737361907959
0.4457373023033142
0.445737361907959
0.4457373023033142
0.4457373321056366
0.445737361907959
0.44573742151260376
0.44573739171028137
0.4457373023033142
0.44573739171028137
0.445737361907959
0.4457373321056366
0.4457373023033142
0.4457373321056366
0.4457373321056366
0.44573724269866943
0.4457373321056366
0.44573742151260376
0.4457373321056366
0.4457373023033142
0.4457373321056366
0.4457373023033142
0.4457372725009918
0.4457373023033142
0.4457373023033142
0.4457373023033142
0.4457372725009918
0.4457373023033142
0.4457373023033142
0.445737361907959
0.4457372725009918
0.4457372725009918
0.44573721289634705
0.44573721289634705
0.44573721289634705
0.44573721289634705
0.4457372725009918
0.44573721289634705
0.44573724269866943
0.44573721289634705
0.44573715329170227
0.44573724269866943
0.44573721289634705
0.44573724269866943
0.44573718309402466
0.44573724269866943
0.4457372725009918
0.44573721289634705
0.4457371234893799
0.44573721289634705
0.44573721289634705
0.44573718309402466
0.44573724269866943
0.44573721289634705
0.44573721289634705
0.44573718309402466
0.44573715329170227
0.44573715329170227
0.44573715329170227
0.44573715329170227
0.44573718309402466
0.44573718309402466
0.44573718309402466
0.44573721289634705
0.44573718309402466
0.44573724269866943
0.44573715329170227
0.44573718309402466
0.44573715329170227
0.44573715329170227
0.44573718309402466
0.4457371234893799
0.4457370936870575
0.4457371234893799
0.44573715329170227
0.4457371234893799
0.4457370638847351
0.4457370936870575
0.4457371234893799
0.4457370936870575
0.4457371234893799
0.4457371234893799
0.4457370936870575
0.4457370936870575
0.44573715329170227
0.4457371234893799
0.44573718309402466
0.44573715329170227
0.4457370638847351
0.4457370936870575
0.4457370638847351
0.4457370936870575
0.4457370936870575
0.4457371234893799
0.4457370638847351
0.4457370638847351
0.4457371234893799
0.4457370638847351
0.4457370936870575
0.4457370638847351
0.4457370936870575
0.44573700428009033
0.4457370638847351
0.4457370638847351
0.4457370936870575
0.4457370340824127
0.4457370340824127
0.4457370638847351
0.4457370936870575
0.4457370340824127
0.44573700428009033
0.44573697447776794
0.4457370638847351
0.44573697447776794
0.44573700428009033
0.4457370638847351
0.44573700428009033
0.44573697447776794
0.44573697447776794
0.44573700428009033
0.4457370638847351
0.44573700428009033
0.44573697447776794
0.4457370638847351
0.44573700428009033
0.44573697447776794
0.44573697447776794
0.4457370340824127
0.44573697447776794
0.44573700428009033
0.44573694467544556
0.44573694467544556
0.44573694467544556
0.44573691487312317
0.44573697447776794
0.44573694467544556
0.44573694467544556
0.44573694467544556
0.44573694467544556
0.44573697447776794
0.44573694467544556
0.44573694467544556
0.44573691487312317
0.44573691487312317
0.44573691487312317
0.44573694467544556
0.44573691487312317
0.44573691487312317
0.44573691487312317
0.44573691487312317
0.44573691487312317
0.44573691487312317
0.44573694467544556
0.445736825466156
0.44573691487312317
0.44573691487312317
0.44573691487312317
0.4457368850708008
0.4457368850708008
0.4457368850708008
0.44573691487312317
0.4457368850708008
0.44573691487312317
0.4457368552684784
0.44573691487312317
0.44573691487312317
0.44573691487312317
0.44573691487312317
0.4457368552684784
0.445736825466156
0.4457368552684784
0.445736825466156
0.4457368850708008
0.4457368850708008
0.445736825466156
0.4457367956638336
0.445736825466156
0.445736825466156
0.445736825466156
0.445736825466156
0.4457368850708008
0.4457368552684784
0.4457368552684784
0.4457368552684784
0.4457368552684784
0.445736825466156
0.445736825466156
0.445736825466156
0.4457367956638336
0.4457368552684784
0.4457368552684784
0.4457368850708008
0.445736825466156
0.4457368552684784
0.445736825466156
0.4457367956638336
0.44573676586151123
0.44573673605918884
0.44573676586151123
0.44573673605918884
0.4457367956638336
0.44573676586151123
0.4457367956638336
0.44573676586151123
0.44573676586151123
0.44573676586151123
0.445736825466156
0.44573676586151123
0.445736825466156
0.44573676586151123
0.445736825466156
0.44573670625686646
0.44573676586151123
0.44573670625686646
0.44573673605918884
0.44573673605918884
0.44573676586151123
0.44573676586151123
0.44573673605918884
0.44573676586151123
0.44573673605918884
0.44573676586151123
0.44573670625686646
0.44573670625686646
0.44573667645454407
0.44573673605918884
0.44573670625686646
0.44573670625686646
0.4457366168498993
0.4457366466522217
0.44573673605918884
0.44573670625686646
0.4457366466522217
0.44573667645454407
0.44573667645454407
0.44573676586151123
0.4457366466522217
0.44573667645454407
0.4457366168498993
0.44573676586151123
0.44573670625686646
0.4457366466522217
0.4457366466522217
0.4457366466522217
0.4457366168498993
0.4457366466522217
0.4457366466522217
0.4457366168498993
0.4457366168498993
0.44573667645454407
0.44573667645454407
0.44573667645454407
0.4457366168498993
0.4457366168498993
0.4457365870475769
0.4457365870475769
0.4457366466522217
0.4457366168498993
0.4457366168498993
0.4457366168498993
0.4457365870475769
0.4457366466522217
0.4457366168498993
0.4457366466522217
0.44573652744293213
0.4457365572452545
0.4457365572452545
0.4457366168498993
0.4457365870475769
0.4457365572452545
0.44573652744293213
0.4457365572452545
0.4457366168498993
0.44573652744293213
0.44573649764060974
0.4457365870475769
0.44573652744293213
0.4457365572452545
0.44573649764060974
0.4457365572452545
0.44573652744293213
0.4457365572452545
0.44573649764060974
0.4457365870475769
0.44573646783828735
0.4457365572452545
0.44573649764060974
0.44573649764060974
0.4457365572452545
0.4457365572452545
0.44573649764060974
0.4457365572452545
0.44573649764060974
0.44573646783828735
0.44573643803596497
0.4457366168498993
0.44573649764060974
0.44573646783828735
0.44573646783828735
0.44573646783828735
0.44573646783828735
0.44573649764060974
0.44573646783828735
0.44573646783828735
0.44573646783828735
0.44573649764060974
0.44573646783828735
0.44573646783828735
0.44573649764060974
0.4457364082336426
0.44573643803596497
0.44573643803596497
0.44573643803596497
0.4457364082336426
0.4457364082336426
0.44573643803596497
0.44573646783828735
0.44573643803596497
0.4457364082336426
0.44573643803596497
0.44573643803596497
0.44573643803596497
0.44573646783828735
0.44573643803596497
0.4457363784313202
0.4457363784313202
0.44573643803596497
0.44573643803596497
0.44573643803596497
0.44573643803596497
0.4457364082336426
0.4457363784313202
0.4457363784313202
0.4457363784313202
0.4457363784313202
0.4457363784313202
0.4457363784313202
0.4457363486289978
0.4457363784313202
0.4457363784313202
0.4457363784313202
0.4457363486289978
0.4457363784313202
0.4457364082336426
0.4457363784313202
0.4457363486289978
0.4457363784313202
0.4457363486289978
0.4457363486289978
0.4457363784313202
0.4457363486289978
0.4457363784313202
0.4457363486289978
0.4457363188266754
0.4457363784313202
0.4457363486289978
0.4457363188266754
0.4457363486289978
0.4457363188266754
0.4457363784313202
0.445736289024353
0.4457363188266754
0.445736289024353
0.4457363188266754
0.4457363486289978
0.4457363486289978
0.44573625922203064
0.4457363188266754
0.4457363188266754
0.445736289024353
0.445736289024353
0.445736289024353
0.4457363188266754
0.44573625922203064
0.44573625922203064
0.445736289024353
0.44573625922203064
0.4457363188266754
0.445736289024353
0.44573622941970825
0.44573625922203064
0.44573625922203064
0.44573625922203064
0.44573622941970825
0.44573625922203064
0.44573625922203064
0.4457363486289978
0.44573625922203064
0.445736289024353
0.44573622941970825
0.44573622941970825
0.44573622941970825
0.44573625922203064
0.44573619961738586
0.44573622941970825
0.44573625922203064
0.44573622941970825
0.44573622941970825
0.44573619961738586
0.4457361698150635
0.4457361698150635
0.44573625922203064
0.445736289024353
0.44573619961738586
0.4457361698150635
0.4457361698150635
0.44573619961738586
0.4457361698150635
0.44573625922203064
0.44573619961738586
0.4457361400127411
0.4457361698150635
0.4457361698150635
0.4457361698150635
0.4457361698150635
0.4457360804080963
0.4457361698150635
0.4457361400127411
0.4457361698150635
0.4457361400127411
0.4457361400127411
0.4457361102104187
0.4457361102104187
0.44573622941970825
0.4457361400127411
0.4457361400127411
0.44573619961738586
0.4457361400127411
0.4457361102104187
0.4457361400127411
0.4457360804080963
0.4457361102104187
0.4457361400127411
0.4457361400127411
0.4457361102104187
0.4457360506057739
0.4457360804080963
0.4457360804080963
0.4457361400127411
0.4457361698150635
0.4457361102104187
0.4457360804080963
0.4457361102104187
0.4457361102104187
0.4457360804080963
0.4457360506057739
0.44573602080345154
0.44573602080345154
0.4457361400127411
0.44573602080345154
0.4457361400127411
0.4457360506057739
0.4457360506057739
0.4457360506057739
0.44573602080345154
0.44573602080345154
0.44573599100112915
0.4457360506057739
0.44573602080345154
0.4457360804080963
0.44573599100112915
0.4457360506057739
0.44573602080345154
0.44573599100112915
0.44573602080345154
0.44573596119880676
0.44573602080345154
0.4457360506057739
0.44573602080345154
0.4457360506057739
0.4457360506057739
0.44573602080345154
0.4457359313964844
0.44573602080345154
0.44573599100112915
0.4457360506057739
0.4457360506057739
0.44573596119880676
0.44573599100112915
0.44573596119880676
0.44573596119880676
0.44573602080345154
0.44573596119880676
0.44573599100112915
0.44573596119880676
0.44573596119880676
0.4457359313964844
0.44573596119880676
0.445735901594162
0.44573602080345154
0.445735901594162
0.4457359313964844
0.4457359313964844
0.4457359313964844
0.4457358717918396
0.445735901594162
0.4457359313964844
0.445735901594162
0.4457358717918396
0.445735901594162
0.445735901594162
0.44573596119880676
0.445735901594162
0.445735901594162
0.44573596119880676
0.4457359313964844
0.44573596119880676
0.4457359313964844
0.4457359313964844
0.4457358717918396
0.4457358717918396
0.445735901594162
0.4457358717918396
0.445735901594162
0.4457358717918396
0.445735901594162
0.4457358717918396
0.4457358717918396
0.4457358121871948
0.4457358717918396
0.4457358717918396
0.4457358717918396
0.4457358717918396
0.4457358717918396
0.4457358717918396
0.4457358419895172
0.4457358717918396
0.4457358121871948
0.4457358121871948
0.4457358121871948
0.4457358419895172
0.4457358419895172
0.4457358419895172
0.4457358121871948
0.4457358121871948
0.4457358717918396
0.4457358717918396
0.4457358419895172
0.4457358717918396
0.4457358419895172
0.44573572278022766
0.4457358419895172
0.44573578238487244
0.44573578238487244
0.4457358419895172
0.44573575258255005
0.4457358419895172
0.4457358121871948
0.44573575258255005
0.44573578238487244
0.44573578238487244
0.44573578238487244
0.4457358419895172
0.44573572278022766
0.4457358419895172
0.44573578238487244
0.4457358121871948
0.44573575258255005
0.44573575258255005
0.44573572278022766
0.44573578238487244
0.4457358121871948
0.44573578238487244
0.4457356929779053
0.44573575258255005
0.4457358121871948
0.44573575258255005
0.44573575258255005
0.44573575258255005
0.44573575258255005
0.44573575258255005
0.4457356929779053
0.44573572278022766
0.4457356929779053
0.44573572278022766
0.44573572278022766
0.4457356929779053
0.44573572278022766
0.44573572278022766
0.4457356929779053
0.4457356929779053
0.4457356929779053
0.4457356929779053
0.4457356631755829
0.44573572278022766
0.44573572278022766
0.4457356333732605
0.4457356929779053
0.44573572278022766
0.44573572278022766
0.4457356631755829
0.4457356631755829
0.4457356333732605
0.4457356333732605
0.4457356333732605
0.4457356333732605
0.4457356035709381
0.4457356631755829
0.4457356631755829
0.4457356333732605
0.4457356333732605
0.4457356631755829
0.4457356333732605
0.4457356333732605
0.4457356035709381
0.4457356035709381
0.4457356035709381
0.4457355737686157
0.4457356035709381
0.4457356333732605
0.4457356035709381
0.4457355737686157
0.4457356035709381
0.4457355737686157
0.4457356035709381
0.4457356035709381
0.44573551416397095
0.4457355737686157
0.4457355737686157
0.44573554396629333
0.4457356035709381
0.4457355737686157
0.44573554396629333
0.4457355737686157
0.44573554396629333
0.4457356035709381
0.44573554396629333
0.44573548436164856
0.4457355737686157
0.44573551416397095
0.44573554396629333
0.4457356035709381
0.44573551416397095
0.44573548436164856
0.44573548436164856
0.44573554396629333
0.44573554396629333
0.44573548436164856
0.44573554396629333
0.44573551416397095
0.44573551416397095
0.44573554396629333
0.44573545455932617
0.44573548436164856
0.44573548436164856
0.44573548436164856
0.44573551416397095
0.44573548436164856
0.44573548436164856
0.44573551416397095
0.4457356035709381
0.44573548436164856
0.4457356333732605
0.44573551416397095
0.44573551416397095
0.44573551416397095
0.44573545455932617
0.44573551416397095
0.4457354247570038
0.44573545455932617
0.4457354247570038
0.44573548436164856
0.4457353949546814
0.4457354247570038
0.44573545455932617
0.44573545455932617
0.4457353949546814
0.4457353949546814
0.4457353949546814
0.44573545455932617
0.44573554396629333
0.4457354247570038
0.4457353949546814
0.4457353949546814
0.4457353949546814
0.4457353949546814
0.4457354247570038
0.4457353949546814
0.4457353949546814
0.4457353949546814
0.4457353353500366
0.44573545455932617
0.445735365152359
0.4457353949546814
0.44573545455932617
0.445735365152359
0.445735365152359
0.4457353949546814
0.4457353949546814
0.445735365152359
0.4457353353500366
0.4457353949546814
0.4457353353500366
0.4457353353500366
0.445735365152359
0.4457353949546814
0.4457353949546814
0.4457353949546814
0.4457353353500366
0.4457353353500366
0.445735365152359
0.4457353353500366
0.44573530554771423
0.4457353353500366
0.4457354247570038
0.4457353353500366
0.4457353353500366
0.44573530554771423
0.4457353353500366
0.4457353353500366
0.445735365152359
0.44573530554771423
0.445735365152359
0.44573530554771423
0.44573530554771423
0.44573530554771423
0.445735365152359
0.44573530554771423
0.44573527574539185
0.44573530554771423
0.44573527574539185
0.44573527574539185
0.4457353353500366
0.44573527574539185
0.44573530554771423
0.44573524594306946
0.4457353949546814
0.44573527574539185
0.44573524594306946
0.44573527574539185
0.44573524594306946
0.44573527574539185
0.44573524594306946
0.44573521614074707
0.44573524594306946
0.44573527574539185
0.44573524594306946
0.44573521614074707
0.44573527574539185
0.44573527574539185
0.44573521614074707
0.44573524594306946
0.44573521614074707
0.4457351863384247
0.44573524594306946
0.44573527574539185
0.4457351863384247
0.4457351267337799
0.44573524594306946
0.4457351565361023
0.4457351565361023
0.44573524594306946
0.4457351863384247
0.4457351863384247
0.44573521614074707
0.4457351267337799
0.4457351863384247
0.4457351267337799
0.4457351863384247
0.4457351863384247
0.4457351267337799
0.44573524594306946
0.4457351565361023
0.4457351267337799
0.4457351863384247
0.4457351863384247
0.4457351267337799
0.4457351267337799
0.4457350969314575
0.4457351565361023
0.4457351863384247
0.4457351565361023
0.4457351863384247
0.4457350969314575
0.4457351565361023
0.4457351565361023
0.4457351267337799
0.4457351863384247
0.4457351565361023
0.4457351267337799
0.4457351565361023
0.4457350969314575
0.4457351565361023
0.4457350969314575
0.4457351565361023
0.4457351267337799
0.4457351565361023
0.4457351267337799
0.44573503732681274
0.44573503732681274
0.44573506712913513
0.44573506712913513
0.44573506712913513
0.4457351267337799
0.44573503732681274
0.44573506712913513
0.44573503732681274
0.44573500752449036
0.4457351267337799
0.44573506712913513
0.44573503732681274
0.4457350969314575
0.44573506712913513
0.44573503732681274
0.4457350969314575
0.44573500752449036
0.44573503732681274
0.44573506712913513
0.44573503732681274
0.44573500752449036
0.44573503732681274
0.44573506712913513
0.44573500752449036
0.4457349479198456
0.44573500752449036
0.44573500752449036
0.44573503732681274
0.44573500752449036
0.44573497772216797
0.44573500752449036
0.44573497772216797
0.44573503732681274
0.44573500752449036
0.44573497772216797
0.44573500752449036
0.4457349479198456
0.44573497772216797
0.44573497772216797
0.4457349479198456
0.44573497772216797
0.4457349479198456
0.44573497772216797
0.44573500752449036
0.4457349479198456
0.4457349479198456
0.4457349181175232
0.44573497772216797
0.4457349479198456
0.44573497772216797
0.4457349479198456
0.44573497772216797
0.4457349181175232
0.44573497772216797
0.4457349479198456
0.4457349479198456
0.4457349479198456
0.4457348883152008
0.4457348883152008
0.4457349181175232
0.4457348883152008
0.44573497772216797
0.4457348883152008
0.4457349181175232
0.4457348883152008
0.4457349181175232
0.4457349181175232
0.4457348883152008
0.4457348883152008
0.4457349181175232
0.4457349181175232
0.4457348883152008
0.44573497772216797
0.4457348585128784
0.4457349181175232
0.4457348585128784
0.4457348585128784
0.4457348883152008
0.4457348883152008
0.4457348883152008
0.44573482871055603
0.44573482871055603
0.4457348585128784
0.4457348585128784
0.4457348585128784
0.44573482871055603
0.44573482871055603
0.4457348585128784
0.44573482871055603
0.4457348585128784
0.44573482871055603
0.44573482871055603
0.44573482871055603
0.44573479890823364
0.4457348585128784
0.44573482871055603
0.44573482871055603
0.44573479890823364
0.44573482871055603
0.44573482871055603
0.44573482871055603
0.44573482871055603
0.44573482871055603
0.44573482871055603
0.44573482871055603
0.44573482871055603
0.44573482871055603
0.44573479890823364
0.44573482871055603
0.44573482871055603
0.44573479890823364
0.44573482871055603
0.44573479890823364
0.44573476910591125
0.44573482871055603
0.44573479890823364
0.44573482871055603
0.44573479890823364
0.44573476910591125
0.44573479890823364
0.44573479890823364
0.44573473930358887
0.44573482871055603
0.44573479890823364
0.4457347095012665
0.44573473930358887
0.4457346796989441
0.4457347095012665
0.44573476910591125
0.44573482871055603
0.4457347095012665
0.4457347095012665
0.44573476910591125
0.44573473930358887
0.44573473930358887
0.44573476910591125
0.44573476910591125
0.4457347095012665
0.4457347095012665
0.4457347095012665
0.4457347095012665
0.4457347095012665
0.44573473930358887
0.4457346796989441
0.4457346498966217
0.4457347095012665
0.4457347095012665
0.4457346796989441
0.4457346796989441
0.4457346796989441
0.4457346498966217
0.44573476910591125
0.4457346796989441
0.4457346796989441
0.4457346498966217
0.4457346498966217
0.4457346200942993
0.4457346498966217
0.4457346498966217
0.4457346200942993
0.4457346498966217
0.4457346200942993
0.4457346796989441
0.4457346200942993
0.44573459029197693
0.4457346200942993
0.4457346498966217
0.4457346200942993
0.4457347095012665
0.44573456048965454
0.44573456048965454
0.4457346498966217
0.4457346200942993
0.4457346200942993
0.4457346200942993
0.44573456048965454
0.4457346200942993
0.44573459029197693
0.44573453068733215
0.44573456048965454
0.44573459029197693
0.4457346200942993
0.44573459029197693
0.44573456048965454
0.44573456048965454
0.44573456048965454
0.44573456048965454
0.44573459029197693
0.44573453068733215
0.4457346498966217
0.44573473930358887
0.44573453068733215
0.44573459029197693
0.44573453068733215
0.44573456048965454
0.44573456048965454
0.44573459029197693
0.44573459029197693
0.44573453068733215
0.44573450088500977
0.44573456048965454
0.44573456048965454
0.4457344710826874
0.44573453068733215
0.44573450088500977
0.44573450088500977
0.44573450088500977
0.44573459029197693
0.44573453068733215
0.44573450088500977
0.4457344710826874
0.44573453068733215
0.44573453068733215
0.44573450088500977
0.4457344114780426
0.4457344710826874
0.44573456048965454
0.44573453068733215
0.44573450088500977
0.4457344710826874
0.445734441280365
0.4457344114780426
0.445734441280365
0.44573450088500977
0.445734441280365
0.445734441280365
0.4457344114780426
0.4457344710826874
0.445734441280365
0.4457344710826874
0.4457344710826874
0.4457344114780426
0.4457343816757202
0.4457344114780426
0.4457343816757202
0.445734441280365
0.4457344114780426
0.445734441280365
0.4457343816757202
0.445734441280365
0.44573450088500977
0.445734441280365
0.4457344114780426
0.4457343816757202
0.445734441280365
0.4457343816757202
0.4457343816757202
0.4457343816757202
0.4457344114780426
0.4457343518733978
0.4457343518733978
0.4457343518733978
0.445734441280365
0.4457343518733978
0.4457343518733978
0.4457343518733978
0.44573432207107544
0.44573432207107544
0.4457343816757202
0.44573432207107544
0.44573432207107544
0.4457344114780426
0.44573432207107544
0.44573432207107544
0.4457343816757202
0.4457343816757202
0.44573432207107544
0.44573432207107544
0.44573432207107544
0.44573432207107544
0.4457343816757202
0.44573432207107544
0.44573429226875305
0.44573432207107544
0.44573429226875305
0.44573432207107544
0.44573426246643066
0.44573432207107544
0.44573432207107544
0.44573426246643066
0.44573432207107544
0.44573432207107544
0.44573429226875305
0.4457343518733978
0.44573426246643066
0.44573426246643066
0.44573432207107544
0.4457342326641083
0.44573429226875305
0.44573426246643066
0.44573429226875305
0.44573432207107544
0.44573429226875305
0.44573426246643066
0.4457342028617859
0.44573429226875305
0.44573429226875305
0.44573426246643066
0.44573426246643066
0.44573429226875305
0.44573426246643066
0.4457342326641083
0.4457341730594635
0.44573429226875305
0.4457342326641083
0.4457341730594635
0.4457342326641083
0.44573426246643066
0.4457342028617859
0.44573426246643066
0.4457341730594635
0.44573426246643066
0.4457341730594635
0.4457342028617859
0.4457342028617859
0.4457342028617859
0.4457341730594635
0.4457342028617859
0.4457342326641083
0.4457342028617859
0.4457341432571411
0.4457343816757202
0.4457341730594635
0.4457342326641083
0.4457341730594635
0.4457342326641083
0.4457341730594635
0.4457341432571411
0.4457341432571411
0.4457341730594635
0.4457341134548187
0.4457342028617859
0.4457341432571411
0.4457341432571411
0.4457342028617859
0.4457341432571411
0.4457341432571411
0.4457342028617859
0.44573405385017395
0.4457341134548187
0.4457341134548187
0.4457341134548187
0.4457341432571411
0.4457341432571411
0.4457341134548187
0.4457342028617859
0.4457341134548187
0.4457342028617859
0.44573402404785156
0.4457341730594635
0.4457341134548187
0.4457341134548187
0.4457341432571411
0.44573408365249634
0.4457341134548187
0.44573408365249634
0.44573405385017395
0.44573405385017395
0.44573405385017395
0.4457341134548187
0.44573408365249634
0.44573405385017395
0.44573405385017395
0.44573408365249634
0.44573405385017395
0.44573402404785156
0.44573405385017395
0.4457339942455292
0.44573402404785156
0.44573408365249634
0.4457339942455292
0.4457339942455292
0.44573402404785156
0.4457341134548187
0.44573405385017395
0.44573405385017395
0.4457339942455292
0.44573405385017395
0.4457339942455292
0.4457339942455292
0.44573402404785156
0.44573402404785156
0.4457339942455292
0.4457339942455292
0.4457339942455292
0.4457339644432068
0.44573402404785156
0.4457339644432068
0.44573402404785156
0.4457339942455292
0.44573402404785156
0.4457339942455292
0.4457339942455292
0.44573402404785156
0.4457339942455292
0.4457339942455292
0.4457339644432068
0.4457339942455292
0.4457339942455292
0.4457339346408844
0.44573402404785156
0.4457339346408844
0.4457338750362396
0.4457339942455292
0.445733904838562
0.445733904838562
0.4457339644432068
0.4457339644432068
0.4457339346408844
0.445733904838562
0.445733904838562
0.445733904838562
0.4457339346408844
0.44573405385017395
0.4457339644432068
0.445733904838562
0.4457339346408844
0.44573384523391724
0.4457338750362396
0.445733904838562
0.445733904838562
0.445733904838562
0.4457338750362396
0.4457339346408844
0.4457338750362396
0.4457339346408844
0.4457339346408844
0.4457339346408844
0.4457338750362396
0.4457338750362396
0.4457338750362396
0.44573378562927246
0.4457338750362396
0.44573384523391724
0.44573381543159485
0.4457339346408844
0.4457338750362396
0.4457338750362396
0.4457338750362396
0.44573381543159485
0.4457338750362396
0.44573384523391724
0.44573381543159485
0.44573381543159485
0.44573378562927246
0.445733904838562
0.44573381543159485
0.44573381543159485
0.44573381543159485
0.44573381543159485
0.4457338750362396
0.44573381543159485
0.44573378562927246
0.4457338750362396
0.44573381543159485
0.44573378562927246
0.44573378562927246
0.44573381543159485
0.4457337558269501
0.445733904838562
0.44573384523391724
0.44573378562927246
0.44573378562927246
0.44573378562927246
0.44573378562927246
0.44573378562927246
0.44573378562927246
0.44573378562927246
0.4457337558269501
0.44573378562927246
0.4457337558269501
0.4457337260246277
0.4457337260246277
0.44573378562927246
0.44573378562927246
0.4457336962223053
0.4457337558269501
0.44573378562927246
0.4457337558269501
0.4457337558269501
0.4457337558269501
0.4457337558269501
0.4457337260246277
0.4457337558269501
0.4457336962223053
0.4457337558269501
0.4457337260246277
0.44573378562927246
0.4457336962223053
0.4457337260246277
0.4457336664199829
0.4457337260246277
0.4457336664199829
0.4457337260246277
0.4457337260246277
0.4457336962223053
0.4457336962223053
0.4457337260246277
0.4457336962223053
0.4457336664199829
0.4457336664199829
0.4457336962223053
0.44573378562927246
0.4457336664199829
0.4457336366176605
0.4457336962223053
0.4457336664199829
0.4457336664199829
0.4457336366176605
0.4457336664199829
0.4457336664199829
0.4457337260246277
0.4457336366176605
0.4457336664199829
0.4457337558269501
0.44573360681533813
0.44573360681533813
0.4457336664199829
0.44573360681533813
0.4457336664199829
0.4457336366176605
0.4457336366176605
0.4457336366176605
0.4457336366176605
0.44573360681533813
0.4457336366176605
0.44573360681533813
0.4457336664199829
0.4457336664199829
0.4457336366176605
0.44573354721069336
0.4457336366176605
0.44573360681533813
0.44573354721069336
0.44573357701301575
0.44573354721069336
0.44573357701301575
0.44573360681533813
0.44573354721069336
0.44573351740837097
0.44573357701301575
0.44573357701301575
0.4457336366176605
0.44573354721069336
0.44573357701301575
0.44573354721069336
0.44573357701301575
0.44573354721069336
0.44573354721069336
0.44573354721069336
0.44573354721069336
0.44573357701301575
0.44573351740837097
0.44573354721069336
0.44573354721069336
0.44573351740837097
0.44573354721069336
0.4457336366176605
0.44573357701301575
0.4457334578037262
0.44573354721069336
0.44573354721069336
0.4457334876060486
0.4457334876060486
0.44573354721069336
0.4457334876060486
0.4457334578037262
0.4457334578037262
0.44573354721069336
0.44573351740837097
0.44573351740837097
0.4457334578037262
0.4457334578037262
0.4457334578037262
0.4457334876060486
0.4457334578037262
0.4457334578037262
0.4457334876060486
0.4457334280014038
0.4457334280014038
0.4457334876060486
0.4457334280014038
0.4457333981990814
0.4457334578037262
0.4457334280014038
0.4457334280014038
0.4457334280014038
0.4457333981990814
0.4457334280014038
0.4457333981990814
0.4457333981990814
0.4457334280014038
0.4457334578037262
0.4457333981990814
0.4457333981990814
0.4457334280014038
0.4457333981990814
0.4457334280014038
0.44573336839675903
0.44573336839675903
0.4457333981990814
0.44573336839675903
0.44573336839675903
0.4457333981990814
0.4457334578037262
0.44573333859443665
0.4457333981990814
0.4457333981990814
0.44573330879211426
0.44573330879211426
0.44573333859443665
0.44573333859443665
0.44573330879211426
0.44573333859443665
0.44573333859443665
0.44573327898979187
0.44573327898979187
0.44573336839675903
0.44573333859443665
0.44573327898979187
0.4457334578037262
0.44573333859443665
0.44573336839675903
0.44573330879211426
0.44573327898979187
0.44573327898979187
0.44573333859443665
0.44573327898979187
0.44573333859443665
0.44573327898979187
0.44573336839675903
0.44573330879211426
0.44573330879211426
0.44573330879211426
0.4457332491874695
0.44573327898979187
0.44573327898979187
0.44573327898979187
0.4457332491874695
0.44573327898979187
0.4457332193851471
0.44573327898979187
0.4457332491874695
0.44573327898979187
0.4457332193851471
0.44573327898979187
0.44573327898979187
0.44573327898979187
0.44573327898979187
0.4457332193851471
0.44573327898979187
0.4457332193851471
0.44573327898979187
0.44573327898979187
0.4457332491874695
0.4457332491874695
0.4457332193851471
0.4457332193851471
0.4457332491874695
0.4457332193851471
0.4457332193851471
0.44573312997817993
0.4457332193851471
0.4457332193851471
0.4457332193851471
0.4457332491874695
0.4457332491874695
0.4457332491874695
0.4457332193851471
0.4457331895828247
0.4457332193851471
0.4457332193851471
0.4457332491874695
0.4457332491874695
0.4457331597805023
0.4457332193851471
0.4457331895828247
0.4457331895828247
0.4457331895828247
0.44573312997817993
0.4457331895828247
0.44573312997817993
0.4457331895828247
0.44573327898979187
0.44573312997817993
0.44573310017585754
0.4457331597805023
0.4457331597805023
0.4457331597805023
0.4457331895828247
0.4457331597805023
0.4457331597805023
0.44573312997817993
0.44573312997817993
0.44573310017585754
0.44573312997817993
0.44573307037353516
0.44573310017585754
0.44573312997817993
0.44573312997817993
0.44573312997817993
0.44573307037353516
0.44573310017585754
0.44573310017585754
0.44573307037353516
0.44573307037353516
0.44573312997817993
0.44573310017585754
0.44573307037353516
0.44573310017585754
0.44573310017585754
0.44573312997817993
0.4457330107688904
0.44573304057121277
0.44573307037353516
0.44573304057121277
0.44573310017585754
0.44573304057121277
0.44573304057121277
0.44573304057121277
0.44573304057121277
0.44573307037353516
0.4457330107688904
0.44573304057121277
0.44573307037353516
0.44573307037353516
0.44573310017585754
0.44573304057121277
0.44573304057121277
0.4457330107688904
0.44573307037353516
0.44573304057121277
0.44573304057121277
0.4457330107688904
0.44573304057121277
0.4457330107688904
0.4457330107688904
0.445732980966568
0.445732980966568
0.44573307037353516
0.4457329511642456
0.445732980966568
0.445732980966568
0.445732980966568
0.4457329511642456
0.4457330107688904
0.4457330107688904
0.4457329511642456
0.4457329213619232
0.445732980966568
0.4457329511642456
0.445732980966568
0.445732980966568
0.4457329511642456
0.445732980966568
0.4457329213619232
0.4457329213619232
0.445732980966568
0.4457329213619232
0.44573289155960083
0.445732980966568
0.44573289155960083
0.4457329511642456
0.4457329213619232
0.44573286175727844
0.44573289155960083
0.4457329213619232
0.4457329213619232
0.4457329213619232
0.4457329511642456
0.4457329213619232
0.44573289155960083
0.44573289155960083
0.44573286175727844
0.4457329213619232
0.44573289155960083
0.44573286175727844
0.44573286175727844
0.4457329213619232
0.44573286175727844
0.44573289155960083
0.44573289155960083
0.44573280215263367
0.44573286175727844
0.44573289155960083
0.44573286175727844
0.44573283195495605
0.44573286175727844
0.44573286175727844
0.44573283195495605
0.44573283195495605
0.44573283195495605
0.44573289155960083
0.44573289155960083
0.44573280215263367
0.44573283195495605
0.44573280215263367
0.4457327723503113
0.4457327723503113
0.44573289155960083
0.44573286175727844
0.44573280215263367
0.44573283195495605
0.44573280215263367
0.44573280215263367
0.44573280215263367
0.44573280215263367
0.4457327723503113
0.44573280215263367
0.44573280215263367
0.44573280215263367
0.4457327723503113
0.44573280215263367
0.4457327723503113
0.44573280215263367
0.4457327723503113
0.4457327723503113
0.4457327723503113
0.4457327723503113
0.4457327425479889
0.4457327723503113
0.4457327723503113
0.4457327723503113
0.4457327723503113
0.4457327425479889
0.4457327425479889
0.4457327723503113
0.4457327425479889
0.4457327723503113
0.4457327723503113
0.4457327723503113
0.4457327425479889
0.4457327127456665
0.4457327723503113
0.4457327723503113
0.4457327723503113
0.4457326829433441
0.4457327127456665
0.4457327127456665
0.4457327723503113
0.4457327425479889
0.4457327425479889
0.4457327425479889
0.4457327723503113
0.4457327127456665
0.4457327723503113
0.4457326829433441
0.4457327425479889
0.4457327127456665
0.4457327127456665
0.4457327127456665
0.4457327723503113
0.4457326829433441
0.4457327425479889
0.4457327723503113
0.44573265314102173
0.4457326829433441
0.44573265314102173
0.4457327127456665
0.44573262333869934
0.44573265314102173
0.44573265314102173
0.4457326829433441
0.44573265314102173
0.44573265314102173
0.44573262333869934
0.44573265314102173
0.44573265314102173
0.4457326829433441
0.44573265314102173
0.44573265314102173
0.4457327127456665
0.44573259353637695
0.44573265314102173
0.44573256373405457
0.44573262333869934
0.44573256373405457
0.44573262333869934
0.44573265314102173
0.44573256373405457
0.44573256373405457
0.44573259353637695
0.44573262333869934
0.44573259353637695
0.44573259353637695
0.44573259353637695
0.44573265314102173
0.44573262333869934
0.44573262333869934
0.44573259353637695
0.44573265314102173
0.44573259353637695
0.4457325339317322
0.44573262333869934
0.44573259353637695
0.44573256373405457
0.44573259353637695
0.44573259353637695
0.4457325339317322
0.44573262333869934
0.4457325041294098
0.4457325339317322
0.4457325339317322
0.4457325339317322
0.44573256373405457
0.4457325339317322
0.4457325339317322
0.4457325041294098
0.44573256373405457
0.44573256373405457
0.4457325041294098
0.44573256373405457
0.4457325339317322
0.4457325041294098
0.4457325339317322
0.4457324743270874
0.4457325339317322
0.4457324743270874
0.4457324743270874
0.4457325339317322
0.4457324743270874
0.4457325041294098
0.4457325041294098
0.4457325339317322
0.4457325041294098
0.4457324743270874
0.4457324743270874
0.4457324743270874
0.4457324743270874
0.4457324147224426
0.445732444524765
0.4457324743270874
0.445732444524765
0.4457324743270874
0.4457325041294098
0.4457325041294098
0.4457324743270874
0.4457325041294098
0.4457324743270874
0.445732444524765
0.445732444524765
0.445732444524765
0.4457324743270874
0.4457324147224426
0.4457324147224426
0.4457324147224426
0.4457324743270874
0.44573235511779785
0.44573238492012024
0.44573238492012024
0.4457324147224426
0.4457324147224426
0.44573238492012024
0.4457324147224426
0.44573238492012024
0.44573238492012024
0.445732444524765
0.44573235511779785
0.44573235511779785
0.44573232531547546
0.44573235511779785
0.44573238492012024
0.4457324147224426
0.44573235511779785
0.44573232531547546
0.44573235511779785
0.44573235511779785
0.4457324147224426
0.44573232531547546
0.44573235511779785
0.44573238492012024
0.4457322955131531
0.44573232531547546
0.44573232531547546
0.44573238492012024
0.4457322359085083
0.44573232531547546
0.44573238492012024
0.4457322955131531
0.44573235511779785
0.4457322955131531
0.44573232531547546
0.4457322657108307
0.4457322955131531
0.44573238492012024
0.4457322955131531
0.44573232531547546
0.44573238492012024
0.44573238492012024
0.4457322955131531
0.4457322955131531
0.44573232531547546
0.4457322955131531
0.4457322657108307
0.44573232531547546
0.44573235511779785
0.4457322359085083
0.4457322657108307
0.44573232531547546
0.4457322657108307
0.4457322359085083
0.4457322359085083
0.4457322359085083
0.4457322955131531
0.4457322359085083
0.4457322657108307
0.4457322657108307
0.4457322657108307
0.4457322359085083
0.4457322061061859
0.4457322657108307
0.4457322359085083
0.4457322359085083
0.4457322359085083
0.4457322359085083
0.4457322955131531
0.4457322359085083
0.4457322657108307
0.4457322359085083
0.4457322359085083
0.4457321763038635
0.4457322359085083
0.4457322359085083
0.4457322359085083
0.4457322359085083
0.4457322657108307
0.4457322061061859
0.4457322359085083
0.4457322061061859
0.44573214650154114
0.4457322359085083
0.4457322061061859
0.4457321763038635
0.4457322061061859
0.4457322359085083
0.4457322061061859
0.44573214650154114
0.44573214650154114
0.4457322359085083
0.4457322061061859
0.4457321763038635
0.4457322061061859
0.44573214650154114
0.44573214650154114
0.4457322061061859
0.4457322061061859
0.44573214650154114
0.4457321763038635
0.44573214650154114
0.4457322359085083
0.44573211669921875
0.44573214650154114
0.4457321763038635
0.4457321763038635
0.44573208689689636
0.4457321763038635
0.4457321763038635
0.44573208689689636
0.44573214650154114
0.44573214650154114
0.445732057094574
0.44573211669921875
0.44573214650154114
0.44573208689689636
0.44573211669921875
0.44573208689689636
0.445732057094574
0.4457321763038635
0.4457320272922516
0.44573211669921875
0.445732057094574
0.44573208689689636
0.44573211669921875
0.4457320272922516
0.445732057094574
0.44573208689689636
0.44573208689689636
0.445732057094574
0.44573208689689636
0.445732057094574
0.44573208689689636
0.44573208689689636
0.445732057094574
0.445732057094574
0.44573208689689636
0.44573208689689636
0.4457320272922516
0.4457319974899292
0.44573214650154114
0.4457320272922516
0.445732057094574
0.4457320272922516
0.4457320272922516
0.44573211669921875
0.445732057094574
0.4457320272922516
0.445732057094574
0.4457319676876068
0.4457320272922516
0.4457319676876068
0.445732057094574
0.4457319974899292
0.4457320272922516
0.4457319676876068
0.4457319974899292
0.4457319974899292
0.4457319676876068
0.4457319974899292
0.4457319974899292
0.4457319378852844
0.44573190808296204
0.4457319676876068
0.4457319676876068
0.4457319676876068
0.4457319676876068
0.4457319676876068
0.4457319974899292
0.4457319676876068
0.4457319676876068
0.4457319378852844
0.44573190808296204
0.4457319676876068
0.44573187828063965
0.4457319378852844
0.4457319378852844
0.4457319974899292
0.44573187828063965
0.4457319676876068
0.44573187828063965
0.44573184847831726
0.44573187828063965
0.4457319378852844
0.44573190808296204
0.4457319378852844
0.44573190808296204
0.44573190808296204
0.44573187828063965
0.44573190808296204
0.44573190808296204
0.44573187828063965
0.44573190808296204
0.44573190808296204
0.44573187828063965
0.44573190808296204
0.44573187828063965
0.44573184847831726
0.44573190808296204
0.44573184847831726
0.44573187828063965
0.44573187828063965
0.44573184847831726
0.44573187828063965
0.44573187828063965
0.4457318186759949
0.44573184847831726
0.4457318186759949
0.44573184847831726
0.4457318186759949
0.44573184847831726
0.44573184847831726
0.4457318186759949
0.4457318186759949
0.4457317888736725
0.4457318186759949
0.4457317888736725
0.4457318186759949
0.4457317590713501
0.4457317292690277
0.4457317888736725
0.4457317590713501
0.4457317292690277
0.4457317292690277
0.4457318186759949
0.4457317888736725
0.4457317292690277
0.4457317888736725
0.4457317590713501
0.4457317888736725
0.4457317888736725
0.4457317888736725
0.4457317292690277
0.4457317590713501
0.4457317292690277
0.4457317590713501
0.4457318186759949
0.4457317292690277
0.4457317292690277
0.4457316994667053
0.4457317590713501
0.4457317590713501
0.4457317292690277
0.4457317292690277
0.4457317888736725
0.4457316994667053
0.4457317590713501
0.4457317292690277
0.4457317292690277
0.4457316994667053
0.4457317292690277
0.4457317292690277
0.44573166966438293
0.4457316994667053
0.4457317292690277
0.4457316994667053
0.4457316994667053
0.4457316994667053
0.4457316994667053
0.4457317292690277
0.4457316994667053
0.4457316994667053
0.4457317292690277
0.44573166966438293
0.44573166966438293
0.4457316994667053
0.44573166966438293
0.4457316994667053
0.44573163986206055
0.4457316994667053
0.4457317292690277
0.44573166966438293
0.4457317292690277
0.44573163986206055
0.4457316994667053
0.44573161005973816
0.44573163986206055
0.44573166966438293
0.44573163986206055
0.44573166966438293
0.44573166966438293
0.44573158025741577
0.44573161005973816
0.44573163986206055
0.44573161005973816
0.44573161005973816
0.44573163986206055
0.44573163986206055
0.44573163986206055
0.44573158025741577
0.44573163986206055
0.44573163986206055
0.44573158025741577
0.44573161005973816
0.44573158025741577
0.44573161005973816
0.44573161005973816
0.4457315504550934
0.44573158025741577
0.44573158025741577
0.44573161005973816
0.44573161005973816
0.44573161005973816
0.44573161005973816
0.44573158025741577
0.44573161005973816
0.4457315504550934
0.44573158025741577
0.44573161005973816
0.44573158025741577
0.44573161005973816
0.44573158025741577
0.44573158025741577
0.4457315504550934
0.4457314908504486
0.4457315504550934
0.4457314908504486
0.445731520652771
0.4457314908504486
0.44573158025741577
0.445731520652771
0.4457314908504486
0.4457315504550934
0.445731520652771
0.445731520652771
0.4457314908504486
0.4457314908504486
0.4457314610481262
0.4457314908504486
0.4457314610481262
0.4457314610481262
0.445731520652771
0.4457314908504486
0.4457314610481262
0.4457314610481262
0.4457314908504486
0.44573143124580383
0.4457314908504486
0.445731520652771
0.4457314908504486
0.4457314610481262
0.4457314610481262
0.4457314610481262
0.4457314610481262
0.4457314610481262
0.4457314610481262
0.4457314908504486
0.44573143124580383
0.4457314610481262
0.44573143124580383
0.4457314610481262
0.4457314610481262
0.44573143124580383
0.4457314610481262
0.44573143124580383
0.44573140144348145
0.44573143124580383
0.44573143124580383
0.44573140144348145
0.44573140144348145
0.44573140144348145
0.44573140144348145
0.44573143124580383
0.44573137164115906
0.44573140144348145
0.44573134183883667
0.44573140144348145
0.44573140144348145
0.44573140144348145
0.44573140144348145
0.44573134183883667
0.44573143124580383
0.44573137164115906
0.44573137164115906
0.44573134183883667
0.4457314610481262
0.44573137164115906
0.44573140144348145
0.44573137164115906
0.44573137164115906
0.44573137164115906
0.44573134183883667
0.44573137164115906
0.4457313120365143
0.44573134183883667
0.44573140144348145
0.44573137164115906
0.44573140144348145
0.44573137164115906
0.44573134183883667
0.4457312822341919
0.4457313120365143
0.4457313120365143
0.4457313120365143
0.4457313120365143
0.44573134183883667
0.44573140144348145
0.4457313120365143
0.4457313120365143
0.4457312524318695
0.4457312822341919
0.4457313120365143
0.4457312822341919
0.4457312822341919
0.4457312524318695
0.4457312226295471
0.4457312226295471
0.4457314610481262
0.4457312524318695
0.44573137164115906
0.4457312524318695
0.4457312226295471
0.4457313120365143
0.4457312226295471
0.4457312822341919
0.4457312822341919
0.4457312822341919
0.4457312226295471
0.4457312524318695
0.4457312226295471
0.4457312226295471
0.4457313120365143
0.4457312226295471
0.4457312226295471
0.44573116302490234
0.4457312226295471
0.4457312226295471
0.44573119282722473
0.4457312226295471
0.4457312226295471
0.44573116302490234
0.4457312524318695
0.44573116302490234
0.44573116302490234
0.4457312226295471
0.44573119282722473
0.44573116302490234
0.4457312822341919
0.44573116302490234
0.44573119282722473
0.44573116302490234
0.4457312226295471
0.4457312226295471
0.4457312226295471
0.44573119282722473
0.44573116302490234
0.44573116302490234
0.44573113322257996
0.44573116302490234
0.44573119282722473
0.44573119282722473
0.44573116302490234
0.44573119282722473
0.44573113322257996
0.44573110342025757
0.44573110342025757
0.44573116302490234
0.44573110342025757
0.44573113322257996
0.44573110342025757
0.44573113322257996
0.44573110342025757
0.4457310736179352
0.44573116302490234
0.44573119282722473
0.4457310438156128
0.44573116302490234
0.4457310736179352
0.4457310438156128
0.4457310438156128
0.44573110342025757
0.44573116302490234
0.44573110342025757
0.44573116302490234
0.4457310438156128
0.44573110342025757
0.4457310736179352
0.4457310438156128
0.44573110342025757
0.44573113322257996
0.44573110342025757
0.4457310736179352
0.44573113322257996
0.4457310736179352
0.4457310736179352
0.4457310438156128
0.4457310438156128
0.4457310736179352
0.4457310736179352
0.4457310736179352
0.4457310736179352
0.4457310438156128
0.4457310736179352
0.4457310438156128
0.4457310438156128
0.445730984210968
0.4457310438156128
0.4457310736179352
0.4457310438156128
0.4457310438156128
0.4457310736179352
0.4457310438156128
0.4457310736179352
0.4457310140132904
0.4457310140132904
0.4457310736179352
0.44573095440864563
0.4457310140132904
0.44573095440864563
0.44573095440864563
0.4457310438156128
0.4457310140132904
0.4457310140132904
0.445730984210968
0.4457310140132904
0.44573095440864563
0.4457310140132904
0.445730984210968
0.445730984210968
0.4457310140132904
0.445730984210968
0.44573095440864563
0.44573095440864563
0.44573092460632324
0.44573092460632324
0.44573092460632324
0.44573095440864563
0.44573095440864563
0.44573089480400085
0.44573092460632324
0.44573092460632324
0.44573089480400085
0.44573092460632324
0.44573092460632324
0.44573095440864563
0.445730984210968
0.44573089480400085
0.44573095440864563
0.44573089480400085
0.44573095440864563
0.44573089480400085
0.44573089480400085
0.4457308351993561
0.44573086500167847
0.44573089480400085
0.44573089480400085
0.44573086500167847
0.44573086500167847
0.44573089480400085
0.44573092460632324
0.44573089480400085
0.44573092460632324
0.44573086500167847
0.44573086500167847
0.4457307755947113
0.4457308351993561
0.4457308351993561
0.4457307457923889
0.4457308053970337
0.4457308351993561
0.4457307755947113
0.4457308053970337
0.4457307755947113
0.4457308351993561
0.4457308351993561
0.44573086500167847
0.4457308351993561
0.4457307755947113
0.4457308351993561
0.44573089480400085
0.4457308053970337
0.4457308351993561
0.4457307755947113
0.4457308053970337
0.4457307457923889
0.4457307755947113
0.4457308053970337
0.4457307755947113
0.4457308053970337
0.4457307457923889
0.4457307755947113
0.4457307755947113
0.44573071599006653
0.4457308053970337
0.4457307755947113
0.4457307457923889
0.44573071599006653
0.4457308053970337
0.4457307457923889
0.4457307755947113
0.4457307755947113
0.44573068618774414
0.44573071599006653
0.4457307755947113
0.4457308053970337
0.4457307755947113
0.4457307755947113
0.44573071599006653
0.4457308053970337
0.44573071599006653
0.4457307457923889
0.44573071599006653
0.44573068618774414
0.4457307457923889
0.4457307457923889
0.44573068618774414
0.44573068618774414
0.44573071599006653
0.44573071599006653
0.44573068618774414
0.4457307457923889
0.44573068618774414
0.44573068618774414
0.44573068618774414
0.44573068618774414
0.44573068618774414
0.44573068618774414
0.44573071599006653
0.44573065638542175
0.44573071599006653
0.44573062658309937
0.44573068618774414
0.44573068618774414
0.44573065638542175
0.44573068618774414
0.44573068618774414
0.44573065638542175
0.445730596780777
0.44573071599006653
0.445730596780777
0.44573062658309937
0.44573062658309937
0.44573062658309937
0.44573062658309937
0.44573065638542175
0.44573065638542175
0.44573065638542175
0.44573062658309937
0.44573071599006653
0.445730596780777
0.44573065638542175
0.44573068618774414
0.4457305669784546
0.445730596780777
0.44573062658309937
0.445730596780777
0.44573065638542175
0.4457305669784546
0.44573065638542175
0.4457305669784546
0.4457305669784546
0.44573062658309937
0.445730596780777
0.445730596780777
0.44573068618774414
0.4457305669784546
0.445730596780777
0.4457305669784546
0.4457305669784546
0.445730596780777
0.4457305371761322
0.44573065638542175
0.4457305371761322
0.4457305669784546
0.4457305371761322
0.4457305669784546
0.4457305669784546
0.4457305073738098
0.4457305669784546
0.4457305371761322
0.4457305669784546
0.4457304775714874
0.4457305073738098
0.4457305669784546
0.4457305371761322
0.4457305073738098
0.4457304775714874
0.4457305371761322
0.4457305073738098
0.44573044776916504
0.4457305073738098
0.4457304775714874
0.4457305669784546
0.4457305073738098
0.4457304775714874
0.445730596780777
0.44573044776916504
0.4457305073738098
0.44573044776916504
0.4457304775714874
0.4457304775714874
0.44573041796684265
0.44573044776916504
0.44573044776916504
0.44573041796684265
0.44573044776916504
0.4457305073738098
0.4457304775714874
0.44573041796684265
0.4457304775714874
0.44573044776916504
0.4457304775714874
0.44573044776916504
0.44573041796684265
0.44573038816452026
0.44573041796684265
0.44573044776916504
0.44573038816452026
0.4457305073738098
0.44573044776916504
0.44573038816452026
0.44573041796684265
0.44573041796684265
0.4457303583621979
0.44573038816452026
0.4457304775714874
0.44573044776916504
0.44573041796684265
0.44573041796684265
0.44573038816452026
0.44573038816452026
0.4457303583621979
0.44573041796684265
0.44573041796684265
0.44573038816452026
0.44573041796684265
0.44573038816452026
0.44573038816452026
0.44573038816452026
0.4457303583621979
0.4457303583621979
0.44573038816452026
0.4457303583621979
0.4457303583621979
0.4457303583621979
0.4457303583621979
0.44573038816452026
0.4457303285598755
0.4457303285598755
0.4457303285598755
0.4457303285598755
0.4457303285598755
0.4457303285598755
0.4457303285598755
0.4457303285598755
0.4457303285598755
0.4457302987575531
0.4457303285598755
0.4457303285598755
0.4457302391529083
0.4457302987575531
0.4457303583621979
0.4457302987575531
0.4457302689552307
0.4457302987575531
0.4457302987575531
0.4457302689552307
0.4457302987575531
0.4457302689552307
0.4457302987575531
0.4457302391529083
0.4457302689552307
0.4457302689552307
0.4457302391529083
0.4457302689552307
0.4457302689552307
0.4457302689552307
0.44573020935058594
0.4457302689552307
0.4457302391529083
0.44573017954826355
0.4457302391529083
0.4457302987575531
0.4457302987575531
0.44573020935058594
0.4457302391529083
0.44573020935058594
0.44573020935058594
0.44573020935058594
0.4457302689552307
0.4457302689552307
0.44573020935058594
0.4457302391529083
0.4457302391529083
0.44573017954826355
0.44573020935058594
0.44573020935058594
0.44573017954826355
0.44573017954826355
0.4457302689552307
0.4457302391529083
0.44573020935058594
0.44573020935058594
0.44573020935058594
0.44573017954826355
0.44573017954826355
0.44573017954826355
0.4457302391529083
0.44573017954826355
0.44573017954826355
0.44573017954826355
0.44573017954826355
0.44573020935058594
0.44573017954826355
0.44573017954826355
0.44573017954826355
0.44573017954826355
0.44573017954826355
0.44573014974594116
0.4457301199436188
0.44573017954826355
0.44573014974594116
0.4457301199436188
0.44573017954826355
0.44573017954826355
0.44573014974594116
0.44573014974594116
0.44573014974594116
0.4457301199436188
0.4457301199436188
0.44573017954826355
0.44573014974594116
0.44573017954826355
0.4457301199436188
0.44573014974594116
0.445730060338974
0.4457301199436188
0.445730060338974
0.4457300901412964
0.4457300901412964
0.4457300901412964
0.4457300901412964
0.4457300901412964
0.44573014974594116
0.4457300901412964
0.445730060338974
0.445730060338974
0.4457301199436188
0.4457300007343292
0.445730060338974
0.4457300901412964
0.4457301199436188
0.4457301199436188
0.445730060338974
0.4457300901412964
0.4457300007343292
0.4457300305366516
0.445730060338974
0.445730060338974
0.4457300305366516
0.44572994112968445
0.4457300305366516
0.4457300305366516
0.4457300007343292
0.4457300007343292
0.4457300901412964
0.445730060338974
0.4457300007343292
0.4457300305366516
0.4457300305366516
0.44572997093200684
0.4457300007343292
0.44572991132736206
0.4457300901412964
0.44572997093200684
0.44572997093200684
0.4457300007343292
0.4457300007343292
0.445730060338974
0.44572997093200684
0.4457300007343292
0.4457300305366516
0.4457300007343292
0.44572997093200684
0.44572994112968445
0.445730060338974
0.44572994112968445
0.44572997093200684
0.4457300007343292
0.44572991132736206
0.44572994112968445
0.4457300007343292
0.44572994112968445
0.44572997093200684
0.44572994112968445
0.44572994112968445
0.44572991132736206
0.44572994112968445
0.44572991132736206
0.44572997093200684
0.44572994112968445
0.44572994112968445
0.44572994112968445
0.4457298815250397
0.4457298815250397
0.44572994112968445
0.44572991132736206
0.44572997093200684
0.4457298517227173
0.44572994112968445
0.4457298815250397
0.44572991132736206
0.4457298815250397
0.4457298517227173
0.44572994112968445
0.44572991132736206
0.4457298517227173
0.44572991132736206
0.4457298219203949
0.4457298815250397
0.44572991132736206
0.44572994112968445
0.4457298219203949
0.4457298517227173
0.4457298517227173
0.44572994112968445
0.44572997093200684
0.44572997093200684
0.4457298219203949
0.4457298219203949
0.4457297921180725
0.4457298517227173
0.4457298517227173
0.4457297623157501
0.4457298815250397
0.4457298219203949
0.4457297921180725
0.4457298219203949
0.4457297623157501
0.4457298219203949
0.4457298517227173
0.4457298517227173
0.4457297921180725
0.4457298219203949
0.4457298219203949
0.4457297623157501
0.4457298219203949
0.4457297623157501
0.4457298219203949
0.4457297623157501
0.44572973251342773
0.4457298219203949
0.4457297921180725
0.4457297623157501
0.4457297921180725
0.44572970271110535
0.44572973251342773
0.4457298517227173
0.4457298219203949
0.44572973251342773
0.4457297623157501
0.4457298219203949
0.4457297623157501
0.44572973251342773
0.4457298219203949
0.44572973251342773
0.44572970271110535
0.44572973251342773
0.4457297623157501
0.44572970271110535
0.44572973251342773
0.44572970271110535
0.44572970271110535
0.44572970271110535
0.44572973251342773
0.44572973251342773
0.44572970271110535
0.44572970271110535
0.44572967290878296
0.44572967290878296
0.4457297623157501
0.44572970271110535
0.44572970271110535
0.44572973251342773
0.44572970271110535
0.44572967290878296
0.44572973251342773
0.44572967290878296
0.44572970271110535
0.44572970271110535
0.44572973251342773
0.44572967290878296
0.4457297623157501
0.44572967290878296
0.44572964310646057
0.44572967290878296
0.44572964310646057
0.44572967290878296
0.44572970271110535
0.44572967290878296
0.44572967290878296
0.44572964310646057
0.44572967290878296
0.44572967290878296
0.44572967290878296
0.44572967290878296
0.44572964310646057
0.44572967290878296
0.44572967290878296
0.44572964310646057
0.4457295536994934
0.44572964310646057
0.44572967290878296
0.4457296133041382
0.44572964310646057
0.4457296133041382
0.44572967290878296
0.44572964310646057
0.4457296133041382
0.4457296133041382
0.44572964310646057
0.4457296133041382
0.4457296133041382
0.4457295536994934
0.4457295835018158
0.4457296133041382
0.4457295536994934
0.4457295835018158
0.4457295536994934
0.4457295835018158
0.4457295536994934
0.4457296133041382
0.4457295835018158
0.4457295835018158
0.4457295536994934
0.4457296133041382
0.4457296133041382
0.4457295536994934
0.4457295536994934
0.4457295536994934
0.4457295536994934
0.4457295536994934
0.4457295536994934
0.445729523897171
0.445729523897171
0.445729523897171
0.4457295536994934
0.44572949409484863
0.44572949409484863
0.4457295536994934
0.4457295835018158
0.4457295536994934
0.4457295835018158
0.44572946429252625
0.44572949409484863
0.4457295835018158
0.44572946429252625
0.445729523897171
0.445729523897171
0.44572946429252625
0.44572949409484863
0.44572946429252625
0.44572949409484863
0.44572946429252625
0.44572946429252625
0.44572949409484863
0.44572949409484863
0.44572946429252625
0.44572946429252625
0.44572949409484863
0.44572949409484863
0.44572949409484863
0.44572949409484863
0.44572943449020386
0.44572943449020386
0.44572949409484863
0.44572940468788147
0.44572943449020386
0.44572943449020386
0.44572946429252625
0.44572940468788147
0.44572940468788147
0.4457293748855591
0.44572943449020386
0.44572946429252625
0.44572943449020386
0.4457293748855591
0.44572940468788147
0.44572940468788147
0.4457293748855591
0.44572940468788147
0.44572946429252625
0.44572943449020386
0.4457293748855591
0.4457293748855591
0.44572940468788147
0.4457293152809143
0.4457293450832367
0.4457293748855591
0.4457293450832367
0.4457293450832367
0.4457293152809143
0.4457293152809143
0.4457293450832367
0.4457293450832367
0.4457293748855591
0.44572940468788147
0.4457293748855591
0.44572940468788147
0.44572940468788147
0.4457293748855591
0.4457293450832367
0.44572940468788147
0.4457293450832367
0.44572925567626953
0.4457293152809143
0.4457293450832367
0.4457293152809143
0.4457293748855591
0.4457293152809143
0.4457292854785919
0.4457293152809143
0.4457293152809143
0.4457292854785919
0.4457293152809143
0.44572925567626953
0.4457293152809143
0.4457293152809143
0.4457293450832367
0.4457292854785919
0.4457292854785919
0.4457292854785919
0.4457292854785919
0.44572925567626953
0.4457293152809143
0.44572922587394714
0.4457293152809143
0.4457292854785919
0.44572925567626953
0.44572925567626953
0.4457292854785919
0.44572925567626953
0.44572922587394714
0.44572922587394714
0.44572925567626953
0.44572925567626953
0.44572925567626953
0.44572919607162476
0.4457292854785919
0.44572919607162476
0.44572925567626953
0.44572922587394714
0.44572922587394714
0.44572925567626953
0.4457292854785919
0.44572916626930237
0.44572919607162476
0.44572919607162476
0.44572922587394714
0.44572916626930237
0.44572916626930237
0.44572916626930237
0.44572925567626953
0.44572922587394714
0.44572916626930237
0.44572913646698
0.44572925567626953
0.44572916626930237
0.44572916626930237
0.44572916626930237
0.44572919607162476
0.44572913646698
0.44572919607162476
0.44572916626930237
0.44572913646698
0.44572913646698
0.44572925567626953
0.4457291066646576
0.44572913646698
0.44572913646698
0.44572913646698
0.44572913646698
0.44572913646698
0.44572913646698
0.44572913646698
0.44572913646698
0.44572913646698
0.44572913646698
0.44572919607162476
0.44572913646698
0.44572913646698
0.44572913646698
0.44572913646698
0.4457291066646576
0.4457291066646576
0.44572913646698
0.44572913646698
0.4457290470600128
0.4457290768623352
0.4457290768623352
0.4457290768623352
0.4457291066646576
0.4457290768623352
0.4457291066646576
0.44572913646698
0.4457290768623352
0.4457290470600128
0.4457291066646576
0.4457291066646576
0.4457291066646576
0.4457290768623352
0.4457290470600128
0.4457290470600128
0.4457290470600128
0.4457291066646576
0.44572898745536804
0.4457291066646576
0.4457290470600128
0.44572901725769043
0.44572901725769043
0.4457290470600128
0.4457290470600128
0.44572901725769043
0.4457290470600128
0.44572898745536804
0.44572898745536804
0.44572901725769043
0.44572898745536804
0.4457290470600128
0.44572898745536804
0.44572895765304565
0.44572898745536804
0.44572898745536804
0.44572898745536804
0.44572901725769043
0.44572901725769043
0.44572901725769043
0.44572901725769043
0.44572895765304565
0.44572898745536804
0.44572892785072327
0.44572892785072327
0.44572895765304565
0.44572901725769043
0.44572898745536804
0.44572895765304565
0.44572895765304565
0.44572895765304565
0.44572892785072327
0.44572895765304565
0.44572895765304565
0.44572892785072327
0.44572895765304565
0.4457288980484009
0.44572898745536804
0.4457288980484009
0.44572901725769043
0.44572892785072327
0.44572895765304565
0.44572898745536804
0.4457288682460785
0.44572892785072327
0.4457288384437561
0.44572895765304565
0.4457288980484009
0.44572892785072327
0.4457288682460785
0.44572892785072327
0.4457288980484009
0.4457288384437561
0.4457288980484009
0.4457288682460785
0.44572892785072327
0.4457288682460785
0.44572895765304565
0.4457288980484009
0.4457288980484009
0.44572892785072327
0.4457288682460785
0.4457288682460785
0.4457288384437561
0.4457288682460785
0.4457288682460785
0.4457288682460785
0.4457288980484009
0.4457288682460785
0.4457288384437561
0.4457288086414337
0.4457288682460785
0.44572877883911133
0.4457288086414337
0.4457288086414337
0.4457288384437561
0.4457288086414337
0.4457288086414337
0.4457288086414337
0.4457288384437561
0.44572877883911133
0.4457288086414337
0.4457288384437561
0.4457288086414337
0.4457288086414337
0.4457288980484009
0.4457288086414337
0.44572877883911133
0.44572877883911133
0.44572874903678894
0.44572874903678894
0.44572874903678894
0.44572871923446655
0.44572871923446655
0.4457288086414337
0.44572877883911133
0.44572871923446655
0.44572874903678894
0.44572871923446655
0.44572874903678894
0.44572874903678894
0.44572874903678894
0.44572871923446655
0.44572871923446655
0.44572871923446655
0.44572877883911133
0.44572871923446655
0.44572868943214417
0.44572874903678894
0.44572874903678894
0.44572874903678894
0.44572868943214417
0.44572877883911133
0.4457286298274994
0.44572868943214417
0.44572871923446655
0.4457286596298218
0.44572871923446655
0.44572868943214417
0.44572868943214417
0.44572868943214417
0.4457286596298218
0.44572871923446655
0.44572871923446655
0.4457286596298218
0.44572871923446655
0.44572877883911133
0.44572868943214417
0.4457286596298218
0.4457286298274994
0.4457286298274994
0.4457286596298218
0.4457286298274994
0.44572868943214417
0.44572871923446655
0.4457286596298218
0.4457286596298218
0.4457286596298218
0.4457286298274994
0.4457286298274994
0.4457286298274994
0.445728600025177
0.4457286298274994
0.4457286298274994
0.4457286298274994
0.4457286298274994
0.4457286298274994
0.4457286298274994
0.4457286298274994
0.4457286596298218
0.4457286298274994
0.4457285702228546
0.4457285702228546
0.4457285702228546
0.4457286298274994
0.4457286298274994
0.445728600025177
0.445728600025177
0.4457285702228546
0.44572871923446655
0.445728600025177
0.445728600025177
0.4457286298274994
0.4457286298274994
0.445728600025177
0.4457285404205322
0.4457285702228546
0.4457285404205322
0.445728600025177
0.4457286596298218
0.4457285702228546
0.4457285404205322
0.44572851061820984
0.4457286298274994
0.4457286298274994
0.4457285404205322
0.4457285702228546
0.4457285702228546
0.4457285702228546
0.4457285702228546
0.4457285404205322
0.4457285404205322
0.4457285404205322
0.445728600025177
0.4457285404205322
0.4457285404205322
0.44572851061820984
0.44572851061820984
0.44572848081588745
0.4457285404205322
0.44572851061820984
0.4457285404205322
0.44572848081588745
0.4457285404205322
0.44572851061820984
0.44572848081588745
0.44572848081588745
0.4457284212112427
0.4457283914089203
0.44572845101356506
0.44572845101356506
0.44572851061820984
0.4457284212112427
0.44572845101356506
0.44572848081588745
0.44572848081588745
0.4457284212112427
0.44572848081588745
0.4457286298274994
0.44572845101356506
0.44572851061820984
0.4457284212112427
0.4457284212112427
0.4457283914089203
0.44572851061820984
0.44572845101356506
0.4457283914089203
0.44572848081588745
0.44572845101356506
0.4457284212112427
0.44572845101356506
0.4457283616065979
0.44572848081588745
0.4457283914089203
0.4457283616065979
0.4457283616065979
0.4457283616065979
0.4457283616065979
0.4457284212112427
0.4457283914089203
0.4457284212112427
0.4457283616065979
0.4457283616065979
0.4457283318042755
0.4457284212112427
0.4457283616065979
0.4457283616065979
0.4457283616065979
0.4457283616065979
0.4457284212112427
0.4457283616065979
0.4457283616065979
0.4457283616065979
0.4457283020019531
0.4457283914089203
0.4457283616065979
0.4457283020019531
0.4457283318042755
0.4457283318042755
0.4457283020019531
0.4457283318042755
0.4457283616065979
0.4457283616065979
0.4457283616065979
0.4457283020019531
0.4457283020019531
0.4457283318042755
0.4457283020019531
0.4457283318042755
0.4457283318042755
0.4457283914089203
0.44572827219963074
0.44572827219963074
0.44572827219963074
0.4457283020019531
0.44572827219963074
0.4457283020019531
0.4457283020019531
0.44572821259498596
0.44572827219963074
0.44572827219963074
0.44572827219963074
0.44572827219963074
0.44572824239730835
0.44572821259498596
0.44572821259498596
0.4457283020019531
0.4457281827926636
0.44572824239730835
0.44572821259498596
0.44572827219963074
0.44572821259498596
0.44572821259498596
0.44572824239730835
0.44572827219963074
0.4457281827926636
0.44572824239730835
0.44572824239730835
0.44572821259498596
0.44572821259498596
0.44572821259498596
0.44572821259498596
0.44572821259498596
0.44572821259498596
0.4457281827926636
0.4457281827926636
0.4457281827926636
0.44572821259498596
0.44572821259498596
0.4457281827926636
0.4457281529903412
0.44572821259498596
0.4457281827926636
0.4457281529903412
0.4457281827926636
0.4457281827926636
0.4457281231880188
0.4457281529903412
0.4457281827926636
0.4457281231880188
0.4457281529903412
0.4457281231880188
0.4457281529903412
0.4457281827926636
0.4457281529903412
0.4457281231880188
0.4457281529903412
0.4457281529903412
0.4457281231880188
0.44572821259498596
0.44572821259498596
0.4457281231880188
0.4457281231880188
0.4457281231880188
0.4457280933856964
0.4457281231880188
0.4457280933856964
0.4457280933856964
0.4457281231880188
0.4457280933856964
0.4457280933856964
0.4457280933856964
0.4457280933856964
0.4457280933856964
0.4457280933856964
0.4457280933856964
0.4457280933856964
0.445728063583374
0.4457280933856964
0.4457280933856964
0.445728063583374
0.4457280933856964
0.445728063583374
0.4457280933856964
0.445728063583374
0.44572803378105164
0.4457281231880188
0.44572803378105164
0.445728063583374
0.445728063583374
0.4457280933856964
0.445728063583374
0.445728063583374
0.445728063583374
0.445728063583374
0.44572803378105164
0.44572803378105164
0.44572803378105164
0.445728063583374
0.44572803378105164
0.445728063583374
0.44572800397872925
0.445728063583374
0.44572800397872925
0.44572803378105164
0.44572800397872925
0.44572803378105164
0.44572800397872925
0.44572797417640686
0.44572797417640686
0.44572800397872925
0.44572800397872925
0.44572803378105164
0.44572797417640686
0.44572800397872925
0.44572803378105164
0.44572797417640686
0.44572800397872925
0.44572800397872925
0.44572797417640686
0.44572803378105164
0.4457280933856964
0.4457279145717621
0.4457279443740845
0.44572797417640686
0.4457279443740845
0.4457279443740845
0.4457279145717621
0.4457279145717621
0.44572797417640686
0.4457279443740845
0.4457279145717621
0.4457279443740845
0.4457279443740845
0.4457279145717621
0.44572797417640686
0.4457279145717621
0.4457278847694397
0.4457278847694397
0.4457279443740845
0.44572797417640686
0.4457278847694397
0.4457278549671173
0.4457278847694397
0.4457279145717621
0.4457278549671173
0.4457278549671173
0.4457278549671173
0.4457279145717621
0.4457279145717621
0.4457279145717621
0.4457278847694397
0.4457278847694397
0.4457278549671173
0.4457278549671173
0.4457278847694397
0.4457278251647949
0.4457278847694397
0.4457278847694397
0.4457278549671173
0.4457278251647949
0.4457278549671173
0.4457278549671173
0.4457278549671173
0.4457278251647949
0.4457278251647949
0.4457278847694397
0.4457278847694397
0.4457278549671173
0.4457278549671173
0.44572779536247253
0.4457278549671173
0.4457278549671173
0.4457278251647949
0.44572779536247253
0.44572776556015015
0.44572779536247253
0.4457278251647949
0.44572779536247253
0.4457279443740845
0.4457278549671173
0.44572773575782776
0.44572776556015015
0.44572779536247253
0.44572773575782776
0.44572779536247253
0.44572776556015015
0.4457278251647949
0.44572779536247253
0.44572773575782776
0.44572773575782776
0.44572776556015015
0.44572773575782776
0.44572776556015015
0.44572770595550537
0.44572773575782776
0.44572776556015015
0.445727676153183
0.44572773575782776
0.44572770595550537
0.44572773575782776
0.44572773575782776
0.44572773575782776
0.44572773575782776
0.445727676153183
0.44572770595550537
0.445727676153183
0.4457276463508606
0.44572773575782776
0.44572776556015015
0.445727676153183
0.44572770595550537
0.445727676153183
0.445727676153183
0.445727676153183
0.445727676153183
0.44572770595550537
0.44572770595550537
0.44572770595550537
0.4457276165485382
0.445727676153183
0.4457276165485382
0.4457276463508606
0.445727676153183
0.4457276463508606
0.4457276463508606
0.44572770595550537
0.4457275867462158
0.4457276165485382
0.44572770595550537
0.44572770595550537
0.4457276165485382
0.445727676153183
0.44572770595550537
0.445727676153183
0.4457276463508606
0.4457276165485382
0.4457276463508606
0.4457275867462158
0.445727676153183
0.4457276463508606
0.4457276463508606
0.4457276165485382
0.445727676153183
0.4457275867462158
0.4457276165485382
0.445727676153183
0.4457276165485382
0.4457276165485382
0.4457276165485382
0.4457276165485382
0.4457275867462158
0.4457275867462158
0.4457275867462158
0.44572755694389343
0.4457275867462158
0.4457276165485382
0.4457275867462158
0.4457275867462158
0.4457275867462158
0.44572755694389343
0.4457275867462158
0.44572755694389343
0.4457275867462158
0.44572755694389343
0.44572755694389343
0.4457275867462158
0.4457275867462158
0.44572755694389343
0.44572752714157104
0.4457275867462158
0.44572755694389343
0.4457275867462158
0.44572755694389343
0.4457275867462158
0.4457275867462158
0.4457275867462158
0.44572749733924866
0.44572746753692627
0.44572755694389343
0.44572746753692627
0.44572749733924866
0.44572752714157104
0.44572752714157104
0.44572746753692627
0.44572755694389343
0.44572752714157104
0.44572752714157104
0.44572752714157104
0.44572749733924866
0.44572746753692627
0.4457274377346039
0.44572749733924866
0.44572749733924866
0.44572752714157104
0.44572749733924866
0.44572749733924866
0.4457274079322815
0.44572746753692627
0.4457273781299591
0.44572749733924866
0.4457274377346039
0.44572752714157104
0.4457274377346039
0.44572746753692627
0.44572749733924866
0.4457274377346039
0.4457274079322815
0.4457273781299591
0.44572746753692627
0.44572746753692627
0.4457274377346039
0.4457274377346039
0.4457274377346039
0.4457274079322815
0.4457274079322815
0.4457274079322815
0.4457274079322815
0.4457273781299591
0.4457274079322815
0.4457274079322815
0.4457274079322815
0.4457274079322815
0.4457274079322815
0.4457274377346039
0.4457273781299591
0.4457274377346039
0.4457273781299591
0.4457273781299591
0.4457273781299591
0.4457274079322815
0.4457274079322815
0.4457273781299591
0.4457273781299591
0.4457274079322815
0.4457274079322815
0.4457273483276367
0.4457273781299591
0.4457274377346039
0.4457273483276367
0.4457273781299591
0.4457274377346039
0.4457273781299591
0.44572731852531433
0.4457273781299591
0.4457273483276367
0.4457273781299591
0.44572731852531433
0.4457274079322815
0.4457273781299591
0.44572728872299194
0.4457273483276367
0.44572731852531433
0.4457273483276367
0.4457273483276367
0.44572731852531433
0.44572731852531433
0.4457273483276367
0.4457274079322815
0.44572728872299194
0.4457273483276367
0.44572728872299194
0.44572725892066956
0.44572731852531433
0.44572728872299194
0.44572725892066956
0.44572725892066956
0.44572728872299194
0.44572728872299194
0.44572725892066956
0.4457271993160248
0.44572731852531433
0.44572731852531433
0.44572725892066956
0.44572728872299194
0.44572722911834717
0.44572722911834717
0.44572728872299194
0.44572725892066956
0.44572725892066956
0.44572728872299194
0.4457271993160248
0.44572722911834717
0.44572725892066956
0.44572725892066956
0.44572725892066956
0.4457271993160248
0.44572722911834717
0.4457271695137024
0.44572725892066956
0.4457271695137024
0.44572722911834717
0.44572713971138
0.44572725892066956
0.44572713971138
0.4457271993160248
0.44572713971138
0.44572713971138
0.4457271695137024
0.44572713971138
0.44572722911834717
0.4457271993160248
0.4457271993160248
0.44572725892066956
0.4457271695137024
0.4457271695137024
0.4457271099090576
0.4457271695137024
0.44572713971138
0.4457271099090576
0.44572713971138
0.4457271099090576
0.4457271099090576
0.4457271993160248
0.44572713971138
0.4457271099090576
0.4457271695137024
0.44572722911834717
0.44572708010673523
0.44572713971138
0.4457271099090576
0.4457271099090576
0.44572708010673523
0.44572708010673523
0.44572713971138
0.44572708010673523
0.4457271099090576
0.44572708010673523
0.44572713971138
0.44572708010673523
0.4457271099090576
0.4457271099090576
0.44572708010673523
0.4457271099090576
0.44572713971138
0.44572708010673523
0.44572708010673523
0.44572708010673523
0.44572708010673523
0.4457271099090576
0.44572708010673523
0.44572708010673523
0.44572708010673523
0.44572705030441284
0.44572708010673523
0.44572708010673523
0.44572708010673523
0.44572708010673523
0.44572708010673523
0.44572708010673523
0.44572708010673523
0.4457271695137024
0.44572708010673523
0.44572705030441284
0.44572705030441284
0.4457269608974457
0.44572702050209045
0.44572705030441284
0.44572702050209045
0.44572699069976807
0.44572705030441284
0.44572702050209045
0.44572702050209045
0.44572699069976807
0.44572699069976807
0.44572702050209045
0.44572708010673523
0.44572705030441284
0.44572705030441284
0.44572702050209045
0.4457269608974457
0.44572705030441284
0.44572702050209045
0.44572699069976807
0.44572708010673523
0.44572699069976807
0.4457269608974457
0.44572702050209045
0.4457269608974457
0.4457269608974457
0.4457269310951233
0.4457269012928009
0.44572699069976807
0.44572699069976807
0.44572708010673523
0.4457269608974457
0.4457269310951233
0.4457269310951233
0.44572699069976807
0.4457269310951233
0.44572702050209045
0.4457269012928009
0.4457269310951233
0.4457269310951233
0.4457269012928009
0.4457269310951233
0.4457269608974457
0.4457268714904785
0.4457269310951233
0.4457269012928009
0.4457269012928009
0.4457269608974457
0.4457269310951233
0.4457269012928009
0.4457269012928009
0.4457269012928009
0.4457269012928009
0.4457269608974457
0.4457269012928009
0.4457269310951233
0.4457269012928009
0.4457268714904785
0.4457269608974457
0.4457269608974457
0.4457269310951233
0.4457268714904785
0.4457269310951233
0.4457268714904785
0.4457269608974457
0.4457268714904785
0.44572681188583374
0.4457268714904785
0.4457268714904785
0.4457269310951233
0.44572684168815613
0.44572681188583374
0.4457268714904785
0.44572684168815613
0.44572684168815613
0.44572684168815613
0.44572684168815613
0.44572684168815613
0.4457269310951233
0.44572681188583374
0.44572684168815613
0.44572678208351135
0.4457269012928009
0.44572678208351135
0.44572681188583374
0.44572678208351135
0.44572678208351135
0.44572684168815613
0.44572675228118896
0.44572681188583374
0.44572675228118896
0.44572675228118896
0.44572675228118896
0.44572678208351135
0.4457268714904785
0.44572678208351135
0.44572678208351135
0.44572675228118896
0.44572675228118896
0.44572681188583374
0.4457267224788666
0.44572681188583374
0.44572675228118896
0.44572678208351135
0.44572678208351135
0.4457267224788666
0.44572675228118896
0.44572678208351135
0.44572675228118896
0.44572678208351135
0.44572681188583374
0.4457267224788666
0.4457267224788666
0.44572678208351135
0.4457267224788666
0.4457266926765442
0.4457267224788666
0.4457266628742218
0.4457266926765442
0.4457267224788666
0.4457267224788666
0.4457267224788666
0.4457266926765442
0.4457266926765442
0.44572675228118896
0.4457266628742218
0.4457267224788666
0.4457266628742218
0.4457266926765442
0.4457266628742218
0.4457267224788666
0.4457266330718994
0.4457266926765442
0.4457266628742218
0.4457266926765442
0.4457266628742218
0.4457266926765442
0.4457266628742218
0.4457266330718994
0.4457266330718994
0.4457266628742218
0.4457266330718994
0.4457266926765442
0.445726603269577
0.4457266330718994
0.4457266628742218
0.4457266330718994
0.4457266628742218
0.445726603269577
0.445726603269577
0.44572657346725464
0.4457266330718994
0.445726603269577
0.445726603269577
0.445726603269577
0.4457266330718994
0.4457266330718994
0.445726603269577
0.44572654366493225
0.4457266330718994
0.4457266330718994
0.44572657346725464
0.44572657346725464
0.44572657346725464
0.445726603269577
0.445726603269577
0.44572657346725464
0.445726603269577
0.44572654366493225
0.44572657346725464
0.44572657346725464
0.44572654366493225
0.44572657346725464
0.44572657346725464
0.44572657346725464
0.44572657346725464
0.44572654366493225
0.44572657346725464
0.44572657346725464
0.445726603269577
0.445726603269577
0.44572654366493225
0.44572654366493225
0.445726603269577
0.44572651386260986
0.44572657346725464
0.44572654366493225
0.44572654366493225
0.44572654366493225
0.44572654366493225
0.44572651386260986
0.44572654366493225
0.44572654366493225
0.44572657346725464
0.44572651386260986
0.4457264840602875
0.44572654366493225
0.44572651386260986
0.4457264840602875
0.44572651386260986
0.44572654366493225
0.4457264840602875
0.44572651386260986
0.4457264840602875
0.4457264542579651
0.4457264840602875
0.4457264542579651
0.4457264542579651
0.4457264840602875
0.4457264840602875
0.44572657346725464
0.44572651386260986
0.4457264542579651
0.4457264840602875
0.4457264840602875
0.44572651386260986
0.4457264840602875
0.4457263946533203
0.4457264542579651
0.4457264244556427
0.4457264244556427
0.4457263946533203
0.4457263946533203
0.4457264244556427
0.4457264244556427
0.4457264244556427
0.4457264840602875
0.4457263946533203
0.4457264542579651
0.4457264244556427
0.4457264542579651
0.4457263946533203
0.4457264542579651
0.4457263946533203
0.4457263946533203
0.4457263946533203
0.4457263648509979
0.4457263946533203
0.4457263946533203
0.4457263946533203
0.4457264244556427
0.4457263946533203
0.44572633504867554
0.4457263946533203
0.4457263946533203
0.44572633504867554
0.4457263648509979
0.4457264542579651
0.4457263946533203
0.4457263648509979
0.4457263648509979
0.4457263648509979
0.4457263648509979
0.4457263648509979
0.44572627544403076
0.44572630524635315
0.44572633504867554
0.4457263946533203
0.44572627544403076
0.44572630524635315
0.4457264244556427
0.44572633504867554
0.44572630524635315
0.4457263648509979
0.44572633504867554
0.44572630524635315
0.44572633504867554
0.44572630524635315
0.44572630524635315
0.44572630524635315
0.44572630524635315
0.44572630524635315
0.44572627544403076
0.44572630524635315
0.44572630524635315
0.44572627544403076
0.44572633504867554
0.44572630524635315
0.44572627544403076
0.44572630524635315
0.44572630524635315
0.44572627544403076
0.44572630524635315
0.44572630524635315
0.44572627544403076
0.4457262456417084
0.445726215839386
0.445726215839386
0.44572627544403076
0.445726215839386
0.4457262456417084
0.4457262456417084
0.44572627544403076
0.44572630524635315
0.4457262456417084
0.4457262456417084
0.4457262456417084
0.4457262456417084
0.445726215839386
0.4457262456417084
0.4457261860370636
0.4457262456417084
0.44572627544403076
0.4457262456417084
0.4457261860370636
0.4457263946533203
0.445726215839386
0.445726215839386
0.4457262456417084
0.4457261860370636
0.4457261860370636
0.4457261860370636
0.4457261562347412
0.4457261562347412
0.4457261860370636
0.4457261860370636
0.4457261860370636
0.4457261860370636
0.445726215839386
0.4457261562347412
0.4457261264324188
0.4457261860370636
0.4457261562347412
0.4457261264324188
0.44572627544403076
0.4457261562347412
0.4457261264324188
0.4457261860370636
0.4457261860370636
0.44572609663009644
0.44572609663009644
0.44572609663009644
0.4457261264324188
0.4457261562347412
0.4457261562347412
0.44572609663009644
0.44572609663009644
0.445726215839386
0.44572606682777405
0.44572609663009644
0.44572609663009644
0.44572609663009644
0.4457261264324188
0.44572609663009644
0.44572603702545166
0.44572603702545166
0.44572606682777405
0.44572606682777405
0.44572609663009644
0.44572603702545166
0.44572609663009644
0.44572606682777405
0.44572609663009644
0.44572603702545166
0.44572606682777405
0.44572606682777405
0.44572603702545166
0.44572606682777405
0.44572606682777405
0.44572609663009644
0.4457260072231293
0.44572606682777405
0.4457260072231293
0.44572603702545166
0.44572603702545166
0.44572603702545166
0.4457260072231293
0.4457260072231293
0.44572606682777405
0.4457260072231293
0.44572603702545166
0.44572603702545166
0.4457259774208069
0.4457259476184845
0.4457260072231293
0.4457259774208069
0.44572603702545166
0.4457260072231293
0.4457259774208069
0.44572603702545166
0.4457259476184845
0.4457260072231293
0.44572603702545166
0.44572603702545166
0.44572603702545166
0.4457259774208069
0.4457260072231293
0.4457259774208069
0.4457259774208069
0.4457259476184845
0.44572603702545166
0.4457259774208069
0.4457259774208069
0.4457259476184845
0.4457259178161621
0.4457259476184845
0.4457259774208069
0.4457259774208069
0.4457259774208069
0.4457258880138397
0.44572603702545166
0.4457259476184845
0.4457259178161621
0.4457259178161621
0.4457259178161621
0.4457259178161621
0.4457258880138397
0.4457259178161621
0.4457259178161621
0.4457259476184845
0.4457258880138397
0.4457258880138397
0.4457258880138397
0.4457258880138397
0.4457259178161621
0.4457259178161621
0.4457258880138397
0.4457258880138397
0.4457258880138397
0.4457259178161621
0.4457259178161621
0.4457259774208069
0.4457258880138397
0.44572585821151733
0.44572585821151733
0.44572585821151733
0.4457259178161621
0.4457259476184845
0.44572582840919495
0.4457258880138397
0.44572585821151733
0.44572585821151733
0.44572585821151733
0.44572579860687256
0.44572585821151733
0.4457258880138397
0.44572585821151733
0.44572579860687256
0.44572579860687256
0.44572582840919495
0.44572585821151733
0.44572585821151733
0.44572585821151733
0.44572582840919495
0.44572576880455017
0.44572585821151733
0.44572579860687256
0.44572585821151733
0.44572582840919495
0.4457257390022278
0.44572579860687256
0.44572576880455017
0.44572582840919495
0.44572582840919495
0.44572576880455017
0.44572576880455017
0.44572579860687256
0.44572582840919495
0.44572579860687256
0.44572576880455017
0.44572579860687256
0.44572576880455017
0.44572576880455017
0.4457257390022278
0.44572576880455017
0.4457257390022278
0.44572582840919495
0.44572576880455017
0.44572576880455017
0.4457257390022278
0.4457257091999054
0.4457257390022278
0.4457257390022278
0.44572582840919495
0.445725679397583
0.4457257390022278
0.4457257091999054
0.44572579860687256
0.4457257091999054
0.44572576880455017
0.4457257091999054
0.44572576880455017
0.4457257390022278
0.4457257091999054
0.44572582840919495
0.44572576880455017
0.4457257091999054
0.4457257091999054
0.445725679397583
0.4457256495952606
0.4457257390022278
0.4457256495952606
0.445725679397583
0.4457257091999054
0.445725679397583
0.445725679397583
0.445725679397583
0.445725679397583
0.445725679397583
0.445725679397583
0.4457256495952606
0.4457256495952606
0.4457257091999054
0.4457256495952606
0.4457256495952606
0.4457256495952606
0.445725679397583
0.4457256495952606
0.4457256495952606
0.44572561979293823
0.44572561979293823
0.44572561979293823
0.44572561979293823
0.44572561979293823
0.44572558999061584
0.44572561979293823
0.44572558999061584
0.44572561979293823
0.44572558999061584
0.4457256495952606
0.44572558999061584
0.44572561979293823
0.44572556018829346
0.4457256495952606
0.44572556018829346
0.44572558999061584
0.44572558999061584
0.44572558999061584
0.4457256495952606
0.44572558999061584
0.44572556018829346
0.44572558999061584
0.44572556018829346
0.44572553038597107
0.44572556018829346
0.44572553038597107
0.44572553038597107
0.44572556018829346
0.44572558999061584
0.44572553038597107
0.44572556018829346
0.44572553038597107
0.44572553038597107
0.44572556018829346
0.44572553038597107
0.44572553038597107
0.4457255005836487
0.4457255005836487
0.4457255005836487
0.44572553038597107
0.44572558999061584
0.4457255005836487
0.4457255005836487
0.44572553038597107
0.44572553038597107
0.4457255005836487
0.4457255005836487
0.44572553038597107
0.44572553038597107
0.44572553038597107
0.44572556018829346
0.4457255005836487
0.4457254707813263
0.4457255005836487
0.44572553038597107
0.4457255005836487
0.4457255005836487
0.44572553038597107
0.4457254707813263
0.4457255005836487
0.4457255005836487
0.4457254707813263
0.4457254707813263
0.44572553038597107
0.4457254707813263
0.4457254707813263
0.4457254707813263
0.44572553038597107
0.4457255005836487
0.4457254707813263
0.4457254111766815
0.4457254409790039
0.4457254707813263
0.44572538137435913
0.4457254707813263
0.4457254409790039
0.4457254409790039
0.4457254409790039
0.44572538137435913
0.4457254111766815
0.4457254409790039
0.4457254111766815
0.4457255005836487
0.44572535157203674
0.4457254111766815
0.4457254409790039
0.4457254111766815
0.4457254111766815
0.44572535157203674
0.44572538137435913
0.44572538137435913
0.44572532176971436
0.44572535157203674
0.44572538137435913
0.4457254111766815
0.44572538137435913
0.4457254111766815
0.44572535157203674
0.44572538137435913
0.4457254111766815
0.4457254707813263
0.44572535157203674
0.44572532176971436
0.44572532176971436
0.44572535157203674
0.44572535157203674
0.44572538137435913
0.44572529196739197
0.44572532176971436
0.44572532176971436
0.44572532176971436
0.44572535157203674
0.44572538137435913
0.44572529196739197
0.44572535157203674
0.44572535157203674
0.44572529196739197
0.4457252621650696
0.44572532176971436
0.44572529196739197
0.4457252621650696
0.4457252323627472
0.44572532176971436
0.4457252621650696
0.4457252621650696
0.4457255005836487
0.4457252621650696
0.44572532176971436
0.44572532176971436
0.44572529196739197
0.44572529196739197
0.4457252621650696
0.4457252621650696
0.4457252621650696
0.4457252323627472
0.4457252621650696
0.4457252025604248
0.44572529196739197
0.4457252323627472
0.4457252621650696
0.4457252323627472
0.4457252621650696
0.4457252025604248
0.4457252621650696
0.4457252025604248
0.4457252025604248
0.4457252025604248
0.4457252025604248
0.4457252621650696
0.4457252025604248
0.4457252621650696
0.4457251727581024
0.4457252025604248
0.4457251727581024
0.4457252025604248
0.4457252025604248
0.4457252323627472
0.4457252323627472
0.4457252025604248
0.4457252323627472
0.4457252025604248
0.4457252025604248
0.4457252621650696
0.4457252323627472
0.44572514295578003
0.4457251727581024
0.44572514295578003
0.44572514295578003
0.4457251727581024
0.44572514295578003
0.4457251727581024
0.4457251727581024
0.44572508335113525
0.44572514295578003
0.44572511315345764
0.44572511315345764
0.44572514295578003
0.44572514295578003
0.44572511315345764
0.44572508335113525
0.44572514295578003
0.44572514295578003
0.44572514295578003
0.44572514295578003
0.44572511315345764
0.44572511315345764
0.44572511315345764
0.44572508335113525
0.44572508335113525
0.44572514295578003
0.44572511315345764
0.44572511315345764
0.44572514295578003
0.44572508335113525
0.44572505354881287
0.4457250237464905
0.44572508335113525
0.44572505354881287
0.44572508335113525
0.44572514295578003
0.44572511315345764
0.44572505354881287
0.44572508335113525
0.44572505354881287
0.44572508335113525
0.44572508335113525
0.44572505354881287
0.4457249939441681
0.44572505354881287
0.4457250237464905
0.44572505354881287
0.4457250237464905
0.4457250237464905
0.44572505354881287
0.4457250237464905
0.4457249939441681
0.4457249939441681
0.4457249939441681
0.4457249939441681
0.4457249939441681
0.4457250237464905
0.4457250237464905
0.4457250237464905
0.4457250237464905
0.4457250237464905
0.4457250237464905
0.4457249641418457
0.4457250237464905
0.4457249939441681
0.4457249939441681
0.4457249939441681
0.4457250237464905
0.4457250237464905
0.4457249939441681
0.4457249939441681
0.4457249939441681
0.4457249939441681
0.4457249939441681
0.4457249641418457
0.4457249641418457
0.4457249939441681
0.4457249641418457
0.4457249641418457
0.4457249343395233
0.4457249939441681
0.4457249939441681
0.4457249939441681
0.4457250237464905
0.44572487473487854
0.4457249641418457
0.4457249641418457
0.4457249641418457
0.4457249939441681
0.4457249045372009
0.4457249343395233
0.4457249343395233
0.4457249343395233
0.4457249641418457
0.4457249045372009
0.4457249343395233
0.4457249641418457
0.4457249343395233
0.4457249045372009
0.44572487473487854
0.44572487473487854
0.4457249045372009
0.4457249045372009
0.44572487473487854
0.4457249045372009
0.4457249045372009
0.44572484493255615
0.44572487473487854
0.4457249045372009
0.44572487473487854
0.44572487473487854
0.44572481513023376
0.44572487473487854
0.44572487473487854
0.44572484493255615
0.44572487473487854
0.44572487473487854
0.44572487473487854
0.44572487473487854
0.44572481513023376
0.44572487473487854
0.4457249045372009
0.44572487473487854
0.44572487473487854
0.44572484493255615
0.44572481513023376
0.44572487473487854
0.44572481513023376
0.44572481513023376
0.4457249045372009
0.44572481513023376
0.4457247853279114
0.445724755525589
0.44572481513023376
0.44572481513023376
0.44572484493255615
0.44572481513023376
0.44572481513023376
0.44572487473487854
0.4457247853279114
0.445724755525589
0.44572484493255615
0.44572481513023376
0.445724755525589
0.4457247853279114
0.44572481513023376
0.4457247853279114
0.445724755525589
0.4457247853279114
0.44572484493255615
0.445724755525589
0.445724755525589
0.4457247257232666
0.4457247257232666
0.445724755525589
0.4457246959209442
0.4457247257232666
0.445724755525589
0.4457246959209442
0.4457247257232666
0.445724755525589
0.445724755525589
0.445724755525589
0.4457247257232666
0.4457246959209442
0.4457246661186218
0.4457247257232666
0.4457246661186218
0.4457246959209442
0.4457246959209442
0.4457246959209442
0.4457246959209442
0.4457247257232666
0.4457246959209442
0.445724755525589
0.4457246661186218
0.445724755525589
0.4457246959209442
0.4457247257232666
0.4457246959209442
0.4457246661186218
0.44572463631629944
0.4457246959209442
0.44572463631629944
0.4457246661186218
0.44572463631629944
0.4457246959209442
0.44572463631629944
0.4457246661186218
0.44572463631629944
0.44572463631629944
0.44572460651397705
0.44572463631629944
0.44572460651397705
0.4457247257232666
0.44572463631629944
0.44572460651397705
0.44572460651397705
0.44572463631629944
0.44572457671165466
0.4457246661186218
0.44572457671165466
0.44572460651397705
0.44572457671165466
0.4457245171070099
0.44572460651397705
0.44572460651397705
0.44572457671165466
0.44572457671165466
0.4457245469093323
0.44572457671165466
0.44572460651397705
0.44572457671165466
0.44572457671165466
0.44572457671165466
0.44572457671165466
0.44572457671165466
0.44572457671165466
0.44572457671165466
0.4457245469093323
0.4457245469093323
0.44572460651397705
0.44572457671165466
0.4457245469093323
0.44572457671165466
0.4457245469093323
0.4457245469093323
0.44572457671165466
0.4457245171070099
0.4457244873046875
0.4457245469093323
0.4457245469093323
0.4457245171070099
0.4457245171070099
0.4457245171070099
0.4457245171070099
0.4457245171070099
0.4457244873046875
0.4457245469093323
0.4457244873046875
0.4457245171070099
0.4457244575023651
0.4457245469093323
0.4457244873046875
0.4457244873046875
0.4457244873046875
0.4457244873046875
0.44572439789772034
0.4457244873046875
0.4457244873046875
0.4457244873046875
0.4457244873046875
0.4457244873046875
0.4457244873046875
0.4457244873046875
0.4457244873046875
0.4457244873046875
0.4457244277000427
0.4457244873046875
0.4457244873046875
0.4457244575023651
0.4457244873046875
0.4457244277000427
0.4457244873046875
0.4457244873046875
0.4457244575023651
0.4457244575023651
0.4457244873046875
0.4457244575023651
0.4457244575023651
0.4457244277000427
0.4457244277000427
0.44572439789772034
0.4457244873046875
0.4457244575023651
0.4457244277000427
0.4457244277000427
0.4457244277000427
0.44572439789772034
0.4457244575023651
0.44572436809539795
0.44572439789772034
0.44572436809539795
0.44572436809539795
0.4457244277000427
0.44572439789772034
0.4457244277000427
0.44572433829307556
0.4457244277000427
0.4457244575023651
0.4457244277000427
0.44572439789772034
0.44572433829307556
0.44572436809539795
0.44572433829307556
0.44572436809539795
0.44572433829307556
0.44572433829307556
0.44572436809539795
0.4457244277000427
0.44572439789772034
0.4457244277000427
0.44572436809539795
0.44572436809539795
0.44572433829307556
0.4457242786884308
0.44572433829307556
0.44572433829307556
0.44572439789772034
0.44572436809539795
0.4457243084907532
0.4457243084907532
0.44572433829307556
0.44572436809539795
0.44572433829307556
0.44572436809539795
0.44572433829307556
0.4457242786884308
0.4457242786884308
0.4457243084907532
0.4457242786884308
0.4457242786884308
0.4457243084907532
0.4457243084907532
0.4457242488861084
0.4457242488861084
0.4457243084907532
0.4457242786884308
0.4457243084907532
0.4457243084907532
0.4457243084907532
0.4457243084907532
0.4457242786884308
0.4457242786884308
0.445724219083786
0.4457242488861084
0.4457243084907532
0.4457242786884308
0.4457242488861084
0.4457242786884308
0.445724219083786
0.4457243084907532
0.4457243084907532
0.4457242488861084
0.445724219083786
0.4457242488861084
0.445724219083786
0.4457242488861084
0.445724219083786
0.4457242488861084
0.4457241892814636
0.44572415947914124
0.4457242488861084
0.445724219083786
0.445724219083786
0.445724219083786
0.4457241892814636
0.44572412967681885
0.4457242488861084
0.445724219083786
0.445724219083786
0.44572412967681885
0.445724219083786
0.445724219083786
0.445724219083786
0.4457241892814636
0.4457241892814636
0.4457241892814636
0.44572412967681885
0.44572415947914124
0.44572409987449646
0.44572415947914124
0.44572409987449646
0.44572412967681885
0.44572415947914124
0.44572415947914124
0.44572412967681885
0.44572415947914124
0.445724219083786
0.44572412967681885
0.44572415947914124
0.44572412967681885
0.44572412967681885
0.44572409987449646
0.4457240700721741
0.44572409987449646
0.44572409987449646
0.4457240700721741
0.4457240700721741
0.44572409987449646
0.44572409987449646
0.44572409987449646
0.4457240700721741
0.44572412967681885
0.44572409987449646
0.4457240700721741
0.4457240402698517
0.4457241892814636
0.4457240700721741
0.44572412967681885
0.4457240104675293
0.4457240402698517
0.4457240402698517
0.4457240700721741
0.44572409987449646
0.4457240700721741
0.4457240700721741
0.4457240700721741
0.4457240402698517
0.4457240402698517
0.4457240402698517
0.4457240402698517
0.4457240104675293
0.4457240104675293
0.4457240700721741
0.4457240402698517
0.4457240104675293
0.4457240700721741
0.4457240104675293
0.4457240402698517
0.44572409987449646
0.4457240104675293
0.4457239806652069
0.4457239806652069
0.4457240700721741
0.4457240104675293
0.4457240402698517
0.4457239806652069
0.4457240104675293
0.4457240104675293
0.4457239508628845
0.4457239806652069
0.4457239806652069
0.4457239806652069
0.4457239806652069
0.4457239806652069
0.4457240104675293
0.4457239806652069
0.4457239806652069
0.4457239806652069
0.4457240104675293
0.44572392106056213
0.4457239806652069
0.4457240402698517
0.4457240104675293
0.4457239508628845
0.4457239508628845
0.4457239508628845
0.4457239508628845
0.4457239508628845
0.4457240402698517
0.4457239508628845
0.44572386145591736
0.4457239806652069
0.4457239806652069
0.44572386145591736
0.44572392106056213
0.4457239508628845
0.44572392106056213
0.44572389125823975
0.4457239508628845
0.44572392106056213
0.44572392106056213
0.4457239508628845
0.44572386145591736
0.44572392106056213
0.44572389125823975
0.44572389125823975
0.44572392106056213
0.44572392106056213
0.44572392106056213
0.44572383165359497
0.44572389125823975
0.44572386145591736
0.44572389125823975
0.44572386145591736
0.44572389125823975
0.44572383165359497
0.44572386145591736
0.4457238018512726
0.44572386145591736
0.44572383165359497
0.44572386145591736
0.44572383165359497
0.44572386145591736
0.44572386145591736
0.44572383165359497
0.4457238018512726
0.44572386145591736
0.44572386145591736
0.44572383165359497
0.4457238018512726
0.44572383165359497
0.4457238018512726
0.44572386145591736
0.4457238018512726
0.4457237422466278
0.4457237422466278
0.4457237720489502
0.44572383165359497
0.4457238018512726
0.44572383165359497
0.4457237422466278
0.44572392106056213
0.44572383165359497
0.4457238018512726
0.4457237422466278
0.44572386145591736
0.4457237422466278
0.4457238018512726
0.4457238018512726
0.4457237720489502
0.4457237720489502
0.4457237422466278
0.4457237422466278
0.4457237124443054
0.4457237422466278
0.4457237124443054
0.4457237720489502
0.4457237422466278
0.4457237124443054
0.4457237422466278
0.4457237124443054
0.4457237124443054
0.4457237720489502
0.4457237124443054
0.4457237720489502
0.4457237422466278
0.4457237422466278
0.4457237422466278
0.44572368264198303
0.4457237124443054
0.4457237124443054
0.4457237124443054
0.44572368264198303
0.4457237124443054
0.4457237124443054
0.4457237124443054
0.4457237124443054
0.4457237124443054
0.44572365283966064
0.4457237124443054
0.44572365283966064
0.44572365283966064
0.4457237124443054
0.44572368264198303
0.44572365283966064
0.44572359323501587
0.44572368264198303
0.4457237124443054
0.44572365283966064
0.4457237124443054
0.44572368264198303
0.44572368264198303
0.44572365283966064
0.44572362303733826
0.44572359323501587
0.44572368264198303
0.44572362303733826
0.44572365283966064
0.44572362303733826
0.44572368264198303
0.44572359323501587
0.44572362303733826
0.44572359323501587
0.44572362303733826
0.44572368264198303
0.44572359323501587
0.44572359323501587
0.44572365283966064
0.44572362303733826
0.4457235634326935
0.44572362303733826
0.4457235634326935
0.44572362303733826
0.44572359323501587
0.44572362303733826
0.4457235634326935
0.4457235634326935
0.4457235634326935
0.4457235336303711
0.4457235634326935
0.4457235336303711
0.4457235634326935
0.4457235038280487
0.4457235336303711
0.4457235634326935
0.4457235336303711
0.4457235336303711
0.4457235634326935
0.4457235038280487
0.4457235336303711
0.4457235634326935
0.4457235634326935
0.4457235634326935
0.4457235336303711
0.4457235634326935
0.4457235634326935
0.4457235038280487
0.4457234740257263
0.4457235336303711
0.44572344422340393
0.4457235038280487
0.4457234740257263
0.4457235038280487
0.4457234740257263
0.4457234740257263
0.4457234740257263
0.4457235038280487
0.44572344422340393
0.4457235038280487
0.44572344422340393
0.4457235038280487
0.44572344422340393
0.4457235336303711
0.4457234740257263
0.4457234740257263
0.4457235038280487
0.44572344422340393
0.4457234740257263
0.44572344422340393
0.4457235038280487
0.44572344422340393
0.44572344422340393
0.44572344422340393
0.44572344422340393
0.4457235038280487
0.44572344422340393
0.44572344422340393
0.44572344422340393
0.44572344422340393
0.44572344422340393
0.44572338461875916
0.4457235336303711
0.44572344422340393
0.44572344422340393
0.44572341442108154
0.44572344422340393
0.44572344422340393
0.44572344422340393
0.44572341442108154
0.44572338461875916
0.44572338461875916
0.44572341442108154
0.44572344422340393
0.44572338461875916
0.44572341442108154
0.44572341442108154
0.44572344422340393
0.44572338461875916
0.44572341442108154
0.44572335481643677
0.44572338461875916
0.44572335481643677
0.44572335481643677
0.44572335481643677
0.44572338461875916
0.44572341442108154
0.44572338461875916
0.445723295211792
0.44572344422340393
0.44572335481643677
0.445723295211792
0.44572335481643677
0.44572335481643677
0.4457233250141144
0.44572335481643677
0.445723295211792
0.44572335481643677
0.4457232654094696
0.445723295211792
0.445723295211792
0.44572338461875916
0.445723295211792
0.4457233250141144
0.445723295211792
0.44572335481643677
0.4457233250141144
0.44572335481643677
0.445723295211792
0.4457233250141144
0.4457232654094696
0.4457233250141144
0.44572335481643677
0.445723295211792
0.4457233250141144
0.445723295211792
0.445723295211792
0.4457232654094696
0.445723295211792
0.44572320580482483
0.4457232654094696
0.4457232654094696
0.4457232654094696
0.445723295211792
0.445723295211792
0.4457232356071472
0.445723295211792
0.4457232654094696
0.445723295211792
0.44572320580482483
0.4457233250141144
0.4457232654094696
0.4457232356071472
0.44572320580482483
0.4457232356071472
0.445723295211792
0.44572320580482483
0.4457232654094696
0.4457232356071472
0.44572320580482483
0.44572320580482483
0.44572320580482483
0.4457232356071472
0.44572317600250244
0.44572317600250244
0.4457232654094696
0.44572320580482483
0.4457232356071472
0.44572317600250244
0.44572317600250244
0.44572314620018005
0.44572317600250244
0.44572320580482483
0.44572314620018005
0.4457232356071472
0.44572311639785767
0.44572317600250244
0.44572317600250244
0.44572317600250244
0.44572320580482483
0.44572317600250244
0.44572320580482483
0.44572314620018005
0.44572311639785767
0.44572311639785767
0.44572317600250244
0.44572314620018005
0.4457230865955353
0.44572311639785767
0.44572311639785767
0.44572314620018005
0.44572311639785767
0.44572311639785767
0.44572314620018005
0.44572311639785767
0.44572311639785767
0.44572311639785767
0.44572311639785767
0.4457230865955353
0.4457230865955353
0.4457230865955353
0.4457230567932129
0.4457230865955353
0.4457230567932129
0.4457230567932129
0.4457230865955353
0.4457230865955353
0.4457230865955353
0.4457230567932129
0.44572311639785767
0.4457229971885681
0.4457229971885681
0.4457230269908905
0.44572311639785767
0.44572311639785767
0.4457230865955353
0.4457230865955353
0.4457230567932129
0.4457230567932129
0.4457230567932129
0.4457230567932129
0.4457230269908905
0.4457230567932129
0.4457229971885681
0.4457230567932129
0.4457230269908905
0.4457230567932129
0.4457229971885681
0.4457230567932129
0.4457229971885681
0.4457229971885681
0.4457230269908905
0.4457229971885681
0.4457229971885681
0.4457229971885681
0.4457229971885681
0.4457229971885681
0.4457229971885681
0.4457230269908905
0.4457229673862457
0.4457229673862457
0.4457229971885681
0.4457229673862457
0.4457230567932129
0.44572293758392334
0.4457229673862457
0.44572293758392334
0.4457230269908905
0.4457229673862457
0.4457229971885681
0.44572293758392334
0.44572293758392334
0.44572290778160095
0.44572293758392334
0.4457229673862457
0.44572293758392334
0.44572293758392334
0.4457229971885681
0.4457229673862457
0.4457229673862457
0.44572293758392334
0.4457229673862457
0.44572290778160095
0.44572293758392334
0.44572293758392334
0.44572290778160095
0.44572293758392334
0.4457229673862457
0.44572290778160095
0.44572290778160095
0.44572287797927856
0.44572290778160095
0.4457229971885681
0.44572290778160095
0.44572293758392334
0.44572290778160095
0.44572287797927856
0.44572290778160095
0.44572293758392334
0.4457228481769562
0.44572290778160095
0.4457229971885681
0.44572293758392334
0.44572290778160095
0.44572290778160095
0.4457228481769562
0.44572287797927856
0.4457228481769562
0.4457228183746338
0.44572287797927856
0.44572287797927856
0.44572287797927856
0.44572287797927856
0.44572293758392334
0.44572287797927856
0.4457228481769562
0.4457227885723114
0.44572290778160095
0.44572287797927856
0.44572287797927856
0.4457228481769562
0.4457228481769562
0.4457228481769562
0.4457228481769562
0.4457228481769562
0.44572287797927856
0.4457228481769562
0.4457228481769562
0.445722758769989
0.4457227885723114
0.4457228481769562
0.4457228183746338
0.4457228481769562
0.4457228183746338
0.4457227885723114
0.4457227885723114
0.4457227885723114
0.4457227885723114
0.4457227885723114
0.445722758769989
0.4457228481769562
0.445722758769989
0.4457227289676666
0.445722758769989
0.4457227885723114
0.445722758769989
0.4457227885723114
0.445722758769989
0.4457228183746338
0.4457227289676666
0.445722758769989
0.4457227885723114
0.4457228183746338
0.4457227885723114
0.4457227885723114
0.445722758769989
0.4457227885723114
0.4457227289676666
0.4457227885723114
0.4457227885723114
0.4457227885723114
0.4457227289676666
0.44572263956069946
0.44572263956069946
0.44572266936302185
0.445722758769989
0.445722758769989
0.44572269916534424
0.44572266936302185
0.44572266936302185
0.4457227289676666
0.44572266936302185
0.445722758769989
0.4457227289676666
0.445722758769989
0.44572269916534424
0.44572269916534424
0.44572269916534424
0.44572266936302185
0.44572263956069946
0.4457226097583771
0.4457227289676666
0.44572269916534424
0.4457226097583771
0.44572266936302185
0.44572263956069946
0.44572266936302185
0.44572269916534424
0.44572263956069946
0.4457226097583771
0.44572263956069946
0.4457226097583771
0.44572266936302185
0.44572263956069946
0.4457225799560547
0.4457226097583771
0.44572263956069946
0.44572266936302185
0.44572263956069946
0.44572263956069946
0.4457225799560547
0.4457225799560547
0.44572266936302185
0.4457225799560547
0.4457225501537323
0.4457225799560547
0.4457225501537323
0.4457226097583771
0.4457226097583771
0.44572266936302185
0.4457226097583771
0.44572269916534424
0.4457225501537323
0.4457225799560547
0.4457225799560547
0.4457225799560547
0.4457224905490875
0.4457225799560547
0.4457225501537323
0.4457226097583771
0.4457225501537323
0.4457225203514099
0.4457226097583771
0.4457226097583771
0.4457226097583771
0.4457225203514099
0.4457226097583771
0.4457225501537323
0.4457225799560547
0.4457225799560547
0.4457225203514099
0.4457224905490875
0.4457224905490875
0.4457224905490875
0.4457225203514099
0.4457224905490875
0.4457225203514099
0.4457224905490875
0.4457225203514099
0.4457225203514099
0.4457225203514099
0.4457225501537323
0.4457225501537323
0.4457225203514099
0.44572246074676514
0.44572246074676514
0.4457225203514099
0.44572246074676514
0.4457224905490875
0.4457225203514099
0.4457224905490875
0.4457225203514099
0.44572246074676514
0.4457224905490875
0.44572246074676514
0.44572246074676514
0.4457225203514099
0.44572246074676514
0.4457224905490875
0.4457224905490875
0.44572246074676514
0.44572246074676514
0.44572243094444275
0.44572243094444275
0.44572243094444275
0.4457225203514099
0.44572243094444275
0.44572243094444275
0.44572243094444275
0.44572240114212036
0.44572243094444275
0.44572243094444275
0.44572243094444275
0.44572243094444275
0.4457224905490875
0.44572243094444275
0.44572243094444275
0.44572246074676514
0.44572243094444275
0.44572243094444275
0.44572240114212036
0.4457223415374756
0.4457223415374756
0.44572243094444275
0.44572243094444275
0.44572240114212036
0.4457223415374756
0.4457223415374756
0.445722371339798
0.44572243094444275
0.4457223415374756
0.44572243094444275
0.44572240114212036
0.44572240114212036
0.445722371339798
0.445722371339798
0.445722371339798
0.4457223415374756
0.445722371339798
0.44572240114212036
0.4457223117351532
0.445722371339798
0.445722371339798
0.445722371339798
0.44572243094444275
0.4457223415374756
0.4457223415374756
0.445722371339798
0.4457222819328308
0.4457223415374756
0.4457223117351532
0.445722371339798
0.4457223415374756
0.4457223117351532
0.4457222819328308
0.4457223117351532
0.4457222819328308
0.4457223415374756
0.4457223117351532
0.4457222819328308
0.4457222819328308
0.4457223117351532
0.4457222819328308
0.4457222819328308
0.4457223415374756
0.4457223117351532
0.4457222819328308
0.4457223117351532
0.4457223117351532
0.4457222521305084
0.4457223415374756
0.4457222819328308
0.44572222232818604
0.4457222521305084
0.44572222232818604
0.4457223117351532
0.4457222819328308
0.4457222819328308
0.4457222819328308
0.44572222232818604
0.4457222521305084
0.4457223117351532
0.4457222819328308
0.4457222819328308
0.44572222232818604
0.4457222521305084
0.44572222232818604
0.44572222232818604
0.4457222521305084
0.4457222819328308
0.44572216272354126
0.4457222521305084
0.4457222819328308
0.44572222232818604
0.44572222232818604
0.44572216272354126
0.44572219252586365
0.44572219252586365
0.44572222232818604
0.44572222232818604
0.44572213292121887
0.4457222521305084
0.44572222232818604
0.44572222232818604
0.44572222232818604
0.44572219252586365
0.4457222521305084
0.44572219252586365
0.44572222232818604
0.44572219252586365
0.44572216272354126
0.44572219252586365
0.44572213292121887
0.44572219252586365
0.44572213292121887
0.4457221031188965
0.44572213292121887
0.44572213292121887
0.4457220733165741
0.44572213292121887
0.4457221031188965
0.44572216272354126
0.4457221031188965
0.44572213292121887
0.44572213292121887
0.44572213292121887
0.4457221031188965
0.4457220733165741
0.44572216272354126
0.4457221031188965
0.4457221031188965
0.4457221031188965
0.4457221031188965
0.44572216272354126
0.4457220733165741
0.4457221031188965
0.4457221031188965
0.4457220435142517
0.4457220733165741
0.4457221031188965
0.4457220733165741
0.4457220435142517
0.4457220733165741
0.44572216272354126
0.4457220435142517
0.4457220435142517
0.4457220733165741
0.4457220137119293
0.4457220733165741
0.44572195410728455
0.4457220733165741
0.4457220733165741
0.4457220435142517
0.4457220435142517
0.4457220435142517
0.4457220435142517
0.4457220435142517
0.44572198390960693
0.44572198390960693
0.44572198390960693
0.4457220137119293
0.44572198390960693
0.4457220137119293
0.44572195410728455
0.44572198390960693
0.4457220137119293
0.4457220435142517
0.4457220137119293
0.4457220137119293
0.4457220137119293
0.44572198390960693
0.4457220137119293
0.44572198390960693
0.44572198390960693
0.44572192430496216
0.4457220137119293
0.44572195410728455
0.44572198390960693
0.44572198390960693
0.4457220137119293
0.44572198390960693
0.44572192430496216
0.44572192430496216
0.44572189450263977
0.44572198390960693
0.44572198390960693
0.44572195410728455
0.44572192430496216
0.44572195410728455
0.44572192430496216
0.44572192430496216
0.44572189450263977
0.44572195410728455
0.44572189450263977
0.44572192430496216
0.44572192430496216
0.44572192430496216
0.4457218647003174
0.44572189450263977
0.44572189450263977
0.44572195410728455
0.4457218647003174
0.44572192430496216
0.44572189450263977
0.44572189450263977
0.4457218647003174
0.44572189450263977
0.44572189450263977
0.44572189450263977
0.44572189450263977
0.4457218647003174
0.44572189450263977
0.44572189450263977
0.445721834897995
0.445721834897995
0.4457218647003174
0.44572189450263977
0.445721834897995
0.44572189450263977
0.4457218647003174
0.445721834897995
0.445721834897995
0.4457218647003174
0.44572195410728455
0.44572189450263977
0.445721834897995
0.44572189450263977
0.44572189450263977
0.4457218647003174
0.4457218647003174
0.445721834897995
0.4457218050956726
0.4457218050956726
0.4457218647003174
0.4457218647003174
0.4457218647003174
0.4457217752933502
0.445721834897995
0.44572189450263977
0.4457218050956726
0.4457217752933502
0.4457218050956726
0.4457217752933502
0.44572174549102783
0.4457218050956726
0.445721834897995
0.4457218647003174
0.4457218050956726
0.4457218050956726
0.445721834897995
0.445721834897995
0.4457217752933502
0.4457218050956726
0.4457217752933502
0.4457217752933502
0.44572174549102783
0.4457217752933502
0.4457217752933502
0.445721834897995
0.44572174549102783
0.44572171568870544
0.44572171568870544
0.44572174549102783
0.44572171568870544
0.44572174549102783
0.44572171568870544
0.44572165608406067
0.44572168588638306
0.4457217752933502
0.44572168588638306
0.44572168588638306
0.44572171568870544
0.44572171568870544
0.44572171568870544
0.44572168588638306
0.4457218647003174
0.44572171568870544
0.44572174549102783
0.44572168588638306
0.44572168588638306
0.4457216262817383
0.44572171568870544
0.44572165608406067
0.44572168588638306
0.44572174549102783
0.44572168588638306
0.44572171568870544
0.44572165608406067
0.44572171568870544
0.44572168588638306
0.44572171568870544
0.44572165608406067
0.44572165608406067
0.44572168588638306
0.4457216262817383
0.44572165608406067
0.4457216262817383
0.44572165608406067
0.44572165608406067
0.44572171568870544
0.44572171568870544
0.44572165608406067
0.4457215964794159
0.44572165608406067
0.4457215964794159
0.4457216262817383
0.44572165608406067
0.4457215666770935
0.4457215964794159
0.4457215666770935
0.4457215964794159
0.4457216262817383
0.4457215964794159
0.4457215666770935
0.4457216262817383
0.4457215666770935
0.4457216262817383
0.4457216262817383
0.4457216262817383
0.4457215666770935
0.4457215666770935
0.4457215368747711
0.4457215368747711
0.4457215666770935
0.4457215666770935
0.4457215964794159
0.4457215368747711
0.4457215666770935
0.4457215666770935
0.4457215368747711
0.44572147727012634
0.44572150707244873
0.4457215368747711
0.4457215368747711
0.44572144746780396
0.44572150707244873
0.44572150707244873
0.4457215666770935
0.44572150707244873
0.44572150707244873
0.4457215666770935
0.4457215368747711
0.4457215368747711
0.4457215666770935
0.44572144746780396
0.4457215368747711
0.44572144746780396
0.44572147727012634
0.44572147727012634
0.44572141766548157
0.44572147727012634
0.44572144746780396
0.44572144746780396
0.44572147727012634
0.44572147727012634
0.44572144746780396
0.44572144746780396
0.44572147727012634
0.44572147727012634
0.44572147727012634
0.44572147727012634
0.44572150707244873
0.44572147727012634
0.44572141766548157
0.44572144746780396
0.44572144746780396
0.44572147727012634
0.44572141766548157
0.44572141766548157
0.44572141766548157
0.44572141766548157
0.44572144746780396
0.44572147727012634
0.4457213878631592
0.44572147727012634
0.44572141766548157
0.4457213878631592
0.4457213878631592
0.4457213878631592
0.44572141766548157
0.44572141766548157
0.4457213878631592
0.4457213878631592
0.4457213878631592
0.4457213878631592
0.44572141766548157
0.4457213878631592
0.4457213878631592
0.4457213878631592
0.4457213878631592
0.4457213878631592
0.44572141766548157
0.4457213580608368
0.44572147727012634
0.4457213580608368
0.4457213878631592
0.4457213580608368
0.44572141766548157
0.4457213282585144
0.4457213580608368
0.4457213580608368
0.4457213282585144
0.4457213878631592
0.4457213878631592
0.4457213282585144
0.4457213580608368
0.4457213878631592
0.4457213580608368
0.4457213878631592
0.445721298456192
0.4457213580608368
0.4457213580608368
0.4457213282585144
0.4457213878631592
0.4457213580608368
0.4457213580608368
0.4457213580608368
0.445721298456192
0.44572126865386963
0.4457213282585144
0.4457213580608368
0.4457213282585144
0.44572123885154724
0.445721298456192
0.4457213282585144
0.445721298456192
0.445721298456192
0.4457213282585144
0.44572126865386963
0.445721298456192
0.4457213282585144
0.445721298456192
0.44572123885154724
0.445721298456192
0.44572126865386963
0.44572123885154724
0.445721298456192
0.44572126865386963
0.44572123885154724
0.445721298456192
0.44572126865386963
0.44572126865386963
0.44572126865386963
0.4457213282585144
0.44572123885154724
0.44572126865386963
0.44572126865386963
0.44572120904922485
0.4457213282585144
0.44572126865386963
0.44572120904922485
0.44572123885154724
0.44572126865386963
0.44572126865386963
0.44572117924690247
0.44572120904922485
0.44572126865386963
0.44572120904922485
0.44572120904922485
0.44572120904922485
0.4457211494445801
0.44572123885154724
0.44572117924690247
0.4457211494445801
0.44572120904922485
0.44572126865386963
0.44572120904922485
0.4457211494445801
0.4457211494445801
0.4457211494445801
0.4457211494445801
0.44572120904922485
0.44572117924690247
0.44572123885154724
0.44572117924690247
0.4457210898399353
0.44572117924690247
0.44572117924690247
0.4457211494445801
0.44572117924690247
0.44572117924690247
0.44572120904922485
0.4457210898399353
0.4457210898399353
0.44572117924690247
0.4457211494445801
0.4457211196422577
0.4457210898399353
0.4457210898399353
0.4457210898399353
0.4457211196422577
0.4457211494445801
0.4457211196422577
0.4457211494445801
0.4457211196422577
0.4457211196422577
0.4457211196422577
0.4457210898399353
0.4457211196422577
0.4457210898399353
0.4457211196422577
0.4457210600376129
0.4457210898399353
0.4457210898399353
0.4457211494445801
0.4457210898399353
0.4457211494445801
0.44572117924690247
0.4457211494445801
0.4457210898399353
0.4457210898399353
0.44572100043296814
0.44572097063064575
0.4457210302352905
0.4457210302352905
0.4457210302352905
0.4457210898399353
0.4457210600376129
0.4457210600376129
0.4457210302352905
0.4457210898399353
0.4457210302352905
0.4457210302352905
0.4457210302352905
0.4457210302352905
0.44572100043296814
0.44572097063064575
0.4457210898399353
0.44572100043296814
0.4457210898399353
0.44572097063064575
0.44572100043296814
0.44572100043296814
0.44572094082832336
0.44572097063064575
0.44572097063064575
0.4457210302352905
0.44572097063064575
0.44572100043296814
0.44572097063064575
0.44572097063064575
0.44572097063064575
0.44572094082832336
0.44572094082832336
0.4457210302352905
0.44572100043296814
0.445720911026001
0.445720911026001
0.44572094082832336
0.44572100043296814
0.4457210302352905
0.4457208812236786
0.44572094082832336
0.445720911026001
0.44572100043296814
0.445720911026001
0.44572094082832336
0.4457208812236786
0.44572094082832336
0.44572097063064575
0.44572097063064575
0.4457208812236786
0.44572097063064575
0.445720911026001
0.44572094082832336
0.4457208812236786
0.445720911026001
0.44572094082832336
0.445720911026001
0.445720911026001
0.445720911026001
0.4457208812236786
0.445720911026001
0.44572094082832336
0.445720911026001
0.44572094082832336
0.4457208812236786
0.445720911026001
0.4457208812236786
0.4457208812236786
0.4457208812236786
0.445720911026001
0.4457208812236786
0.4457208812236786
0.4457208812236786
0.4457208812236786
0.4457208514213562
0.4457208514213562
0.4457208216190338
0.4457208812236786
0.4457208514213562
0.4457208216190338
0.4457208812236786
0.445720911026001
0.4457208216190338
0.4457208216190338
0.4457208812236786
0.4457208812236786
0.4457207918167114
0.4457208514213562
0.4457208216190338
0.4457207918167114
0.445720911026001
0.4457208216190338
0.4457208216190338
0.4457208216190338
0.4457207918167114
0.4457208514213562
0.44572076201438904
0.44572076201438904
0.4457207918167114
0.4457208216190338
0.4457207918167114
0.4457208216190338
0.44572073221206665
0.44572076201438904
0.4457207918167114
0.44572076201438904
0.4457207918167114
0.4457207918167114
0.4457207918167114
0.44572076201438904
0.44572076201438904
0.44572073221206665
0.44572076201438904
0.4457207918167114
0.44572070240974426
0.44572073221206665
0.44572076201438904
0.44572073221206665
0.44572073221206665
0.44572076201438904
0.4457206726074219
0.44572076201438904
0.44572073221206665
0.44572070240974426
0.44572070240974426
0.4457207918167114
0.4457206726074219
0.44572076201438904
0.4457208216190338
0.44572073221206665
0.44572070240974426
0.44572073221206665
0.44572070240974426
0.4457206428050995
0.44572076201438904
0.44572073221206665
0.4457206428050995
0.44572070240974426
0.44572070240974426
0.4457206428050995
0.4457206726074219
0.4457206726074219
0.44572073221206665
0.4457206428050995
0.4457206726074219
0.44572073221206665
0.4457206428050995
0.44572070240974426
0.44572070240974426
0.44572070240974426
0.4457206428050995
0.4457206428050995
0.4457206130027771
0.4457206130027771
0.4457206130027771
0.4457206428050995
0.4457206130027771
0.4457206130027771
0.4457206428050995
0.44572070240974426
0.4457206130027771
0.4457206130027771
0.4457206130027771
0.4457206726074219
0.4457205832004547
0.4457205832004547
0.4457206130027771
0.4457206428050995
0.4457206130027771
0.4457206130027771
0.4457205832004547
0.4457205533981323
0.44572052359580994
0.4457206130027771
0.4457205832004547
0.4457205832004547
0.4457205832004547
0.4457205533981323
0.44572052359580994
0.4457205832004547
0.4457205832004547
0.4457206428050995
0.4457205832004547
0.44572052359580994
0.4457205832004547
0.4457206428050995
0.44572052359580994
0.4457205533981323
0.44572052359580994
0.44572052359580994
0.44572052359580994
0.4457205533981323
0.44572052359580994
0.4457205533981323
0.4457205533981323
0.4457205533981323
0.44572052359580994
0.44572052359580994
0.44572049379348755
0.44572052359580994
0.44572049379348755
0.44572049379348755
0.44572049379348755
0.44572049379348755
0.44572049379348755
0.44572049379348755
0.44572046399116516
0.44572049379348755
0.44572046399116516
0.44572052359580994
0.44572049379348755
0.44572046399116516
0.4457204341888428
0.44572049379348755
0.4457205832004547
0.4457204043865204
0.44572046399116516
0.44572046399116516
0.44572046399116516
0.44572046399116516
0.4457204341888428
0.44572046399116516
0.44572049379348755
0.4457204341888428
0.44572049379348755
0.44572046399116516
0.4457204043865204
0.4457204341888428
0.44572046399116516
0.44572049379348755
0.4457204341888428
0.44572046399116516
0.4457204341888428
0.4457204043865204
0.44572046399116516
0.4457204341888428
0.4457204341888428
0.4457204043865204
0.445720374584198
0.4457204043865204
0.4457204341888428
0.445720374584198
0.4457203447818756
0.4457204043865204
0.445720374584198
0.4457204341888428
0.445720374584198
0.44572046399116516
0.445720374584198
0.445720374584198
0.445720374584198
0.445720374584198
0.445720374584198
0.4457203149795532
0.4457203447818756
0.4457203447818756
0.4457203447818756
0.4457203447818756
0.4457203447818756
0.4457203447818756
0.4457203447818756
0.445720374584198
0.4457203447818756
0.4457203447818756
0.4457203149795532
0.4457203447818756
0.4457204043865204
0.4457203447818756
0.4457204341888428
0.4457203149795532
0.4457203447818756
0.44572046399116516
0.4457203447818756
0.4457204043865204
0.4457203149795532
0.4457203447818756
0.4457203447818756
0.44572028517723083
0.44572028517723083
0.4457203149795532
0.4457203447818756
0.4457203149795532
0.44572028517723083
0.4457203149795532
0.4457203447818756
0.4457203447818756
0.4457204043865204
0.4457203447818756
0.44572028517723083
0.44572022557258606
0.4457203149795532
0.4457203149795532
0.44572022557258606
0.44572025537490845
0.44572025537490845
0.44572028517723083
0.44572025537490845
0.44572019577026367
0.44572025537490845
0.44572019577026367
0.44572022557258606
0.44572028517723083
0.44572028517723083
0.44572025537490845
0.44572025537490845
0.44572022557258606
0.44572025537490845
0.44572019577026367
0.44572022557258606
0.44572028517723083
0.44572022557258606
0.44572022557258606
0.44572022557258606
0.44572022557258606
0.44572025537490845
0.44572022557258606
0.44572019577026367
0.44572022557258606
0.44572019577026367
0.44572022557258606
0.44572019577026367
0.44572019577026367
0.4457201361656189
0.44572022557258606
0.44572019577026367
0.4457201659679413
0.4457201361656189
0.4457201659679413
0.4457201361656189
0.4457201063632965
0.44572019577026367
0.4457201063632965
0.4457201361656189
0.4457201063632965
0.4457201361656189
0.44572019577026367
0.4457201361656189
0.4457201361656189
0.4457201361656189
0.4457201063632965
0.4457201063632965
0.4457201361656189
0.4457200765609741
0.4457201361656189
0.4457201361656189
0.4457201063632965
0.4457201063632965
0.4457201063632965
0.4457201659679413
0.4457201063632965
0.4457200765609741
0.4457200765609741
0.44572019577026367
0.4457201063632965
0.4457200765609741
0.4457201063632965
0.4457200765609741
0.44572001695632935
0.4457201063632965
0.44572001695632935
0.4457201063632965
0.4457200765609741
0.4457201063632965
0.4457200765609741
0.44571998715400696
0.44572004675865173
0.4457201361656189
0.44572004675865173
0.44572004675865173
0.44572001695632935
0.44571998715400696
0.4457200765609741
0.44572004675865173
0.44572004675865173
0.4457200765609741
0.44571998715400696
0.44571998715400696
0.44572004675865173
0.44571995735168457
0.44571995735168457
0.44572004675865173
0.44572001695632935
0.44572001695632935
0.44572001695632935
0.44571998715400696
0.44571995735168457
0.44571998715400696
0.4457199275493622
0.44571995735168457
0.44572001695632935
0.4457200765609741
0.4457199275493622
0.44571995735168457
0.44571995735168457
0.44571995735168457
0.44571998715400696
0.44571998715400696
0.44571995735168457
0.44571998715400696
0.44571998715400696
0.44571998715400696
0.44571998715400696
0.4457199275493622
0.44571998715400696
0.4457199275493622
0.44571995735168457
0.4457198977470398
0.4457199275493622
0.4457198977470398
0.4457198977470398
0.44571995735168457
0.44571998715400696
0.44571995735168457
0.44571998715400696
0.4457199275493622
0.4457198977470398
0.44571998715400696
0.4457198977470398
0.4457199275493622
0.4457198679447174
0.4457198679447174
0.445719838142395
0.445719838142395
0.4457198977470398
0.4457198679447174
0.4457198977470398
0.445719838142395
0.4457198679447174
0.4457198679447174
0.4457198679447174
0.445719838142395
0.44571995735168457
0.445719838142395
0.445719838142395
0.445719838142395
0.44571980834007263
0.445719838142395
0.4457198679447174
0.445719838142395
0.4457198679447174
0.445719838142395
0.445719838142395
0.445719838142395
0.445719838142395
0.44571977853775024
0.445719838142395
0.44571980834007263
0.44571980834007263
0.44571977853775024
0.445719838142395
0.44571980834007263
0.445719838142395
0.44571980834007263
0.44571980834007263
0.445719838142395
0.445719838142395
0.44571974873542786
0.44571977853775024
0.44571980834007263
0.44571977853775024
0.445719838142395
0.44571977853775024
0.44571980834007263
0.44571974873542786
0.44571974873542786
0.44571974873542786
0.44571974873542786
0.44571971893310547
0.44571980834007263
0.44571977853775024
0.44571980834007263
0.44571974873542786
0.44571974873542786
0.44571977853775024
0.44571980834007263
0.44571974873542786
0.44571974873542786
0.44571974873542786
0.44571974873542786
0.4457196891307831
0.44571971893310547
0.44571974873542786
0.44571971893310547
0.44571974873542786
0.44571974873542786
0.44571974873542786
0.44571971893310547
0.44571974873542786
0.4457196891307831
0.4457196891307831
0.4457196593284607
0.44571971893310547
0.4457196891307831
0.4457195997238159
0.4457196891307831
0.4457196593284607
0.44571971893310547
0.4457196891307831
0.4457196891307831
0.4457196593284607
0.4457196295261383
0.4457196593284607
0.4457196891307831
0.44571974873542786
0.4457196593284607
0.4457196295261383
0.44571956992149353
0.4457196891307831
0.4457196593284607
0.4457196295261383
0.4457196295261383
0.4457195997238159
0.4457196295261383
0.4457195997238159
0.4457196295261383
0.4457196295261383
0.4457195997238159
0.44571956992149353
0.4457196295261383
0.4457195997238159
0.4457195997238159
0.4457196295261383
0.4457195997238159
0.4457195997238159
0.4457195997238159
0.44571956992149353
0.44571954011917114
0.44571956992149353
0.44571971893310547
0.44571954011917114
0.4457195997238159
0.4457195997238159
0.44571956992149353
0.44571956992149353
0.44571954011917114
0.4457196295261383
0.44571954011917114
0.44571956992149353
0.44571956992149353
0.44571954011917114
0.44571956992149353
0.44571956992149353
0.44571956992149353
0.4457195997238159
0.44571956992149353
0.44571951031684875
0.44571948051452637
0.44571951031684875
0.44571951031684875
0.44571956992149353
0.44571954011917114
0.44571951031684875
0.44571954011917114
0.44571954011917114
0.44571948051452637
0.44571954011917114
0.44571951031684875
0.44571951031684875
0.44571948051452637
0.44571956992149353
0.445719450712204
0.44571948051452637
0.445719450712204
0.44571948051452637
0.445719450712204
0.4457194209098816
0.4457194209098816
0.445719450712204
0.445719450712204
0.4457194209098816
0.445719450712204
0.4457194209098816
0.445719450712204
0.44571948051452637
0.445719450712204
0.445719450712204
0.4457194209098816
0.4457194209098816
0.445719450712204
0.4457194209098816
0.445719450712204
0.4457193911075592
0.4457194209098816
0.44571948051452637
0.4457193911075592
0.4457193911075592
0.445719450712204
0.4457193911075592
0.4457193911075592
0.4457193911075592
0.4457193911075592
0.4457193613052368
0.445719450712204
0.4457193613052368
0.4457193613052368
0.4457193911075592
0.4457193613052368
0.4457193911075592
0.4457193911075592
0.4457193613052368
0.44571933150291443
0.44571933150291443
0.4457193911075592
0.4457193613052368
0.4457193613052368
0.4457194209098816
0.44571930170059204
0.44571930170059204
0.44571933150291443
0.4457193613052368
0.44571933150291443
0.4457193911075592
0.44571930170059204
0.44571930170059204
0.44571933150291443
0.44571933150291443
0.44571933150291443
0.4457193613052368
0.4457193911075592
0.44571933150291443
0.44571930170059204
0.44571930170059204
0.44571930170059204
0.44571933150291443
0.44571930170059204
0.44571933150291443
0.44571930170059204
0.44571930170059204
0.44571927189826965
0.44571927189826965
0.44571930170059204
0.44571930170059204
0.44571927189826965
0.44571927189826965
0.44571927189826965
0.44571930170059204
0.44571927189826965
0.44571930170059204
0.44571930170059204
0.44571924209594727
0.4457192122936249
0.44571927189826965
0.44571924209594727
0.44571927189826965
0.44571930170059204
0.44571930170059204
0.4457191824913025
0.44571927189826965
0.44571930170059204
0.44571924209594727
0.44571930170059204
0.44571930170059204
0.4457192122936249
0.4457192122936249
0.44571924209594727
0.4457191824913025
0.44571930170059204
0.44571927189826965
0.4457192122936249
0.44571930170059204
0.4457192122936249
0.4457191824913025
0.44571927189826965
0.4457191824913025
0.4457192122936249
0.44571924209594727
0.4457192122936249
0.4457191824913025
0.4457192122936249
0.4457191824913025
0.4457192122936249
0.4457191526889801
0.4457191824913025
0.4457191824913025
0.4457192122936249
0.4457191526889801
0.4457191526889801
0.4457191228866577
0.4457191526889801
0.4457191824913025
0.4457191526889801
0.4457191526889801
0.4457191824913025
0.4457191824913025
0.4457191526889801
0.4457191228866577
0.44571906328201294
0.4457191526889801
0.4457190930843353
0.4457191824913025
0.4457191228866577
0.4457191228866577
0.4457190930843353
0.4457190930843353
0.4457190930843353
0.4457190930843353
0.4457191228866577
0.44571906328201294
0.4457190930843353
0.44571906328201294
0.4457190930843353
0.4457190930843353
0.44571906328201294
0.44571906328201294
0.44571906328201294
0.4457191228866577
0.44571906328201294
0.44571903347969055
0.4457190930843353
0.44571903347969055
0.4457190930843353
0.44571906328201294
0.44571903347969055
0.44571900367736816
0.44571903347969055
0.44571900367736816
0.44571903347969055
0.44571906328201294
0.44571906328201294
0.44571906328201294
0.44571900367736816
0.4457189440727234
0.44571900367736816
0.44571906328201294
0.44571900367736816
0.44571900367736816
0.44571903347969055
0.4457189738750458
0.4457189738750458
0.4457191228866577
0.44571903347969055
0.4457189738750458
0.44571900367736816
0.44571900367736816
0.4457189738750458
0.4457189440727234
0.44571900367736816
0.4457189738750458
0.4457189440727234
0.44571900367736816
0.44571903347969055
0.4457189738750458
0.4457189738750458
0.4457189738750458
0.4457189440727234
0.4457189440727234
0.4457189738750458
0.4457189440727234
0.445718914270401
0.445718914270401
0.4457189440727234
0.4457189738750458
0.445718914270401
0.4457189738750458
0.4457189440727234
0.445718914270401
0.445718914270401
0.4457188844680786
0.4457188844680786
0.445718914270401
0.4457188844680786
0.445718914270401
0.4457188844680786
0.4457188844680786
0.4457188546657562
0.445718914270401
0.4457188844680786
0.4457188844680786
0.44571882486343384
0.445718914270401
0.4457188546657562
0.4457188546657562
0.4457188844680786
0.4457188546657562
0.4457188546657562
0.445718914270401
0.4457189738750458
0.4457188546657562
0.4457188546657562
0.44571882486343384
0.4457188546657562
0.4457188844680786
0.44571882486343384
0.4457188546657562
0.44571879506111145
0.44571879506111145
0.4457188844680786
0.4457188546657562
0.4457188844680786
0.44571879506111145
0.44571882486343384
0.44571879506111145
0.44571879506111145
0.44571882486343384
0.44571879506111145
0.44571876525878906
0.44571876525878906
0.44571876525878906
0.44571879506111145
0.4457188844680786
0.44571879506111145
0.44571879506111145
0.44571879506111145
0.44571879506111145
0.44571876525878906
0.44571879506111145
0.44571876525878906
0.4457187354564667
0.44571879506111145
0.44571879506111145
0.44571879506111145
0.44571879506111145
0.44571879506111145
0.44571876525878906
0.44571879506111145
0.44571879506111145
0.44571876525878906
0.4457187354564667
0.4457187354564667
0.4457187354564667
0.4457187354564667
0.44571876525878906
0.44571876525878906
0.44571879506111145
0.4457187354564667
0.4457187354564667
0.44571876525878906
0.4457186460494995
0.4457187354564667
0.4457187354564667
0.4457186460494995
0.44571876525878906
0.4457187354564667
0.4457187056541443
0.44571876525878906
0.4457186758518219
0.4457187056541443
0.4457187354564667
0.4457187056541443
0.4457187056541443
0.4457187056541443
0.4457186758518219
0.44571876525878906
0.4457186758518219
0.4457186460494995
0.4457187056541443
0.4457186162471771
0.4457187354564667
0.4457186162471771
0.4457186758518219
0.4457186460494995
0.4457187056541443
0.4457186758518219
0.4457186758518219
0.4457186460494995
0.4457186460494995
0.4457186162471771
0.4457186758518219
0.4457186162471771
0.4457186758518219
0.4457186460494995
0.4457186162471771
0.4457186162471771
0.4457186162471771
0.4457186162471771
0.4457186162471771
0.4457186162471771
0.4457186162471771
0.4457186162471771
0.44571855664253235
0.44571858644485474
0.44571858644485474
0.4457186162471771
0.44571858644485474
0.44571858644485474
0.44571855664253235
0.4457186162471771
0.44571855664253235
0.4457186460494995
0.44571852684020996
0.44571858644485474
0.44571855664253235
0.44571858644485474
0.4457184970378876
0.44571858644485474
0.44571852684020996
0.4457186162471771
0.44571855664253235
0.4457184970378876
0.44571852684020996
0.44571852684020996
0.44571852684020996
0.44571852684020996
0.44571852684020996
0.44571855664253235
0.44571858644485474
0.44571858644485474
0.44571852684020996
0.4457184672355652
0.44571858644485474
0.4457184970378876
0.4457184672355652
0.4457184970378876
0.4457184672355652
0.4457184672355652
0.4457184970378876
0.4457184672355652
0.4457184672355652
0.4457184374332428
0.4457184374332428
0.4457184970378876
0.4457184970378876
0.4457184374332428
0.4457184374332428
0.4457184076309204
0.4457184076309204
0.4457184076309204
0.4457184970378876
0.4457184076309204
0.4457184374332428
0.4457184374332428
0.4457184076309204
0.4457184374332428
0.4457184672355652
0.4457184374332428
0.4457184374332428
0.4457184076309204
0.4457184374332428
0.4457184374332428
0.4457184374332428
0.4457184970378876
0.4457184374332428
0.4457184076309204
0.4457184076309204
0.4457184374332428
0.4457184076309204
