0.648672878742218
0.6304966807365417
0.6142945289611816
0.6004596948623657
0.5879865884780884
0.5759719610214233
0.5638518333435059
0.5540265440940857
0.5450451970100403
0.5376868844032288
0.5312420129776001
0.5256672501564026
0.5211766958236694
0.5173249244689941
0.5137892365455627
0.5114931464195251
0.5086938142776489
0.5065649747848511
0.5041942596435547
0.5024060606956482
0.5002854466438293
0.49835440516471863
0.4967942237854004
0.4952424168586731
0.4939331114292145
0.4923916757106781
0.49117493629455566
0.4902030825614929
0.48925092816352844
0.48811250925064087
0.48737338185310364
0.48634299635887146
0.4852057099342346
0.4843287169933319
0.48355644941329956
0.4827198386192322
0.4825029671192169
0.48155418038368225
0.4806848168373108
0.4803555905818939
0.4793226718902588
0.4787566661834717
0.4781765639781952
0.477713942527771
0.47715291380882263
0.47671276330947876
0.47648102045059204
0.4755760729312897
0.4751107394695282
0.4745759069919586
0.47429513931274414
0.47436049580574036
0.4732383191585541
0.4729445278644562
0.47242021560668945
0.4722665250301361
0.4716198146343231
0.47170931100845337
0.47084543108940125
0.47057870030403137
0.47012653946876526
0.4699690341949463
0.4695613980293274
0.46929627656936646
0.46907344460487366
0.4688170850276947
0.46887433528900146
0.46814021468162537
0.46811237931251526
0.4676907956600189
0.467365026473999
0.46721363067626953
0.4673159718513489
0.46686485409736633
0.466756671667099
0.4663727283477783
0.46608033776283264
0.46590569615364075
0.4658450484275818
0.46550971269607544
0.46547168493270874
0.4650091528892517
0.4650833010673523
0.4649377763271332
0.4648640751838684
0.46458593010902405
0.464383602142334
0.4644681215286255
0.46415767073631287
0.4639427959918976
0.4643551707267761
0.4638242721557617
0.46335455775260925
0.46337461471557617
0.46304166316986084
0.4628925919532776
0.4628733694553375
0.4627555012702942
0.4628681242465973
0.4624205231666565
0.4621210992336273
0.4618677794933319
0.46183881163597107
0.46157190203666687
0.4615786373615265
0.4615482687950134
0.46122437715530396
0.4609438478946686
0.46117550134658813
0.46082431077957153
0.4607175886631012
0.46047160029411316
0.4606087803840637
0.4601706564426422
0.4601735770702362
0.4598684012889862
0.4597212076187134
0.4594053030014038
0.4593520760536194
0.45906221866607666
0.459252268075943
0.4586836099624634
0.4587547183036804
0.45881155133247375
0.4582710564136505
0.4584288001060486
0.458210289478302
0.457958847284317
0.4579579532146454
0.4582083821296692
0.4579632580280304
0.45787513256073
0.4575076103210449
0.4574865996837616
0.45746156573295593
0.45728957653045654
0.457060843706131
0.45702049136161804
0.45691218972206116
0.4567725360393524
0.4567047655582428
0.4569426476955414
0.45651495456695557
0.4564816355705261
0.4561477303504944
0.45628347992897034
0.4564463198184967
0.4562954306602478
0.4560892581939697
0.4560178220272064
0.4561111629009247
0.45578742027282715
0.4560457170009613
0.4556061327457428
0.4557611048221588
0.45570266246795654
0.45539578795433044
0.4552675783634186
0.4552655816078186
0.4551692605018616
0.4552680253982544
0.4551991820335388
0.4550223648548126
0.4549460709095001
0.45487892627716064
0.45480862259864807
0.4549647271633148
0.4543714225292206
0.4545843005180359
0.45448389649391174
0.45446357131004333
0.4544653296470642
0.4543916881084442
0.4542955458164215
0.4543483555316925
0.45417508482933044
0.45415303111076355
0.4541504681110382
0.45382964611053467
0.45422783493995667
0.45404693484306335
0.4536251425743103
0.4535847306251526
0.45356640219688416
0.45355814695358276
0.4536401629447937
0.45338568091392517
0.45335060358047485
0.4533752501010895
0.45329853892326355
0.45320039987564087
0.45327049493789673
0.4533252418041229
0.4531000256538391
0.45320144295692444
0.45313435792922974
0.45313841104507446
0.4535663425922394
0.45317190885543823
0.45276373624801636
0.45271018147468567
0.45267099142074585
0.4528549313545227
0.45287588238716125
0.452755331993103
0.45268112421035767
0.45262762904167175
0.4525827467441559
0.45267194509506226
0.4526139795780182
0.4528237581253052
0.4525897800922394
0.4526703357696533
0.4525097906589508
0.45249488949775696
0.45252570509910583
0.4524637460708618
0.45249420404434204
0.45248937606811523
0.4524703919887543
0.45271286368370056
0.4527888298034668
0.45272234082221985
0.4523347020149231
0.4523942172527313
0.45256251096725464
0.45241934061050415
0.45233267545700073
0.45240023732185364
0.4524054229259491
0.4523050785064697
0.4524843990802765
0.45232585072517395
0.452315092086792
0.4522583484649658
0.4523159861564636
0.4522691071033478
0.4522794485092163
0.4524679481983185
0.4521811902523041
0.4521736204624176
0.4522254765033722
0.45234909653663635
0.45210763812065125
0.45215532183647156
0.4521186053752899
0.45214197039604187
0.4520508348941803
0.4521503150463104
0.4519456923007965
0.4521333873271942
0.4520394802093506
0.4519956409931183
0.45199868083000183
0.45195621252059937
0.452269047498703
0.4519825279712677
0.45198631286621094
0.45199471712112427
0.45199471712112427
0.4518766403198242
0.45189547538757324
0.451932817697525
0.4518887996673584
0.45193424820899963
0.45192065834999084
0.45190364122390747
0.45198026299476624
0.45177289843559265
0.45190146565437317
0.4518612027168274
0.45187798142433167
0.4517744779586792
0.45173805952072144
0.45175787806510925
0.451793372631073
0.45183736085891724
0.45223239064216614
0.4518051743507385
0.4517674744129181
0.4516945481300354
0.45165887475013733
0.4518323540687561
0.4516466557979584
0.4517219066619873
0.45163920521736145
0.4517805576324463
0.45157337188720703
0.45165693759918213
0.4516335129737854
0.45162907242774963
0.4516132175922394
0.4516458809375763
0.4516017735004425
0.45157599449157715
0.45159628987312317
0.4516443908214569
0.4515521824359894
0.4515739381313324
0.4515000879764557
0.45146647095680237
0.45144879817962646
0.4514533281326294
0.4513908624649048
0.4514164328575134
0.45138534903526306
0.4513665437698364
0.45139655470848083
0.4513339400291443
0.45132771134376526
0.4515923857688904
0.4513324201107025
0.45140212774276733
0.451343834400177
0.4513247311115265
0.4513288736343384
0.4513976573944092
0.451387882232666
0.4513068199157715
0.45130664110183716
0.45133933424949646
0.45131975412368774
0.4513135850429535
0.45130476355552673
0.4513360559940338
0.4513213038444519
0.4512834846973419
0.45126181840896606
0.4513123035430908
0.4512559175491333
0.45128872990608215
0.451284259557724
0.4512512683868408
0.4513033330440521
0.4512416124343872
0.45124056935310364
0.4513244032859802
0.45124247670173645
0.4512678384780884
0.45127302408218384
0.4512041509151459
0.45124363899230957
0.45124635100364685
0.4513412415981293
0.45136791467666626
0.4512857496738434
0.4511883854866028
0.45127207040786743
0.4512038826942444
0.4511871635913849
0.45118290185928345
0.4512302279472351
0.451175719499588
0.4512143135070801
0.45115312933921814
0.4511856138706207
0.45115238428115845
0.45112648606300354
0.45115694403648376
0.4512024521827698
0.4511542022228241
0.45110732316970825
0.45114538073539734
0.4511198401451111
0.4510902464389801
0.4510914385318756
0.45109322667121887
0.4511067271232605
0.45112380385398865
0.4510912597179413
0.45116662979125977
0.45122334361076355
0.4510815143585205
0.4511066973209381
0.45111575722694397
0.45109912753105164
0.4511267840862274
0.45105502009391785
0.45112091302871704
0.45106178522109985
0.4510512948036194
0.4511306881904602
0.45110076665878296
0.45102885365486145
0.4510857164859772
0.451018750667572
0.45101648569107056
0.451038658618927
0.45102405548095703
0.4509746730327606
0.4509885907173157
0.45099231600761414
0.4510645270347595
0.4509790539741516
0.45102420449256897
0.45103296637535095
0.45096325874328613
0.45098719000816345
0.4510391056537628
0.4509083032608032
0.4509104788303375
0.4508858323097229
0.450878769159317
0.4508841633796692
0.45086464285850525
0.45088815689086914
0.4509502053260803
0.4509167969226837
0.4508676528930664
0.45086100697517395
0.4508773982524872
0.4509047269821167
0.4508854150772095
0.45086222887039185
0.45085984468460083
0.45085984468460083
0.45091119408607483
0.4508492350578308
0.45083707571029663
0.4508591592311859
0.4508514702320099
0.4508345127105713
0.45084282755851746
0.4508407711982727
0.45085036754608154
0.4508252441883087
0.4508541226387024
0.45082658529281616
0.4508441090583801
0.45083385705947876
0.4508229196071625
0.45081374049186707
0.4508081078529358
0.45080557465553284
0.4508160948753357
0.4508029520511627
0.45078423619270325
0.4508082866668701
0.4508136808872223
0.4507986605167389
0.45080605149269104
0.4507790505886078
0.450784832239151
0.45082974433898926
0.45075660943984985
0.45076510310173035
0.4507600665092468
0.4507799446582794
0.4507862329483032
0.4507598876953125
0.4507363438606262
0.4507584869861603
0.45073768496513367
0.45073556900024414
0.450783371925354
0.4507600963115692
0.45076003670692444
0.4507071375846863
0.4507218599319458
0.45073118805885315
0.45074358582496643
0.450704425573349
0.4507260322570801
0.4507185220718384
0.45071667432785034
0.450712651014328
0.4506996273994446
0.4507131576538086
0.45069530606269836
0.45076245069503784
0.45069780945777893
0.45068421959877014
0.45067650079727173
0.45068880915641785
0.4506753981113434
0.4506760835647583
0.45068609714508057
0.45066288113594055
0.4506925642490387
0.45067477226257324
0.4506824016571045
0.4506516456604004
0.4506611227989197
0.45065316557884216
0.4506506323814392
0.4506450295448303
0.45062416791915894
0.4506472051143646
0.4506530463695526
0.4506157338619232
0.45066243410110474
0.4506286084651947
0.4506026804447174
0.45059436559677124
0.4506033957004547
0.45060116052627563
0.4505787491798401
0.45058318972587585
0.45056235790252686
0.45054659247398376
0.45053279399871826
0.4505227506160736
0.45052844285964966
0.4505169987678528
0.4505079984664917
0.45051124691963196
0.4505077302455902
0.4505006670951843
0.4505068361759186
0.45049411058425903
0.4505016803741455
0.4505062699317932
0.4504944384098053
0.4505009949207306
0.4504757821559906
0.4505108892917633
0.4504821002483368
0.4504856467247009
0.4504677951335907
0.45047906041145325
0.4504648447036743
0.4504702687263489
0.45046401023864746
0.45046859979629517
0.4504711329936981
0.4504728615283966
0.450470507144928
0.4504699409008026
0.4504498243331909
0.4504536986351013
0.4504489302635193
0.4504457116127014
0.4504457712173462
0.4504699110984802
0.4504389762878418
0.45044106245040894
0.4504411816596985
0.4504324793815613
0.45041900873184204
0.4504239559173584
0.4504065215587616
0.4504084289073944
0.45041346549987793
0.4504055678844452
0.45039358735084534
0.4503946006298065
0.4503933787345886
0.4503781497478485
0.45038384199142456
0.45037969946861267
0.45036184787750244
0.4503715932369232
0.4503558576107025
0.4503497779369354
0.45034879446029663
0.4503326117992401
0.450339138507843
0.4503481090068817
0.4503379762172699
0.45031601190567017
0.45032796263694763
0.4503132402896881
0.45032280683517456
0.45031216740608215
0.4503018260002136
0.45029059052467346
0.4502955675125122
0.4502827525138855
0.45027729868888855
0.4502812922000885
0.45028069615364075
0.450281023979187
0.450287789106369
0.4502643942832947
0.45025667548179626
0.4502529501914978
0.450246661901474
0.4502469301223755
0.45024511218070984
0.4502301812171936
0.45024293661117554
0.450246661901474
0.4502255618572235
0.45021700859069824
0.4502135217189789
0.45021888613700867
0.45020371675491333
0.4502306878566742
0.4502031207084656
0.45019569993019104
0.4501989185810089
0.45019930601119995
0.45019254088401794
0.45018908381462097
0.45017334818840027
0.45021408796310425
0.4501698911190033
0.4501718282699585
0.45015794038772583
0.4501476585865021
0.4501436948776245
0.4501430094242096
0.4501361548900604
0.45013314485549927
0.45013096928596497
0.45012691617012024
0.45012933015823364
0.4501291811466217
0.4501214027404785
0.45011869072914124
0.4501170516014099
0.45011743903160095
0.45011958479881287
0.45011889934539795
0.4501183331012726
0.450112521648407
0.45010659098625183
0.45010966062545776
0.450116902589798
0.4501035511493683
0.45009973645210266
0.4501238465309143
0.4500916004180908
0.45009565353393555
0.4500889480113983
0.450090229511261
0.4500868618488312
0.4500875174999237
0.45008471608161926
0.45008301734924316
0.45007678866386414
0.45007607340812683
0.4500747621059418
0.4500710368156433
0.4500684142112732
0.45007267594337463
0.45006445050239563
0.45006194710731506
0.4500580430030823
0.45006486773490906
0.4500734806060791
0.45005860924720764
0.4500621557235718
0.4500548839569092
0.4500565230846405
0.4500506818294525
0.4500485360622406
0.450047105550766
0.45004501938819885
0.4500434696674347
0.4500429332256317
0.4500359296798706
0.4500356614589691
0.4500429928302765
0.450033962726593
0.45003440976142883
0.4500296711921692
0.4500303864479065
0.45003002882003784
0.4500322937965393
0.45002809166908264
0.4500226676464081
0.45002561807632446
0.45003730058670044
0.45002350211143494
0.45001479983329773
0.45001697540283203
0.45001789927482605
0.4500257670879364
0.450024276971817
0.4500223398208618
0.4500095844268799
0.45001015067100525
0.4500049352645874
0.4500138461589813
0.45000115036964417
0.4500017762184143
0.45000532269477844
0.45000115036964417
0.4499988257884979
0.4499973952770233
0.45000243186950684
0.4499971568584442
0.44999048113822937
0.4499945342540741
0.44999799132347107
0.4500065743923187
0.44998452067375183
0.44999387860298157
0.44998836517333984
0.44998759031295776
0.4499925374984741
0.44998666644096375
0.449975848197937
0.4499790668487549
0.4499861001968384
0.44998860359191895
0.449980765581131
0.44997766613960266
0.44997256994247437
0.44997039437294006
0.44996577501296997
0.44996610283851624
0.4499692916870117
0.4499666094779968
0.4499668776988983
0.44996583461761475
0.449959933757782
0.4499625563621521
0.4499627649784088
0.44996100664138794
0.44995948672294617
0.44996052980422974
0.449959397315979
0.44996097683906555
0.44996413588523865
0.44995567202568054
0.449957937002182
0.449960321187973
0.4499554932117462
0.4499552249908447
0.4499567449092865
0.44995415210723877
0.4499611556529999
0.44995713233947754
0.4499565362930298
0.4499534070491791
0.4499542713165283
0.4499509334564209
0.449954628944397
0.4499569833278656
0.4499509930610657
0.44995594024658203
0.4499501883983612
0.4499494135379791
0.4499472975730896
0.4499531686306
0.4499487578868866
0.44994688034057617
0.44994795322418213
0.44994592666625977
0.449945867061615
0.4499448239803314
0.4499477744102478
0.44994452595710754
0.4499433636665344
0.4499492943286896
0.44994497299194336
0.4499410390853882
0.4499448537826538
0.44994622468948364
0.44994401931762695
0.449947327375412
0.44993939995765686
0.44994068145751953
0.44994744658470154
0.44994547963142395
0.44994306564331055
0.44993871450424194
0.4499397277832031
0.4499383568763733
0.44993671774864197
0.44993770122528076
0.44993847608566284
0.4499395191669464
0.44993624091148376
0.4499398171901703
0.4499415457248688
0.4499380886554718
0.4499390423297882
0.44993484020233154
0.4499320089817047
0.4499370753765106
0.4499361217021942
0.4499317705631256
0.4499383866786957
0.4499305784702301
0.44992977380752563
0.44993066787719727
0.44993162155151367
0.4499286711215973
0.4499308168888092
0.44993361830711365
0.44993022084236145
0.449927419424057
0.44992712140083313
0.44992801547050476
0.4499266445636749
0.4499264657497406
0.4499264359474182
0.449928343296051
0.4499257504940033
0.4499262571334839
0.44992369413375854
0.4499252438545227
0.44992440938949585
0.44992294907569885
0.4499264061450958
0.44992297887802124
0.44992074370384216
0.44991835951805115
0.44991883635520935
0.44991859793663025
0.44991785287857056
0.44991809129714966
0.4499185383319855
0.44991689920425415
0.44991612434387207
0.4499172866344452
0.4499170780181885
0.44991645216941833
0.4499179422855377
0.4499167799949646
0.4499174952507019
0.4499156177043915
0.4499150514602661
0.4499150216579437
0.44991618394851685
0.44991570711135864
0.44991427659988403
0.4499143660068512
0.44991442561149597
0.44991421699523926
0.4499164819717407
0.44992154836654663
0.4499143064022064
0.4499138593673706
0.4499134123325348
0.4499136805534363
0.44991469383239746
0.4499130845069885
0.44991299510002136
0.4499135911464691
0.44991400837898254
0.44991156458854675
0.449911892414093
0.44991177320480347
0.4499126374721527
0.4499114155769348
0.44991210103034973
0.4499112069606781
0.44991257786750793
0.4499099850654602
0.4499121904373169
0.44991058111190796
0.4499112665653229
0.449910044670105
0.4499095380306244
0.44990986585617065
0.4499092996120453
0.4499088525772095
0.4499102830886841
0.4499093294143677
0.44991007447242737
0.44990968704223633
0.44990918040275574
0.44990938901901245
0.44991031289100647
0.4499084949493408
0.4499076008796692
0.4499083161354065
0.44990959763526917
0.44990989565849304
0.44990676641464233
0.4499075710773468
0.4499060809612274
0.4499060809612274
0.44990578293800354
0.449907124042511
0.4499056339263916
0.44990676641464233
0.449905663728714
0.4499056041240692
0.44990694522857666
0.4499056935310364
0.4499056041240692
0.44990473985671997
0.4499047100543976
0.4499051868915558
0.44990792870521545
0.44990500807762146
0.4499048888683319
0.449904203414917
0.44990256428718567
0.44990405440330505
0.44990330934524536
0.44990262389183044
0.44990459084510803
0.4499034881591797
0.44990354776382446
0.4499017596244812
0.44990140199661255
0.4499035179615021
0.4499005675315857
0.4499008357524872
0.44990140199661255
0.4499035179615021
0.4499015212059021
0.44990259408950806
0.4498993158340454
0.4498991072177887
0.44989895820617676
0.4498991072177887
0.44989827275276184
0.4498981535434723
0.4498984217643738
0.44989901781082153
0.4498980641365051
0.44989848136901855
0.449897825717926
0.4498976469039917
0.44989749789237976
0.4498973488807678
0.44989752769470215
0.4498979151248932
0.44989779591560364
0.4499002993106842
0.4498978555202484
0.4498976171016693
0.4498983919620514
0.4498964250087738
0.44989776611328125
0.4498966932296753
0.4498969316482544
0.4498966932296753
0.44989585876464844
0.44989660382270813
0.4498956799507141
0.4498957097530365
0.44989705085754395
0.449895441532135
0.4498964250087738
0.4498961865901947
0.4498957097530365
0.44989562034606934
0.44989535212516785
0.4498952031135559
0.4498969614505768
0.4498947560787201
0.44989466667175293
0.4498957395553589
0.4498949646949768
0.44989413022994995
0.44989433884620667
0.44989481568336487
0.4498940706253052
0.4498952627182007
0.44989442825317383
0.44989413022994995
0.44989413022994995
0.4498933255672455
0.4498941898345947
0.4498932361602783
0.449893057346344
0.4498939514160156
0.4498928189277649
0.44989293813705444
0.4498935043811798
0.44989264011383057
0.44989344477653503
0.44989293813705444
0.4498928189277649
0.4498923122882843
0.449893057346344
0.4498928189277649
0.4498932361602783
0.449893057346344
0.44989264011383057
0.4498920142650604
0.4498921036720276
0.4498926103115082
0.4498920142650604
0.44989192485809326
0.4498915374279022
0.44989147782325745
0.4498915374279022
0.4498912990093231
0.44989192485809326
0.44989126920700073
0.4498921036720276
0.4498932361602783
0.4498915374279022
0.44989240169525146
0.44989070296287537
0.44989046454429626
0.44989243149757385
0.4498901963233948
0.4498905539512634
0.4498913586139679
0.44989076256752014
0.44989004731178284
0.4498898684978485
0.4498898386955261
0.44988924264907837
0.44988900423049927
0.4498904049396515
0.4498893916606903
0.44988951086997986
0.4498893916606903
0.44988876581192017
0.4498880207538605
0.4498881995677948
0.44988808035850525
0.44988813996315
0.4498881697654724
0.4498879313468933
0.44988828897476196
0.44988784193992615
0.4498882293701172
0.44988808035850525
0.4498879313468933
0.44988781213760376
0.44988757371902466
0.44988763332366943
0.4498881697654724
0.44988781213760376
0.44988736510276794
0.4498874843120575
0.4498872756958008
0.44988787174224854
0.44988715648651123
0.44988754391670227
0.4498874843120575
0.4498872756958008
0.449887216091156
0.4498870074748993
0.44988688826560974
0.44988733530044556
0.44988709688186646
0.44988781213760376
0.4498874247074127
0.4498877227306366
0.4498870074748993
0.44988685846328735
0.4498872458934784
0.4498862624168396
0.44988685846328735
0.4498865306377411
0.4498867690563202
0.449886292219162
0.4498864412307739
0.4498863220214844
0.4498863220214844
0.4498862624168396
0.4498864412307739
0.4498865008354187
0.44988614320755005
0.44988617300987244
0.4498864412307739
0.4498859643936157
0.44988584518432617
0.44988569617271423
0.4498867094516754
0.44988569617271423
0.44988593459129333
0.44988617300987244
0.4498855471611023
0.44988587498664856
0.4498854875564575
0.4498858153820038
0.44988587498664856
0.44988584518432617
0.4498854875564575
0.4498855769634247
0.4498855769634247
0.44988512992858887
0.44988498091697693
0.44988518953323364
0.4498855173587799
0.44988495111465454
0.44988560676574707
0.44988512992858887
0.4498862624168396
0.44988465309143066
0.4498848617076874
0.4498852789402008
0.44988444447517395
0.4498847723007202
0.4498848617076874
0.44988447427749634
0.4498840868473053
0.4498846232891083
0.44988420605659485
0.44988489151000977
0.4498842656612396
0.4498841464519501
0.4498841464519501
0.4498843252658844
0.44988420605659485
0.44988447427749634
0.44988390803337097
0.4498841166496277
0.44988372921943665
0.4498843252658844
0.4498837888240814
0.4498841166496277
0.44988441467285156
0.4498835504055023
0.4498835504055023
0.44988301396369934
0.4498830735683441
0.44988304376602173
0.44988304376602173
0.4498831033706665
0.44988301396369934
0.4498833119869232
0.4498836398124695
0.44988301396369934
0.4498829245567322
0.4498831331729889
0.44988301396369934
0.44988295435905457
0.4498826861381531
0.4498828947544098
0.44988295435905457
0.44988271594047546
0.44988274574279785
0.4498828053474426
0.449882835149765
0.4498828053474426
0.4498826861381531
0.4498825967311859
0.44988274574279785
0.4498826861381531
0.4498825669288635
0.449882447719574
0.44988253712654114
0.4498825967311859
0.44988277554512024
0.4498823285102844
0.44988250732421875
0.4498823881149292
0.4498823583126068
0.4498823583126068
0.44988226890563965
0.4498823881149292
0.4498821198940277
0.4498823285102844
0.4498820900917053
0.4498820900917053
0.4498823583126068
0.44988226890563965
0.44988223910331726
0.44988206028938293
0.4498822093009949
0.44988206028938293
0.449881911277771
0.449881911277771
0.449881911277771
0.4498824179172516
0.4498823583126068
0.4498818516731262
0.44988179206848145
0.4498822093009949
0.4498820900917053
0.4498818516731262
0.44988179206848145
0.44988182187080383
0.44988176226615906
0.4498818516731262
0.44988176226615906
0.44988179206848145
0.44988173246383667
0.4498819410800934
0.4498817026615143
0.44988223910331726
0.4498816430568695
0.4498816430568695
0.44988149404525757
0.44988131523132324
0.449881374835968
0.4498820900917053
0.44988125562667847
0.4498816132545471
0.44988131523132324
0.44988176226615906
0.4498816430568695
0.44988128542900085
0.44988134503364563
0.4498812258243561
0.4498811364173889
0.4498811662197113
0.4498812258243561
0.44988107681274414
0.4498811662197113
0.44988110661506653
0.4498812258243561
0.4498807489871979
0.449880987405777
0.44988101720809937
0.44988107681274414
0.4498809278011322
0.4498811364173889
0.44988125562667847
0.44988080859184265
0.44988101720809937
0.4498806893825531
0.449880987405777
0.4498806297779083
0.44988054037094116
0.449880450963974
0.4498804807662964
0.4498803913593292
0.44988036155700684
0.44988036155700684
0.449880450963974
0.4498804211616516
0.44988036155700684
0.4498802721500397
0.4498804211616516
0.44988057017326355
0.4498802423477173
0.4498801529407501
0.44988033175468445
0.4498802125453949
0.4498802423477173
0.4498802423477173
0.44988012313842773
0.4498801529407501
0.4498801529407501
0.4498802721500397
0.4498801529407501
0.44988012313842773
0.44988006353378296
0.44988009333610535
0.4498801529407501
0.44988012313842773
0.44988006353378296
0.44988006353378296
0.4498800039291382
0.4498799741268158
0.44988003373146057
0.4498799741268158
0.449879914522171
0.4498799443244934
0.4498800039291382
0.44988003373146057
0.4498799443244934
0.449879914522171
0.4498799741268158
0.4498799443244934
0.4498799443244934
0.44987985491752625
0.4498797655105591
0.44987988471984863
0.44987979531288147
0.44987988471984863
0.4498797655105591
0.44987982511520386
0.44987985491752625
0.4498797655105591
0.4498797059059143
0.44987979531288147
0.44987979531288147
0.4498797357082367
0.4498797059059143
0.44987979531288147
0.4498796761035919
0.4498797655105591
0.4498797059059143
0.4498797059059143
0.44987964630126953
0.44987952709198
0.44987958669662476
0.44987952709198
0.44987952709198
0.44987955689430237
0.44987958669662476
0.44987961649894714
0.44987964630126953
0.44987952709198
0.4498794972896576
0.4498796761035919
0.44987937808036804
0.44987958669662476
0.4498794674873352
0.44987955689430237
0.44987979531288147
0.4498794376850128
0.4498794674873352
0.4498794972896576
0.44987952709198
0.44987931847572327
0.4498794376850128
0.4498794972896576
0.4498794376850128
0.44987952709198
0.44987931847572327
0.4498792886734009
0.4498792588710785
0.4498792290687561
0.4498792290687561
0.4498792588710785
0.44987934827804565
0.44987931847572327
0.4498792588710785
0.44987913966178894
0.4498791992664337
0.4498792290687561
0.44987908005714417
0.4498790204524994
0.4498790204524994
0.4498790204524994
0.449878990650177
0.449878990650177
0.44987908005714417
0.4498790204524994
0.44987910985946655
0.449878990650177
0.4498790204524994
0.44987890124320984
0.4498789608478546
0.4498789310455322
0.4498789310455322
0.4498789608478546
0.4498789310455322
0.4498789310455322
0.4498789310455322
0.4498790204524994
0.449878990650177
0.44987887144088745
0.44987890124320984
0.44987890124320984
0.44987890124320984
0.4498789310455322
0.4498790204524994
0.44987890124320984
0.44987890124320984
0.44987884163856506
0.4498789310455322
0.44987887144088745
0.4498787820339203
0.4498789310455322
0.44987890124320984
0.44987884163856506
0.4498788118362427
0.4498788118362427
0.44987890124320984
0.44987887144088745
0.4498788118362427
0.4498787522315979
0.4498787522315979
0.4498787522315979
0.4498787224292755
0.4498788118362427
0.4498787224292755
0.44987866282463074
0.4498787820339203
0.4498787522315979
0.4498787522315979
0.44987866282463074
0.4498787224292755
0.4498787224292755
0.44987866282463074
0.44987866282463074
0.4498786926269531
0.4498786926269531
0.4498786926269531
0.4498787224292755
0.4498787224292755
0.4498787522315979
0.44987866282463074
0.44987860321998596
0.44987860321998596
0.44987863302230835
0.4498785138130188
0.4498787224292755
0.44987860321998596
0.44987863302230835
0.44987863302230835
0.4498785734176636
0.4498785734176636
0.4498785138130188
0.4498785138130188
0.4498785734176636
0.4498785138130188
0.4498785734176636
0.4498785138130188
0.4498785436153412
0.4498785734176636
0.44987860321998596
0.4498784840106964
0.4498784840106964
0.4498785436153412
0.4498784840106964
0.4498784840106964
0.4498784840106964
0.4498784840106964
0.449878454208374
0.4498784840106964
0.4498785138130188
0.4498784840106964
0.449878454208374
0.44987842440605164
0.449878454208374
0.44987842440605164
0.449878454208374
0.44987842440605164
0.44987839460372925
0.44987836480140686
0.44987842440605164
0.44987836480140686
0.4498783051967621
0.44987839460372925
0.4498783051967621
0.44987836480140686
0.4498783349990845
0.4498782753944397
0.44987836480140686
0.4498783051967621
0.4498783051967621
0.44987836480140686
0.44987836480140686
0.44987836480140686
0.4498783051967621
0.44987839460372925
0.44987836480140686
0.4498783349990845
0.4498782753944397
0.4498783051967621
0.4498783349990845
0.4498783051967621
0.44987839460372925
0.4498783349990845
0.4498782753944397
0.4498783051967621
0.4498783051967621
0.4498783349990845
0.4498782455921173
0.4498782753944397
0.4498783051967621
0.4498783051967621
0.4498782753944397
0.4498782753944397
0.4498782753944397
0.4498783051967621
0.4498782157897949
0.4498782455921173
0.4498782753944397
0.4498783051967621
0.4498782753944397
0.4498782455921173
0.4498782753944397
0.4498782157897949
0.4498782455921173
0.4498782455921173
0.4498782455921173
0.4498783051967621
0.4498783051967621
0.4498782157897949
0.4498782455921173
0.4498782157897949
0.4498782157897949
0.4498782157897949
0.4498782157897949
0.4498782455921173
0.4498782455921173
0.44987818598747253
0.4498782455921173
0.4498782455921173
0.4498782455921173
0.44987818598747253
0.44987818598747253
0.4498782455921173
0.4498782753944397
0.44987815618515015
0.44987818598747253
0.44987812638282776
0.44987812638282776
0.44987818598747253
0.4498782157897949
0.44987818598747253
0.44987818598747253
0.44987818598747253
0.4498782455921173
0.44987818598747253
0.4498782157897949
0.44987818598747253
0.44987812638282776
0.44987818598747253
0.44987815618515015
0.4498782157897949
0.44987812638282776
0.44987815618515015
0.44987812638282776
0.44987815618515015
0.44987815618515015
0.44987815618515015
0.44987812638282776
0.44987809658050537
0.44987812638282776
0.44987809658050537
0.44987812638282776
0.44987812638282776
0.44987809658050537
0.44987809658050537
0.44987809658050537
0.44987818598747253
0.44987815618515015
0.449878066778183
0.44987809658050537
0.44987809658050537
0.449878066778183
0.44987809658050537
0.449878066778183
0.44987809658050537
0.44987809658050537
0.44987812638282776
0.449878066778183
0.44987812638282776
0.44987809658050537
0.4498780369758606
0.4498780369758606
0.449878066778183
0.449878066778183
0.449878066778183
0.449878066778183
0.4498780369758606
0.4498780071735382
0.449878066778183
0.44987809658050537
0.4498780369758606
0.4498780071735382
0.44987809658050537
0.449878066778183
0.44987809658050537
0.4498780071735382
0.4498780071735382
0.4498779773712158
0.4498780369758606
0.449878066778183
0.4498780071735382
0.4498780071735382
0.449878066778183
0.4498780071735382
0.44987794756889343
0.4498780071735382
0.4498780071735382
0.4498779773712158
0.4498780071735382
0.4498779773712158
0.4498780369758606
0.4498780369758606
0.4498779773712158
0.4498779773712158
0.4498780071735382
0.4498779773712158
0.4498779773712158
0.4498780071735382
0.4498780071735382
0.4498780369758606
0.4498779773712158
0.4498780369758606
0.4498779773712158
0.4498780369758606
0.4498779773712158
0.44987791776657104
0.4498780071735382
0.44987794756889343
0.4498780071735382
0.4498779773712158
0.4498780071735382
0.4498779773712158
0.4498779773712158
0.4498779773712158
0.4498779773712158
0.4498779773712158
0.4498779773712158
0.4498779773712158
0.4498780071735382
0.4498779773712158
0.4498779773712158
0.4498779773712158
0.44987791776657104
0.4498780071735382
0.4498779773712158
0.4498779773712158
0.44987794756889343
0.4498779773712158
0.4498779773712158
0.44987791776657104
0.4498779773712158
0.44987794756889343
0.4498779773712158
0.44987791776657104
0.4498779773712158
0.44987794756889343
0.44987788796424866
0.4498779773712158
0.44987791776657104
0.44987788796424866
0.44987794756889343
0.44987794756889343
0.44987788796424866
0.44987794756889343
0.44987794756889343
0.44987788796424866
0.44987788796424866
0.44987788796424866
0.44987791776657104
0.44987791776657104
0.44987794756889343
0.4498779773712158
0.44987794756889343
0.44987794756889343
0.44987788796424866
0.44987788796424866
0.44987791776657104
0.44987791776657104
0.44987791776657104
0.44987791776657104
0.44987788796424866
0.44987791776657104
0.44987791776657104
0.44987785816192627
0.44987785816192627
0.44987785816192627
0.44987794756889343
0.44987785816192627
0.44987791776657104
0.44987788796424866
0.44987785816192627
0.44987788796424866
0.44987785816192627
0.4498778283596039
0.44987785816192627
0.4498777985572815
0.44987785816192627
0.4498778283596039
0.44987794756889343
0.4498778283596039
0.44987791776657104
0.44987788796424866
0.4498778283596039
0.44987788796424866
0.4498778283596039
0.4498777985572815
0.44987785816192627
0.44987785816192627
0.4498777687549591
0.44987785816192627
0.4498778283596039
0.4498778283596039
0.44987785816192627
0.4498777985572815
0.4498778283596039
0.44987785816192627
0.4498778283596039
0.4498777985572815
0.4498777985572815
0.44987785816192627
0.4498778283596039
0.4498778283596039
0.4498778283596039
0.4498777985572815
0.4498777985572815
0.4498777389526367
0.4498777985572815
0.4498777985572815
0.4498778283596039
0.4498778283596039
0.4498777687549591
0.4498777687549591
0.44987767934799194
0.4498777389526367
0.4498778283596039
0.4498778283596039
0.4498777687549591
0.4498777389526367
0.4498777389526367
0.44987785816192627
0.4498777985572815
0.44987767934799194
0.4498777389526367
0.4498777985572815
0.4498777985572815
0.4498777985572815
0.4498777389526367
0.4498777687549591
0.4498777389526367
0.4498777389526367
0.4498777389526367
0.4498777389526367
0.4498777389526367
0.4498777687549591
0.4498777389526367
0.4498777687549591
0.4498777389526367
0.4498777389526367
0.44987770915031433
0.4498777389526367
0.4498777389526367
0.4498777687549591
0.4498777389526367
0.44987767934799194
0.44987770915031433
0.4498777389526367
0.44987770915031433
0.4498777389526367
0.4498777687549591
0.4498777985572815
0.44987770915031433
0.44987767934799194
0.44987770915031433
0.44987764954566956
0.44987770915031433
0.4498777687549591
0.44987767934799194
0.44987770915031433
0.44987767934799194
0.44987764954566956
0.44987767934799194
0.44987767934799194
0.44987767934799194
0.44987767934799194
0.44987767934799194
0.44987764954566956
0.44987770915031433
0.44987767934799194
0.44987761974334717
0.44987767934799194
0.44987761974334717
0.44987764954566956
0.44987767934799194
0.44987767934799194
0.44987767934799194
0.44987761974334717
0.44987764954566956
0.44987764954566956
0.44987767934799194
0.44987770915031433
0.44987764954566956
0.44987764954566956
0.44987767934799194
0.44987764954566956
0.44987764954566956
0.4498775899410248
0.4498775899410248
0.44987764954566956
0.44987761974334717
0.44987761974334717
0.44987761974334717
0.44987761974334717
0.4498775601387024
0.4498775899410248
0.44987761974334717
0.4498775899410248
0.44987761974334717
0.4498775899410248
0.44987767934799194
0.4498775601387024
0.44987761974334717
0.44987761974334717
0.4498775899410248
0.44987764954566956
0.44987761974334717
0.4498775899410248
0.44987761974334717
0.4498775601387024
0.44987761974334717
0.4498775899410248
0.44987761974334717
0.44987761974334717
0.4498775601387024
0.4498775899410248
0.44987761974334717
0.44987753033638
0.4498775601387024
0.4498775601387024
0.4498775601387024
0.4498775601387024
0.44987753033638
0.4498775601387024
0.4498775601387024
0.4498775601387024
0.44987753033638
0.44987753033638
0.4498775899410248
0.4498775899410248
0.4498775601387024
0.4498775005340576
0.4498775899410248
0.4498775005340576
0.44987753033638
0.44987761974334717
0.4498775601387024
0.44987753033638
0.44987753033638
0.44987753033638
0.4498775601387024
0.4498775005340576
0.4498775601387024
0.4498775899410248
0.4498775601387024
0.4498775601387024
0.4498775899410248
0.4498775005340576
0.44987753033638
0.4498775005340576
0.44987747073173523
0.4498775601387024
0.44987753033638
0.44987753033638
0.44987747073173523
0.44987747073173523
0.44987753033638
0.44987747073173523
0.4498775005340576
0.44987747073173523
0.44987747073173523
0.44987747073173523
0.4498775005340576
0.44987753033638
0.4498775005340576
0.4498775005340576
0.44987747073173523
0.44987747073173523
0.4498775005340576
0.44987747073173523
0.44987747073173523
0.4498775601387024
0.44987747073173523
0.44987747073173523
0.4498775005340576
0.44987747073173523
0.44987747073173523
0.44987747073173523
0.44987747073173523
0.44987747073173523
0.44987747073173523
0.44987747073173523
0.44987747073173523
0.44987747073173523
0.44987744092941284
0.44987747073173523
0.44987747073173523
0.44987744092941284
0.44987744092941284
0.44987741112709045
0.44987747073173523
0.44987747073173523
0.44987747073173523
0.44987747073173523
0.44987741112709045
0.44987741112709045
0.44987741112709045
0.44987744092941284
0.44987747073173523
0.44987747073173523
0.44987744092941284
0.44987744092941284
0.44987741112709045
0.44987741112709045
0.4498773515224457
0.44987741112709045
0.4498773515224457
0.44987744092941284
0.44987747073173523
0.44987741112709045
0.44987747073173523
0.44987741112709045
0.44987738132476807
0.44987744092941284
0.44987741112709045
0.44987738132476807
0.44987738132476807
0.44987738132476807
0.44987738132476807
0.44987741112709045
0.44987738132476807
0.44987741112709045
0.4498773515224457
0.44987744092941284
0.44987738132476807
0.4498773515224457
0.44987738132476807
0.44987741112709045
0.44987738132476807
0.44987738132476807
0.44987738132476807
0.4498773515224457
0.4498773515224457
0.44987741112709045
0.4498773217201233
0.44987738132476807
0.4498773515224457
0.4498773515224457
0.44987741112709045
0.44987744092941284
0.44987738132476807
0.4498773217201233
0.4498773515224457
0.44987741112709045
0.4498773217201233
0.4498773515224457
0.4498773217201233
0.4498773515224457
0.44987738132476807
0.44987738132476807
0.44987738132476807
0.4498773515224457
0.4498773217201233
0.4498773515224457
0.44987744092941284
0.4498773217201233
0.4498773515224457
0.4498772919178009
0.4498773515224457
0.4498772919178009
0.4498772919178009
0.4498773515224457
0.4498773217201233
0.4498772919178009
0.4498772919178009
0.4498773217201233
0.4498773515224457
0.4498773217201233
0.4498773515224457
0.4498773515224457
0.4498772919178009
0.4498773217201233
0.4498772919178009
0.4498772919178009
0.4498772621154785
0.4498772919178009
0.4498773217201233
0.4498772919178009
0.4498772919178009
0.4498772919178009
0.4498772919178009
0.4498772621154785
0.4498773515224457
0.4498772919178009
0.4498772621154785
0.4498772919178009
0.4498772621154785
0.4498772919178009
0.4498772621154785
0.44987723231315613
0.4498772621154785
0.4498773217201233
0.4498772621154785
0.44987723231315613
0.44987723231315613
0.44987723231315613
0.44987723231315613
0.4498772621154785
0.4498772919178009
0.4498772919178009
0.44987723231315613
0.4498772621154785
0.44987723231315613
0.44987717270851135
0.44987723231315613
0.44987720251083374
0.4498772621154785
0.4498772919178009
0.44987720251083374
0.44987723231315613
0.44987717270851135
0.4498773217201233
0.44987720251083374
0.44987720251083374
0.44987717270851135
0.44987723231315613
0.44987720251083374
0.44987723231315613
0.44987723231315613
0.44987723231315613
0.44987714290618896
0.44987720251083374
0.44987723231315613
0.4498772919178009
0.4498772621154785
0.4498773217201233
0.44987717270851135
0.44987723231315613
0.44987720251083374
0.44987720251083374
0.44987717270851135
0.44987723231315613
0.44987717270851135
0.44987720251083374
0.44987720251083374
0.44987717270851135
0.44987717270851135
0.44987720251083374
0.44987714290618896
0.4498771131038666
0.44987714290618896
0.44987714290618896
0.44987714290618896
0.44987714290618896
0.4498771131038666
0.44987720251083374
0.44987714290618896
0.44987723231315613
0.44987714290618896
0.44987714290618896
0.4498771131038666
0.44987714290618896
0.4498770833015442
0.44987714290618896
0.44987714290618896
0.4498770833015442
0.4498771131038666
0.44987714290618896
0.44987714290618896
0.44987717270851135
0.44987717270851135
0.44987714290618896
0.4498770534992218
0.4498770833015442
0.4498771131038666
0.44987714290618896
0.4498771131038666
0.4498771131038666
0.4498770534992218
0.44987717270851135
0.4498770833015442
0.4498771131038666
0.44987714290618896
0.4498770833015442
0.4498770534992218
0.4498770534992218
0.4498770833015442
0.4498771131038666
0.4498771131038666
0.4498770534992218
0.4498770534992218
0.4498770833015442
0.4498770833015442
0.4498770833015442
0.4498770833015442
0.44987714290618896
0.4498771131038666
0.4498771131038666
0.4498770534992218
0.4498770833015442
0.4498770534992218
0.4498771131038666
0.4498770534992218
0.4498770534992218
0.4498770236968994
0.4498770534992218
0.4498770236968994
0.4498770534992218
0.4498770833015442
0.4498770534992218
0.4498770534992218
0.4498770236968994
0.4498770236968994
0.449876993894577
0.449876993894577
0.4498770833015442
0.4498770833015442
0.4498770236968994
0.4498770236968994
0.44987696409225464
0.4498770236968994
0.4498770236968994
0.449876993894577
0.449876993894577
0.4498770534992218
0.449876993894577
0.449876993894577
0.4498770833015442
0.449876993894577
0.44987696409225464
0.449876993894577
0.44987696409225464
0.449876993894577
0.4498770236968994
0.449876993894577
0.449876993894577
0.449876993894577
0.449876993894577
0.4498770534992218
0.449876993894577
0.449876993894577
0.44987696409225464
0.4498770236968994
0.44987693428993225
0.44987696409225464
0.44987693428993225
0.44987696409225464
0.44987693428993225
0.449876993894577
0.44987693428993225
0.44987693428993225
0.449876993894577
0.44987693428993225
0.44987696409225464
0.449876993894577
0.44987693428993225
0.44987693428993225
0.44987693428993225
0.44987696409225464
0.44987696409225464
0.44987693428993225
0.449876993894577
0.44987693428993225
0.44987693428993225
0.44987696409225464
0.4498768746852875
0.44987693428993225
0.44987693428993225
0.44987696409225464
0.44987693428993225
0.449876993894577
0.44987690448760986
0.44987690448760986
0.44987693428993225
0.44987690448760986
0.4498768448829651
0.44987693428993225
0.44987690448760986
0.44987693428993225
0.44987690448760986
0.44987693428993225
0.44987690448760986
0.44987690448760986
0.4498768746852875
0.44987693428993225
0.44987690448760986
0.44987693428993225
0.44987693428993225
0.44987693428993225
0.4498768746852875
0.4498768746852875
0.4498768746852875
0.44987690448760986
0.44987690448760986
0.44987693428993225
0.44987693428993225
0.44987690448760986
0.44987690448760986
0.4498768448829651
0.44987690448760986
0.4498768746852875
0.44987690448760986
0.4498768746852875
0.44987690448760986
0.4498768448829651
0.4498768448829651
0.4498768746852875
0.44987690448760986
0.44987690448760986
0.4498768746852875
0.44987690448760986
0.44987690448760986
0.4498768448829651
0.44987693428993225
0.4498768746852875
0.4498768448829651
0.44987690448760986
0.4498768448829651
0.4498768746852875
0.4498768448829651
0.44987690448760986
0.4498768746852875
0.4498768448829651
0.4498768746852875
0.4498767554759979
0.4498767852783203
0.4498768150806427
0.4498768448829651
0.4498768448829651
0.4498767852783203
0.4498768150806427
0.4498768150806427
0.4498768150806427
0.4498768448829651
0.4498768448829651
0.4498768746852875
0.4498768448829651
0.4498768150806427
0.4498768448829651
0.4498768448829651
0.4498767852783203
0.4498768150806427
0.4498768150806427
0.4498768448829651
0.4498768746852875
0.4498767852783203
0.4498768448829651
0.4498767554759979
0.4498768150806427
0.4498767852783203
0.4498767852783203
0.4498767852783203
0.4498767852783203
0.4498768448829651
0.4498767852783203
0.4498767554759979
0.44987672567367554
0.4498767554759979
0.44987672567367554
0.4498767554759979
0.4498768150806427
0.4498767554759979
0.4498768448829651
0.4498767554759979
0.4498767554759979
0.4498767852783203
0.4498768150806427
0.44987672567367554
0.4498767554759979
0.4498767554759979
0.44987669587135315
0.44987672567367554
0.4498767852783203
0.4498767554759979
0.4498767554759979
0.4498768746852875
0.4498767554759979
0.44987672567367554
0.4498767852783203
0.4498767554759979
0.4498767554759979
0.44987669587135315
0.44987672567367554
0.44987672567367554
0.4498767852783203
0.4498767852783203
0.44987672567367554
0.44987669587135315
0.44987666606903076
0.44987666606903076
0.44987672567367554
0.44987672567367554
0.44987669587135315
0.44987669587135315
0.4498767554759979
0.44987669587135315
0.44987672567367554
0.4498766362667084
0.4498767554759979
0.4498767554759979
0.44987666606903076
0.4498767554759979
0.44987669587135315
0.44987666606903076
0.44987666606903076
0.44987666606903076
0.449876606464386
0.44987666606903076
0.44987672567367554
0.44987669587135315
0.44987666606903076
0.44987666606903076
0.44987669587135315
0.4498766362667084
0.44987666606903076
0.4498766362667084
0.44987669587135315
0.44987669587135315
0.4498766362667084
0.44987666606903076
0.4498766362667084
0.449876606464386
0.44987666606903076
0.4498766362667084
0.44987666606903076
0.4498766362667084
0.449876606464386
0.44987666606903076
0.449876606464386
0.449876606464386
0.44987666606903076
0.449876606464386
0.449876606464386
0.4498766362667084
0.4498766362667084
0.44987666606903076
0.449876606464386
0.44987666606903076
0.44987666606903076
0.4498766362667084
0.4498765766620636
0.4498765766620636
0.449876606464386
0.4498766362667084
0.4498766362667084
0.4498765766620636
0.44987666606903076
0.4498765766620636
0.4498765766620636
0.4498765170574188
0.4498765766620636
0.4498765766620636
0.44987666606903076
0.4498765766620636
0.4498765766620636
0.449876606464386
0.4498765766620636
0.4498765766620636
0.4498765468597412
0.4498765468597412
0.4498765468597412
0.4498765766620636
0.4498765170574188
0.4498765766620636
0.4498765468597412
0.44987648725509644
0.4498765766620636
0.4498765766620636
0.4498765468597412
0.44987648725509644
0.449876606464386
0.4498765170574188
0.4498766362667084
0.4498765468597412
0.4498765170574188
0.4498765468597412
0.4498765468597412
0.4498765170574188
0.4498765468597412
0.4498765170574188
0.44987648725509644
0.4498765468597412
0.44987648725509644
0.44987645745277405
0.4498765170574188
0.4498765170574188
0.4498765468597412
0.4498765170574188
0.4498765170574188
0.44987648725509644
0.4498765170574188
0.4498765766620636
0.4498765170574188
0.44987645745277405
0.44987645745277405
0.44987645745277405
0.44987648725509644
0.4498765170574188
0.44987645745277405
0.44987648725509644
0.4498765170574188
0.44987645745277405
0.44987648725509644
0.44987645745277405
0.44987648725509644
0.44987645745277405
0.4498765468597412
0.44987645745277405
0.44987648725509644
0.44987645745277405
0.44987642765045166
0.44987642765045166
0.4498765170574188
0.44987645745277405
0.44987648725509644
0.44987645745277405
0.44987642765045166
0.44987645745277405
0.4498765170574188
0.4498765170574188
0.44987645745277405
0.4498765170574188
0.44987642765045166
0.44987642765045166
0.44987642765045166
0.4498765170574188
0.44987642765045166
0.4498763978481293
0.44987642765045166
0.44987642765045166
0.44987642765045166
0.44987645745277405
0.44987648725509644
0.44987648725509644
0.44987642765045166
0.44987642765045166
0.44987642765045166
0.4498763978481293
0.44987642765045166
0.44987642765045166
0.4498763978481293
0.44987642765045166
0.44987642765045166
0.44987642765045166
0.44987645745277405
0.44987642765045166
0.44987642765045166
0.44987642765045166
0.4498763978481293
0.4498763680458069
0.44987642765045166
0.4498763978481293
0.4498763978481293
0.4498763978481293
0.4498763978481293
0.4498763978481293
0.4498763978481293
0.44987642765045166
0.4498763978481293
0.4498763978481293
0.44987642765045166
0.44987642765045166
0.4498763978481293
0.44987642765045166
0.4498763680458069
0.44987642765045166
0.4498763978481293
0.4498763978481293
0.4498763680458069
0.4498763382434845
0.4498762786388397
0.4498763680458069
0.4498763978481293
0.4498763680458069
0.4498763680458069
0.4498763978481293
0.4498763382434845
0.4498763680458069
0.4498763978481293
0.4498763382434845
0.4498763680458069
0.4498763382434845
0.4498763680458069
0.4498763382434845
0.4498763382434845
0.4498763084411621
0.4498763680458069
0.4498763382434845
0.4498763084411621
0.4498763382434845
0.4498762786388397
0.4498763680458069
0.4498763382434845
0.4498763382434845
0.4498763382434845
0.4498763382434845
0.4498763382434845
0.4498763680458069
0.4498763382434845
0.4498763084411621
0.4498763382434845
0.4498763382434845
0.4498763680458069
0.4498763382434845
0.4498763084411621
0.4498763382434845
0.4498763084411621
0.4498762786388397
0.4498762786388397
0.4498762786388397
0.4498762786388397
0.4498762786388397
0.4498762786388397
0.44987624883651733
0.4498763084411621
0.4498763084411621
0.4498763084411621
0.44987624883651733
0.4498763084411621
0.4498762786388397
0.4498763084411621
0.4498763084411621
0.4498763382434845
0.4498763084411621
0.44987621903419495
0.4498762786388397
0.4498762786388397
0.4498762786388397
0.44987624883651733
0.4498763084411621
0.44987624883651733
0.44987624883651733
0.4498763084411621
0.4498763084411621
0.44987621903419495
0.4498762786388397
0.44987618923187256
0.44987621903419495
0.44987624883651733
0.4498762786388397
0.44987624883651733
0.44987621903419495
0.44987621903419495
0.44987624883651733
0.44987621903419495
0.44987621903419495
0.44987621903419495
0.44987621903419495
0.44987621903419495
0.44987624883651733
0.44987621903419495
0.4498762786388397
0.4498762786388397
0.44987621903419495
0.44987624883651733
0.44987618923187256
0.44987621903419495
0.44987618923187256
0.4498762786388397
0.44987615942955017
0.44987621903419495
0.44987621903419495
0.44987618923187256
0.44987615942955017
0.44987618923187256
0.44987618923187256
0.44987621903419495
0.44987615942955017
0.44987618923187256
0.44987618923187256
0.44987615942955017
0.44987621903419495
0.44987621903419495
0.4498761296272278
0.44987618923187256
0.44987621903419495
0.44987621903419495
0.44987621903419495
0.4498761296272278
0.44987618923187256
0.4498760998249054
0.44987615942955017
0.44987618923187256
0.44987621903419495
0.44987618923187256
0.44987618923187256
0.4498760998249054
0.44987615942955017
0.4498760998249054
0.44987615942955017
0.4498761296272278
0.44987615942955017
0.44987618923187256
0.44987615942955017
0.44987615942955017
0.44987618923187256
0.44987618923187256
0.449876070022583
0.44987615942955017
0.44987615942955017
0.4498761296272278
0.4498761296272278
0.4498760998249054
0.4498761296272278
0.44987615942955017
0.4498760998249054
0.4498761296272278
0.4498760998249054
0.4498761296272278
0.44987615942955017
0.4498760998249054
0.4498760998249054
0.44987615942955017
0.4498760998249054
0.4498760998249054
0.4498760998249054
0.4498761296272278
0.4498760998249054
0.44987615942955017
0.44987615942955017
0.4498760998249054
0.4498760998249054
0.4498760998249054
0.4498760402202606
0.449876070022583
0.44987615942955017
0.449876070022583
0.449876070022583
0.4498760402202606
0.4498761296272278
0.4498760402202606
0.4498761296272278
0.4498760402202606
0.44987601041793823
0.4498760402202606
0.449876070022583
0.4498760402202606
0.449876070022583
0.449876070022583
0.44987601041793823
0.4498760402202606
0.449876070022583
0.449876070022583
0.4498760402202606
0.4498760402202606
0.449876070022583
0.4498760998249054
0.4498760402202606
0.4498760402202606
0.44987598061561584
0.44987598061561584
0.44987601041793823
0.44987601041793823
0.449876070022583
0.44987601041793823
0.44987601041793823
0.44987601041793823
0.449876070022583
0.44987601041793823
0.44987601041793823
0.44987598061561584
0.44987601041793823
0.44987601041793823
0.44987601041793823
0.44987598061561584
0.44987601041793823
0.449876070022583
0.44987601041793823
0.44987601041793823
0.44987598061561584
0.44987601041793823
0.44987601041793823
0.44987601041793823
0.44987601041793823
0.44987598061561584
0.44987595081329346
0.44987598061561584
0.44987598061561584
0.44987598061561584
0.44987598061561584
0.44987592101097107
0.44987598061561584
0.44987595081329346
0.4498760402202606
0.44987592101097107
0.44987592101097107
0.44987595081329346
0.44987598061561584
0.44987601041793823
0.44987598061561584
0.44987598061561584
0.44987595081329346
0.44987598061561584
0.44987592101097107
0.44987601041793823
0.44987592101097107
0.44987592101097107
0.44987592101097107
0.44987595081329346
0.44987598061561584
0.44987592101097107
0.44987592101097107
0.44987595081329346
0.44987595081329346
0.44987592101097107
0.44987592101097107
0.44987595081329346
0.44987592101097107
0.44987598061561584
0.44987592101097107
0.44987592101097107
0.44987592101097107
0.44987592101097107
0.44987592101097107
0.44987592101097107
0.4498758614063263
0.4498758912086487
0.4498758912086487
0.44987592101097107
0.44987592101097107
0.4498758912086487
0.44987592101097107
0.44987592101097107
0.44987592101097107
0.4498758614063263
0.4498758912086487
0.4498758912086487
0.44987592101097107
0.44987592101097107
0.44987592101097107
0.44987592101097107
0.4498758316040039
0.4498758912086487
0.44987592101097107
0.4498758912086487
0.4498758912086487
0.44987592101097107
0.44987592101097107
0.4498758912086487
0.4498758614063263
0.4498758614063263
0.44987595081329346
0.4498758912086487
0.4498758912086487
0.44987592101097107
0.4498758912086487
0.4498758316040039
0.4498758912086487
0.4498758614063263
0.4498758316040039
0.4498758316040039
0.4498758614063263
0.4498758912086487
0.4498758316040039
0.4498758316040039
0.4498758614063263
0.44987592101097107
0.4498758018016815
0.4498758316040039
0.4498758316040039
0.4498758912086487
0.4498758614063263
0.4498758316040039
0.4498758316040039
0.4498758316040039
0.4498758614063263
0.4498758614063263
0.4498758316040039
0.44987592101097107
0.4498758018016815
0.44987577199935913
0.4498758316040039
0.4498758018016815
0.4498758316040039
0.4498758018016815
0.4498758018016815
0.4498758614063263
0.44987577199935913
0.4498758018016815
0.4498758316040039
0.4498758614063263
0.44987577199935913
0.4498758018016815
0.4498758316040039
0.44987577199935913
0.4498758316040039
0.4498758316040039
0.44987574219703674
0.4498758316040039
0.4498758018016815
0.44987574219703674
0.4498758316040039
0.4498758018016815
0.4498758018016815
0.44987577199935913
0.44987577199935913
0.44987577199935913
0.4498758018016815
0.44987577199935913
0.44987577199935913
0.4498758018016815
0.44987577199935913
0.44987574219703674
0.44987574219703674
0.4498758018016815
0.44987577199935913
0.44987571239471436
0.44987577199935913
0.44987577199935913
0.44987571239471436
0.44987574219703674
0.44987574219703674
0.44987574219703674
0.44987571239471436
0.44987574219703674
0.44987571239471436
0.4498758316040039
0.44987574219703674
0.44987574219703674
0.44987574219703674
0.44987568259239197
0.44987574219703674
0.4498758018016815
0.44987577199935913
0.44987571239471436
0.44987574219703674
0.44987571239471436
0.44987571239471436
0.44987571239471436
0.44987574219703674
0.44987568259239197
0.44987571239471436
0.44987574219703674
0.44987571239471436
0.44987568259239197
0.44987571239471436
0.44987574219703674
0.44987574219703674
0.4498756229877472
0.44987577199935913
0.4498756527900696
0.44987568259239197
0.44987568259239197
0.44987568259239197
0.44987577199935913
0.44987568259239197
0.44987568259239197
0.44987574219703674
0.44987571239471436
0.44987571239471436
0.44987571239471436
0.4498756527900696
0.4498756527900696
0.4498756229877472
0.4498756229877472
0.4498756229877472
0.4498756527900696
0.4498756527900696
0.4498756527900696
0.4498756229877472
0.4498755931854248
0.4498756527900696
0.44987568259239197
0.4498756229877472
0.4498756229877472
0.4498756527900696
0.4498756527900696
0.4498755931854248
0.44987568259239197
0.44987568259239197
0.4498755931854248
0.4498756229877472
0.4498756229877472
0.4498755931854248
0.4498756229877472
0.4498756229877472
0.4498756527900696
0.4498756527900696
0.4498755633831024
0.4498756527900696
0.4498755931854248
0.4498755931854248
0.4498756229877472
0.4498756527900696
0.4498756229877472
0.4498755931854248
0.4498756229877472
0.4498755633831024
0.4498756229877472
0.4498756229877472
0.4498755931854248
0.4498755633831024
0.4498756229877472
0.4498755633831024
0.4498756527900696
0.4498755633831024
0.4498755931854248
0.4498755931854248
0.4498755633831024
0.4498756229877472
0.4498756229877472
0.4498755633831024
0.44987553358078003
0.44987553358078003
0.44987553358078003
0.4498755931854248
0.44987553358078003
0.44987553358078003
0.4498755633831024
0.4498756229877472
0.4498756229877472
0.44987553358078003
0.4498755633831024
0.44987553358078003
0.44987553358078003
0.4498756229877472
0.4498755633831024
0.44987553358078003
0.44987553358078003
0.44987550377845764
0.44987553358078003
0.4498755633831024
0.44987553358078003
0.44987553358078003
0.44987553358078003
0.4498755633831024
0.44987550377845764
0.44987553358078003
0.44987553358078003
0.44987550377845764
0.44987550377845764
0.44987553358078003
0.44987550377845764
0.44987547397613525
0.44987553358078003
0.44987544417381287
0.44987547397613525
0.44987550377845764
0.4498754143714905
0.44987550377845764
0.44987544417381287
0.44987550377845764
0.44987553358078003
0.44987550377845764
0.44987547397613525
0.44987544417381287
0.44987550377845764
0.44987544417381287
0.44987553358078003
0.44987550377845764
0.44987550377845764
0.44987547397613525
0.44987547397613525
0.44987547397613525
0.44987544417381287
0.4498754143714905
0.44987547397613525
0.44987544417381287
0.44987544417381287
0.44987544417381287
0.44987547397613525
0.44987550377845764
0.44987550377845764
0.4498754143714905
0.4498754143714905
0.44987544417381287
0.44987544417381287
0.4498753845691681
0.4498753845691681
0.4498754143714905
0.44987544417381287
0.44987547397613525
0.44987544417381287
0.4498754143714905
0.4498754143714905
0.44987553358078003
0.44987547397613525
0.4498754143714905
0.4498754143714905
0.44987544417381287
0.4498753845691681
0.4498754143714905
0.4498753845691681
0.4498754143714905
0.4498753845691681
0.44987544417381287
0.44987547397613525
0.44987544417381287
0.4498753845691681
0.4498753845691681
0.4498753845691681
0.4498754143714905
0.4498754143714905
0.44987544417381287
0.4498753845691681
0.4498753845691681
0.4498753845691681
0.4498754143714905
0.4498753845691681
0.4498753845691681
0.44987547397613525
0.4498753547668457
0.4498753845691681
0.4498753547668457
0.4498753845691681
0.4498753845691681
0.4498753845691681
0.4498753845691681
0.4498753845691681
0.4498753845691681
0.4498754143714905
0.4498753845691681
0.4498753845691681
0.4498753547668457
0.4498753547668457
0.4498753845691681
0.4498753845691681
0.4498753547668457
0.4498754143714905
0.4498753547668457
0.4498753845691681
0.4498753845691681
0.4498753845691681
0.4498753547668457
0.4498753845691681
0.4498753845691681
0.4498752951622009
0.4498753547668457
0.4498753249645233
0.4498753547668457
0.4498753249645233
0.4498753547668457
0.4498753845691681
0.4498753249645233
0.4498753845691681
0.4498753249645233
0.4498753249645233
0.4498753249645233
0.4498753845691681
0.4498753249645233
0.4498753249645233
0.4498752951622009
0.4498752951622009
0.4498753249645233
0.4498753249645233
0.44987526535987854
0.4498752951622009
0.44987526535987854
0.4498752951622009
0.4498752951622009
0.4498753249645233
0.4498752951622009
0.4498753249645233
0.4498753547668457
0.4498752951622009
0.4498753249645233
0.4498753249645233
0.4498753845691681
0.4498753249645233
0.4498752951622009
0.44987526535987854
0.44987523555755615
0.4498753249645233
0.44987526535987854
0.4498753249645233
0.4498753249645233
0.44987526535987854
0.4498753249645233
0.44987526535987854
0.4498752951622009
0.44987526535987854
0.4498753249645233
0.4498753249645233
0.4498752951622009
0.44987526535987854
0.44987526535987854
0.44987523555755615
0.4498752951622009
0.44987526535987854
0.44987520575523376
0.44987523555755615
0.44987523555755615
0.44987523555755615
0.44987526535987854
0.44987526535987854
0.44987526535987854
0.44987523555755615
0.4498751759529114
0.44987526535987854
0.4498752951622009
0.44987520575523376
0.44987523555755615
0.44987523555755615
0.449875146150589
0.44987526535987854
0.44987520575523376
0.44987523555755615
0.44987526535987854
0.44987520575523376
0.44987526535987854
0.44987520575523376
0.44987520575523376
0.44987523555755615
0.44987526535987854
0.44987520575523376
0.44987523555755615
0.44987526535987854
0.44987520575523376
0.4498751759529114
0.4498751759529114
0.44987520575523376
0.4498751759529114
0.4498751759529114
0.4498751163482666
0.44987520575523376
0.4498751759529114
0.44987520575523376
0.4498751759529114
0.449875146150589
0.44987520575523376
0.449875146150589
0.449875146150589
0.449875146150589
0.449875146150589
0.44987523555755615
0.4498751759529114
0.4498751759529114
0.4498751759529114
0.4498751163482666
0.449875146150589
0.44987520575523376
0.449875146150589
0.449875146150589
0.44987523555755615
0.4498751163482666
0.449875146150589
0.4498751163482666
0.449875146150589
0.449875146150589
0.4498751163482666
0.4498750865459442
0.4498751163482666
0.4498751163482666
0.449875146150589
0.4498751163482666
0.449875146150589
0.4498751163482666
0.4498751163482666
0.449875146150589
0.4498751163482666
0.4498750865459442
0.449875146150589
0.4498751163482666
0.449875146150589
0.4498751163482666
0.4498750567436218
0.4498750865459442
0.449875146150589
0.4498751163482666
0.4498751163482666
0.4498751163482666
0.4498751163482666
0.4498750865459442
0.4498751163482666
0.4498750567436218
0.4498751163482666
0.4498750865459442
0.4498750567436218
0.4498750865459442
0.44987502694129944
0.4498751163482666
0.4498750567436218
0.4498751163482666
0.4498750567436218
0.4498750567436218
0.4498750865459442
0.4498750567436218
0.4498750567436218
0.4498750865459442
0.4498750567436218
0.4498750567436218
0.4498750865459442
0.4498750567436218
0.4498750865459442
0.4498750865459442
0.4498750567436218
0.4498750567436218
0.44987502694129944
0.4498750567436218
0.44987502694129944
0.4498750567436218
0.44987502694129944
0.4498750567436218
0.44987499713897705
0.44987499713897705
0.4498750865459442
0.4498750567436218
0.4498750567436218
0.44987502694129944
0.44987502694129944
0.4498750865459442
0.44987502694129944
0.44987499713897705
0.44987499713897705
0.4498750865459442
0.44987499713897705
0.44987502694129944
0.4498750567436218
0.44987496733665466
0.4498750567436218
0.44987502694129944
0.4498749375343323
0.4498749375343323
0.44987502694129944
0.44987502694129944
0.4498750567436218
0.44987496733665466
0.44987496733665466
0.44987499713897705
0.44987496733665466
0.44987499713897705
0.44987496733665466
0.44987499713897705
0.44987496733665466
0.44987499713897705
0.44987496733665466
0.44987499713897705
0.44987496733665466
0.44987499713897705
0.4498749375343323
0.44987502694129944
0.4498749375343323
0.44987496733665466
0.44987496733665466
0.44987496733665466
0.44987499713897705
0.44987496733665466
0.44987496733665466
0.4498748779296875
0.4498749375343323
0.4498749077320099
0.4498749375343323
0.44987496733665466
0.44987496733665466
0.4498749375343323
0.4498749077320099
0.4498749077320099
0.4498749077320099
0.4498749375343323
0.4498749375343323
0.4498749077320099
0.4498749375343323
0.4498748779296875
0.4498749375343323
0.44987496733665466
0.4498748779296875
0.4498749077320099
0.4498749077320099
0.44987496733665466
0.44987496733665466
0.4498748779296875
0.4498749077320099
0.44987496733665466
0.4498748779296875
0.4498749077320099
0.4498749375343323
0.4498748779296875
0.4498748779296875
0.4498748779296875
0.4498749077320099
0.4498749375343323
0.4498748779296875
0.4498749077320099
0.4498748779296875
0.4498749077320099
0.4498749077320099
0.4498748779296875
0.4498749375343323
0.4498748779296875
0.4498748779296875
0.4498748779296875
0.4498748779296875
0.4498748779296875
0.4498749077320099
0.4498748779296875
0.4498748779296875
0.4498748779296875
0.4498748779296875
0.4498748779296875
0.4498748779296875
0.4498748481273651
0.4498748779296875
0.4498748481273651
0.4498748481273651
0.4498748481273651
0.4498748481273651
0.4498748183250427
0.4498748481273651
0.4498748779296875
0.4498748779296875
0.4498748779296875
0.4498748481273651
0.4498748779296875
0.4498748779296875
0.4498748481273651
0.4498748779296875
0.4498748183250427
0.4498748481273651
0.4498748183250427
0.4498748779296875
0.4498748779296875
0.4498748779296875
0.4498748183250427
0.44987478852272034
0.4498748481273651
0.4498748183250427
0.4498748183250427
0.4498748183250427
0.4498748481273651
0.4498748183250427
0.4498748183250427
0.44987478852272034
0.4498748481273651
0.4498748779296875
0.4498748481273651
0.44987475872039795
0.44987478852272034
0.44987478852272034
0.44987475872039795
0.44987478852272034
0.44987478852272034
0.44987478852272034
0.4498748779296875
0.4498748779296875
0.4498748779296875
0.44987475872039795
0.4498748183250427
0.44987475872039795
0.44987478852272034
0.44987478852272034
0.4498748183250427
0.4498748183250427
0.44987478852272034
0.4498748779296875
0.44987478852272034
0.4498748183250427
0.4498748779296875
0.44987475872039795
0.44987478852272034
0.4498748183250427
0.44987475872039795
0.44987475872039795
0.44987478852272034
0.44987475872039795
0.4498748183250427
0.4498748183250427
0.44987475872039795
0.44987475872039795
0.4498748183250427
0.4498746991157532
0.44987475872039795
0.44987475872039795
0.44987478852272034
0.4498746693134308
0.44987472891807556
0.4498746991157532
0.44987475872039795
0.44987472891807556
0.44987478852272034
0.44987472891807556
0.44987475872039795
0.44987478852272034
0.44987472891807556
0.44987475872039795
0.44987475872039795
0.44987472891807556
0.44987478852272034
0.44987475872039795
0.4498746991157532
0.44987472891807556
0.44987475872039795
0.44987472891807556
0.4498746991157532
0.44987472891807556
0.44987475872039795
0.4498746991157532
0.4498746991157532
0.4498746991157532
0.44987472891807556
0.44987475872039795
0.4498746991157532
0.4498746991157532
0.4498746991157532
0.4498746991157532
0.4498746395111084
0.4498746395111084
0.4498746991157532
0.44987472891807556
0.4498746395111084
0.4498746395111084
0.4498746991157532
0.4498746693134308
0.4498746693134308
0.4498746395111084
0.4498746991157532
0.4498746693134308
0.4498746395111084
0.4498746395111084
0.4498746395111084
0.4498746693134308
0.4498746693134308
0.4498746693134308
0.4498746395111084
0.4498746693134308
0.4498745799064636
0.4498746991157532
0.4498746991157532
0.4498746693134308
0.4498746395111084
0.449874609708786
0.4498746395111084
0.4498746693134308
0.44987472891807556
0.4498746395111084
0.4498746991157532
0.449874609708786
0.4498746395111084
0.4498746395111084
0.449874609708786
0.449874609708786
0.44987455010414124
0.4498746395111084
0.4498745799064636
0.4498746693134308
0.449874609708786
0.4498746395111084
0.449874609708786
0.449874609708786
0.449874609708786
0.449874609708786
0.4498746395111084
0.449874609708786
0.44987455010414124
0.4498746395111084
0.449874609708786
0.4498745799064636
0.449874609708786
0.449874609708786
0.44987455010414124
0.4498745799064636
0.449874609708786
0.4498745799064636
0.449874609708786
0.4498745799064636
0.4498746395111084
0.4498745799064636
0.44987455010414124
0.4498745799064636
0.4498745799064636
0.449874609708786
0.4498746395111084
0.4498746395111084
0.44987455010414124
0.4498745799064636
0.44987455010414124
0.4498745799064636
0.4498745799064636
0.44987449049949646
0.44987452030181885
0.449874609708786
0.4498745799064636
0.44987455010414124
0.44987452030181885
0.4498744606971741
0.4498745799064636
0.44987455010414124
0.4498745799064636
0.44987452030181885
0.44987449049949646
0.44987455010414124
0.44987452030181885
0.44987455010414124
0.44987455010414124
0.44987452030181885
0.44987452030181885
0.44987455010414124
0.44987455010414124
0.44987455010414124
0.44987452030181885
0.44987455010414124
0.44987452030181885
0.44987455010414124
0.44987452030181885
0.44987452030181885
0.44987452030181885
0.44987452030181885
0.44987449049949646
0.44987449049949646
0.44987449049949646
0.44987452030181885
0.44987452030181885
0.44987452030181885
0.44987449049949646
0.44987449049949646
0.44987449049949646
0.44987455010414124
0.44987449049949646
0.44987449049949646
0.44987449049949646
0.44987449049949646
0.4498744308948517
0.449874609708786
0.44987452030181885
0.44987452030181885
0.44987449049949646
0.4498744308948517
0.44987449049949646
0.4498745799064636
0.4498744606971741
0.4498744308948517
0.44987452030181885
0.4498744606971741
0.44987449049949646
0.4498744606971741
0.4498744010925293
0.4498744606971741
0.44987452030181885
0.4498744308948517
0.44987449049949646
0.4498744308948517
0.4498744606971741
0.4498744308948517
0.4498744308948517
0.4498744606971741
0.4498744308948517
0.4498744308948517
0.4498744308948517
0.4498743712902069
0.4498744010925293
0.4498744010925293
0.4498744606971741
0.44987452030181885
0.4498744010925293
0.4498744606971741
0.4498744308948517
0.4498744010925293
0.4498744606971741
0.4498744010925293
0.4498744308948517
0.4498744606971741
0.4498744010925293
0.4498744308948517
0.4498744606971741
0.4498744010925293
0.4498744010925293
0.4498744308948517
0.4498743712902069
0.4498744606971741
0.4498743712902069
0.4498744010925293
0.4498744308948517
0.4498744010925293
0.4498744010925293
0.4498744010925293
0.4498744010925293
0.4498743712902069
0.4498744010925293
0.4498743712902069
0.4498744308948517
0.4498743712902069
0.4498744010925293
0.4498743712902069
0.4498744308948517
0.4498743712902069
0.4498743712902069
0.4498743712902069
0.4498744308948517
0.4498744308948517
0.4498744010925293
0.4498744010925293
0.4498744010925293
0.4498743712902069
0.4498743712902069
0.4498743712902069
0.4498744010925293
0.4498743712902069
0.4498743414878845
0.4498743414878845
0.4498743712902069
0.4498743712902069
0.4498743712902069
0.44987431168556213
0.4498743414878845
0.4498743712902069
0.4498743414878845
0.4498743712902069
0.4498743712902069
0.44987431168556213
0.4498743414878845
0.4498743712902069
0.4498743414878845
0.4498743414878845
0.44987431168556213
0.44987431168556213
0.4498743414878845
0.4498743414878845
0.4498743712902069
0.44987431168556213
0.44987431168556213
0.44987431168556213
0.44987431168556213
0.4498743414878845
0.4498743414878845
0.4498743414878845
0.44987431168556213
0.4498743712902069
0.44987431168556213
0.4498743712902069
0.4498743712902069
0.44987428188323975
0.44987431168556213
0.44987431168556213
0.4498743414878845
0.4498743414878845
0.4498743712902069
0.4498743414878845
0.44987428188323975
0.44987431168556213
0.44987431168556213
0.44987431168556213
0.44987428188323975
0.44987431168556213
0.44987431168556213
0.44987425208091736
0.44987428188323975
0.44987428188323975
0.44987428188323975
0.44987431168556213
0.4498743414878845
0.44987428188323975
0.4498743414878845
0.44987431168556213
0.44987431168556213
0.44987422227859497
0.44987431168556213
0.44987428188323975
0.44987428188323975
0.44987428188323975
0.44987425208091736
0.44987425208091736
0.44987425208091736
0.44987431168556213
0.44987431168556213
0.44987425208091736
0.44987425208091736
0.44987425208091736
0.44987422227859497
0.44987422227859497
0.44987422227859497
0.44987428188323975
0.44987425208091736
0.44987428188323975
0.44987431168556213
0.44987425208091736
0.4498741924762726
0.44987422227859497
0.44987425208091736
0.44987422227859497
0.44987428188323975
0.4498741924762726
0.44987428188323975
0.44987425208091736
0.4498741924762726
0.4498741924762726
0.44987425208091736
0.44987422227859497
0.44987422227859497
0.44987428188323975
0.44987425208091736
0.44987428188323975
0.44987425208091736
0.4498741626739502
0.4498741924762726
0.44987431168556213
0.4498741924762726
0.4498741626739502
0.4498741924762726
0.4498741626739502
0.4498741924762726
0.4498741626739502
0.44987425208091736
0.4498741626739502
0.44987425208091736
0.4498741924762726
0.4498741626739502
0.4498741626739502
0.4498741626739502
0.4498741924762726
0.4498741626739502
0.4498741626739502
0.4498741924762726
0.4498741924762726
0.4498741626739502
0.44987422227859497
0.4498741924762726
0.4498741328716278
0.4498741626739502
0.4498741626739502
0.4498741030693054
0.4498741924762726
0.4498741328716278
0.4498741328716278
0.4498741626739502
0.4498741328716278
0.4498741030693054
0.4498741924762726
0.4498741626739502
0.4498741626739502
0.4498741626739502
0.4498741030693054
0.4498741328716278
0.4498741328716278
0.4498741626739502
0.4498741924762726
0.4498741030693054
0.4498741924762726
0.4498741626739502
0.4498741030693054
0.4498741030693054
0.4498741328716278
0.4498741030693054
0.44987407326698303
0.44987422227859497
0.4498741030693054
0.4498741328716278
0.4498741328716278
0.4498741030693054
0.4498741328716278
0.4498741030693054
0.4498741030693054
0.4498741030693054
0.4498741030693054
0.4498741924762726
0.4498741030693054
0.4498741328716278
0.4498741030693054
0.4498741030693054
0.4498741328716278
0.44987407326698303
0.44987407326698303
0.44987404346466064
0.44987407326698303
0.44987407326698303
0.4498741030693054
0.4498741626739502
0.4498741030693054
0.44987404346466064
0.44987407326698303
0.44987407326698303
0.4498741030693054
0.44987404346466064
0.4498741030693054
0.44987401366233826
0.44987407326698303
0.44987407326698303
0.44987401366233826
0.44987404346466064
0.4498741030693054
0.44987407326698303
0.44987401366233826
0.4498741030693054
0.44987404346466064
0.44987398386001587
0.44987401366233826
0.44987401366233826
0.44987401366233826
0.44987404346466064
0.44987404346466064
0.44987401366233826
0.44987401366233826
0.44987404346466064
0.44987407326698303
0.44987407326698303
0.44987398386001587
0.44987404346466064
0.44987401366233826
0.44987401366233826
0.44987401366233826
0.44987401366233826
0.44987401366233826
0.44987401366233826
0.44987398386001587
0.44987401366233826
0.44987398386001587
0.44987401366233826
0.44987401366233826
0.44987401366233826
0.44987401366233826
0.44987404346466064
0.44987401366233826
0.44987401366233826
0.44987404346466064
0.4498739540576935
0.44987404346466064
0.44987398386001587
0.4498739540576935
0.4498739540576935
0.44987398386001587
0.4498739540576935
0.44987398386001587
0.4498739540576935
0.44987401366233826
0.4498739540576935
0.44987398386001587
0.44987398386001587
0.44987401366233826
0.44987401366233826
0.4498739242553711
0.4498739242553711
0.44987401366233826
0.44987398386001587
0.4498739242553711
0.4498739242553711
0.4498739540576935
0.44987398386001587
0.44987398386001587
0.44987401366233826
0.4498739540576935
0.4498739242553711
0.4498739242553711
0.44987398386001587
0.4498739540576935
0.4498739242553711
0.4498739540576935
0.4498738646507263
0.4498739540576935
0.4498739242553711
0.4498739540576935
0.4498739242553711
0.4498739540576935
0.4498739540576935
0.4498738944530487
0.4498739242553711
0.4498738646507263
0.44987398386001587
0.4498738646507263
0.4498738944530487
0.4498739540576935
0.4498738944530487
0.4498738944530487
0.4498739540576935
0.4498738944530487
0.4498738944530487
0.4498738646507263
0.4498738646507263
0.4498739540576935
0.4498739242553711
0.4498739242553711
0.4498739540576935
0.4498738944530487
0.4498739242553711
0.4498738944530487
0.4498738944530487
0.4498739242553711
0.4498738944530487
0.4498739540576935
0.4498738646507263
0.44987383484840393
0.4498738646507263
0.4498738646507263
0.4498738944530487
0.4498738944530487
0.4498738646507263
0.4498739242553711
0.4498739242553711
0.4498738944530487
0.4498738646507263
0.4498738646507263
0.4498738944530487
0.44987383484840393
0.4498738944530487
0.44987383484840393
0.4498738646507263
0.44987383484840393
0.44987383484840393
0.44987383484840393
0.4498738646507263
0.44987383484840393
0.4498738646507263
0.44987383484840393
0.44987380504608154
0.44987383484840393
0.4498738944530487
0.44987380504608154
0.44987383484840393
0.44987383484840393
0.44987383484840393
0.44987383484840393
0.44987377524375916
0.44987383484840393
0.44987383484840393
0.44987383484840393
0.44987383484840393
0.44987383484840393
0.44987380504608154
0.44987380504608154
0.44987383484840393
0.4498738646507263
0.44987380504608154
0.44987380504608154
0.44987383484840393
0.44987383484840393
0.44987383484840393
0.44987383484840393
0.44987383484840393
0.44987383484840393
0.44987383484840393
0.44987383484840393
0.44987380504608154
0.44987383484840393
0.44987377524375916
0.44987380504608154
0.44987380504608154
0.44987377524375916
0.44987383484840393
0.44987380504608154
0.44987380504608154
0.44987374544143677
0.44987383484840393
0.44987377524375916
0.44987377524375916
0.44987374544143677
0.44987380504608154
0.44987380504608154
0.44987374544143677
0.44987377524375916
0.44987380504608154
0.44987380504608154
0.44987377524375916
0.44987383484840393
0.44987380504608154
0.44987380504608154
0.44987374544143677
0.44987383484840393
0.44987377524375916
0.44987380504608154
0.44987377524375916
0.44987383484840393
0.44987377524375916
0.44987374544143677
0.4498737156391144
0.44987374544143677
0.44987374544143677
0.44987383484840393
0.44987374544143677
0.4498737156391144
0.44987380504608154
0.44987374544143677
0.4498737156391144
0.44987377524375916
0.44987374544143677
0.44987377524375916
0.44987374544143677
0.44987374544143677
0.44987383484840393
0.44987374544143677
0.44987374544143677
0.4498737156391144
0.44987374544143677
0.4498737156391144
0.4498737156391144
0.44987377524375916
0.449873685836792
0.4498737156391144
0.4498737156391144
0.449873685836792
0.44987374544143677
0.449873685836792
0.4498737156391144
0.4498737156391144
0.44987374544143677
0.4498737156391144
0.4498736560344696
0.4498736560344696
0.4498737156391144
0.449873685836792
0.4498737156391144
0.449873685836792
0.4498736560344696
0.4498736560344696
0.44987377524375916
0.4498736560344696
0.4498736560344696
0.4498736262321472
0.4498737156391144
0.4498737156391144
0.449873685836792
0.4498736560344696
0.449873685836792
0.4498737156391144
0.449873685836792
0.4498736262321472
0.4498737156391144
0.4498736560344696
0.44987359642982483
0.449873685836792
0.449873685836792
0.4498736560344696
0.4498736262321472
0.4498736262321472
0.449873685836792
0.4498736560344696
0.44987359642982483
0.4498736560344696
0.4498736262321472
0.4498736560344696
0.4498736262321472
0.4498736262321472
0.44987359642982483
0.4498736262321472
0.4498736262321472
0.4498736262321472
0.4498736560344696
0.44987359642982483
0.4498736262321472
0.4498736560344696
0.44987359642982483
0.4498736262321472
0.4498736262321472
0.449873685836792
0.4498736560344696
0.44987359642982483
0.4498736262321472
0.44987356662750244
0.44987359642982483
0.44987359642982483
0.44987356662750244
0.44987359642982483
0.44987356662750244
0.44987353682518005
0.44987359642982483
0.44987356662750244
0.44987359642982483
0.44987356662750244
0.44987359642982483
0.44987356662750244
0.44987353682518005
0.44987356662750244
0.44987356662750244
0.44987356662750244
0.44987353682518005
0.44987356662750244
0.44987356662750244
0.44987356662750244
0.44987353682518005
0.44987359642982483
0.44987359642982483
0.44987359642982483
0.44987356662750244
0.44987350702285767
0.44987350702285767
0.44987359642982483
0.44987353682518005
0.44987353682518005
0.44987356662750244
0.44987353682518005
0.44987356662750244
0.44987356662750244
0.44987350702285767
0.44987356662750244
0.44987350702285767
0.44987353682518005
0.44987350702285767
0.44987353682518005
0.44987350702285767
0.4498734772205353
0.44987359642982483
0.44987353682518005
0.44987353682518005
0.44987356662750244
0.44987356662750244
0.44987350702285767
0.44987350702285767
0.4498734772205353
0.44987353682518005
0.44987356662750244
0.44987356662750244
0.44987353682518005
0.4498734474182129
0.44987356662750244
0.44987350702285767
0.44987350702285767
0.44987359642982483
0.4498734772205353
0.4498734772205353
0.4498734176158905
0.44987356662750244
0.44987353682518005
0.4498734176158905
0.44987350702285767
0.4498734772205353
0.4498734772205353
0.4498734772205353
0.4498734772205353
0.4498734772205353
0.44987350702285767
0.44987350702285767
0.4498734474182129
0.44987353682518005
0.44987350702285767
0.4498734474182129
0.4498734772205353
0.4498734176158905
0.4498734772205353
0.4498734474182129
0.44987350702285767
0.4498734176158905
0.4498734474182129
0.4498734474182129
0.44987350702285767
0.4498734474182129
0.4498733878135681
0.4498734474182129
0.4498734474182129
0.4498734176158905
0.4498734772205353
0.4498734772205353
0.4498733878135681
0.4498734176158905
0.4498734176158905
0.4498734474182129
0.4498733878135681
0.4498734176158905
0.4498734772205353
0.4498733878135681
0.4498733878135681
0.4498734474182129
0.4498734474182129
0.4498734176158905
0.4498734474182129
0.4498734772205353
0.4498734176158905
0.4498734176158905
0.4498734176158905
0.4498734176158905
0.4498734474182129
0.4498734176158905
0.4498734474182129
0.4498734176158905
0.4498734176158905
0.4498733580112457
0.4498733580112457
0.4498734176158905
0.4498734176158905
0.4498733878135681
0.4498733878135681
0.4498733878135681
0.4498734176158905
0.4498733580112457
0.4498733580112457
0.44987332820892334
0.4498734474182129
0.4498733878135681
0.4498734176158905
0.44987332820892334
0.4498733878135681
0.4498733580112457
0.4498733580112457
0.4498733580112457
0.4498734176158905
0.44987332820892334
0.4498733878135681
0.4498733580112457
0.4498733580112457
0.4498733580112457
0.4498733580112457
0.4498734176158905
0.44987332820892334
0.4498733580112457
0.4498733878135681
0.4498733580112457
0.4498733878135681
0.44987332820892334
0.4498733580112457
0.44987332820892334
0.44987332820892334
0.44987332820892334
0.44987332820892334
0.44987332820892334
0.44987332820892334
0.44987332820892334
0.44987332820892334
0.44987332820892334
0.44987332820892334
0.4498733580112457
0.44987332820892334
0.4498733580112457
0.44987329840660095
0.44987332820892334
0.44987332820892334
0.44987332820892334
0.4498733580112457
0.4498733580112457
0.44987329840660095
0.44987329840660095
0.44987332820892334
0.44987332820892334
0.44987332820892334
0.44987332820892334
0.44987329840660095
0.44987332820892334
0.44987332820892334
0.4498732388019562
0.44987332820892334
0.44987332820892334
0.44987332820892334
0.44987332820892334
0.44987332820892334
0.44987329840660095
0.44987332820892334
0.4498733580112457
0.44987329840660095
0.44987329840660095
0.44987329840660095
0.44987329840660095
0.44987332820892334
0.44987329840660095
0.44987329840660095
0.44987329840660095
0.4498732388019562
0.44987329840660095
0.44987332820892334
0.4498733580112457
0.44987332820892334
0.44987332820892334
0.44987329840660095
0.44987326860427856
0.44987329840660095
0.44987332820892334
0.44987326860427856
0.44987332820892334
0.44987326860427856
0.44987326860427856
0.44987326860427856
0.44987326860427856
0.4498732089996338
0.4498732388019562
0.44987326860427856
0.4498732388019562
0.44987329840660095
0.44987329840660095
0.44987326860427856
0.4498732388019562
0.4498732388019562
0.44987326860427856
0.44987329840660095
0.44987329840660095
0.4498732388019562
0.4498732089996338
0.44987326860427856
0.4498732089996338
0.4498732388019562
0.4498731791973114
0.44987326860427856
0.4498731791973114
0.44987326860427856
0.4498732388019562
0.44987326860427856
0.4498732089996338
0.4498732089996338
0.4498732089996338
0.4498732089996338
0.4498732388019562
0.44987326860427856
0.4498732388019562
0.44987326860427856
0.44987326860427856
0.44987326860427856
0.44987329840660095
0.4498732089996338
0.4498731791973114
0.4498731791973114
0.4498731791973114
0.4498731195926666
0.4498732089996338
0.4498731195926666
0.449873149394989
0.4498731791973114
0.4498731195926666
0.4498731791973114
0.449873149394989
0.4498731195926666
0.4498732089996338
0.4498731791973114
0.449873149394989
0.4498731791973114
0.4498732089996338
0.4498731791973114
0.4498732388019562
0.449873149394989
0.4498731195926666
0.449873149394989
0.4498731791973114
0.4498731791973114
0.4498731791973114
0.4498731195926666
0.449873149394989
0.4498731791973114
0.4498731791973114
0.449873149394989
0.4498731195926666
0.44987308979034424
0.449873149394989
0.4498731195926666
0.4498732089996338
0.4498731791973114
0.4498731195926666
0.4498731195926666
0.4498731791973114
0.449873149394989
0.4498731195926666
0.44987308979034424
0.449873149394989
0.4498731195926666
0.4498731195926666
0.4498731195926666
0.44987305998802185
0.44987308979034424
0.449873149394989
0.449873149394989
0.4498731195926666
0.4498731195926666
0.449873149394989
0.44987308979034424
0.4498731195926666
0.44987308979034424
0.44987308979034424
0.4498731195926666
0.4498731195926666
0.44987305998802185
0.44987305998802185
0.449873149394989
0.44987308979034424
0.44987305998802185
0.44987303018569946
0.4498731195926666
0.44987305998802185
0.44987305998802185
0.44987305998802185
0.44987308979034424
0.44987308979034424
0.44987308979034424
0.44987308979034424
0.44987305998802185
0.44987308979034424
0.4498731195926666
0.44987303018569946
0.44987308979034424
0.44987303018569946
0.44987305998802185
0.4498730003833771
0.44987303018569946
0.44987305998802185
0.44987305998802185
0.44987303018569946
0.4498730003833771
0.44987308979034424
0.44987305998802185
0.4498730003833771
0.44987305998802185
0.4498730003833771
0.44987305998802185
0.44987305998802185
0.44987303018569946
0.44987305998802185
0.44987305998802185
0.44987308979034424
0.4498729705810547
0.44987305998802185
0.4498730003833771
0.44987303018569946
0.4498730003833771
0.4498730003833771
0.44987303018569946
0.44987305998802185
0.4498730003833771
0.4498729705810547
0.4498729407787323
0.4498729705810547
0.4498730003833771
0.44987303018569946
0.44987303018569946
0.4498730003833771
0.4498729705810547
0.4498730003833771
0.4498730003833771
0.4498729705810547
0.4498729705810547
0.4498729705810547
0.4498729705810547
0.4498729705810547
0.4498729705810547
0.4498730003833771
0.44987305998802185
0.44987308979034424
0.4498730003833771
0.4498730003833771
0.4498729705810547
0.4498729705810547
0.4498729407787323
0.4498729407787323
0.4498730003833771
0.4498729407787323
0.4498730003833771
0.4498728811740875
0.4498729407787323
0.4498730003833771
0.4498730003833771
0.4498729705810547
0.4498729705810547
0.4498729109764099
0.4498729407787323
0.4498729705810547
0.4498729705810547
0.4498729407787323
0.4498729407787323
0.4498729109764099
0.4498729407787323
0.4498729407787323
0.4498729705810547
0.4498729407787323
0.4498729705810547
0.4498729109764099
0.4498729705810547
0.4498729109764099
0.4498730003833771
0.4498729705810547
0.4498730003833771
0.4498729407787323
0.4498729407787323
0.4498729407787323
0.4498729109764099
0.4498728811740875
0.4498729109764099
0.4498729407787323
0.4498728811740875
0.4498729109764099
0.4498729109764099
0.4498729407787323
0.4498728811740875
0.44987285137176514
0.4498729407787323
0.4498729109764099
0.4498729407787323
0.4498728811740875
0.4498728811740875
0.4498729705810547
0.44987285137176514
0.4498729407787323
0.4498728811740875
0.4498728811740875
0.44987285137176514
0.4498728811740875
0.44987285137176514
0.44987282156944275
0.4498729705810547
0.44987282156944275
0.44987282156944275
0.4498729109764099
0.44987282156944275
0.4498728811740875
0.44987285137176514
0.44987285137176514
0.44987282156944275
0.44987282156944275
0.4498728811740875
0.44987282156944275
0.44987285137176514
0.44987285137176514
0.44987285137176514
0.4498729407787323
0.44987285137176514
0.4498728811740875
0.4498728811740875
0.44987285137176514
0.44987282156944275
0.44987285137176514
0.44987282156944275
0.44987282156944275
0.44987279176712036
0.44987285137176514
0.44987282156944275
0.44987282156944275
0.44987282156944275
0.44987282156944275
0.44987282156944275
0.449872761964798
0.44987282156944275
0.44987282156944275
0.44987282156944275
0.44987282156944275
0.44987282156944275
0.44987282156944275
0.44987279176712036
0.44987282156944275
0.44987282156944275
0.44987282156944275
0.44987279176712036
0.4498728811740875
0.44987285137176514
0.449872761964798
0.44987282156944275
0.44987279176712036
0.44987279176712036
0.44987279176712036
0.44987279176712036
0.44987282156944275
0.44987282156944275
0.449872761964798
0.44987282156944275
0.44987285137176514
0.44987282156944275
0.449872761964798
0.449872761964798
0.44987282156944275
0.44987279176712036
0.44987279176712036
0.44987279176712036
0.4498727321624756
0.44987279176712036
0.449872761964798
0.449872761964798
0.44987279176712036
0.44987279176712036
0.44987279176712036
0.44987279176712036
0.449872761964798
0.4498727321624756
0.4498727321624756
0.44987279176712036
0.4498727321624756
0.44987282156944275
0.44987279176712036
0.4498727321624756
0.44987279176712036
0.449872761964798
0.4498727023601532
0.44987282156944275
0.449872761964798
0.4498727321624756
0.4498727321624756
0.4498727321624756
0.4498727321624756
0.44987279176712036
0.449872761964798
0.44987279176712036
0.449872761964798
0.44987279176712036
0.4498726725578308
0.4498727023601532
0.449872761964798
0.4498727023601532
0.44987279176712036
0.449872761964798
0.44987279176712036
0.4498727321624756
0.449872761964798
0.4498727321624756
0.4498727321624756
0.4498726725578308
0.4498727321624756
0.4498727321624756
0.4498726725578308
0.4498727023601532
0.4498726725578308
0.4498727321624756
0.4498727023601532
0.4498727023601532
0.4498726725578308
0.4498727321624756
0.4498727023601532
0.4498727023601532
0.4498726725578308
0.4498726725578308
0.4498727321624756
0.4498727321624756
0.4498727321624756
0.4498727023601532
0.4498726725578308
0.4498727023601532
0.4498727023601532
0.4498726725578308
0.4498727023601532
0.44987261295318604
0.4498726725578308
0.4498727023601532
0.4498727023601532
0.4498727023601532
0.4498727023601532
0.44987261295318604
0.4498726725578308
0.4498727023601532
0.4498726427555084
0.449872761964798
0.4498727023601532
0.4498726725578308
0.4498727023601532
0.4498726427555084
0.4498726427555084
0.44987261295318604
0.4498726427555084
0.4498726725578308
0.4498726725578308
0.4498726725578308
0.44987261295318604
0.44987261295318604
0.4498726427555084
0.4498726725578308
0.4498726427555084
0.4498726427555084
0.4498726725578308
0.4498727321624756
0.4498726725578308
0.4498726725578308
0.4498726427555084
0.44987258315086365
0.44987261295318604
0.44987261295318604
0.4498726725578308
0.4498726725578308
0.44987258315086365
0.44987261295318604
0.44987261295318604
0.44987258315086365
0.44987261295318604
0.44987255334854126
0.44987258315086365
0.44987261295318604
0.44987258315086365
0.44987258315086365
0.44987252354621887
0.44987255334854126
0.44987261295318604
0.44987261295318604
0.44987258315086365
0.44987255334854126
0.44987258315086365
0.44987261295318604
0.44987258315086365
0.44987252354621887
0.44987255334854126
0.44987255334854126
0.44987258315086365
0.4498726427555084
0.44987258315086365
0.44987255334854126
0.44987255334854126
0.44987258315086365
0.44987258315086365
0.44987258315086365
0.44987258315086365
0.44987261295318604
0.44987258315086365
0.44987252354621887
0.44987252354621887
0.44987261295318604
0.44987255334854126
0.44987252354621887
0.44987252354621887
0.44987252354621887
0.44987258315086365
0.44987258315086365
0.44987252354621887
0.44987252354621887
0.44987255334854126
0.44987255334854126
0.44987252354621887
0.44987255334854126
0.4498724937438965
0.4498724937438965
0.44987252354621887
0.44987252354621887
0.44987255334854126
0.44987252354621887
0.44987255334854126
0.4498724937438965
0.4498724937438965
0.44987255334854126
0.4498724639415741
0.44987252354621887
0.44987255334854126
0.4498724937438965
0.44987252354621887
0.44987255334854126
0.44987252354621887
0.44987252354621887
0.4498724937438965
0.4498724639415741
0.4498724639415741
0.4498724937438965
0.4498724639415741
0.44987255334854126
0.4498724937438965
0.4498724639415741
0.4498724937438965
0.4498724937438965
0.4498724937438965
0.4498724937438965
0.4498724639415741
0.4498724639415741
0.4498724639415741
0.4498724639415741
0.4498724937438965
0.4498724639415741
0.4498724639415741
0.4498724341392517
0.4498724937438965
0.4498724639415741
0.4498724341392517
0.4498724937438965
0.44987237453460693
0.4498724937438965
0.4498724639415741
0.4498724937438965
0.4498724639415741
0.4498724043369293
0.4498724043369293
0.4498724639415741
0.4498724341392517
0.4498724043369293
0.4498724043369293
0.4498724639415741
0.4498724341392517
0.4498724043369293
0.44987252354621887
0.4498724043369293
0.4498724341392517
0.4498724341392517
0.4498724639415741
0.44987237453460693
0.4498724043369293
0.4498724043369293
0.4498724043369293
0.4498724341392517
0.4498724937438965
0.4498724937438965
0.4498724043369293
0.4498724043369293
0.4498724043369293
0.4498724043369293
0.4498724639415741
0.44987237453460693
0.4498724341392517
0.44987234473228455
0.44987237453460693
0.44987237453460693
0.4498724043369293
0.4498724341392517
0.44987237453460693
0.44987234473228455
0.44987237453460693
0.4498724341392517
0.44987237453460693
0.4498724043369293
0.44987237453460693
0.44987234473228455
0.44987234473228455
0.44987237453460693
0.44987237453460693
0.44987237453460693
0.44987234473228455
0.44987237453460693
0.4498724043369293
0.44987231492996216
0.44987237453460693
0.44987231492996216
0.44987231492996216
0.44987228512763977
0.4498724043369293
0.44987234473228455
0.44987234473228455
0.44987231492996216
0.44987237453460693
0.44987231492996216
0.44987231492996216
0.44987228512763977
0.44987231492996216
0.44987234473228455
0.44987231492996216
0.44987231492996216
0.44987231492996216
0.44987234473228455
0.44987234473228455
0.44987234473228455
0.44987237453460693
0.44987237453460693
0.44987231492996216
0.44987231492996216
0.44987237453460693
0.44987231492996216
0.44987234473228455
0.44987231492996216
0.44987228512763977
0.44987228512763977
0.44987234473228455
0.44987231492996216
0.44987231492996216
0.44987231492996216
0.44987234473228455
0.44987234473228455
0.44987231492996216
0.4498722553253174
0.44987228512763977
0.44987228512763977
0.44987231492996216
0.44987228512763977
0.4498722553253174
0.44987231492996216
0.44987228512763977
0.44987228512763977
0.44987228512763977
0.4498722553253174
0.44987228512763977
0.4498722553253174
0.4498722553253174
0.44987228512763977
0.44987228512763977
0.44987231492996216
0.44987228512763977
0.44987228512763977
0.44987228512763977
0.44987228512763977
0.44987228512763977
0.44987228512763977
0.44987228512763977
0.44987228512763977
0.4498722553253174
0.44987228512763977
0.44987228512763977
0.44987228512763977
0.4498722553253174
0.4498722553253174
0.4498722553253174
0.4498722553253174
0.4498722553253174
0.44987228512763977
0.44987228512763977
0.44987231492996216
0.44987228512763977
0.4498722553253174
0.4498722553253174
0.44987228512763977
0.449872225522995
0.44987228512763977
0.44987228512763977
0.4498721659183502
0.4498722553253174
0.4498722553253174
0.44987228512763977
0.4498722553253174
0.449872225522995
0.449872225522995
0.44987228512763977
0.44987228512763977
0.4498722553253174
0.4498721957206726
0.44987228512763977
0.4498721957206726
0.449872225522995
0.449872225522995
0.4498721957206726
0.4498721659183502
0.4498721957206726
0.44987228512763977
0.4498721659183502
0.449872225522995
0.4498721957206726
0.4498722553253174
0.449872225522995
0.449872225522995
0.449872225522995
0.4498721957206726
0.4498721957206726
0.44987213611602783
0.449872225522995
0.4498721957206726
0.4498721957206726
0.44987213611602783
0.4498721957206726
0.4498721957206726
0.449872225522995
0.44987213611602783
0.4498721659183502
0.4498722553253174
0.4498721957206726
0.4498721659183502
0.4498721957206726
0.4498721659183502
0.44987213611602783
0.4498721659183502
0.4498721659183502
0.4498721957206726
0.4498721957206726
0.4498721659183502
0.44987213611602783
0.4498721659183502
0.4498721659183502
0.4498721659183502
0.44987213611602783
0.4498721659183502
0.4498721659183502
0.4498721659183502
0.4498721957206726
0.4498721659183502
0.44987213611602783
0.44987213611602783
0.44987213611602783
0.44987213611602783
0.4498721957206726
0.44987213611602783
0.44987207651138306
0.4498721659183502
0.44987213611602783
0.4498721957206726
0.44987213611602783
0.44987213611602783
0.44987213611602783
0.44987213611602783
0.44987210631370544
0.44987210631370544
0.44987210631370544
0.44987213611602783
0.44987210631370544
0.44987213611602783
0.44987210631370544
0.44987207651138306
0.44987213611602783
0.44987210631370544
0.44987210631370544
0.44987210631370544
0.44987210631370544
0.44987210631370544
0.4498720169067383
0.44987213611602783
0.44987213611602783
0.44987207651138306
0.44987213611602783
0.44987210631370544
0.44987210631370544
0.44987207651138306
0.44987204670906067
0.44987207651138306
0.44987210631370544
0.44987204670906067
0.44987210631370544
0.44987207651138306
0.44987210631370544
0.44987210631370544
0.44987210631370544
0.44987204670906067
0.44987210631370544
0.44987204670906067
0.4498720169067383
0.44987207651138306
0.44987204670906067
0.44987204670906067
0.44987207651138306
0.44987207651138306
0.44987204670906067
0.4498719871044159
0.44987204670906067
0.44987204670906067
0.4498720169067383
0.44987204670906067
0.44987210631370544
0.44987207651138306
0.4498719871044159
0.44987204670906067
0.4498720169067383
0.44987204670906067
0.4498719871044159
0.4498720169067383
0.4498719871044159
0.4498720169067383
0.4498719871044159
0.4498719871044159
0.4498720169067383
0.4498719871044159
0.44987204670906067
0.44987204670906067
0.44987213611602783
0.4498719871044159
0.4498719871044159
0.44987204670906067
0.44987204670906067
0.4498719871044159
0.44987207651138306
0.4498719871044159
0.4498719573020935
0.4498719871044159
0.4498719573020935
0.4498720169067383
0.4498719871044159
0.4498720169067383
0.4498719274997711
0.4498720169067383
0.4498719871044159
0.4498719573020935
0.4498719871044159
0.4498719573020935
0.4498720169067383
0.4498719573020935
0.4498719573020935
0.4498719573020935
0.4498719573020935
0.4498719573020935
0.4498719871044159
0.4498719573020935
0.4498720169067383
0.4498719871044159
0.4498719871044159
0.4498720169067383
0.4498719573020935
0.4498719573020935
0.4498719871044159
0.44987186789512634
0.4498719871044159
0.4498719871044159
0.44987189769744873
0.4498719573020935
0.44987189769744873
0.4498719274997711
0.4498719274997711
0.4498719573020935
0.4498719274997711
0.4498719274997711
0.44987189769744873
0.4498719274997711
0.44987189769744873
0.4498719274997711
0.4498719871044159
0.4498719871044159
0.4498719871044159
0.44987189769744873
0.44987189769744873
0.44987189769744873
0.4498719274997711
0.4498719274997711
0.44987189769744873
0.4498719274997711
0.44987189769744873
0.4498719274997711
0.44987186789512634
0.44987186789512634
0.44987186789512634
0.4498719274997711
0.4498719274997711
0.44987189769744873
0.44987186789512634
0.44987186789512634
0.4498719274997711
0.4498719274997711
0.44987189769744873
0.44987189769744873
0.4498719573020935
0.4498719573020935
0.44987186789512634
0.44987186789512634
0.44987189769744873
0.44987186789512634
0.44987186789512634
0.44987183809280396
0.44987186789512634
0.44987180829048157
0.44987180829048157
0.44987186789512634
0.44987183809280396
0.44987183809280396
0.44987186789512634
0.44987186789512634
0.44987180829048157
0.44987183809280396
0.44987183809280396
0.44987180829048157
0.44987186789512634
0.44987189769744873
0.44987186789512634
0.44987180829048157
0.44987183809280396
0.44987183809280396
0.44987186789512634
0.44987186789512634
0.44987180829048157
0.44987180829048157
0.44987183809280396
0.44987180829048157
0.4498717784881592
0.44987183809280396
0.44987180829048157
0.44987180829048157
0.44987186789512634
0.44987186789512634
0.44987183809280396
0.44987183809280396
0.44987183809280396
0.44987183809280396
0.44987186789512634
0.44987186789512634
0.44987180829048157
0.4498717784881592
0.44987183809280396
0.44987183809280396
0.4498717784881592
0.44987180829048157
0.44987180829048157
0.44987180829048157
0.44987183809280396
0.44987180829048157
0.4498717784881592
0.44987180829048157
0.4498717784881592
0.4498717784881592
0.4498717784881592
0.4498717784881592
0.4498717784881592
0.4498717784881592
0.44987180829048157
0.4498717784881592
0.4498717784881592
0.4498717486858368
0.4498717784881592
0.4498717784881592
0.44987180829048157
0.44987180829048157
0.4498717784881592
0.4498717784881592
0.44987180829048157
0.4498717784881592
0.4498717784881592
0.4498717784881592
0.4498717784881592
0.4498717784881592
0.4498717784881592
0.4498717486858368
0.4498717188835144
0.4498717784881592
0.4498717188835144
0.44987180829048157
0.4498717486858368
0.4498717486858368
0.4498717486858368
0.4498717784881592
0.4498717784881592
0.4498717784881592
0.4498717188835144
0.4498717188835144
0.4498717784881592
0.4498717784881592
0.4498717188835144
0.4498717486858368
0.4498717188835144
0.4498717188835144
0.4498717188835144
0.4498717188835144
0.4498717784881592
0.4498717188835144
0.4498717784881592
0.4498717784881592
0.4498717784881592
0.4498717486858368
0.449871689081192
0.4498717486858368
0.4498717486858368
0.4498717486858368
0.4498717188835144
0.4498717486858368
0.4498717188835144
0.4498717188835144
0.449871689081192
0.4498717486858368
0.449871689081192
0.4498717188835144
0.449871689081192
0.4498717486858368
0.4498717188835144
0.4498717188835144
0.44987165927886963
0.449871689081192
0.4498717188835144
0.4498717486858368
0.44987165927886963
0.4498717188835144
0.44987165927886963
0.449871689081192
0.4498717188835144
0.44987162947654724
0.449871689081192
0.449871689081192
0.4498717188835144
0.449871689081192
0.449871689081192
0.449871689081192
0.449871689081192
0.449871689081192
0.4498717188835144
0.449871689081192
0.44987165927886963
0.44987162947654724
0.44987162947654724
0.44987165927886963
0.4498717188835144
0.44987162947654724
0.44987165927886963
0.44987162947654724
0.44987165927886963
0.449871689081192
0.44987162947654724
0.44987162947654724
0.44987162947654724
0.44987165927886963
0.449871689081192
0.44987162947654724
0.44987165927886963
0.44987165927886963
0.44987159967422485
0.44987165927886963
0.44987165927886963
0.44987165927886963
0.44987159967422485
0.44987159967422485
0.44987165927886963
0.44987165927886963
0.44987162947654724
0.44987162947654724
0.44987165927886963
0.44987159967422485
0.44987162947654724
0.44987162947654724
0.44987162947654724
0.44987156987190247
0.44987159967422485
0.44987156987190247
0.44987165927886963
0.44987159967422485
0.44987162947654724
0.4498715400695801
0.44987159967422485
0.44987159967422485
0.4498715400695801
0.44987156987190247
0.449871689081192
0.449871689081192
0.4498715400695801
0.44987159967422485
0.4498715400695801
0.44987159967422485
0.44987156987190247
0.44987156987190247
0.4498715400695801
0.44987159967422485
0.4498715102672577
0.4498715400695801
0.44987156987190247
0.44987159967422485
0.44987159967422485
0.44987156987190247
0.4498715102672577
0.44987156987190247
0.4498715400695801
0.44987159967422485
0.44987156987190247
0.4498715400695801
0.4498714804649353
0.44987156987190247
0.4498715400695801
0.4498715400695801
0.4498715400695801
0.4498715400695801
0.44987156987190247
0.4498715400695801
0.4498715400695801
0.4498715400695801
0.4498715102672577
0.4498715400695801
0.44987156987190247
0.4498714804649353
0.4498715102672577
0.44987156987190247
0.4498715400695801
0.4498714804649353
0.4498715102672577
0.44987159967422485
0.4498715102672577
0.4498715102672577
0.4498715102672577
0.4498715400695801
0.4498714804649353
0.4498715102672577
0.4498714804649353
0.4498714804649353
0.4498714804649353
0.4498714804649353
0.4498714506626129
0.4498714804649353
0.4498715102672577
0.4498715102672577
0.4498714208602905
0.4498714804649353
0.4498714506626129
0.4498715400695801
0.4498715102672577
0.4498714804649353
0.4498714804649353
0.4498715102672577
0.4498714506626129
0.4498714506626129
0.4498714506626129
0.4498714804649353
0.4498715102672577
0.4498714506626129
0.4498714804649353
0.4498714804649353
0.4498714506626129
0.4498714804649353
0.4498714804649353
0.4498715102672577
0.4498714208602905
0.4498714208602905
0.44987139105796814
0.4498714506626129
0.4498714208602905
0.4498714804649353
0.4498714804649353
0.4498714506626129
0.4498714506626129
0.4498714804649353
0.4498714804649353
0.4498714506626129
0.4498714506626129
0.4498714208602905
0.4498714208602905
0.4498714208602905
0.4498714208602905
0.4498714506626129
0.44987139105796814
0.4498714208602905
0.4498714804649353
0.4498714804649353
0.4498714208602905
0.4498714208602905
0.4498714208602905
0.4498714804649353
0.4498714506626129
0.44987139105796814
0.4498714506626129
0.44987136125564575
0.44987136125564575
0.44987139105796814
0.44987139105796814
0.44987136125564575
0.44987139105796814
0.44987139105796814
0.44987139105796814
0.4498714208602905
0.44987139105796814
0.44987139105796814
0.44987139105796814
0.449871301651001
0.4498714506626129
0.44987136125564575
0.44987139105796814
0.4498714208602905
0.44987139105796814
0.4498714208602905
0.4498714208602905
0.44987136125564575
0.44987133145332336
0.4498714208602905
0.44987136125564575
0.44987136125564575
0.44987139105796814
0.44987133145332336
0.44987139105796814
0.449871301651001
0.44987139105796814
0.44987133145332336
0.44987136125564575
0.44987136125564575
0.44987139105796814
0.44987136125564575
0.44987136125564575
0.44987136125564575
0.44987133145332336
0.44987133145332336
0.44987136125564575
0.4498712718486786
0.44987133145332336
0.44987136125564575
0.44987133145332336
0.44987133145332336
0.44987133145332336
0.44987133145332336
0.44987133145332336
0.4498712718486786
0.449871301651001
0.449871301651001
0.44987133145332336
0.44987133145332336
0.44987133145332336
0.44987133145332336
0.4498712718486786
0.449871301651001
0.449871301651001
0.449871301651001
0.44987133145332336
0.4498712718486786
0.44987133145332336
0.4498712718486786
0.4498712718486786
0.4498712718486786
0.44987136125564575
0.44987133145332336
0.449871301651001
0.4498712718486786
0.4498712718486786
0.4498712718486786
0.4498712718486786
0.44987133145332336
0.44987133145332336
0.4498712718486786
0.4498712718486786
0.44987133145332336
0.449871301651001
0.449871301651001
0.44987133145332336
0.4498712718486786
0.4498712420463562
0.4498712718486786
0.449871301651001
0.4498712718486786
0.4498712420463562
0.4498712718486786
0.4498712718486786
0.4498712718486786
0.4498712718486786
0.4498712718486786
0.4498712718486786
0.4498712718486786
0.4498712420463562
0.4498712718486786
0.4498712718486786
0.4498712420463562
0.4498712718486786
0.4498712718486786
0.4498712420463562
0.4498712718486786
0.4498712718486786
0.4498712718486786
0.449871301651001
0.4498712122440338
0.4498712420463562
0.4498712420463562
0.4498712718486786
0.4498712122440338
0.449871301651001
0.4498712420463562
0.4498712718486786
0.4498712420463562
0.4498712122440338
0.4498711824417114
0.4498712718486786
0.4498712122440338
0.4498712420463562
0.4498712718486786
0.4498712122440338
0.4498712122440338
0.4498712122440338
0.4498712122440338
0.4498712718486786
0.4498712420463562
0.4498712718486786
0.4498712420463562
0.4498712420463562
0.4498712122440338
0.4498712122440338
0.4498711824417114
0.4498712718486786
0.4498712122440338
0.4498712122440338
0.4498712420463562
0.4498712420463562
0.4498712420463562
0.4498711824417114
0.4498711824417114
0.4498712122440338
0.4498711824417114
0.4498711824417114
0.4498711824417114
0.4498712122440338
0.4498711824417114
0.44987115263938904
0.44987115263938904
0.4498711824417114
0.4498711824417114
0.44987115263938904
0.4498712122440338
0.4498711824417114
0.4498711824417114
0.44987115263938904
0.4498711824417114
0.4498711824417114
0.44987115263938904
0.4498711824417114
0.4498712122440338
0.44987115263938904
0.4498712122440338
0.44987115263938904
0.44987115263938904
0.44987115263938904
0.4498711824417114
0.44987115263938904
0.44987115263938904
0.44987112283706665
0.4498711824417114
0.4498711824417114
0.44987112283706665
0.44987115263938904
0.44987115263938904
0.44987112283706665
0.44987112283706665
0.4498710632324219
0.44987112283706665
0.44987112283706665
0.44987115263938904
0.44987109303474426
0.44987112283706665
0.44987109303474426
0.44987109303474426
0.44987115263938904
0.44987115263938904
0.44987115263938904
0.44987112283706665
0.44987109303474426
0.44987115263938904
0.44987109303474426
0.44987109303474426
0.44987115263938904
0.44987109303474426
0.44987109303474426
0.44987115263938904
0.44987109303474426
0.44987112283706665
0.44987112283706665
0.44987112283706665
0.44987112283706665
0.44987109303474426
0.4498710334300995
0.44987109303474426
0.4498710632324219
0.4498710632324219
0.4498710334300995
0.44987112283706665
0.44987109303474426
0.44987109303474426
0.44987109303474426
0.44987109303474426
0.4498710632324219
0.4498710632324219
0.44987109303474426
0.4498710632324219
0.4498710334300995
0.4498710334300995
0.44987109303474426
0.4498710334300995
0.44987109303474426
0.4498710036277771
0.4498710632324219
0.4498710334300995
0.4498710334300995
0.4498710632324219
0.4498710632324219
0.4498710334300995
0.4498710036277771
0.4498710632324219
0.4498710036277771
0.4498709738254547
0.4498710632324219
0.4498710632324219
0.4498710334300995
0.4498710334300995
0.4498710334300995
0.4498710036277771
0.4498710632324219
0.4498710334300995
0.4498710036277771
0.4498710036277771
0.4498710036277771
0.4498710036277771
0.4498710632324219
0.4498710334300995
0.4498710036277771
0.4498710036277771
0.4498709440231323
0.4498710334300995
0.4498710036277771
0.4498709440231323
0.4498709738254547
0.4498709738254547
0.4498709738254547
0.4498709738254547
0.4498710036277771
0.4498709738254547
0.4498709738254547
0.4498710334300995
0.4498710334300995
0.4498710036277771
0.4498709738254547
0.4498710036277771
0.4498709738254547
0.4498709738254547
0.4498709440231323
0.4498710036277771
0.4498709440231323
0.4498710036277771
0.4498710036277771
0.4498709738254547
0.4498710036277771
0.4498709738254547
0.4498710036277771
0.4498710334300995
0.4498709440231323
0.4498709738254547
0.4498709738254547
0.4498709440231323
0.4498709440231323
0.44987091422080994
0.44987091422080994
0.44987088441848755
0.4498709738254547
0.4498709440231323
0.4498709440231323
0.44987091422080994
0.4498709738254547
0.4498709440231323
0.44987091422080994
0.44987091422080994
0.44987085461616516
0.4498710036277771
0.4498710036277771
0.44987088441848755
0.4498709738254547
0.44987088441848755
0.4498709440231323
0.44987085461616516
0.44987091422080994
0.44987091422080994
0.44987091422080994
0.44987091422080994
0.4498709440231323
0.44987088441848755
0.44987088441848755
0.44987088441848755
0.44987088441848755
0.44987091422080994
0.44987091422080994
0.4498709440231323
0.44987091422080994
0.4498708248138428
0.44987088441848755
0.44987085461616516
0.44987091422080994
0.44987088441848755
0.44987088441848755
0.44987088441848755
0.44987088441848755
0.44987088441848755
0.4498709440231323
0.4498709440231323
0.4498709440231323
0.44987091422080994
0.44987085461616516
0.4498709440231323
0.44987085461616516
0.4498708248138428
0.44987085461616516
0.44987085461616516
0.4498708248138428
0.44987091422080994
0.44987088441848755
0.4498707950115204
0.44987088441848755
0.44987085461616516
0.44987088441848755
0.44987088441848755
0.44987085461616516
0.4498708248138428
0.4498708248138428
0.44987085461616516
0.44987088441848755
0.44987088441848755
0.44987085461616516
0.4498708248138428
0.4498708248138428
0.44987085461616516
0.4498708248138428
0.44987085461616516
0.4498707950115204
0.4498707950115204
0.44987085461616516
0.4498707354068756
0.44987085461616516
0.44987085461616516
0.4498708248138428
0.4498708248138428
0.4498708248138428
0.4498707950115204
0.4498707950115204
0.44987085461616516
0.4498707950115204
0.4498707950115204
0.4498707950115204
0.4498707950115204
0.4498708248138428
0.4498708248138428
0.4498708248138428
0.4498708248138428
0.4498707354068756
0.449870765209198
0.449870765209198
0.4498708248138428
0.4498707950115204
0.4498707950115204
0.4498707950115204
0.4498707950115204
0.449870765209198
0.449870765209198
0.449870765209198
0.4498707950115204
0.4498707950115204
0.4498707354068756
0.449870765209198
0.4498707950115204
0.4498707354068756
0.4498708248138428
0.4498708248138428
0.4498707950115204
0.4498707354068756
0.4498707354068756
0.4498707354068756
0.4498708248138428
0.4498707354068756
0.4498707354068756
0.4498707950115204
0.4498707354068756
0.4498707354068756
0.44987091422080994
0.4498707354068756
0.4498707950115204
0.4498707354068756
0.4498707354068756
0.4498707354068756
0.4498707354068756
0.449870765209198
0.4498707950115204
0.4498707354068756
0.4498707354068756
0.4498707354068756
0.449870765209198
0.4498707354068756
0.4498707354068756
0.449870765209198
0.4498708248138428
0.4498707056045532
0.4498707354068756
0.4498707354068756
0.4498707354068756
0.4498707354068756
0.4498707354068756
0.4498707354068756
0.4498707354068756
0.4498707056045532
0.4498707354068756
0.4498707354068756
0.4498707354068756
0.44987067580223083
0.4498707354068756
0.44987064599990845
0.4498707354068756
0.4498707354068756
0.44987067580223083
0.44987067580223083
0.4498707056045532
0.4498707354068756
0.4498707056045532
0.4498707056045532
0.4498707354068756
0.4498707354068756
0.44987067580223083
0.44987064599990845
0.4498707056045532
0.4498707056045532
0.4498707354068756
0.4498707354068756
0.4498707056045532
0.4498707056045532
0.4498707056045532
0.4498707056045532
0.44987067580223083
0.4498707056045532
0.4498707354068756
0.4498707056045532
0.44987067580223083
0.44987061619758606
0.44987067580223083
0.44987064599990845
0.4498707354068756
0.44987067580223083
0.44987064599990845
0.4498707354068756
0.44987061619758606
0.44987067580223083
0.44987067580223083
0.44987067580223083
0.44987067580223083
0.44987064599990845
0.4498707056045532
0.44987061619758606
0.44987064599990845
0.44987067580223083
0.44987058639526367
0.44987067580223083
0.44987058639526367
0.4498707056045532
0.44987064599990845
0.44987064599990845
0.44987064599990845
0.44987061619758606
0.44987061619758606
0.44987058639526367
0.44987067580223083
0.44987061619758606
0.44987061619758606
0.44987061619758606
0.44987064599990845
0.44987058639526367
0.44987064599990845
0.44987067580223083
0.44987061619758606
0.44987058639526367
0.44987061619758606
0.44987067580223083
0.44987064599990845
0.44987064599990845
0.44987058639526367
0.44987058639526367
0.44987058639526367
0.4498705565929413
0.4498705565929413
0.4498705565929413
0.44987058639526367
0.44987061619758606
0.44987064599990845
0.44987058639526367
0.4498705565929413
0.44987058639526367
0.44987058639526367
0.44987058639526367
0.44987058639526367
0.4498705267906189
0.4498705565929413
0.44987058639526367
0.44987061619758606
0.44987058639526367
0.4498705565929413
0.4498705267906189
0.44987058639526367
0.4498705565929413
0.4498705565929413
0.44987058639526367
0.4498705565929413
0.4498705565929413
0.4498705565929413
0.4498705565929413
0.4498705267906189
0.4498705267906189
0.4498705565929413
0.4498705267906189
0.44987061619758606
0.44987058639526367
0.4498705267906189
0.44987058639526367
0.4498705267906189
0.4498705565929413
0.4498705565929413
0.4498705565929413
0.4498704969882965
0.4498704969882965
0.4498705267906189
0.4498704969882965
0.4498705267906189
0.4498705267906189
0.4498704969882965
0.4498705267906189
0.4498705267906189
0.4498705267906189
0.44987061619758606
0.4498704969882965
0.4498704969882965
0.4498704969882965
0.4498705565929413
0.44987043738365173
0.4498705267906189
0.4498705267906189
0.4498705267906189
0.4498705267906189
0.4498705267906189
0.4498705267906189
0.4498705565929413
0.4498704969882965
0.4498704969882965
0.4498704671859741
0.4498704671859741
0.44987043738365173
0.4498704969882965
0.4498704671859741
0.44987043738365173
0.44987043738365173
0.4498704671859741
0.44987043738365173
0.4498704671859741
0.4498704671859741
0.44987043738365173
0.44987043738365173
0.4498704671859741
0.44987043738365173
0.44987040758132935
0.4498704969882965
0.4498704671859741
0.4498704969882965
0.44987043738365173
0.44987040758132935
0.4498704671859741
0.4498704671859741
0.4498704671859741
0.4498704671859741
0.4498704671859741
0.44987043738365173
0.4498704969882965
0.44987043738365173
0.44987040758132935
0.44987040758132935
0.44987040758132935
0.44987040758132935
0.4498705565929413
0.44987040758132935
0.44987040758132935
0.44987040758132935
0.44987043738365173
0.44987037777900696
0.44987043738365173
0.4498704671859741
0.4498704969882965
0.44987040758132935
0.4498704671859741
0.44987040758132935
0.44987040758132935
0.44987037777900696
0.44987040758132935
0.44987040758132935
0.44987043738365173
0.44987043738365173
0.44987040758132935
0.44987040758132935
0.44987040758132935
0.44987040758132935
0.44987040758132935
0.44987043738365173
0.44987034797668457
0.44987040758132935
0.44987037777900696
0.44987040758132935
0.44987037777900696
0.44987040758132935
0.44987037777900696
0.44987040758132935
0.44987037777900696
0.44987037777900696
0.44987034797668457
0.44987040758132935
0.44987040758132935
0.44987037777900696
0.44987037777900696
0.44987040758132935
0.44987034797668457
0.44987034797668457
0.44987034797668457
0.4498703181743622
0.44987037777900696
0.44987037777900696
0.44987034797668457
0.44987040758132935
0.44987034797668457
0.44987034797668457
0.44987034797668457
0.44987034797668457
0.4498703181743622
0.44987034797668457
0.44987034797668457
0.44987034797668457
0.44987034797668457
0.44987034797668457
0.44987034797668457
0.4498703181743622
0.44987034797668457
0.44987034797668457
0.4498702883720398
0.44987034797668457
0.44987034797668457
0.4498703181743622
0.4498703181743622
0.4498702883720398
0.4498703181743622
0.44987037777900696
0.4498702883720398
0.4498703181743622
0.44987034797668457
0.4498702883720398
0.4498703181743622
0.44987034797668457
0.4498703181743622
0.4498702883720398
0.4498702883720398
0.4498702883720398
0.4498703181743622
0.4498702883720398
0.4498702585697174
0.4498702883720398
0.4498702585697174
0.4498703181743622
0.4498702585697174
0.4498702883720398
0.4498702883720398
0.4498703181743622
0.4498702883720398
0.4498702585697174
0.4498702883720398
0.4498703181743622
0.449870228767395
0.4498703181743622
0.4498703181743622
0.4498702883720398
0.4498702883720398
0.4498702585697174
0.4498702585697174
0.4498702883720398
0.4498702585697174
0.4498702585697174
0.4498702883720398
0.4498702883720398
0.4498702585697174
0.4498702883720398
0.449870228767395
0.449870228767395
0.44987019896507263
0.449870228767395
0.4498702585697174
0.4498702585697174
0.449870228767395
0.449870228767395
0.4498702883720398
0.44987019896507263
0.449870228767395
0.449870228767395
0.449870228767395
0.449870228767395
0.449870228767395
0.4498702585697174
0.449870228767395
0.4498702585697174
0.44987019896507263
0.4498702883720398
0.4498702585697174
0.44987019896507263
0.4498702585697174
0.449870228767395
0.4498703181743622
0.44987019896507263
0.44987019896507263
0.44987019896507263
0.44987016916275024
0.44987019896507263
0.449870228767395
0.449870228767395
0.44987016916275024
0.449870228767395
0.449870228767395
0.449870228767395
0.44987016916275024
0.449870228767395
0.44987016916275024
0.449870228767395
0.44987019896507263
0.44987019896507263
0.449870228767395
0.449870228767395
0.449870228767395
0.44987019896507263
0.449870228767395
0.44987016916275024
0.44987019896507263
0.44987019896507263
0.44987016916275024
0.44987016916275024
0.449870228767395
0.44987019896507263
0.44987019896507263
0.44987016916275024
0.44987013936042786
0.44987013936042786
0.44987019896507263
0.44987019896507263
0.44987019896507263
0.44987013936042786
0.44987016916275024
0.44987019896507263
0.44987016916275024
0.44987019896507263
0.44987016916275024
0.44987016916275024
0.44987010955810547
0.44987013936042786
0.44987013936042786
0.44987016916275024
0.44987019896507263
0.44987013936042786
0.44987019896507263
0.44987010955810547
0.44987013936042786
0.44987013936042786
0.44987013936042786
0.44987010955810547
0.44987016916275024
0.44987010955810547
0.44987019896507263
0.4498700797557831
0.44987016916275024
0.44987019896507263
0.44987010955810547
0.44987010955810547
0.44987016916275024
0.4498700797557831
0.4498700797557831
0.44987013936042786
0.44987010955810547
0.44987013936042786
0.44987016916275024
0.44987013936042786
0.44987010955810547
0.4498700797557831
0.4498700797557831
0.44987010955810547
0.44987010955810547
0.4498700797557831
0.44987010955810547
0.4498700797557831
0.44987010955810547
0.4498700797557831
0.4498700499534607
0.4498700797557831
0.44987013936042786
0.4498700797557831
0.44987010955810547
0.44987013936042786
0.44987010955810547
0.44987010955810547
0.4498700797557831
0.4498700797557831
0.4498700797557831
0.4498700797557831
0.44987013936042786
0.4498700499534607
0.4498700201511383
0.44987010955810547
0.4498700499534607
0.44987010955810547
0.4498700797557831
0.4498700499534607
0.4498700499534607
0.44987016916275024
0.4498700201511383
0.4498700201511383
0.4498700797557831
0.4498700201511383
0.4498700201511383
0.4498699903488159
0.4498700201511383
0.4498700499534607
0.4498700499534607
0.4498700499534607
0.4498699903488159
0.4498700797557831
0.4498700201511383
0.4498700201511383
0.4498700499534607
0.4498699903488159
0.4498700201511383
0.4498700797557831
0.4498700201511383
0.4498700499534607
0.4498700499534607
0.4498700499534607
0.44986996054649353
0.44986996054649353
0.4498700201511383
0.4498699903488159
0.4498700201511383
0.44986996054649353
0.4498700201511383
0.4498699903488159
0.4498699903488159
0.4498700201511383
0.4498700201511383
0.4498700797557831
0.4498700499534607
0.4498700201511383
0.4498699903488159
0.4498699903488159
0.4498699903488159
0.4498700499534607
0.4498699903488159
0.44986996054649353
0.4498700499534607
0.4498700201511383
0.4498699903488159
0.4498699903488159
0.4498699903488159
0.4498700201511383
0.4498699903488159
0.44986996054649353
0.44986996054649353
0.44986996054649353
0.4498700201511383
0.44986996054649353
0.44986996054649353
0.44986996054649353
0.44986993074417114
0.44986996054649353
0.4498699903488159
0.44986996054649353
0.4498700499534607
0.4498699903488159
0.44986993074417114
0.44986996054649353
0.44986996054649353
0.44986996054649353
0.44986996054649353
0.44986993074417114
0.44986996054649353
0.44986996054649353
0.4498699903488159
0.44986990094184875
0.44986996054649353
0.44986990094184875
0.44986993074417114
0.44986996054649353
0.44986990094184875
0.44986990094184875
0.4498699903488159
0.44986993074417114
0.44986987113952637
0.44986996054649353
0.44986993074417114
0.44986996054649353
0.44986990094184875
0.44986993074417114
0.44986990094184875
0.44986990094184875
0.449869841337204
0.449869841337204
0.44986990094184875
0.44986993074417114
0.44986993074417114
0.44986990094184875
0.44986990094184875
0.44986987113952637
0.44986990094184875
0.44986990094184875
0.44986987113952637
0.44986993074417114
0.44986993074417114
0.4498700201511383
0.44986993074417114
0.44986990094184875
0.44986987113952637
0.44986987113952637
0.44986990094184875
0.44986987113952637
0.44986990094184875
0.44986990094184875
0.44986987113952637
0.449869841337204
0.44986990094184875
0.449869841337204
0.44986987113952637
0.44986987113952637
0.44986990094184875
0.44986987113952637
0.44986990094184875
0.44986987113952637
0.449869841337204
0.449869841337204
0.4498698115348816
0.449869841337204
0.44986987113952637
0.449869841337204
0.44986987113952637
0.44986990094184875
0.449869841337204
0.4498698115348816
0.449869841337204
0.4498698115348816
0.44986990094184875
0.449869841337204
0.449869841337204
0.449869841337204
0.449869841337204
0.4498697817325592
0.4498698115348816
0.4498698115348816
0.44986987113952637
0.4498697817325592
0.4498698115348816
0.4498698115348816
0.4498697817325592
0.449869841337204
0.44986987113952637
0.4498698115348816
0.4498698115348816
0.4498697817325592
0.4498698115348816
0.449869841337204
0.4498697817325592
0.4498697817325592
0.44986972212791443
0.4498698115348816
0.4498698115348816
0.4498698115348816
0.449869841337204
0.44986972212791443
0.4498697519302368
0.4498697817325592
0.4498697817325592
0.4498697817325592
0.4498698115348816
0.4498697817325592
0.44986987113952637
0.4498697817325592
0.4498697817325592
0.4498697817325592
0.44986972212791443
0.4498697519302368
0.4498697817325592
0.4498697817325592
0.449869841337204
0.44986972212791443
0.4498697817325592
0.4498697817325592
0.4498697519302368
0.4498697519302368
0.4498697519302368
0.4498697519302368
0.4498697519302368
0.4498697519302368
0.4498697817325592
0.4498697519302368
0.44986972212791443
0.44986972212791443
0.44986969232559204
0.44986972212791443
0.44986969232559204
0.4498697817325592
0.4498697817325592
0.44986969232559204
0.44986972212791443
0.44986972212791443
0.44986969232559204
0.44986972212791443
0.44986969232559204
0.44986972212791443
0.44986969232559204
0.44986972212791443
0.4498697817325592
0.44986969232559204
0.44986969232559204
0.44986972212791443
0.4498697519302368
0.44986969232559204
0.44986972212791443
0.44986972212791443
0.44986972212791443
0.44986969232559204
0.44986969232559204
0.44986969232559204
0.44986972212791443
0.44986969232559204
0.44986969232559204
0.44986969232559204
0.44986969232559204
0.44986972212791443
0.44986966252326965
0.44986969232559204
0.44986969232559204
0.44986969232559204
0.44986969232559204
0.44986966252326965
0.44986969232559204
0.44986972212791443
0.44986969232559204
0.44986969232559204
0.44986966252326965
0.44986972212791443
0.44986969232559204
0.44986969232559204
0.44986969232559204
0.44986969232559204
0.44986963272094727
0.44986969232559204
0.44986966252326965
0.44986966252326965
0.44986969232559204
0.44986963272094727
0.44986966252326965
0.44986963272094727
0.44986963272094727
0.44986969232559204
0.44986963272094727
0.44986966252326965
0.44986969232559204
0.44986966252326965
0.44986963272094727
0.44986963272094727
0.44986966252326965
0.44986969232559204
0.44986963272094727
0.44986966252326965
0.44986966252326965
0.44986969232559204
0.4498695433139801
0.44986966252326965
0.44986963272094727
0.44986963272094727
0.44986969232559204
0.4498696029186249
0.44986966252326965
0.4498696029186249
0.44986966252326965
0.44986963272094727
0.4498696029186249
0.44986969232559204
0.4498695731163025
0.4498696029186249
0.44986969232559204
0.4498695731163025
0.44986966252326965
0.4498696029186249
0.44986963272094727
0.44986963272094727
0.4498695731163025
0.4498695731163025
0.4498696029186249
0.44986963272094727
0.44986966252326965
0.4498696029186249
0.4498696029186249
0.4498696029186249
0.4498696029186249
0.4498696029186249
0.44986966252326965
0.4498696029186249
0.4498695433139801
0.4498695731163025
0.4498695135116577
0.4498695433139801
0.4498695731163025
0.4498695731163025
0.44986966252326965
0.44986963272094727
0.4498696029186249
0.4498695731163025
0.4498696029186249
0.4498695433139801
0.4498696029186249
0.4498696029186249
0.4498695731163025
0.4498695433139801
0.4498696029186249
0.4498695433139801
0.4498695731163025
0.4498695433139801
0.4498695433139801
0.4498696029186249
0.4498695731163025
0.4498695731163025
0.4498695135116577
0.4498695731163025
0.4498695135116577
0.4498694837093353
0.4498695433139801
0.4498695433139801
0.4498695731163025
0.4498695135116577
0.4498694837093353
0.4498695433139801
0.4498696029186249
0.4498695731163025
0.4498695731163025
0.4498695135116577
0.4498695731163025
0.4498695433139801
0.4498695135116577
0.4498694837093353
0.4498694837093353
0.4498695731163025
0.4498695433139801
0.4498695135116577
0.4498695135116577
0.4498695135116577
0.4498695731163025
0.4498695433139801
0.4498695135116577
0.4498695433139801
0.4498695135116577
0.4498695433139801
0.4498695135116577
0.4498695135116577
0.44986945390701294
0.44986945390701294
0.4498694837093353
0.4498694837093353
0.4498695135116577
0.4498694837093353
0.44986945390701294
0.44986942410469055
0.4498695433139801
0.4498694837093353
0.44986945390701294
0.4498695135116577
0.44986945390701294
0.4498695135116577
0.44986945390701294
0.44986942410469055
0.44986945390701294
0.44986945390701294
0.44986945390701294
0.44986945390701294
0.44986945390701294
0.4498695433139801
0.4498694837093353
0.44986945390701294
0.44986942410469055
0.4498695135116577
0.44986945390701294
0.44986945390701294
0.44986939430236816
0.44986945390701294
0.44986945390701294
0.44986942410469055
0.4498695135116577
0.44986942410469055
0.4498695135116577
0.44986945390701294
0.44986939430236816
0.44986945390701294
0.44986945390701294
0.4498693645000458
0.44986942410469055
0.44986939430236816
0.4498693645000458
0.44986942410469055
0.44986942410469055
0.44986942410469055
0.44986939430236816
0.44986942410469055
0.4498693346977234
0.44986939430236816
0.44986939430236816
0.4498693346977234
0.4498693645000458
0.44986939430236816
0.44986939430236816
0.4498693645000458
0.44986939430236816
0.44986939430236816
0.44986939430236816
0.44986939430236816
0.44986939430236816
0.4498694837093353
0.44986939430236816
0.4498693645000458
0.44986939430236816
0.4498693645000458
0.44986939430236816
0.4498693346977234
0.4498693645000458
0.44986939430236816
0.4498693346977234
0.4498693346977234
0.44986939430236816
0.4498693645000458
0.4498693645000458
0.4498693645000458
0.4498693645000458
0.44986939430236816
0.4498693645000458
0.4498693645000458
0.4498693645000458
0.44986939430236816
0.4498693645000458
0.44986939430236816
0.4498693346977234
0.4498693645000458
0.4498693346977234
0.4498693346977234
0.4498693346977234
0.4498693645000458
0.4498693645000458
0.4498693346977234
0.4498693346977234
0.449869304895401
0.44986942410469055
0.4498693346977234
0.4498693645000458
0.4498693645000458
0.449869304895401
0.4498693346977234
0.449869304895401
0.449869304895401
0.449869304895401
0.4498692750930786
0.449869304895401
0.4498692750930786
0.449869304895401
0.4498692750930786
0.4498692750930786
0.449869304895401
0.4498693346977234
0.4498692750930786
0.4498692750930786
0.449869304895401
0.4498692750930786
0.4498692750930786
0.449869304895401
0.449869304895401
0.449869304895401
0.4498692750930786
0.4498692452907562
0.4498692452907562
0.449869304895401
0.4498692750930786
0.44986918568611145
0.4498692452907562
0.4498692750930786
0.4498692750930786
0.4498692452907562
0.44986921548843384
0.4498693346977234
0.4498692452907562
0.4498692452907562
0.4498692750930786
0.4498692750930786
0.449869304895401
0.4498692452907562
0.4498692452907562
0.4498692452907562
0.4498692750930786
0.44986921548843384
0.4498692452907562
0.44986918568611145
0.44986918568611145
0.449869304895401
0.449869304895401
0.4498692452907562
0.44986918568611145
0.44986921548843384
0.4498692452907562
0.4498692452907562
0.44986921548843384
0.4498692452907562
0.4498692750930786
0.4498692452907562
0.44986921548843384
0.44986918568611145
0.44986918568611145
0.4498692750930786
0.4498692452907562
0.44986921548843384
0.4498692452907562
0.44986918568611145
0.44986921548843384
0.44986921548843384
0.44986918568611145
0.44986921548843384
0.44986921548843384
0.44986918568611145
0.44986918568611145
0.44986918568611145
0.44986918568611145
0.44986918568611145
0.44986918568611145
0.44986921548843384
0.44986915588378906
0.4498692750930786
0.44986915588378906
0.44986921548843384
0.44986921548843384
0.44986918568611145
0.44986921548843384
0.44986918568611145
0.4498691260814667
0.4498691260814667
0.44986918568611145
0.4498692452907562
0.44986915588378906
0.44986918568611145
0.44986921548843384
0.44986918568611145
0.44986918568611145
0.4498691260814667
0.44986915588378906
0.44986918568611145
0.44986918568611145
0.44986918568611145
0.44986918568611145
0.44986915588378906
0.44986915588378906
0.4498691260814667
0.44986918568611145
0.44986915588378906
0.44986918568611145
0.4498691260814667
0.44986918568611145
0.44986918568611145
0.4498691260814667
0.4498691260814667
0.44986918568611145
0.44986918568611145
0.44986915588378906
0.44986915588378906
0.44986918568611145
0.4498691260814667
0.4498691260814667
0.44986918568611145
0.44986915588378906
0.4498690962791443
0.4498691260814667
0.44986915588378906
0.4498690664768219
0.44986918568611145
0.4498691260814667
0.4498690962791443
0.44986915588378906
0.4498690962791443
0.44986918568611145
0.4498691260814667
0.4498691260814667
0.4498690962791443
0.4498690664768219
0.4498690962791443
0.4498691260814667
0.44986918568611145
0.4498690962791443
0.4498690962791443
0.4498691260814667
0.4498690366744995
0.4498690664768219
0.4498691260814667
0.4498690664768219
0.4498690962791443
0.4498691260814667
0.4498690962791443
0.44986915588378906
0.4498691260814667
0.4498690664768219
0.4498691260814667
0.4498690664768219
0.4498690664768219
0.4498690962791443
0.4498690962791443
0.4498690664768219
0.4498690366744995
0.44986897706985474
0.4498691260814667
0.4498690664768219
0.4498690366744995
0.4498690962791443
0.4498690366744995
0.4498690664768219
0.4498691260814667
0.4498690664768219
0.4498690664768219
0.4498690366744995
0.4498690664768219
0.4498690366744995
0.4498690962791443
0.4498690664768219
0.4498690366744995
0.4498690664768219
0.4498690366744995
0.44986897706985474
0.4498690664768219
0.4498690664768219
0.4498690068721771
0.4498690366744995
0.4498690068721771
0.4498690068721771
0.4498691260814667
0.4498690664768219
0.4498690366744995
0.4498690068721771
0.4498690664768219
0.4498690664768219
0.44986897706985474
0.4498690366744995
0.4498690068721771
0.4498690068721771
0.4498690068721771
0.4498690068721771
0.4498690366744995
0.4498690366744995
0.4498690068721771
0.4498690366744995
0.44986897706985474
0.44986897706985474
0.4498690068721771
0.4498690366744995
0.4498690068721771
0.44986894726753235
0.44986897706985474
0.4498690068721771
0.4498690366744995
0.4498690068721771
0.4498690366744995
0.44986897706985474
0.4498690068721771
0.4498690068721771
0.44986897706985474
0.44986891746520996
0.44986897706985474
0.44986897706985474
0.4498690068721771
0.44986897706985474
0.4498690366744995
0.4498690068721771
0.44986897706985474
0.4498690068721771
0.4498690068721771
0.4498690366744995
0.44986894726753235
0.44986897706985474
0.44986897706985474
0.44986894726753235
0.4498690068721771
0.44986894726753235
0.44986891746520996
0.44986894726753235
0.44986891746520996
0.44986897706985474
0.44986891746520996
0.44986891746520996
0.44986894726753235
0.44986897706985474
0.44986897706985474
0.44986897706985474
0.44986894726753235
0.44986891746520996
0.44986891746520996
0.4498688876628876
0.44986894726753235
0.44986891746520996
0.44986891746520996
0.44986891746520996
0.44986891746520996
0.44986897706985474
0.44986894726753235
0.44986894726753235
0.4498688578605652
0.4498688876628876
0.44986894726753235
0.44986891746520996
0.44986894726753235
0.4498690068721771
0.44986897706985474
0.44986897706985474
0.44986897706985474
0.44986897706985474
0.44986894726753235
0.4498688876628876
0.4498688876628876
0.4498688876628876
0.4498688876628876
0.4498688876628876
0.4498688876628876
0.4498688876628876
0.4498688578605652
0.4498688876628876
0.4498688578605652
0.4498688876628876
0.4498688876628876
0.44986894726753235
0.44986891746520996
0.4498688876628876
0.4498688876628876
0.4498688280582428
0.4498688578605652
0.44986891746520996
0.4498688280582428
0.4498688578605652
0.4498688280582428
0.44986891746520996
0.4498688876628876
0.4498688578605652
0.4498688280582428
0.4498688578605652
0.4498688876628876
0.4498688876628876
0.44986894726753235
0.4498688280582428
0.4498688578605652
0.4498688280582428
0.4498688578605652
0.4498687982559204
0.4498688280582428
0.4498688578605652
0.4498688578605652
0.4498688280582428
0.4498688578605652
0.4498688280582428
0.4498687982559204
0.4498687982559204
0.4498688876628876
0.4498688280582428
0.4498687982559204
0.449868768453598
0.4498688280582428
0.4498687982559204
0.4498687982559204
0.4498688876628876
0.4498687982559204
0.4498688280582428
0.4498687982559204
0.4498688280582428
0.4498687982559204
0.4498687982559204
0.4498688578605652
0.4498688578605652
0.4498687982559204
0.4498687982559204
0.449868768453598
0.4498688280582428
0.44986873865127563
0.449868768453598
0.449868768453598
0.4498688578605652
0.4498687982559204
0.449868768453598
0.4498687982559204
0.44986873865127563
0.44986873865127563
0.449868768453598
0.44986870884895325
0.44986873865127563
0.449868768453598
0.449868768453598
0.44986873865127563
0.44986870884895325
0.449868768453598
0.44986873865127563
0.44986873865127563
0.44986870884895325
0.449868768453598
0.44986870884895325
0.44986873865127563
0.449868768453598
0.44986873865127563
0.44986873865127563
0.44986870884895325
0.44986870884895325
0.44986873865127563
0.44986870884895325
0.44986870884895325
0.44986873865127563
0.44986867904663086
0.44986867904663086
0.44986873865127563
0.44986873865127563
0.44986870884895325
0.449868768453598
0.44986870884895325
0.44986870884895325
0.44986870884895325
0.44986870884895325
0.44986873865127563
0.44986873865127563
0.44986867904663086
0.449868768453598
0.44986867904663086
0.44986870884895325
0.44986870884895325
0.44986870884895325
0.44986867904663086
0.449868768453598
0.44986870884895325
0.44986867904663086
0.44986867904663086
0.44986870884895325
0.44986867904663086
0.44986870884895325
0.44986867904663086
0.44986873865127563
0.4498688280582428
0.449868768453598
0.44986867904663086
0.44986867904663086
0.44986867904663086
0.44986867904663086
0.44986867904663086
0.44986870884895325
0.4498686194419861
0.44986867904663086
0.44986870884895325
0.44986867904663086
0.44986864924430847
0.44986867904663086
0.44986867904663086
0.44986867904663086
0.44986864924430847
0.44986867904663086
0.44986864924430847
0.44986867904663086
0.44986867904663086
0.44986867904663086
0.4498686194419861
0.4498686194419861
0.44986864924430847
0.4498686194419861
0.44986864924430847
0.44986867904663086
0.44986867904663086
0.44986867904663086
0.4498685896396637
0.4498686194419861
0.4498685896396637
0.44986867904663086
0.4498686194419861
0.4498686194419861
0.4498686194419861
0.4498685896396637
0.4498686194419861
0.44986864924430847
0.4498686194419861
0.4498685896396637
0.4498686194419861
0.4498686194419861
0.44986864924430847
0.44986867904663086
0.44986867904663086
0.4498685896396637
0.44986864924430847
0.4498686194419861
0.44986864924430847
0.4498686194419861
0.44986864924430847
0.44986864924430847
0.4498686194419861
0.4498686194419861
0.4498686194419861
0.4498685896396637
0.44986864924430847
0.4498685896396637
0.4498685598373413
0.4498685896396637
0.4498685896396637
0.4498686194419861
0.4498685598373413
0.4498685598373413
0.4498685896396637
0.4498686194419861
0.4498686194419861
0.4498685598373413
0.4498686194419861
0.4498685598373413
0.4498685598373413
0.4498685598373413
0.4498685896396637
0.4498685598373413
0.4498686194419861
0.4498685300350189
0.4498686194419861
0.4498685598373413
0.4498685598373413
0.4498685896396637
0.4498685598373413
0.4498685598373413
0.4498686194419861
0.4498685896396637
0.4498685598373413
0.4498685598373413
0.4498685300350189
0.4498685598373413
0.4498685598373413
0.4498685896396637
0.4498685598373413
0.4498685896396637
0.4498685598373413
0.4498685896396637
0.4498685896396637
0.4498685598373413
0.4498685598373413
0.4498685300350189
0.4498685598373413
0.4498685300350189
0.44986850023269653
0.4498685300350189
0.4498685598373413
0.4498685300350189
0.4498685300350189
0.4498685300350189
0.4498685598373413
0.44986850023269653
0.44986847043037415
0.4498685598373413
0.4498685598373413
0.44986847043037415
0.44986850023269653
0.44986850023269653
0.44986850023269653
0.4498685300350189
0.44986847043037415
0.44986850023269653
0.4498685300350189
0.44986850023269653
0.4498685300350189
0.4498685896396637
0.44986847043037415
0.44986844062805176
0.44986847043037415
0.4498685300350189
0.4498685300350189
0.44986844062805176
0.44986847043037415
0.44986844062805176
0.4498685300350189
0.44986844062805176
0.44986850023269653
0.4498685300350189
0.4498685598373413
0.44986847043037415
0.44986847043037415
0.44986850023269653
0.44986850023269653
0.44986844062805176
0.44986844062805176
0.44986847043037415
0.44986847043037415
0.44986844062805176
0.44986850023269653
0.44986844062805176
0.44986847043037415
0.44986847043037415
0.44986847043037415
0.44986847043037415
0.44986844062805176
0.44986847043037415
0.44986841082572937
0.44986841082572937
0.44986841082572937
0.44986844062805176
0.44986847043037415
0.44986847043037415
0.449868381023407
0.44986847043037415
0.44986844062805176
0.44986841082572937
0.44986844062805176
0.44986844062805176
0.44986844062805176
0.44986841082572937
0.44986841082572937
0.44986847043037415
0.44986841082572937
0.44986844062805176
0.44986841082572937
0.44986841082572937
0.44986847043037415
0.449868381023407
0.449868381023407
0.44986841082572937
0.449868381023407
0.449868381023407
0.44986841082572937
0.449868381023407
0.44986844062805176
0.44986841082572937
0.44986841082572937
0.44986841082572937
0.449868381023407
0.4498683214187622
0.449868381023407
0.44986844062805176
0.44986844062805176
0.449868381023407
0.449868381023407
0.4498683512210846
0.44986844062805176
0.449868381023407
0.449868381023407
0.44986844062805176
0.4498683512210846
0.449868381023407
0.4498683214187622
0.4498683512210846
0.449868381023407
0.4498683214187622
0.4498683214187622
0.4498683214187622
0.4498683512210846
0.4498683512210846
0.4498683214187622
0.4498683512210846
0.449868381023407
0.4498683214187622
0.449868381023407
0.4498683512210846
0.4498683214187622
0.449868381023407
0.4498682916164398
0.4498682916164398
0.4498683214187622
0.4498683214187622
0.4498683214187622
0.4498682916164398
0.44986826181411743
0.4498683214187622
0.4498683512210846
0.4498683512210846
0.449868381023407
0.4498683214187622
0.4498682916164398
0.4498682916164398
0.4498683214187622
0.4498683512210846
0.4498683214187622
0.4498682916164398
0.4498683512210846
0.4498682916164398
0.4498682916164398
0.4498683214187622
0.4498682916164398
0.44986826181411743
0.4498683214187622
0.4498683214187622
0.44986826181411743
0.44986826181411743
0.44986826181411743
0.44986823201179504
0.4498683214187622
0.44986826181411743
0.44986826181411743
0.44986826181411743
0.4498683214187622
0.4498683214187622
0.44986823201179504
0.44986826181411743
0.4498683214187622
0.4498683214187622
0.4498683214187622
0.44986823201179504
0.44986826181411743
0.44986826181411743
0.44986817240715027
0.4498682916164398
0.44986820220947266
0.44986826181411743
0.44986826181411743
0.44986826181411743
0.44986817240715027
0.44986823201179504
0.44986823201179504
0.44986826181411743
0.44986823201179504
0.44986820220947266
0.44986820220947266
0.4498682916164398
0.44986820220947266
0.44986823201179504
0.44986820220947266
0.44986823201179504
0.44986820220947266
0.44986823201179504
0.44986823201179504
0.44986817240715027
0.44986820220947266
0.44986823201179504
0.44986820220947266
0.44986817240715027
0.44986817240715027
0.44986823201179504
0.44986820220947266
0.44986817240715027
0.44986820220947266
0.44986817240715027
0.44986820220947266
0.44986820220947266
0.44986820220947266
0.44986820220947266
0.4498681426048279
0.44986820220947266
0.4498681426048279
0.44986823201179504
0.44986823201179504
0.44986820220947266
0.44986817240715027
0.44986823201179504
0.44986823201179504
0.4498681426048279
0.44986820220947266
0.44986817240715027
0.4498681426048279
0.4498681426048279
0.44986817240715027
0.44986817240715027
0.44986817240715027
0.44986820220947266
0.4498681426048279
0.44986817240715027
0.44986817240715027
0.44986820220947266
0.44986823201179504
0.4498681426048279
0.4498681426048279
0.4498681426048279
0.4498681426048279
0.44986817240715027
0.4498681426048279
0.4498681426048279
0.4498681426048279
0.4498681128025055
0.4498681426048279
0.4498681426048279
0.44986817240715027
0.4498681426048279
0.4498681426048279
0.4498681426048279
0.4498681426048279
0.4498681426048279
0.4498680830001831
0.4498681128025055
0.4498681426048279
0.4498681426048279
0.4498681426048279
0.4498681128025055
0.4498681426048279
0.4498681426048279
0.4498681426048279
0.4498681426048279
0.4498681426048279
0.4498681128025055
0.4498680531978607
0.4498681426048279
0.4498680830001831
0.4498681128025055
0.4498681128025055
0.4498680830001831
0.4498681426048279
0.4498681426048279
0.4498681128025055
0.4498680830001831
0.4498681128025055
0.4498681128025055
0.4498681426048279
0.4498680531978607
0.4498681426048279
0.4498681128025055
0.4498680830001831
0.4498680830001831
0.4498681426048279
0.4498681426048279
0.4498680830001831
0.4498681128025055
0.4498681426048279
0.4498681426048279
0.4498680830001831
0.4498680830001831
0.4498680830001831
0.4498681128025055
0.4498680531978607
0.4498680531978607
0.4498681128025055
0.4498680830001831
0.4498680830001831
0.4498680830001831
0.4498681128025055
0.4498680531978607
0.4498681128025055
0.4498680830001831
0.4498680830001831
0.4498680531978607
0.44986802339553833
0.44986802339553833
0.4498681128025055
0.4498680830001831
0.44986802339553833
0.4498680531978607
0.44986802339553833
0.4498680830001831
0.4498680830001831
0.4498680531978607
0.4498680531978607
0.4498680531978607
0.44986802339553833
0.4498680531978607
0.44986802339553833
0.4498680830001831
0.44986802339553833
0.44986799359321594
0.44986802339553833
0.4498680531978607
0.44986802339553833
0.4498680531978607
0.4498680830001831
0.44986796379089355
0.4498680531978607
0.44986802339553833
0.4498680531978607
0.44986799359321594
0.44986802339553833
0.44986802339553833
0.44986802339553833
0.44986793398857117
0.44986796379089355
0.44986799359321594
0.44986799359321594
0.4498680531978607
0.4498680531978607
0.44986802339553833
0.44986796379089355
0.44986796379089355
0.44986802339553833
0.44986799359321594
0.4498680531978607
0.44986802339553833
0.44986796379089355
0.44986799359321594
0.44986793398857117
0.4498680531978607
0.44986799359321594
0.44986799359321594
0.44986796379089355
0.44986799359321594
0.44986799359321594
0.44986796379089355
0.44986799359321594
0.44986799359321594
0.44986796379089355
0.44986796379089355
0.44986799359321594
0.44986796379089355
0.44986799359321594
0.44986793398857117
0.44986796379089355
0.44986799359321594
0.44986793398857117
0.44986796379089355
0.44986793398857117
0.44986796379089355
0.44986799359321594
0.4498679041862488
0.44986796379089355
0.44986796379089355
0.44986796379089355
0.44986793398857117
0.44986796379089355
0.44986793398857117
0.44986799359321594
0.44986793398857117
0.44986793398857117
0.4498678743839264
0.44986793398857117
0.44986793398857117
0.4498678743839264
0.4498678743839264
0.4498679041862488
0.4498679041862488
0.44986793398857117
0.4498679041862488
0.449867844581604
0.44986796379089355
0.4498678743839264
0.4498679041862488
0.4498679041862488
0.4498679041862488
0.44986793398857117
0.4498679041862488
0.4498678743839264
0.4498679041862488
0.44986793398857117
0.4498679041862488
0.4498679041862488
0.4498679041862488
0.4498679041862488
0.4498679041862488
0.4498678743839264
0.449867844581604
0.4498679041862488
0.4498678743839264
0.4498679041862488
0.4498678743839264
0.4498678743839264
0.449867844581604
0.449867844581604
0.449867844581604
0.4498678743839264
0.449867844581604
0.4498679041862488
0.4498678743839264
0.44986793398857117
0.4498679041862488
0.4498679041862488
0.449867844581604
0.4498678743839264
0.4498678147792816
0.4498678743839264
0.4498678147792816
0.4498678743839264
0.4498678743839264
0.449867844581604
0.44986778497695923
0.4498678743839264
0.4498678147792816
0.4498678147792816
0.44986778497695923
0.4498678147792816
0.449867844581604
0.4498678743839264
0.44986778497695923
0.4498678147792816
0.449867844581604
0.44986778497695923
0.4498678147792816
0.4498678147792816
0.4498678147792816
0.4498679041862488
0.4498678147792816
0.4498678147792816
0.449867844581604
0.44986778497695923
0.44986778497695923
0.449867844581604
0.4498678147792816
0.44986778497695923
0.449867844581604
0.44986775517463684
0.44986775517463684
0.44986778497695923
0.4498678147792816
0.44986778497695923
0.4498678147792816
0.4498678147792816
0.44986775517463684
0.44986775517463684
0.44986775517463684
0.44986778497695923
0.4498678743839264
0.44986775517463684
0.44986775517463684
0.44986778497695923
0.44986775517463684
0.4498678147792816
0.4498678147792816
0.44986772537231445
0.44986778497695923
0.44986775517463684
0.44986775517463684
0.44986769556999207
0.44986778497695923
0.44986775517463684
0.44986775517463684
0.449867844581604
0.44986772537231445
0.44986775517463684
0.44986775517463684
0.4498678147792816
0.44986775517463684
0.44986772537231445
0.44986775517463684
0.44986775517463684
0.44986778497695923
0.44986769556999207
0.44986769556999207
0.44986772537231445
0.44986769556999207
0.4498676657676697
0.4498676657676697
0.44986772537231445
0.44986769556999207
0.44986772537231445
0.44986775517463684
0.44986775517463684
0.44986769556999207
0.44986772537231445
0.44986775517463684
0.44986772537231445
0.44986775517463684
0.44986772537231445
0.44986769556999207
0.44986772537231445
0.4498676657676697
0.44986772537231445
0.4498676657676697
0.44986772537231445
0.4498676657676697
0.44986769556999207
0.4498676657676697
0.4498676657676697
0.4498676657676697
0.4498676657676697
0.4498676657676697
0.44986772537231445
0.44986772537231445
0.44986772537231445
0.44986769556999207
0.4498676657676697
0.4498676657676697
0.44986769556999207
0.44986769556999207
0.4498676657676697
0.4498676359653473
0.44986772537231445
0.4498676657676697
0.4498676359653473
0.4498676657676697
0.4498676359653473
0.4498676359653473
0.4498676657676697
0.4498676657676697
0.44986772537231445
0.4498676359653473
0.4498676657676697
0.4498676657676697
0.4498676359653473
0.4498676657676697
0.44986769556999207
0.4498676657676697
0.44986769556999207
0.4498676359653473
0.4498676359653473
0.44986769556999207
0.4498676359653473
0.4498676359653473
0.4498676359653473
0.4498676061630249
0.4498676359653473
0.4498676359653473
0.4498676359653473
0.4498676359653473
0.4498676359653473
0.4498676061630249
0.44986769556999207
0.4498676657676697
0.4498675763607025
0.4498676657676697
0.4498676359653473
0.4498676061630249
0.4498676359653473
0.4498676359653473
0.4498676061630249
0.4498676359653473
0.4498676359653473
0.4498676359653473
0.4498675763607025
0.4498676359653473
0.4498675763607025
0.4498676061630249
0.4498675763607025
0.4498675465583801
0.4498675763607025
0.4498676359653473
0.4498676061630249
0.4498675763607025
0.4498676359653473
0.4498676061630249
0.4498676359653473
0.4498676061630249
0.4498675763607025
0.4498675763607025
0.4498676061630249
0.4498676061630249
0.4498675763607025
0.4498676061630249
0.4498675465583801
0.4498676061630249
0.4498676061630249
0.4498675763607025
0.4498676061630249
0.4498675763607025
0.4498675465583801
0.4498675465583801
0.44986751675605774
0.4498675763607025
0.44986751675605774
0.4498675465583801
0.4498675763607025
0.4498675465583801
0.44986748695373535
0.4498675763607025
0.4498675465583801
0.4498675465583801
0.44986751675605774
0.44986751675605774
0.44986751675605774
0.4498675465583801
0.44986751675605774
0.44986748695373535
0.4498675465583801
0.4498675465583801
0.4498675465583801
0.44986751675605774
0.44986748695373535
0.44986751675605774
0.4498675465583801
0.4498675465583801
0.44986751675605774
0.44986748695373535
0.4498675465583801
0.4498675763607025
0.4498675465583801
0.44986751675605774
0.4498675465583801
0.4498676061630249
0.44986748695373535
0.44986748695373535
0.4498675465583801
0.4498675763607025
0.44986748695373535
0.4498675465583801
0.44986745715141296
0.4498675465583801
0.44986748695373535
0.44986751675605774
0.4498675763607025
0.4498674273490906
0.44986751675605774
0.44986748695373535
0.44986745715141296
0.44986745715141296
0.4498674273490906
0.44986748695373535
0.44986748695373535
0.44986748695373535
0.44986748695373535
0.44986751675605774
0.44986745715141296
0.44986748695373535
0.44986748695373535
0.4498674273490906
0.44986748695373535
0.4498674273490906
0.44986748695373535
0.44986748695373535
0.44986745715141296
0.4498674273490906
0.44986745715141296
0.4498674273490906
0.44986745715141296
0.44986748695373535
0.44986751675605774
0.44986745715141296
0.44986745715141296
0.44986748695373535
0.4498673975467682
0.44986745715141296
0.44986745715141296
0.44986748695373535
0.44986745715141296
0.44986745715141296
0.4498673975467682
0.4498674273490906
0.44986745715141296
0.44986745715141296
0.4498674273490906
0.44986745715141296
0.44986748695373535
0.4498674273490906
0.4498673975467682
0.44986751675605774
0.4498674273490906
0.44986745715141296
0.4498673975467682
0.4498674273490906
0.4498674273490906
0.4498674273490906
0.4498674273490906
0.4498673975467682
0.4498673677444458
0.4498673975467682
0.4498674273490906
0.4498673677444458
0.4498673975467682
0.4498673975467682
0.4498673975467682
0.4498673677444458
0.4498673677444458
0.4498673677444458
0.4498674273490906
0.4498673677444458
0.4498673677444458
0.4498673975467682
0.4498673677444458
0.4498673379421234
0.4498673975467682
0.4498673677444458
0.4498673677444458
0.44986745715141296
0.4498673677444458
0.4498673379421234
0.4498673975467682
0.4498673379421234
0.4498673677444458
0.4498673379421234
0.44986745715141296
0.449867308139801
0.4498673975467682
0.4498673379421234
0.4498674273490906
0.4498673677444458
0.44986727833747864
0.4498673379421234
0.4498674273490906
0.4498673677444458
0.4498673379421234
0.449867308139801
0.4498674273490906
0.4498673379421234
0.4498673677444458
0.4498673379421234
0.4498673379421234
0.449867308139801
0.4498673379421234
0.4498673677444458
0.449867308139801
0.4498673379421234
0.4498673379421234
0.44986727833747864
0.449867308139801
0.4498673379421234
0.4498673379421234
0.4498673379421234
0.44986727833747864
0.449867308139801
0.449867308139801
0.449867308139801
0.44986724853515625
0.44986724853515625
0.44986727833747864
0.44986727833747864
0.449867308139801
0.4498673379421234
0.44986727833747864
0.4498673379421234
0.44986727833747864
0.449867308139801
0.449867308139801
0.449867308139801
0.4498673379421234
0.4498673379421234
0.44986727833747864
0.4498673379421234
0.44986724853515625
0.4498673677444458
0.44986724853515625
0.4498673379421234
0.44986724853515625
0.44986727833747864
0.44986727833747864
0.449867308139801
0.44986724853515625
0.449867308139801
0.44986727833747864
0.44986727833747864
0.44986721873283386
0.44986727833747864
0.44986721873283386
0.44986721873283386
0.44986724853515625
0.449867308139801
0.44986724853515625
0.44986724853515625
0.44986727833747864
0.44986724853515625
0.44986721873283386
0.44986727833747864
0.44986724853515625
0.44986724853515625
0.4498671889305115
0.44986724853515625
0.44986721873283386
0.44986721873283386
0.44986724853515625
0.44986724853515625
0.44986727833747864
0.44986724853515625
0.4498671889305115
0.44986721873283386
0.4498671889305115
0.4498671889305115
0.4498671889305115
0.4498671889305115
0.4498671591281891
0.4498671591281891
0.4498671889305115
0.4498671889305115
0.44986721873283386
0.4498671889305115
0.44986724853515625
0.4498671889305115
0.44986721873283386
0.4498671889305115
0.4498671889305115
0.4498671591281891
0.4498671591281891
0.4498671889305115
0.4498671591281891
0.44986721873283386
0.4498671591281891
0.44986721873283386
0.4498671889305115
0.4498671889305115
0.4498671293258667
0.4498671591281891
0.4498671293258667
0.4498671293258667
0.4498671889305115
0.4498671889305115
0.4498671293258667
0.4498671591281891
0.4498671293258667
0.4498671293258667
0.4498671889305115
0.4498671591281891
0.44986721873283386
0.4498671591281891
0.4498671293258667
0.4498671293258667
0.4498671889305115
0.4498671889305115
0.4498671591281891
0.4498671293258667
0.4498671293258667
0.4498671293258667
0.4498671293258667
0.4498671293258667
0.4498671591281891
0.4498671293258667
0.4498671293258667
0.4498671591281891
0.4498671591281891
0.4498671293258667
0.4498671293258667
0.4498671293258667
0.4498671293258667
0.4498670995235443
0.4498671591281891
0.4498670697212219
0.4498671293258667
0.4498671293258667
0.4498671293258667
0.4498671293258667
0.4498670995235443
0.4498671293258667
0.4498670995235443
0.4498671293258667
0.4498671293258667
0.4498671293258667
0.4498671293258667
0.4498671293258667
0.4498670995235443
0.4498671293258667
0.4498670995235443
0.4498671293258667
0.4498670697212219
0.4498670995235443
0.4498670995235443
0.4498670697212219
0.4498671293258667
0.4498671293258667
0.4498671293258667
0.4498670697212219
0.4498670697212219
0.4498671293258667
0.4498671293258667
0.4498670995235443
0.4498670697212219
0.4498670995235443
0.44986703991889954
0.4498670995235443
0.44986703991889954
0.4498670697212219
0.44986703991889954
0.4498670995235443
0.44986703991889954
0.4498670697212219
0.4498671293258667
0.4498670697212219
0.4498671293258667
0.4498670697212219
0.44986703991889954
0.4498670995235443
0.4498670995235443
0.44986703991889954
0.44986703991889954
0.4498671293258667
0.44986703991889954
0.4498671293258667
0.4498670697212219
0.4498670697212219
0.4498671293258667
0.4498670697212219
0.44986701011657715
0.44986703991889954
0.44986701011657715
0.44986701011657715
0.44986701011657715
0.44986701011657715
0.44986703991889954
0.4498670995235443
0.44986701011657715
0.44986701011657715
0.4498670697212219
0.44986703991889954
0.44986703991889954
0.4498670697212219
0.44986703991889954
0.44986698031425476
0.44986698031425476
0.44986703991889954
0.4498670697212219
0.44986698031425476
0.4498669505119324
0.44986698031425476
0.44986703991889954
0.4498670697212219
0.44986701011657715
0.4498669505119324
0.44986698031425476
0.44986698031425476
0.44986703991889954
0.44986703991889954
0.44986701011657715
0.44986701011657715
0.44986698031425476
0.44986701011657715
0.44986698031425476
0.4498669505119324
0.44986701011657715
0.4498669505119324
0.44986698031425476
0.4498669505119324
0.44986692070961
0.44986698031425476
0.44986701011657715
0.44986692070961
0.44986698031425476
0.44986698031425476
0.4498669505119324
0.4498669505119324
0.4498669505119324
0.44986692070961
0.44986698031425476
0.44986703991889954
0.44986692070961
0.4498669505119324
0.44986692070961
0.44986692070961
0.44986692070961
0.4498669505119324
0.44986698031425476
0.44986692070961
0.44986703991889954
0.44986692070961
0.4498669505119324
0.4498669505119324
0.44986692070961
0.44986692070961
0.4498669505119324
0.44986692070961
0.4498668611049652
0.44986701011657715
0.4498668909072876
0.44986692070961
0.44986692070961
0.4498669505119324
0.44986692070961
0.4498668909072876
0.4498668909072876
0.44986692070961
0.44986692070961
0.44986692070961
0.4498668909072876
0.4498669505119324
0.4498668611049652
0.4498668909072876
0.4498668909072876
0.4498668909072876
0.44986692070961
0.4498668611049652
0.4498668909072876
0.44986692070961
0.4498668909072876
0.4498668611049652
0.4498668909072876
0.4498668611049652
0.4498668909072876
0.4498668909072876
0.4498668909072876
0.4498668611049652
0.44986692070961
0.4498668611049652
0.4498669505119324
0.4498668909072876
0.4498668611049652
0.4498668909072876
0.4498668611049652
0.4498668909072876
0.44986680150032043
0.4498668611049652
0.4498668909072876
0.4498668611049652
0.4498668909072876
0.4498668313026428
0.4498668909072876
0.4498668611049652
0.4498668611049652
0.4498668909072876
0.4498668611049652
0.44986680150032043
0.4498668313026428
0.44986677169799805
0.4498668313026428
0.44986680150032043
0.44986680150032043
0.44986677169799805
0.44986677169799805
0.4498668909072876
0.44986680150032043
0.4498668909072876
0.4498668611049652
0.4498668313026428
0.44986680150032043
0.4498668313026428
0.4498668313026428
0.44986680150032043
0.44986677169799805
0.44986677169799805
0.44986680150032043
0.44986680150032043
0.44986674189567566
0.44986677169799805
0.44986680150032043
0.44986680150032043
0.4498668313026428
0.44986677169799805
0.44986677169799805
0.44986674189567566
0.44986680150032043
0.44986674189567566
0.44986677169799805
0.44986677169799805
0.44986674189567566
0.44986680150032043
0.44986674189567566
0.44986677169799805
0.44986674189567566
0.44986671209335327
0.44986674189567566
0.44986677169799805
0.44986674189567566
0.44986674189567566
0.44986680150032043
0.44986674189567566
0.44986674189567566
0.44986674189567566
0.44986677169799805
0.44986674189567566
0.44986674189567566
0.44986680150032043
0.4498666822910309
0.44986674189567566
0.44986680150032043
0.44986671209335327
0.44986677169799805
0.44986674189567566
0.44986677169799805
0.44986674189567566
0.44986674189567566
0.44986677169799805
0.44986671209335327
0.44986674189567566
0.44986674189567566
0.44986671209335327
0.44986677169799805
0.44986680150032043
0.44986677169799805
0.44986674189567566
0.44986674189567566
0.44986677169799805
0.44986671209335327
0.44986671209335327
0.44986671209335327
0.44986677169799805
0.44986677169799805
0.44986671209335327
0.44986674189567566
0.44986671209335327
0.4498666822910309
0.44986671209335327
0.44986671209335327
0.44986671209335327
0.44986671209335327
0.4498668313026428
0.4498666822910309
0.44986680150032043
0.44986671209335327
0.4498666822910309
0.4498666822910309
0.44986680150032043
0.4498666822910309
0.44986671209335327
0.44986674189567566
0.4498666524887085
0.4498666822910309
0.4498666524887085
0.44986671209335327
0.44986671209335327
0.44986671209335327
0.4498666822910309
0.4498666524887085
0.4498666822910309
0.4498666822910309
0.4498666524887085
0.4498666822910309
0.44986671209335327
0.4498666226863861
0.4498666822910309
0.4498666524887085
0.4498666524887085
0.44986671209335327
0.4498666524887085
0.4498666226863861
0.4498666226863861
0.4498666524887085
0.4498665928840637
0.4498666226863861
0.4498666524887085
0.4498666524887085
0.4498666226863861
0.4498666524887085
0.4498665928840637
0.4498666524887085
0.4498666226863861
0.4498666524887085
0.4498665928840637
0.4498666524887085
0.4498666226863861
0.4498665928840637
0.4498666226863861
0.4498666226863861
0.4498665928840637
0.4498666226863861
0.4498666226863861
0.4498666524887085
0.4498665928840637
0.4498665928840637
0.4498666226863861
0.4498666524887085
0.4498666226863861
0.4498665928840637
0.4498666524887085
0.4498665928840637
0.4498666226863861
0.4498665928840637
0.4498665928840637
0.4498665928840637
0.4498666226863861
0.4498665928840637
0.44986656308174133
0.4498665928840637
0.4498665928840637
0.4498665928840637
0.4498665928840637
0.4498665928840637
0.4498665928840637
0.44986656308174133
0.4498665928840637
0.4498665928840637
0.4498665928840637
0.44986656308174133
0.4498665928840637
0.4498665928840637
0.4498665928840637
0.4498665928840637
0.44986653327941895
0.4498665928840637
0.4498665928840637
0.44986653327941895
0.44986656308174133
0.44986656308174133
0.4498665928840637
0.4498665928840637
0.4498665928840637
0.44986656308174133
0.4498665928840637
0.4498665928840637
0.44986656308174133
0.44986653327941895
0.44986653327941895
0.44986656308174133
0.4498665928840637
0.44986656308174133
0.44986650347709656
0.44986653327941895
0.44986653327941895
0.44986656308174133
0.4498665928840637
0.44986653327941895
0.4498665928840637
0.44986653327941895
0.44986653327941895
0.44986653327941895
0.4498665928840637
0.44986653327941895
0.44986656308174133
0.44986653327941895
0.44986653327941895
0.44986653327941895
0.44986656308174133
0.44986656308174133
0.44986647367477417
0.44986650347709656
0.44986650347709656
0.44986656308174133
0.44986653327941895
0.44986650347709656
0.44986653327941895
0.44986653327941895
0.44986656308174133
0.44986650347709656
0.44986647367477417
0.44986647367477417
0.44986653327941895
0.44986653327941895
0.44986653327941895
0.44986653327941895
0.44986647367477417
0.44986650347709656
0.44986647367477417
0.44986653327941895
0.4498664438724518
0.44986650347709656
0.44986647367477417
0.44986653327941895
0.44986647367477417
0.44986647367477417
0.44986650347709656
0.44986653327941895
0.4498664140701294
0.44986647367477417
0.44986647367477417
0.44986653327941895
0.4498664438724518
0.4498664438724518
0.44986650347709656
0.4498664438724518
0.44986653327941895
0.44986647367477417
0.44986647367477417
0.44986647367477417
0.4498664438724518
0.44986647367477417
0.44986647367477417
0.44986650347709656
0.44986650347709656
0.4498664140701294
0.44986650347709656
0.44986647367477417
0.449866384267807
0.4498664438724518
0.4498664438724518
0.4498664438724518
0.4498664140701294
0.4498664438724518
0.4498664140701294
0.44986647367477417
0.44986650347709656
0.44986647367477417
0.44986647367477417
0.4498664438724518
0.4498664438724518
0.4498664438724518
0.4498664438724518
0.4498664140701294
0.4498664140701294
0.4498664140701294
0.449866384267807
0.4498664140701294
0.4498664140701294
0.449866384267807
0.4498664140701294
0.4498664140701294
0.4498664140701294
0.44986647367477417
0.4498664140701294
0.449866384267807
0.4498664140701294
0.4498664140701294
0.4498664140701294
0.4498664140701294
0.4498664140701294
0.449866384267807
0.4498664438724518
0.4498664140701294
0.4498663544654846
0.4498663544654846
0.4498664140701294
0.4498664140701294
0.449866384267807
0.449866384267807
0.4498664438724518
0.4498664140701294
0.4498664140701294
0.44986629486083984
0.4498663544654846
0.4498663544654846
0.44986629486083984
0.4498663544654846
0.44986632466316223
0.4498663544654846
0.44986632466316223
0.44986629486083984
0.4498663544654846
0.4498663544654846
0.44986629486083984
0.44986629486083984
0.449866384267807
0.449866384267807
0.44986632466316223
0.4498663544654846
0.4498663544654846
0.44986626505851746
0.449866384267807
0.44986632466316223
0.44986632466316223
0.449866384267807
0.44986632466316223
0.44986632466316223
0.4498663544654846
0.44986629486083984
0.4498663544654846
0.44986629486083984
0.44986632466316223
0.4498663544654846
0.44986632466316223
0.44986632466316223
0.44986629486083984
0.44986629486083984
0.44986632466316223
0.44986629486083984
0.44986626505851746
0.449866384267807
0.44986632466316223
0.44986623525619507
0.4498663544654846
0.4498663544654846
0.44986629486083984
0.44986623525619507
0.44986632466316223
0.4498663544654846
0.44986629486083984
0.44986623525619507
0.44986629486083984
0.44986629486083984
0.44986623525619507
0.44986626505851746
0.44986629486083984
0.44986623525619507
0.44986623525619507
0.44986626505851746
0.44986629486083984
0.44986629486083984
0.44986623525619507
0.44986626505851746
0.44986629486083984
0.44986623525619507
0.4498662054538727
0.44986629486083984
0.44986629486083984
0.4498663544654846
0.44986623525619507
0.44986623525619507
0.44986629486083984
0.4498662054538727
0.44986626505851746
0.44986623525619507
0.44986626505851746
0.44986623525619507
0.44986623525619507
0.44986629486083984
0.44986623525619507
0.44986623525619507
0.4498662054538727
0.44986626505851746
0.44986623525619507
0.4498661756515503
0.4498662054538727
0.44986623525619507
0.4498662054538727
0.4498661756515503
0.4498662054538727
0.44986623525619507
0.44986623525619507
0.4498661756515503
0.44986623525619507
0.4498662054538727
0.4498662054538727
0.4498662054538727
0.4498661756515503
0.4498662054538727
0.44986626505851746
0.4498662054538727
0.4498662054538727
0.4498661756515503
0.4498662054538727
0.4498662054538727
0.4498662054538727
0.4498661756515503
0.4498661756515503
0.4498661756515503
0.4498662054538727
0.4498661756515503
0.4498661458492279
0.4498661756515503
0.44986626505851746
0.4498661160469055
0.4498661458492279
0.4498661756515503
0.4498661756515503
0.4498661756515503
0.4498661458492279
0.4498661160469055
0.4498661756515503
0.4498661756515503
0.4498661160469055
0.4498661160469055
0.4498662054538727
0.4498661756515503
0.4498661458492279
0.4498661458492279
0.4498661756515503
0.4498661160469055
0.4498661458492279
0.4498661458492279
0.4498661756515503
0.4498661160469055
0.4498661458492279
0.4498661458492279
0.44986608624458313
0.4498661160469055
0.4498661458492279
0.44986608624458313
0.4498661756515503
0.4498661160469055
0.4498661160469055
0.4498661458492279
0.4498661160469055
0.44986608624458313
0.44986608624458313
0.44986608624458313
0.44986608624458313
0.4498661160469055
0.44986608624458313
0.4498661458492279
0.44986605644226074
0.4498661160469055
0.44986608624458313
0.44986608624458313
0.4498661160469055
0.4498661160469055
0.44986608624458313
0.4498661160469055
0.4498661160469055
0.44986605644226074
0.4498661160469055
0.44986608624458313
0.44986608624458313
0.44986608624458313
0.44986605644226074
0.44986608624458313
0.44986608624458313
0.44986608624458313
0.44986605644226074
0.44986608624458313
0.44986608624458313
0.44986608624458313
0.44986608624458313
0.44986605644226074
0.44986605644226074
0.44986608624458313
0.4498661160469055
0.44986608624458313
0.44986608624458313
0.44986602663993835
0.44986608624458313
0.44986605644226074
0.44986602663993835
0.44986608624458313
0.44986605644226074
0.44986608624458313
0.44986599683761597
0.44986608624458313
0.4498661160469055
0.44986605644226074
0.44986605644226074
0.44986608624458313
0.44986605644226074
0.44986605644226074
0.44986608624458313
0.44986605644226074
0.44986599683761597
0.44986605644226074
0.4498659670352936
0.44986599683761597
0.44986602663993835
0.44986602663993835
0.44986605644226074
0.44986602663993835
0.44986602663993835
0.44986599683761597
0.44986599683761597
0.44986602663993835
0.44986608624458313
0.44986599683761597
0.44986605644226074
0.44986602663993835
0.44986602663993835
0.44986599683761597
0.4498659372329712
0.44986602663993835
0.44986599683761597
0.44986602663993835
0.44986605644226074
0.44986605644226074
0.4498659670352936
0.4498659372329712
0.44986599683761597
0.44986599683761597
0.44986599683761597
0.44986605644226074
0.4498659670352936
0.4498659670352936
0.44986602663993835
0.44986599683761597
0.4498659372329712
0.4498659670352936
0.44986602663993835
0.4498659670352936
0.44986599683761597
0.4498659670352936
0.4498659670352936
0.4498659670352936
0.4498659670352936
0.44986599683761597
0.4498659670352936
0.44986599683761597
0.4498659372329712
0.4498659670352936
0.4498659074306488
0.4498659670352936
0.4498659372329712
0.4498659372329712
0.4498659372329712
0.44986605644226074
0.4498659670352936
0.4498659372329712
0.4498659670352936
0.4498659372329712
0.4498659372329712
0.4498659372329712
0.4498659670352936
0.4498659372329712
0.4498659670352936
0.4498659372329712
0.4498659074306488
0.44986599683761597
0.4498659074306488
0.44986599683761597
0.4498659074306488
0.44986599683761597
0.4498659372329712
0.4498659670352936
0.4498659372329712
0.4498659074306488
0.4498659372329712
0.4498659074306488
0.4498659074306488
0.4498659074306488
0.4498659372329712
0.44986584782600403
0.4498658776283264
0.44986581802368164
0.44986599683761597
0.44986584782600403
0.4498659372329712
0.4498658776283264
0.4498659372329712
0.4498659074306488
0.4498659074306488
0.4498658776283264
0.4498658776283264
0.4498659074306488
0.44986581802368164
0.4498658776283264
0.4498658776283264
0.4498658776283264
0.4498658776283264
0.44986584782600403
0.44986584782600403
0.4498659074306488
0.44986584782600403
0.4498658776283264
0.4498658776283264
0.4498659372329712
0.4498659074306488
0.44986581802368164
0.44986584782600403
0.44986581802368164
0.4498658776283264
0.44986584782600403
0.44986584782600403
0.4498659074306488
0.44986584782600403
0.44986584782600403
0.4498658776283264
0.44986575841903687
0.4498658776283264
0.44986581802368164
0.44986581802368164
0.4498658776283264
0.4498658776283264
0.44986584782600403
0.44986581802368164
0.4498659074306488
0.44986584782600403
0.44986581802368164
0.44986581802368164
0.44986581802368164
0.44986584782600403
0.44986578822135925
0.44986584782600403
0.44986578822135925
0.44986578822135925
0.44986584782600403
0.44986584782600403
0.44986575841903687
0.44986581802368164
0.44986581802368164
0.4498657286167145
0.44986581802368164
0.44986575841903687
0.44986578822135925
0.44986578822135925
0.44986575841903687
0.44986578822135925
0.44986581802368164
0.4498657286167145
0.44986584782600403
0.44986578822135925
0.44986578822135925
0.44986578822135925
0.44986578822135925
0.44986581802368164
0.44986578822135925
0.44986578822135925
0.44986581802368164
0.44986578822135925
0.44986575841903687
0.44986578822135925
0.44986575841903687
0.44986575841903687
0.44986581802368164
0.44986575841903687
0.4498657286167145
0.4498657286167145
0.44986575841903687
0.44986584782600403
0.4498656988143921
0.44986578822135925
0.4498657286167145
0.44986575841903687
0.44986575841903687
0.44986578822135925
0.4498657286167145
0.4498657286167145
0.44986578822135925
0.4498657286167145
0.4498656988143921
0.4498657286167145
0.4498656988143921
0.44986575841903687
0.4498657286167145
0.44986575841903687
0.44986575841903687
0.4498657286167145
0.4498656988143921
0.44986575841903687
0.44986578822135925
0.4498657286167145
0.4498656988143921
0.4498657286167145
0.4498657286167145
0.4498657286167145
0.4498656988143921
0.44986575841903687
0.4498657286167145
0.4498656988143921
0.4498656690120697
0.44986575841903687
0.4498656988143921
0.4498656988143921
0.4498656988143921
0.4498656690120697
0.4498656690120697
0.4498656988143921
0.4498656392097473
0.4498657286167145
0.4498656988143921
0.4498656988143921
0.4498656988143921
0.4498656392097473
0.4498656690120697
0.4498656988143921
0.4498657286167145
0.4498656988143921
0.4498656392097473
0.4498656392097473
0.4498656392097473
0.4498656988143921
0.4498656988143921
0.4498656392097473
0.4498656690120697
0.4498656392097473
0.4498656690120697
0.4498656392097473
0.44986557960510254
0.4498656094074249
0.4498656392097473
0.4498656392097473
0.4498656392097473
0.4498656988143921
0.4498656690120697
0.4498656094074249
0.4498656392097473
0.4498656094074249
0.4498656392097473
0.4498656690120697
0.4498656094074249
0.4498656094074249
0.4498656392097473
0.4498656392097473
0.44986557960510254
0.4498656094074249
0.4498656392097473
0.4498656094074249
0.4498656690120697
0.44986557960510254
0.4498656690120697
0.4498656094074249
0.4498656094074249
0.4498656094074249
0.44986557960510254
0.4498656094074249
0.4498656094074249
0.4498656392097473
0.4498656392097473
0.4498656392097473
0.4498656094074249
0.4498656094074249
0.4498656094074249
0.4498656094074249
0.44986554980278015
0.4498656094074249
0.44986557960510254
0.44986557960510254
0.44986557960510254
0.4498656392097473
0.44986557960510254
0.44986552000045776
0.4498656094074249
0.4498656094074249
0.44986557960510254
0.44986557960510254
0.44986557960510254
0.44986557960510254
0.44986557960510254
0.44986554980278015
0.44986557960510254
0.44986557960510254
0.44986557960510254
0.44986557960510254
0.44986557960510254
0.4498656094074249
0.44986557960510254
0.44986554980278015
0.44986557960510254
0.44986554980278015
0.44986557960510254
0.4498656094074249
0.44986552000045776
0.44986557960510254
0.4498656094074249
0.44986557960510254
0.44986554980278015
0.44986552000045776
0.44986557960510254
0.44986557960510254
0.44986552000045776
0.44986552000045776
0.44986557960510254
0.44986554980278015
0.44986557960510254
0.44986557960510254
0.44986557960510254
0.44986554980278015
0.44986557960510254
0.44986552000045776
0.44986552000045776
0.44986552000045776
0.44986552000045776
0.44986557960510254
0.44986552000045776
0.44986554980278015
0.44986552000045776
0.44986554980278015
0.44986554980278015
0.449865460395813
0.44986554980278015
0.44986552000045776
0.4498654901981354
0.4498654901981354
0.44986554980278015
0.44986552000045776
0.4498654901981354
0.4498654901981354
0.44986552000045776
0.44986554980278015
0.4498654901981354
0.44986552000045776
0.4498654901981354
0.44986552000045776
0.4498654901981354
0.44986552000045776
0.4498654901981354
0.4498654305934906
0.44986554980278015
0.449865460395813
0.4498654901981354
0.44986552000045776
0.4498654901981354
0.449865460395813
0.4498654901981354
0.4498654305934906
0.4498654901981354
0.449865460395813
0.4498654901981354
0.449865460395813
0.4498654901981354
0.4498654305934906
0.4498654305934906
0.4498654007911682
0.449865460395813
0.449865460395813
0.449865460395813
0.449865460395813
0.44986552000045776
0.449865460395813
0.449865460395813
0.4498653709888458
0.449865460395813
0.4498654305934906
0.4498654901981354
0.4498654305934906
0.449865460395813
0.4498654305934906
0.4498654305934906
0.449865460395813
0.449865460395813
0.4498654305934906
0.449865460395813
0.449865460395813
0.4498654007911682
0.4498654305934906
0.4498654305934906
0.449865460395813
0.4498654305934906
0.4498654007911682
0.4498653709888458
0.4498653709888458
0.4498653709888458
0.4498654305934906
0.449865460395813
0.4498654305934906
0.4498654007911682
0.449865460395813
0.4498654305934906
0.449865460395813
0.4498654007911682
0.4498654007911682
0.44986534118652344
0.4498654007911682
0.4498654007911682
0.4498654007911682
0.4498654007911682
0.4498653709888458
0.4498653709888458
0.4498654305934906
0.4498654007911682
0.4498654305934906
0.4498653709888458
0.4498654007911682
0.4498653709888458
0.4498654305934906
0.44986534118652344
0.4498654007911682
0.4498654305934906
0.4498653709888458
0.4498654007911682
0.4498654007911682
0.44986531138420105
0.44986534118652344
0.4498653709888458
0.44986534118652344
0.44986534118652344
0.4498653709888458
0.44986534118652344
0.44986534118652344
0.44986531138420105
0.44986534118652344
0.44986531138420105
0.4498653709888458
0.44986534118652344
0.4498653709888458
0.4498654007911682
0.4498654007911682
0.44986534118652344
0.44986534118652344
0.44986534118652344
0.4498654007911682
0.4498653709888458
0.44986531138420105
0.44986528158187866
0.44986531138420105
0.4498653709888458
0.44986534118652344
0.44986534118652344
0.44986531138420105
0.4498654007911682
0.44986531138420105
0.44986531138420105
0.44986531138420105
0.44986531138420105
0.4498652517795563
0.44986531138420105
0.44986531138420105
0.44986534118652344
0.44986531138420105
0.44986531138420105
0.44986534118652344
0.44986534118652344
0.44986528158187866
0.44986531138420105
0.44986534118652344
0.4498652517795563
0.4498652517795563
0.44986528158187866
0.4498652517795563
0.4498652517795563
0.4498652517795563
0.44986534118652344
0.44986528158187866
0.44986531138420105
0.4498652517795563
0.44986528158187866
0.44986528158187866
0.44986528158187866
0.4498652517795563
0.44986531138420105
0.4498652517795563
0.44986531138420105
0.44986531138420105
0.4498652517795563
0.44986528158187866
0.44986528158187866
0.4498652219772339
0.4498652219772339
0.4498652219772339
0.4498652219772339
0.44986531138420105
0.4498651921749115
0.44986528158187866
0.4498652517795563
0.4498651921749115
0.4498652517795563
0.44986531138420105
0.4498652219772339
0.4498652517795563
0.44986528158187866
0.4498652517795563
0.4498652219772339
0.4498652219772339
0.4498652517795563
0.4498652517795563
0.4498652517795563
0.4498652219772339
0.4498652219772339
0.4498652219772339
0.4498652219772339
0.4498652219772339
0.4498652219772339
0.4498652219772339
0.4498652517795563
0.4498651921749115
0.4498651623725891
0.4498652219772339
0.4498652517795563
0.4498651921749115
0.4498652219772339
0.4498651921749115
0.4498651921749115
0.4498652219772339
0.4498651921749115
0.4498652219772339
0.44986528158187866
0.4498651921749115
0.4498652219772339
0.4498651623725891
0.4498652219772339
0.4498651623725891
0.4498652219772339
0.4498651623725891
0.4498651623725891
0.4498652219772339
0.4498652219772339
0.4498651623725891
0.4498651921749115
0.4498651325702667
0.4498651623725891
0.4498652219772339
0.4498652219772339
0.44986510276794434
0.4498651325702667
0.4498651623725891
0.44986510276794434
0.4498651325702667
0.4498651325702667
0.4498651325702667
0.4498651921749115
0.44986510276794434
0.4498651623725891
0.4498651623725891
0.4498651325702667
0.44986510276794434
0.4498651325702667
0.4498651623725891
0.4498651623725891
0.4498651325702667
0.44986510276794434
0.4498651325702667
0.44986510276794434
0.44986507296562195
0.4498651325702667
0.4498651325702667
0.44986510276794434
0.44986510276794434
0.44986510276794434
0.4498651325702667
0.44986510276794434
0.44986510276794434
0.4498651325702667
0.44986510276794434
0.44986510276794434
0.44986510276794434
0.44986510276794434
0.4498651325702667
0.4498651325702667
0.44986510276794434
0.44986510276794434
0.44986510276794434
0.44986504316329956
0.44986510276794434
0.44986507296562195
0.44986507296562195
0.44986507296562195
0.44986510276794434
0.44986507296562195
0.44986507296562195
0.4498651325702667
0.44986504316329956
0.44986504316329956
0.44986510276794434
0.44986507296562195
0.44986507296562195
0.44986510276794434
0.44986504316329956
0.44986507296562195
0.44986507296562195
0.44986504316329956
0.44986510276794434
0.44986510276794434
0.44986504316329956
0.44986504316329956
0.44986504316329956
0.44986507296562195
0.44986504316329956
0.44986507296562195
0.44986504316329956
0.44986507296562195
0.44986504316329956
0.44986504316329956
0.44986504316329956
0.44986504316329956
0.44986504316329956
0.44986504316329956
0.44986504316329956
0.44986507296562195
0.44986504316329956
0.44986507296562195
0.44986507296562195
0.44986504316329956
0.44986504316329956
0.44986504316329956
0.44986504316329956
0.44986504316329956
0.4498650133609772
0.4498650133609772
0.44986504316329956
0.44986507296562195
0.44986504316329956
0.44986504316329956
0.44986504316329956
0.44986504316329956
0.44986507296562195
0.44986504316329956
0.44986504316329956
0.4498650133609772
0.4498649835586548
0.44986504316329956
0.44986504316329956
0.4498650133609772
0.4498650133609772
0.44986504316329956
0.4498650133609772
0.4498650133609772
0.4498649835586548
0.44986504316329956
0.44986507296562195
0.4498650133609772
0.4498650133609772
0.4498650133609772
0.4498650133609772
0.4498649835586548
0.4498649835586548
0.4498650133609772
0.4498650133609772
0.4498649835586548
0.4498649835586548
0.4498649835586548
0.44986504316329956
0.4498650133609772
0.4498650133609772
0.4498649537563324
0.44986492395401
0.4498650133609772
0.44986504316329956
0.4498650133609772
0.4498650133609772
0.4498650133609772
0.4498650133609772
0.4498649835586548
0.4498649537563324
0.4498649537563324
0.4498650133609772
0.4498650133609772
0.4498650133609772
0.44986492395401
0.4498650133609772
0.4498650133609772
0.4498649835586548
0.4498649835586548
0.44986492395401
0.4498649537563324
0.4498649835586548
0.4498649835586548
0.4498649537563324
0.4498649537563324
0.44986492395401
0.4498648941516876
0.4498650133609772
0.4498649537563324
0.4498649537563324
0.4498648941516876
0.4498648941516876
0.4498648941516876
0.4498649537563324
0.44986492395401
0.4498649835586548
0.4498649537563324
0.4498649537563324
0.44986492395401
0.44986492395401
0.44986492395401
0.4498649537563324
0.4498648941516876
0.4498648941516876
0.4498649537563324
0.4498649537563324
0.4498648941516876
0.4498649537563324
0.4498649537563324
0.4498648941516876
0.4498649537563324
0.4498648941516876
0.44986492395401
0.44986486434936523
0.44986492395401
0.4498649537563324
0.44986492395401
0.44986483454704285
0.44986483454704285
0.4498648941516876
0.4498649537563324
0.4498649537563324
0.44986492395401
0.44986483454704285
0.4498648941516876
0.4498648941516876
0.4498648941516876
0.44986486434936523
0.44986486434936523
0.44986486434936523
0.4498648941516876
0.4498648941516876
0.44986486434936523
0.4498648941516876
0.4498649537563324
0.4498648941516876
0.44986486434936523
0.4498648941516876
0.44986492395401
0.4498648941516876
0.44986483454704285
0.44986480474472046
0.4498648941516876
0.44986486434936523
0.44986486434936523
0.44986483454704285
0.44986483454704285
0.4498648941516876
0.44986483454704285
0.44986486434936523
0.44986480474472046
0.44986486434936523
0.44986486434936523
0.44986486434936523
0.44986483454704285
0.44986483454704285
0.44986483454704285
0.44986492395401
0.44986483454704285
0.44986480474472046
0.4498649537563324
0.44986486434936523
0.44986480474472046
0.44986486434936523
0.44986483454704285
0.44986480474472046
0.44986483454704285
0.44986477494239807
0.44986480474472046
0.44986483454704285
0.4498648941516876
0.44986480474472046
0.44986483454704285
0.44986483454704285
0.44986477494239807
0.44986480474472046
0.44986480474472046
0.44986483454704285
0.44986480474472046
0.44986483454704285
0.44986477494239807
0.44986483454704285
0.44986486434936523
0.44986480474472046
0.4498647451400757
0.44986477494239807
0.44986477494239807
0.44986483454704285
0.44986480474472046
0.44986483454704285
0.44986477494239807
0.44986477494239807
0.44986477494239807
0.4498647451400757
0.4498647451400757
0.44986480474472046
0.44986480474472046
0.4498647451400757
0.44986477494239807
0.44986480474472046
0.44986477494239807
0.44986477494239807
0.4498647153377533
0.44986480474472046
0.44986483454704285
0.44986477494239807
0.4498647451400757
0.4498647153377533
0.4498647451400757
0.44986477494239807
0.4498647451400757
0.4498647451400757
0.44986483454704285
0.4498647153377533
0.4498647153377533
0.44986477494239807
0.4498647153377533
0.4498646855354309
0.4498646855354309
0.44986480474472046
0.4498647451400757
0.4498647153377533
0.44986477494239807
0.4498647451400757
0.4498646855354309
0.4498647451400757
0.44986477494239807
0.4498647153377533
0.44986477494239807
0.4498647153377533
0.4498647153377533
0.4498647451400757
0.4498646855354309
0.4498647153377533
0.4498646855354309
0.4498647153377533
0.4498647153377533
0.4498647153377533
0.4498646557331085
0.4498647451400757
0.4498646855354309
0.4498647153377533
0.4498646557331085
0.4498647153377533
0.4498647153377533
0.44986477494239807
0.4498646855354309
0.4498646855354309
0.4498646855354309
0.4498646855354309
0.4498646855354309
0.4498646855354309
0.4498647153377533
0.4498646557331085
0.4498646855354309
0.4498646855354309
0.4498647153377533
0.4498646557331085
0.4498646855354309
0.4498647153377533
0.4498646557331085
0.4498647153377533
0.4498647451400757
0.4498646855354309
0.4498646855354309
0.4498646855354309
0.4498646855354309
0.4498646855354309
0.4498646557331085
0.4498646855354309
0.4498646557331085
0.44986462593078613
0.44986462593078613
0.4498646557331085
0.4498646855354309
0.4498646557331085
0.4498646557331085
0.4498646557331085
0.44986462593078613
0.44986459612846375
0.4498646557331085
0.44986462593078613
0.4498646855354309
0.4498646557331085
0.44986462593078613
0.44986462593078613
0.4498646557331085
0.44986462593078613
0.44986459612846375
0.44986459612846375
0.44986462593078613
0.44986459612846375
0.44986462593078613
0.44986462593078613
0.44986456632614136
0.44986459612846375
0.44986462593078613
0.44986459612846375
0.44986459612846375
0.44986459612846375
0.4498646855354309
0.44986456632614136
0.44986462593078613
0.44986459612846375
0.44986459612846375
0.44986459612846375
0.44986456632614136
0.44986453652381897
0.44986462593078613
0.44986459612846375
0.44986456632614136
0.44986459612846375
0.44986459612846375
0.44986462593078613
0.44986459612846375
0.44986459612846375
0.44986456632614136
0.44986453652381897
0.44986462593078613
0.44986456632614136
0.44986456632614136
0.44986456632614136
0.44986456632614136
0.44986459612846375
0.44986459612846375
0.44986456632614136
0.44986462593078613
0.44986456632614136
0.44986459612846375
0.44986456632614136
0.44986456632614136
0.44986459612846375
0.44986459612846375
0.44986456632614136
0.44986456632614136
0.44986453652381897
0.44986453652381897
0.44986453652381897
0.44986453652381897
0.44986459612846375
0.44986456632614136
0.44986453652381897
0.44986453652381897
0.44986453652381897
0.4498645067214966
0.44986453652381897
0.44986456632614136
0.44986453652381897
0.44986459612846375
0.44986453652381897
0.44986453652381897
0.44986459612846375
0.44986456632614136
0.44986453652381897
0.4498645067214966
0.44986453652381897
0.44986456632614136
0.44986453652381897
0.44986453652381897
0.44986456632614136
0.44986453652381897
0.4498644471168518
0.4498645067214966
0.4498645067214966
0.4498644769191742
0.4498644769191742
0.4498645067214966
0.4498644769191742
0.4498645067214966
0.4498645067214966
0.44986453652381897
0.4498644769191742
0.44986453652381897
0.4498645067214966
0.4498644769191742
0.4498645067214966
0.44986453652381897
0.4498644769191742
0.4498645067214966
0.4498644769191742
0.4498644769191742
0.4498645067214966
0.4498645067214966
0.4498645067214966
0.4498644769191742
0.4498644769191742
0.44986453652381897
0.44986453652381897
0.4498645067214966
0.4498645067214966
0.4498644471168518
0.4498644769191742
0.4498644471168518
0.44986453652381897
0.44986453652381897
0.4498645067214966
0.4498644471168518
0.4498644769191742
0.4498644769191742
0.4498644769191742
0.4498644769191742
0.4498644471168518
0.4498644769191742
0.4498644471168518
0.4498644769191742
0.4498645067214966
0.4498644173145294
0.4498644471168518
0.4498644173145294
0.4498644769191742
0.4498644471168518
0.4498644769191742
0.4498644471168518
0.44986438751220703
0.4498644471168518
0.4498644471168518
0.4498644769191742
0.4498644471168518
0.4498644769191742
0.4498644173145294
0.4498644471168518
0.4498644471168518
0.4498644471168518
0.4498644471168518
0.4498644173145294
0.44986438751220703
0.4498644769191742
0.4498644471168518
0.4498644173145294
0.4498644769191742
0.4498644471168518
0.4498644173145294
0.4498644173145294
0.4498644471168518
0.4498644471168518
0.4498644173145294
0.4498644173145294
0.44986435770988464
0.4498644173145294
0.44986435770988464
0.4498644471168518
0.44986432790756226
0.44986438751220703
0.4498644173145294
0.4498644173145294
0.44986438751220703
0.44986432790756226
0.4498644173145294
0.44986435770988464
0.4498644173145294
0.44986438751220703
0.44986438751220703
0.44986438751220703
0.44986438751220703
0.44986438751220703
0.44986438751220703
0.4498644173145294
0.44986438751220703
0.44986435770988464
0.44986435770988464
0.44986435770988464
0.44986438751220703
0.44986438751220703
0.44986432790756226
0.44986435770988464
0.44986429810523987
0.44986438751220703
0.44986435770988464
0.44986438751220703
0.4498644173145294
0.4498644173145294
0.44986438751220703
0.44986438751220703
0.44986429810523987
0.44986435770988464
0.44986432790756226
0.44986432790756226
0.44986435770988464
0.4498642683029175
0.44986435770988464
0.44986432790756226
0.44986435770988464
0.44986429810523987
0.44986432790756226
0.44986432790756226
0.44986432790756226
0.44986432790756226
0.44986432790756226
0.44986429810523987
0.44986432790756226
0.44986432790756226
0.44986432790756226
0.4498642683029175
0.44986429810523987
0.44986435770988464
0.4498642683029175
0.44986429810523987
0.44986432790756226
0.4498642385005951
0.44986429810523987
0.44986432790756226
0.44986432790756226
0.44986429810523987
0.44986429810523987
0.44986438751220703
0.44986429810523987
0.44986429810523987
0.4498642683029175
0.44986429810523987
0.4498642683029175
0.4498642683029175
0.4498642683029175
0.44986429810523987
0.44986429810523987
0.44986432790756226
0.4498642683029175
0.4498642385005951
0.44986432790756226
0.44986429810523987
0.4498642385005951
0.4498642385005951
0.4498642683029175
0.4498642683029175
0.44986435770988464
0.4498642683029175
0.44986429810523987
0.4498642683029175
0.4498642086982727
0.4498642086982727
0.4498642385005951
0.4498642385005951
0.4498642086982727
0.4498642385005951
0.4498642385005951
0.4498642683029175
0.4498642683029175
0.4498641788959503
0.4498642683029175
0.4498642385005951
0.4498642683029175
0.44986429810523987
0.4498642086982727
0.4498642086982727
0.4498642385005951
0.4498642086982727
0.4498642385005951
0.4498642385005951
0.4498642385005951
0.4498641788959503
0.4498642086982727
0.4498641788959503
0.4498642683029175
0.4498642086982727
0.44986429810523987
0.4498642086982727
0.4498641788959503
0.4498642086982727
0.4498642683029175
0.4498641788959503
0.4498642385005951
0.4498642385005951
0.4498642086982727
0.4498642385005951
0.4498642683029175
0.4498642086982727
0.44986414909362793
0.4498642683029175
0.4498641788959503
0.4498642086982727
0.4498642086982727
0.4498642086982727
0.4498642385005951
0.4498641788959503
0.4498642086982727
0.4498641788959503
0.4498642086982727
0.44986414909362793
0.44986414909362793
0.4498642086982727
0.4498642086982727
0.4498642086982727
0.4498641788959503
0.44986414909362793
0.44986414909362793
0.44986414909362793
0.44986414909362793
0.4498642086982727
0.4498642086982727
0.44986414909362793
0.44986414909362793
0.44986408948898315
0.44986414909362793
0.44986408948898315
0.44986411929130554
0.44986411929130554
0.4498642086982727
0.4498641788959503
0.44986411929130554
0.44986414909362793
0.4498641788959503
0.44986411929130554
0.44986411929130554
0.4498641788959503
0.4498641788959503
0.4498641788959503
0.44986408948898315
0.44986414909362793
0.44986405968666077
0.44986408948898315
0.44986411929130554
0.44986414909362793
0.4498641788959503
0.44986408948898315
0.44986405968666077
0.44986411929130554
0.44986411929130554
0.44986408948898315
0.4498641788959503
0.44986408948898315
0.44986411929130554
0.44986408948898315
0.44986414909362793
0.44986408948898315
0.44986408948898315
0.44986408948898315
0.44986411929130554
0.44986405968666077
0.44986411929130554
0.44986414909362793
0.44986405968666077
0.44986408948898315
0.44986411929130554
0.4498640298843384
0.44986408948898315
0.44986408948898315
0.44986408948898315
0.44986408948898315
0.44986408948898315
0.44986411929130554
0.44986408948898315
0.44986408948898315
0.44986408948898315
0.44986405968666077
0.44986408948898315
0.44986405968666077
0.44986405968666077
0.44986405968666077
0.4498640298843384
0.44986408948898315
0.44986405968666077
0.4498640298843384
0.4498640298843384
0.44986405968666077
0.44986405968666077
0.4498640298843384
0.44986405968666077
0.44986405968666077
0.44986405968666077
0.4498640298843384
0.4498640298843384
0.44986408948898315
0.44986405968666077
0.44986405968666077
0.4498640298843384
0.4498640298843384
0.4498640298843384
0.44986405968666077
0.4498640298843384
0.4498640298843384
0.4498640298843384
0.4498640298843384
0.4498640298843384
0.4498640298843384
0.4498640298843384
0.449864000082016
0.4498640298843384
0.44986405968666077
0.4498640298843384
0.4498640298843384
0.449864000082016
0.4498640298843384
0.4498640298843384
0.449864000082016
0.4498640298843384
0.449864000082016
0.449864000082016
0.449864000082016
0.4498640298843384
0.44986405968666077
0.449864000082016
0.4498640298843384
0.449864000082016
0.449864000082016
0.4498639404773712
0.4498640298843384
0.4498640298843384
0.4498640298843384
0.4498640298843384
0.4498639702796936
0.449864000082016
0.449864000082016
0.4498640298843384
0.449864000082016
0.4498639702796936
0.4498640298843384
0.449864000082016
0.4498640298843384
0.449864000082016
0.449864000082016
0.4498640298843384
0.4498639702796936
0.4498639702796936
0.4498639404773712
0.449864000082016
0.4498639702796936
0.449864000082016
0.4498639702796936
0.449864000082016
0.449864000082016
0.449864000082016
0.4498639404773712
0.4498639404773712
0.4498639702796936
0.449864000082016
0.44986391067504883
0.4498639404773712
0.4498639404773712
0.4498639702796936
0.4498639404773712
0.4498639404773712
0.4498639404773712
0.449864000082016
0.4498639404773712
0.4498639702796936
0.4498639404773712
0.44986391067504883
0.44986391067504883
0.44986391067504883
0.44986391067504883
0.4498639702796936
0.4498639404773712
0.4498639404773712
0.4498639404773712
0.4498639404773712
0.44986388087272644
0.4498639404773712
0.4498639702796936
0.4498640298843384
0.44986391067504883
0.44986385107040405
0.44986385107040405
0.449864000082016
0.44986388087272644
0.44986388087272644
0.4498639404773712
0.44986385107040405
0.4498639404773712
0.44986391067504883
0.4498639404773712
0.4498639404773712
0.44986388087272644
0.44986391067504883
0.44986388087272644
0.44986391067504883
0.44986391067504883
0.44986385107040405
0.44986388087272644
0.44986391067504883
0.44986391067504883
0.44986388087272644
0.44986388087272644
0.44986391067504883
0.44986391067504883
0.44986385107040405
0.44986388087272644
0.44986391067504883
0.44986388087272644
0.44986391067504883
0.44986385107040405
0.44986391067504883
0.44986382126808167
0.44986388087272644
0.44986385107040405
0.44986388087272644
0.44986385107040405
0.44986388087272644
0.44986385107040405
0.44986382126808167
0.44986385107040405
0.44986385107040405
0.44986388087272644
0.44986388087272644
0.44986391067504883
0.44986382126808167
0.44986385107040405
0.44986388087272644
0.44986388087272644
0.44986382126808167
0.44986385107040405
0.44986388087272644
0.44986382126808167
0.44986385107040405
0.44986385107040405
0.44986382126808167
0.44986382126808167
0.44986382126808167
0.44986385107040405
0.44986385107040405
0.44986382126808167
0.44986388087272644
0.4498637914657593
0.44986382126808167
0.4498637914657593
0.44986385107040405
0.44986385107040405
0.44986382126808167
0.4498637616634369
0.4498637914657593
0.4498637914657593
0.44986382126808167
0.4498637318611145
0.44986385107040405
0.4498637914657593
0.4498637914657593
0.4498637914657593
0.4498637616634369
0.4498637914657593
0.44986382126808167
0.44986382126808167
0.4498637616634369
0.4498637914657593
0.4498637616634369
0.4498637616634369
0.4498637616634369
