0.9094085693359375
0.8425825238227844
0.7990472912788391
0.7683557868003845
0.7464399933815002
0.7284805774688721
0.7147608995437622
0.7023568749427795
0.6911207437515259
0.6807582974433899
0.669701874256134
0.6594772338867188
0.6487790942192078
0.6385325789451599
0.6281196475028992
0.615718424320221
0.6024270057678223
0.5873491764068604
0.5719491243362427
0.5561931729316711
0.5428709983825684
0.5318453311920166
0.5242670178413391
0.5179296731948853
0.5126676559448242
0.5083304643630981
0.5040649175643921
0.5007741451263428
0.4973628520965576
0.49483522772789
0.49255692958831787
0.49110081791877747
0.4887576401233673
0.48765888810157776
0.4864689111709595
0.4854958951473236
0.4843623638153076
0.4834829866886139
0.4823915660381317
0.4816606044769287
0.4810994565486908
0.48037755489349365
0.480310320854187
0.4797589182853699
0.47965550422668457
0.47936972975730896
0.4786932170391083
0.47841233015060425
0.47798287868499756
0.47778043150901794
0.47735539078712463
0.4771990478038788
0.4768863916397095
0.4769364893436432
0.47589337825775146
0.4758971333503723
0.47540244460105896
0.475363165140152
0.4750640094280243
0.47498854994773865
0.47451379895210266
0.47443848848342896
0.47462227940559387
0.4740840792655945
0.47397392988204956
0.47382083535194397
0.47380176186561584
0.4744223356246948
0.4730723798274994
0.4729270935058594
0.47278812527656555
0.47288432717323303
0.4722081422805786
0.47183099389076233
0.4717762768268585
0.471859335899353
0.4710974097251892
0.4706963002681732
0.4704326093196869
0.4701538383960724
0.470085471868515
0.46963071823120117
0.469672828912735
0.4693583548069
0.4690777659416199
0.4691542983055115
0.46904367208480835
0.4692855477333069
0.4685017466545105
0.4685836136341095
0.46833428740501404
0.4680097699165344
0.46791794896125793
0.46861305832862854
0.46773484349250793
0.467708945274353
0.4677564203739166
0.46719592809677124
0.4671432375907898
0.46722540259361267
0.46752920746803284
0.4667503833770752
0.46680596470832825
0.46712222695350647
0.4666406214237213
0.4668034613132477
0.4662981927394867
0.46618038415908813
0.46623679995536804
0.4660108685493469
0.4659588932991028
0.46635475754737854
0.46566489338874817
0.4655209481716156
0.46647021174430847
0.4652459919452667
0.46531200408935547
0.4651113748550415
0.4650519788265228
0.4664457440376282
0.46477508544921875
0.464705228805542
0.4644988179206848
0.4645538330078125
0.4643370509147644
0.4640962779521942
0.4641302824020386
0.46396756172180176
0.4639958441257477
0.46365121006965637
0.4634908139705658
0.4639509320259094
0.46322667598724365
0.46360865235328674
0.4631005823612213
0.4629709720611572
0.46305012702941895
0.4629351794719696
0.4624890089035034
0.4628073275089264
0.4625438451766968
0.46257317066192627
0.46234145760536194
0.4620250463485718
0.4621134102344513
0.4617951810359955
0.4613614082336426
0.461465060710907
0.4610942006111145
0.46077823638916016
0.46080103516578674
0.46053647994995117
0.4603746831417084
0.4602430760860443
0.4604400098323822
0.46014055609703064
0.45993706583976746
0.4595757722854614
0.46054360270500183
0.4598080515861511
0.4598058760166168
0.4595433473587036
0.4590870440006256
0.45905715227127075
0.4591733515262604
0.45916250348091125
0.4588414132595062
0.45941588282585144
0.4585567116737366
0.4583716094493866
0.45840930938720703
0.4581660032272339
0.4580865502357483
0.45835214853286743
0.4579748213291168
0.4584292769432068
0.4578285813331604
0.4576721489429474
0.45779597759246826
0.45768165588378906
0.45734986662864685
0.45778658986091614
0.4570566415786743
0.45755472779273987
0.45692917704582214
0.45670124888420105
0.4569108486175537
0.45697763562202454
0.456863671541214
0.4569981098175049
0.45655369758605957
0.45651233196258545
0.45631542801856995
0.45643675327301025
0.45589977502822876
0.4559975266456604
0.455963671207428
0.45615631341934204
0.456195592880249
0.45586156845092773
0.45593780279159546
0.4557442367076874
0.4558679759502411
0.45564788579940796
0.455858439207077
0.4558482766151428
0.45546311140060425
0.4553324580192566
0.4552648365497589
0.4550078213214874
0.45475104451179504
0.4547096788883209
0.4544457495212555
0.4541303515434265
0.45430320501327515
0.45413386821746826
0.4541606903076172
0.4538140892982483
0.45331457257270813
0.4533042311668396
0.4537445306777954
0.4530714452266693
0.4531671702861786
0.4529157876968384
0.45263436436653137
0.453301340341568
0.4527612328529358
0.4522593915462494
0.4519049823284149
0.45176199078559875
0.4517612159252167
0.4516451358795166
0.4516528844833374
0.45149144530296326
0.45138490200042725
0.45145440101623535
0.4513307213783264
0.45139747858047485
0.45120954513549805
0.45099180936813354
0.45096907019615173
0.4508736729621887
0.45097172260284424
0.4506331980228424
0.450506329536438
0.45034587383270264
0.45019248127937317
0.44994792342185974
0.4500574469566345
0.45004650950431824
0.44981229305267334
0.4496586322784424
0.44931650161743164
0.44964781403541565
0.44885754585266113
0.44888558983802795
0.44867169857025146
0.44860735535621643
0.44837671518325806
0.4486660361289978
0.44850191473960876
0.44822928309440613
0.448382705450058
0.4481615126132965
0.4480660557746887
0.44825470447540283
0.44812580943107605
0.44760704040527344
0.4475518465042114
0.44746243953704834
0.44741010665893555
0.4473550021648407
0.4474727511405945
0.44708698987960815
0.4470183253288269
0.44689512252807617
0.44679203629493713
0.44675737619400024
0.44657114148139954
0.44654732942581177
0.44643789529800415
0.44650548696517944
0.44647035002708435
0.4462696611881256
0.4463743269443512
0.4461642801761627
0.44608697295188904
0.4461482763290405
0.44645270705223083
0.4460231363773346
0.4460546374320984
0.4459229111671448
0.4461335241794586
0.4458615779876709
0.44576379656791687
0.4456261694431305
0.44568657875061035
0.445578396320343
0.44563138484954834
0.4457303583621979
0.44567686319351196
0.4454839825630188
0.44561928510665894
0.44563502073287964
0.44530338048934937
0.4455137550830841
0.44534775614738464
0.4453462064266205
0.4453255832195282
0.44521087408065796
0.44524189829826355
0.4452317953109741
0.44535064697265625
0.4450000524520874
0.44509440660476685
0.4450353682041168
0.4453625977039337
0.44548535346984863
0.4449806809425354
0.4450041949748993
0.4449183940887451
0.4450642764568329
0.44494345784187317
0.4452993869781494
0.44533681869506836
0.44476109743118286
0.4449610412120819
0.44485926628112793
0.44459760189056396
0.4445909857749939
0.44466274976730347
0.444584459066391
0.4446067214012146
0.44452229142189026
0.4445449113845825
0.44450703263282776
0.4445488452911377
0.44443240761756897
0.44464215636253357
0.44454431533813477
0.4445638060569763
0.4444405734539032
0.44452276825904846
0.44448432326316833
0.4445209801197052
0.444400429725647
0.44443434476852417
0.44458886981010437
0.44439366459846497
0.4445205628871918
0.4444551169872284
0.4444163143634796
0.4442932605743408
0.4442894756793976
0.4443645775318146
0.44438400864601135
0.44444090127944946
0.4442363381385803
0.44436076283454895
0.4442136585712433
0.4442360997200012
0.4441986083984375
0.44422638416290283
0.4442503750324249
0.44424277544021606
0.4442656636238098
0.4441651403903961
0.44430726766586304
0.4441571831703186
0.4441899359226227
0.4441550076007843
0.4442582130432129
0.4441157579421997
0.4441322088241577
0.4442775845527649
0.4441789388656616
0.44409552216529846
0.44420456886291504
0.4441670775413513
0.4441550374031067
0.44417595863342285
0.4440549910068512
0.4440322518348694
0.4441424012184143
0.4441021680831909
0.444045752286911
0.44402459263801575
0.4441573917865753
0.4440530836582184
0.4440317749977112
0.44397416710853577
0.443968802690506
0.4440244436264038
0.444092720746994
0.44392678141593933
0.44398030638694763
0.44400906562805176
0.44398677349090576
0.443978875875473
0.4439431130886078
0.4439232349395752
0.44390669465065
0.44389966130256653
0.4439023435115814
0.44384974241256714
0.4438173174858093
0.44386374950408936
0.4439164996147156
0.4438275098800659
0.44398510456085205
0.4439125061035156
0.4439472258090973
0.44385743141174316
0.44371432065963745
0.44382938742637634
0.4438277781009674
0.4437796473503113
0.4437014162540436
0.44394177198410034
0.4438117444515228
0.44383561611175537
0.4436986446380615
0.4436919093132019
0.4437063932418823
0.44368433952331543
0.44370293617248535
0.4437190294265747
0.4437473714351654
0.44355928897857666
0.44355130195617676
0.44357505440711975
0.443541944026947
0.4435717761516571
0.4435369372367859
0.443548321723938
0.4435206949710846
0.4435248076915741
0.44354262948036194
0.44354745745658875
0.44355034828186035
0.44354531168937683
0.44351842999458313
0.4435420334339142
0.44351622462272644
0.44350728392601013
0.44354507327079773
0.44352415204048157
0.44353005290031433
0.44345954060554504
0.4435063898563385
0.44347208738327026
0.4435129165649414
0.4434518814086914
0.44345414638519287
0.44349831342697144
0.44347506761550903
0.4434533715248108
0.44344988465309143
0.44349101185798645
0.4434545636177063
0.4434770345687866
0.443464070558548
0.44343098998069763
0.443457692861557
0.4434138238430023
0.4434512257575989
0.44340139627456665
0.44340401887893677
0.4434111416339874
0.44343429803848267
0.4434298872947693
0.44343361258506775
0.4434926211833954
0.44336169958114624
0.44340047240257263
0.4433831572532654
0.44336968660354614
0.44345781207084656
0.44337359070777893
0.4433848559856415
0.4433595538139343
0.4433654844760895
0.44337955117225647
0.4433583617210388
0.44339272379875183
0.44334909319877625
0.44337698817253113
0.4433683156967163
0.4433361887931824
0.4433659017086029
0.44338327646255493
0.44330596923828125
0.4434334635734558
0.4434269368648529
0.44331300258636475
0.443360298871994
0.4433572292327881
0.4433266222476959
0.4433044493198395
0.4433180093765259
0.44331130385398865
0.44331035017967224
0.44332483410835266
0.44333627820014954
0.44335487484931946
0.44329726696014404
0.4433303773403168
0.4432523250579834
0.443311870098114
0.44333240389823914
0.44324544072151184
0.4432826638221741
0.4432792663574219
0.443270206451416
0.4432785212993622
0.4432186782360077
0.44322824478149414
0.4432368576526642
0.44324198365211487
0.4432855248451233
0.4432520270347595
0.44324859976768494
0.44327887892723083
0.44326767325401306
0.44329196214675903
0.443210631608963
0.4432302713394165
0.44323715567588806
0.4431554675102234
0.4431512653827667
0.4431520104408264
0.44314295053482056
0.4431520998477936
0.4431398808956146
0.4431877136230469
0.44312286376953125
0.4431362748146057
0.44312983751296997
0.4431244134902954
0.4431251287460327
0.4431539475917816
0.44312500953674316
0.44311773777008057
0.443114310503006
0.44311949610710144
0.44311249256134033
0.44312795996665955
0.4431286156177521
0.4431235194206238
0.4431435763835907
0.4431159794330597
0.44309353828430176
0.44310879707336426
0.44308605790138245
0.44310203194618225
0.4431097209453583
0.44310519099235535
0.44309380650520325
0.4430977404117584
0.44308584928512573
0.4430813491344452
0.44309380650520325
0.44307154417037964
0.44309231638908386
0.4430854022502899
0.4430820047855377
0.44309648871421814
0.4430789351463318
0.4430975615978241
0.4430904686450958
0.4430677890777588
0.44305410981178284
0.4430781304836273
0.44307079911231995
0.4430820941925049
0.443058580160141
0.4430581331253052
0.4430609941482544
0.44304928183555603
0.44306832551956177
0.4430645704269409
0.443037748336792
0.4430444836616516
0.44305548071861267
0.4430621266365051
0.4430607855319977
0.4430525004863739
0.4430323839187622
0.4430477023124695
0.4430336058139801
0.443029522895813
0.4430317282676697
0.4430443048477173
0.44301837682724
0.4430418610572815
0.44304192066192627
0.44301319122314453
0.44301703572273254
0.44304585456848145
0.4430302083492279
0.44304120540618896
0.4430072605609894
0.44300538301467896
0.4430008828639984
0.4430305063724518
0.4430244266986847
0.44302019476890564
0.443004310131073
0.4429939091205597
0.4429953396320343
0.443000465631485
0.443003386259079
0.44300907850265503
0.44298359751701355
0.44300055503845215
0.44300195574760437
0.44300922751426697
0.44297757744789124
0.4430016875267029
0.4430081844329834
0.44297417998313904
0.4429870545864105
0.44298818707466125
0.442971795797348
0.4429742991924286
0.4429638981819153
0.4429771900177002
0.44296547770500183
0.44295263290405273
0.4429592788219452
0.4429354965686798
0.4429421126842499
0.4429507255554199
0.4429384469985962
0.44293585419654846
0.44293853640556335
0.44293588399887085
0.4429272711277008
0.44294413924217224
0.4429316818714142
0.4429585933685303
0.44294628500938416
0.44292518496513367
0.44293174147605896
0.4429267644882202
0.44293251633644104
0.44293227791786194
0.44292306900024414
0.4429258704185486
0.4429357051849365
0.44292742013931274
0.4429337680339813
0.44293707609176636
0.442923903465271
0.4429197609424591
0.4429314136505127
0.4429207444190979
0.4429174065589905
0.442934513092041
0.44291165471076965
0.44292575120925903
0.44291621446609497
0.44291990995407104
0.4429127275943756
0.4429367780685425
0.44291338324546814
0.44291114807128906
0.4429154396057129
0.4429200291633606
0.4429076611995697
0.44291380047798157
0.4429117739200592
0.44291001558303833
0.4429086148738861
0.44290342926979065
0.4429000914096832
0.44290411472320557
0.4429304599761963
0.4429020881652832
0.442901611328125
0.44290000200271606
0.4429020881652832
0.4428962469100952
0.44290459156036377
0.44289156794548035
0.442902147769928
0.4428994357585907
0.44289714097976685
0.44289276003837585
0.44289064407348633
0.44292786717414856
0.44288912415504456
0.44289466738700867
0.4428931772708893
0.44288894534111023
0.44288238883018494
0.44289231300354004
0.44288694858551025
0.44288399815559387
0.44288116693496704
0.4429217278957367
0.4428856372833252
0.44289156794548035
0.4428863525390625
0.44288235902786255
0.44287386536598206
0.44287675619125366
0.44287291169166565
0.44287168979644775
0.4428744316101074
0.442882776260376
0.44287577271461487
0.4428655505180359
0.4428766667842865
0.44287145137786865
0.44286754727363586
0.4428730010986328
0.44286656379699707
0.44288986921310425
0.44286954402923584
0.4428689479827881
0.44288116693496704
0.4428640305995941
0.4428764581680298
0.44285452365875244
0.44286292791366577
0.4428669214248657
0.44286561012268066
0.4428475499153137
0.4428485333919525
0.442853182554245
0.44284293055534363
0.442841500043869
0.44284558296203613
0.44285687804222107
0.4428466856479645
0.4428405463695526
0.4428454339504242
0.4428413510322571
0.442840039730072
0.442842572927475
0.44284358620643616
0.44284340739250183
0.44284141063690186
0.44284310936927795
0.4428425431251526
0.4428403675556183
0.4428386688232422
0.44284147024154663
0.4428386092185974
0.44283759593963623
0.4428456425666809
0.4428398609161377
0.44283363223075867
0.4428398013114929
0.4428335130214691
0.4428364634513855
0.44283491373062134
0.44283512234687805
0.4428398907184601
0.4428332448005676
0.44283637404441833
0.4428335726261139
0.44284993410110474
0.4428291320800781
0.44283491373062134
0.4428362548351288
0.4428277909755707
0.44282928109169006
0.4428277611732483
0.44282984733581543
0.44283100962638855
0.4428311884403229
0.442827969789505
0.44283050298690796
0.4428318440914154
0.4428333342075348
0.44282373785972595
0.4428270757198334
0.4428224563598633
0.442823201417923
0.4428204298019409
0.44282200932502747
0.44282612204551697
0.4428211748600006
0.44282591342926025
0.4428231120109558
0.4428185820579529
0.4428218901157379
0.44282248616218567
0.4428262710571289
0.44282326102256775
0.44281718134880066
0.4428202509880066
0.44282057881355286
0.4428183436393738
0.44281911849975586
0.44281652569770813
0.44281530380249023
0.44281697273254395
0.4428222179412842
0.4428213834762573
0.4428172707557678
0.4428211748600006
0.4428142011165619
0.4428137540817261
0.44281482696533203
0.44281288981437683
0.4428112804889679
0.4428142011165619
0.4428098499774933
0.44281288981437683
0.44281241297721863
0.44281354546546936
0.4428214132785797
0.44280973076820374
0.4428083896636963
0.44280800223350525
0.4428059160709381
0.44280683994293213
0.44280844926834106
0.4428052008152008
0.4428071975708008
0.44280803203582764
0.4428071975708008
0.44280940294265747
0.4428043067455292
0.4428052008152008
0.4428018629550934
0.44279658794403076
0.4427977204322815
0.4427970051765442
0.44280359148979187
0.4427964687347412
0.44279780983924866
0.4427942931652069
0.4427967369556427
0.4427962303161621
0.44279563426971436
0.442796528339386
0.4427987039089203
0.4427942633628845
0.44279566407203674
0.44279804825782776
0.44279715418815613
0.44279587268829346
0.442793071269989
0.4427984952926636
0.442792683839798
0.4427923560142517
0.4427945017814636
0.44279512763023376
0.4427986443042755
0.44279491901397705
0.442795068025589
0.4427926242351532
0.4427921772003174
0.442790687084198
0.4427935779094696
0.44278988242149353
0.4427926540374756
0.44279029965400696
0.4427923858165741
0.44279274344444275
0.4427953064441681
0.44278937578201294
0.44279199838638306
0.4427904188632965
0.44279003143310547
0.4427885413169861
0.4427892863750458
0.44278889894485474
0.4427872598171234
0.4427947700023651
0.4427868723869324
0.4427880048751831
0.4427894055843353
0.44278639554977417
0.4427874982357025
0.4427863359451294
0.44278669357299805
0.44278761744499207
0.4427858293056488
0.44278550148010254
0.442790150642395
0.44278407096862793
0.4427848756313324
0.4427855610847473
0.44278424978256226
0.44278484582901
0.4427858889102936
0.442783921957016
0.44278520345687866
0.44278684258461
0.44278672337532043
0.44278615713119507
0.4427828788757324
0.44278356432914734
0.44278305768966675
0.44278302788734436
0.4427817165851593
0.44278082251548767
0.44278186559677124
0.44278189539909363
0.44278040528297424
0.44278424978256226
0.4427819550037384
0.44278112053871155
0.44278258085250854
0.4427812397480011
0.4427814185619354
0.4427792727947235
0.4427805542945862
0.4427814781665802
0.44277992844581604
0.44278445839881897
0.44278332591056824
0.44278058409690857
0.44278016686439514
0.44277849793434143
0.4427779018878937
0.44278135895729065
0.44278082251548767
0.4427805244922638
0.4427763819694519
0.4427769184112549
0.44277653098106384
0.44277799129486084
0.4427753686904907
0.44277504086494446
0.4427740275859833
0.4427732825279236
0.4427739381790161
0.4427730143070221
0.4427734613418579
0.4427737295627594
0.44277364015579224
0.4427729547023773
0.44277358055114746
0.44277292490005493
0.4427739083766937
0.4427727460861206
0.4427722990512848
0.44277429580688477
0.44277223944664
0.4427722096443176
0.4427756369113922
0.4427725672721863
0.44277146458625793
0.4427724778652191
0.4427736699581146
0.44277268648147583
0.4427717328071594
0.44277337193489075
0.44277244806289673
0.4427710473537445
0.4427715539932251
0.44277071952819824
0.44277048110961914
0.4427705407142639
0.4427705705165863
0.4427708685398102
0.44277051091194153
0.4427763521671295
0.4427695572376251
0.44277095794677734
0.44277092814445496
0.44277119636535645
0.4427695870399475
0.4427696168422699
0.4427710175514221
0.44276851415634155
0.4427693784236908
0.44277065992355347
0.44276824593544006
0.44276952743530273
0.4427686035633087
0.4427684247493744
0.44276827573776245
0.442769318819046
0.4427693486213684
0.4427677392959595
0.44276830554008484
0.44276905059814453
0.44276896119117737
0.4427682161331177
0.4427677392959595
0.44276732206344604
0.4427667558193207
0.442766398191452
0.44276630878448486
0.44276735186576843
0.44276803731918335
0.4427677392959595
0.44276708364486694
0.4427659511566162
0.4427665174007416
0.4427669644355774
0.4427659213542938
0.4427667558193207
0.4427655041217804
0.4427672028541565
0.44276589155197144
0.4427650570869446
0.44276687502861023
0.4427657127380371
0.4427661895751953
0.4427650272846222
0.44276508688926697
0.44276490807533264
0.4427659511566162
0.4427645802497864
0.4427652657032013
0.4427652060985565
0.44276362657546997
0.4427644908428192
0.4427647590637207
0.44276443123817444
0.4427650272846222
0.44276484847068787
0.44276416301727295
0.4427630603313446
0.44276320934295654
0.4427630305290222
0.44276493787765503
0.44276463985443115
0.4427637755870819
0.4427642822265625
0.4427616000175476
0.44276148080825806
0.4427616596221924
0.44276168942451477
0.4427628815174103
0.44276145100593567
0.44276154041290283
0.44276121258735657
0.44276103377342224
0.4427608549594879
0.4427613914012909
0.4427616000175476
0.4427611827850342
0.44276198744773865
0.4427611231803894
0.4427606761455536
0.4427608549594879
0.4427606463432312
0.4427609145641327
0.4427605867385864
0.4427604079246521
0.4427618384361267
0.44276005029678345
0.4427599608898163
0.4427609443664551
0.44276005029678345
0.44276031851768494
0.4427604079246521
0.44276031851768494
0.4427601993083954
0.44275984168052673
0.44275963306427
0.4427593946456909
0.4427599608898163
0.44275912642478943
0.44275957345962524
0.44275954365730286
0.4427594840526581
0.4427591562271118
0.4427591562271118
0.4427601397037506
0.44275984168052673
0.4427594840526581
0.44275912642478943
0.44275957345962524
0.4427589476108551
0.44275930523872375
0.4427589774131775
0.4427582025527954
0.4427587389945984
0.4427584707736969
0.4427585303783417
0.4427584707736969
0.442758709192276
0.44275835156440735
0.4427589178085327
0.4427582621574402
0.4427580237388611
0.4427582621574402
0.44275879859924316
0.44275861978530884
0.44275784492492676
0.442758709192276
0.4427582621574402
0.4427579641342163
0.44275832176208496
0.4427575469017029
0.4427584409713745
0.44275784492492676
0.4427577257156372
0.44275742769241333
0.44275712966918945
0.44275760650634766
0.44275718927383423
0.4427574872970581
0.4427574574947357
0.44275718927383423
0.4427576959133148
0.44275692105293274
0.4427569508552551
0.44275709986686707
0.4427570700645447
0.44275718927383423
0.4427577555179596
0.44275736808776855
0.4427570402622223
0.4427570402622223
0.44275689125061035
0.4427564740180969
0.4427569806575775
0.44275644421577454
0.44275665283203125
0.44275620579719543
0.4427564740180969
0.442756712436676
0.44275733828544617
0.4427559971809387
0.4427555501461029
0.44275620579719543
0.4427556097507477
0.4427551329135895
0.44275519251823425
0.4427553713321686
0.4427550435066223
0.4427555203437805
0.4427548944950104
0.4427550435066223
0.4427550137042999
0.44275498390197754
0.4427551031112671
0.44275495409965515
0.4427550137042999
0.44275549054145813
0.44275492429733276
0.4427545964717865
0.4427546560764313
0.4427545666694641
0.44275447726249695
0.4427548050880432
0.4427547752857208
0.4427545964717865
0.44275450706481934
0.44275516271591187
0.44275447726249695
0.4427547752857208
0.4427545368671417
0.44275471568107605
0.44275450706481934
0.4427543580532074
0.4427541494369507
0.44275447726249695
0.4427540600299835
0.44275420904159546
0.4427541494369507
0.44275423884391785
0.44275426864624023
0.44275394082069397
0.4427540600299835
0.44275423884391785
0.44275447726249695
0.44275420904159546
0.44275397062301636
0.4427539110183716
0.44275403022766113
0.4427538812160492
0.4427540600299835
0.44275420904159546
0.4427539110183716
0.4427538216114044
0.44275379180908203
0.44275379180908203
0.44275373220443726
0.44275376200675964
0.4427538812160492
0.4427535831928253
0.44275352358818054
0.4427540600299835
0.4427536427974701
0.44275376200675964
0.4427535831928253
0.44275379180908203
0.44275403022766113
0.44275346398353577
0.44275370240211487
0.4427534341812134
0.44275376200675964
0.442753404378891
0.4427538812160492
0.4427530765533447
0.4427535831928253
0.4427530765533447
0.4427531063556671
0.4427534341812134
0.44275331497192383
0.44275298714637756
0.44275331497192383
0.4427534341812134
0.4427529275417328
0.4427529573440552
0.4427529275417328
0.44275328516960144
0.4427527189254761
0.4427530765533447
0.4427527189254761
0.44275251030921936
0.4427528977394104
0.4427528977394104
0.4427526891231537
0.4427528977394104
0.44275274872779846
0.4427529275417328
0.44275251030921936
0.442752480506897
0.4427523910999298
0.4427529275417328
0.44275224208831787
0.4427524209022522
0.4427524209022522
0.4427523910999298
0.4427523612976074
0.4427519142627716
0.44275233149528503
0.442751944065094
0.4427521228790283
0.44275179505348206
0.44275182485580444
0.442751944065094
0.44275209307670593
0.44275179505348206
0.4427517056465149
0.4427517354488373
0.4427519142627716
0.4427517056465149
0.44275179505348206
0.44275176525115967
0.4427518844604492
0.4427517354488373
0.44275203347206116
0.4427516460418701
0.44275176525115967
0.4427517056465149
0.4427516758441925
0.4427519738674164
0.44275152683258057
0.442751944065094
0.4427516460418701
0.4427514374256134
0.44275155663490295
0.4427514970302582
0.44275152683258057
0.442751407623291
0.4427514672279358
0.44275161623954773
0.4427514672279358
0.4427514672279358
0.44275152683258057
0.44275152683258057
0.4427517354488373
0.44275134801864624
0.44275134801864624
0.4427514374256134
0.44275134801864624
0.4427514374256134
0.4427514672279358
0.4427512288093567
0.4427512288093567
0.44275128841400146
0.4427512586116791
0.44275128841400146
0.4427514374256134
0.44275128841400146
0.44275137782096863
0.44275131821632385
0.4427514374256134
0.44275104999542236
0.4427512288093567
0.4427512586116791
0.4427511990070343
0.4427511990070343
0.4427511394023895
0.44275104999542236
0.44275107979774475
0.4427511990070343
0.4427512288093567
0.4427510201931
0.44275104999542236
0.4427509903907776
0.4427511990070343
0.4427511394023895
0.4427509903907776
0.4427509605884552
0.44275104999542236
0.4427509307861328
0.4427509009838104
0.44275087118148804
0.44275084137916565
0.44275087118148804
0.44275081157684326
0.44275081157684326
0.4427509009838104
0.44275087118148804
0.4427507221698761
0.4427507221698761
0.4427507519721985
0.4427509605884552
0.44275084137916565
0.4427507519721985
0.4427507817745209
0.4427506923675537
0.4427507817745209
0.4427509009838104
0.44275057315826416
0.4427506625652313
0.442750483751297
0.4427507817745209
0.44275063276290894
0.44275057315826416
0.44275057315826416
0.4427505433559418
0.44275057315826416
0.44275036454200745
0.4427504539489746
0.44275039434432983
0.44275036454200745
0.44275033473968506
0.44275036454200745
0.44275030493736267
0.4427502751350403
0.44275030493736267
0.4427502751350403
0.4427502751350403
0.4427502453327179
0.44275030493736267
0.4427501857280731
0.4427502155303955
0.4427502751350403
0.4427502155303955
0.4427504539489746
0.4427502155303955
0.4427502155303955
0.4427502453327179
0.44275015592575073
0.4427502751350403
0.44275030493736267
0.44275009632110596
0.44275030493736267
0.44275030493736267
0.4427501857280731
0.44275015592575073
0.44275015592575073
0.4427502155303955
0.44275009632110596
0.44275015592575073
0.44275015592575073
0.4427501857280731
0.4427502453327179
0.44275015592575073
0.44275015592575073
0.44275009632110596
0.4427501857280731
0.44275012612342834
0.44275012612342834
0.4427500367164612
0.44275009632110596
0.4427500069141388
0.4427500367164612
0.4427500069141388
0.4427499771118164
0.442749947309494
0.4427500069141388
0.44275006651878357
0.442749947309494
0.4427500069141388
0.4427499771118164
0.4427499771118164
0.4427504241466522
0.44275009632110596
0.4427500367164612
0.44274991750717163
0.44275006651878357
0.4427500367164612
0.442749947309494
0.4427499771118164
0.442749947309494
0.4427499771118164
0.4427500069141388
0.44274991750717163
0.44274988770484924
0.4427499771118164
0.44274988770484924
0.44274988770484924
0.44274982810020447
0.44274991750717163
0.44274991750717163
0.44274985790252686
0.44274985790252686
0.44274982810020447
0.4427497982978821
0.44274985790252686
0.4427497982978821
0.4427497982978821
0.44274982810020447
0.44274982810020447
0.4427497982978821
0.4427497684955597
0.4427497982978821
0.44274985790252686
0.4427497982978821
0.4427497982978821
0.4427497982978821
0.44274985790252686
0.4427497982978821
0.4427497088909149
0.44274964928627014
0.44274967908859253
0.4427497088909149
0.4427497684955597
0.4427497684955597
0.44274961948394775
0.44274961948394775
0.44274964928627014
0.44274964928627014
0.44274961948394775
0.4427495300769806
0.4427495300769806
0.442749559879303
0.44274964928627014
0.44274958968162537
0.4427495002746582
0.44274961948394775
0.442749559879303
0.442749559879303
0.44274964928627014
0.4427494704723358
0.442749559879303
0.44274958968162537
0.4427495002746582
0.4427495300769806
0.4427495300769806
0.442749559879303
0.4427495300769806
0.4427495002746582
0.4427495002746582
0.442749559879303
0.4427495002746582
0.442749559879303
0.4427495300769806
0.4427495300769806
0.442749559879303
0.4427495300769806
0.4427494704723358
0.4427495002746582
0.4427494704723358
0.4427494704723358
0.4427495300769806
0.4427495002746582
0.4427495002746582
0.4427494406700134
0.4427494704723358
0.4427495002746582
0.4427495300769806
0.4427494704723358
0.44274941086769104
0.4427494704723358
0.44274941086769104
0.4427494406700134
0.4427494406700134
0.4427494704723358
0.4427494704723358
0.4427494704723358
0.4427494704723358
0.4427495002746582
0.44274938106536865
0.44274941086769104
0.4427494704723358
0.4427494406700134
0.44274941086769104
0.4427494704723358
0.44274941086769104
0.44274935126304626
0.44274938106536865
0.4427495002746582
0.44274938106536865
0.44274938106536865
0.44274941086769104
0.4427494406700134
0.44274941086769104
0.44274938106536865
0.44274938106536865
0.44274941086769104
0.44274935126304626
0.44274941086769104
0.4427494406700134
0.44274938106536865
0.4427494406700134
0.44274935126304626
0.4427494406700134
0.44274941086769104
0.44274938106536865
0.44274941086769104
0.44274941086769104
0.44274941086769104
0.44274941086769104
0.4427494406700134
0.44274935126304626
0.44274935126304626
0.4427493214607239
0.44274941086769104
0.4427493214607239
0.44274935126304626
0.4427493214607239
0.44274935126304626
0.44274935126304626
0.4427492916584015
0.4427493214607239
0.4427493214607239
0.4427492916584015
0.4427492916584015
0.4427492916584015
0.4427492618560791
0.4427492916584015
0.4427492618560791
0.4427492916584015
0.44274938106536865
0.4427492916584015
0.4427492916584015
0.4427492916584015
0.4427493214607239
0.4427492618560791
0.4427492618560791
0.4427492618560791
0.4427492618560791
0.4427492618560791
0.4427492916584015
0.4427492618560791
0.4427492618560791
0.4427492618560791
0.4427492916584015
0.4427492320537567
0.4427492916584015
0.4427492916584015
0.4427492320537567
0.4427492320537567
0.4427492618560791
0.4427492618560791
0.4427492022514343
0.4427492618560791
0.4427492320537567
0.4427492916584015
0.4427492320537567
0.4427492320537567
0.44274917244911194
0.4427492320537567
0.4427492618560791
0.4427492320537567
0.4427492320537567
0.4427492618560791
0.4427492618560791
0.4427492618560791
0.4427492022514343
0.4427492618560791
0.4427492320537567
0.4427492320537567
0.4427492320537567
0.4427492618560791
0.44274917244911194
0.4427492022514343
0.4427492022514343
0.4427492618560791
0.4427492022514343
0.4427492022514343
0.44274917244911194
0.4427492022514343
0.4427492618560791
0.4427492022514343
0.44274914264678955
0.4427492320537567
0.44274917244911194
0.44274917244911194
0.4427492022514343
0.4427492320537567
0.44274914264678955
0.4427492320537567
0.4427492320537567
0.44274914264678955
0.44274914264678955
0.4427492022514343
0.44274911284446716
0.4427490830421448
0.44274914264678955
0.44274914264678955
0.44274914264678955
0.44274911284446716
0.44274917244911194
0.44274914264678955
0.44274917244911194
0.4427492618560791
0.44274914264678955
0.44274917244911194
0.44274914264678955
0.44274914264678955
0.4427492022514343
0.44274911284446716
0.44274917244911194
0.44274914264678955
0.44274911284446716
0.4427490532398224
0.44274917244911194
0.44274917244911194
0.44274911284446716
0.44274911284446716
0.44274917244911194
0.4427490830421448
0.44274914264678955
0.44274914264678955
0.44274911284446716
0.44274917244911194
0.4427490830421448
0.44274914264678955
0.44274911284446716
0.44274914264678955
0.4427490830421448
0.44274911284446716
0.4427490830421448
0.44274911284446716
0.44274911284446716
0.44274911284446716
0.4427492022514343
0.44274914264678955
0.4427490830421448
0.44274911284446716
0.4427490830421448
0.4427490830421448
0.4427490830421448
0.4427490830421448
0.4427490532398224
0.4427490830421448
0.4427490532398224
0.4427490532398224
0.4427490830421448
0.4427490234375
0.4427490234375
0.4427490532398224
0.44274914264678955
0.4427490830421448
0.4427490830421448
0.4427490830421448
0.4427490234375
0.4427490532398224
0.4427490234375
0.4427489936351776
0.4427490532398224
0.4427490532398224
0.4427489936351776
0.4427490234375
0.4427490234375
0.4427490234375
0.4427489936351776
0.4427490532398224
0.4427490532398224
0.4427490830421448
0.44274911284446716
0.4427490532398224
0.4427490234375
0.4427490234375
0.4427490234375
0.44274911284446716
0.4427490532398224
0.4427489638328552
0.4427489638328552
0.4427489936351776
0.4427489936351776
0.4427489936351776
0.4427489638328552
0.4427489936351776
0.4427489638328552
0.4427489638328552
0.4427489936351776
0.4427490234375
0.4427489936351776
0.4427489638328552
0.44274893403053284
0.4427489936351776
0.44274890422821045
0.4427490234375
0.44274893403053284
0.44274893403053284
0.4427489638328552
0.4427489936351776
0.44274893403053284
0.4427490532398224
0.4427489638328552
0.44274893403053284
0.4427489936351776
0.4427489638328552
0.4427489936351776
0.4427489936351776
0.44274890422821045
0.44274893403053284
0.44274893403053284
0.44274893403053284
0.44274893403053284
0.44274893403053284
0.44274887442588806
0.44274890422821045
0.44274893403053284
0.44274893403053284
0.44274887442588806
0.4427489638328552
0.44274893403053284
0.44274890422821045
0.4427490234375
0.44274887442588806
0.44274887442588806
0.44274890422821045
0.44274887442588806
0.44274887442588806
0.44274893403053284
0.44274887442588806
0.44274890422821045
0.44274887442588806
0.4427489936351776
0.44274887442588806
0.44274890422821045
0.4427489936351776
0.44274893403053284
0.44274887442588806
0.44274887442588806
0.44274890422821045
0.44274890422821045
0.44274887442588806
0.4427488148212433
0.44274893403053284
0.44274887442588806
0.4427488148212433
0.44274890422821045
0.4427487850189209
0.44274887442588806
0.4427488148212433
0.4427488446235657
0.4427488446235657
0.4427488148212433
0.44274887442588806
0.4427488148212433
0.44274887442588806
0.4427487850189209
0.44274890422821045
0.4427488446235657
0.4427487850189209
0.4427488446235657
0.4427488446235657
0.44274887442588806
0.44274893403053284
0.4427488148212433
0.4427488148212433
0.4427488148212433
0.4427487850189209
0.4427487850189209
0.4427488148212433
0.4427488148212433
0.4427488446235657
0.4427488446235657
0.4427488148212433
0.4427487850189209
0.4427488148212433
0.4427488148212433
0.4427487552165985
0.4427487850189209
0.4427487552165985
0.4427487850189209
0.4427488148212433
0.4427487552165985
0.4427488148212433
0.4427487552165985
0.4427487552165985
0.4427488148212433
0.4427487850189209
0.4427487850189209
0.4427487850189209
0.4427487850189209
0.4427487552165985
0.4427487552165985
0.4427488148212433
0.4427487850189209
0.4427487552165985
0.4427487552165985
0.4427487552165985
0.4427487552165985
0.4427488148212433
0.4427487552165985
0.4427487552165985
0.4427487850189209
0.4427487552165985
0.4427487552165985
0.4427487552165985
0.4427487552165985
0.4427487552165985
0.4427487552165985
0.4427487552165985
0.4427487850189209
0.4427487552165985
0.4427487850189209
0.4427487850189209
0.4427488148212433
0.4427487552165985
0.4427487552165985
0.4427487254142761
0.4427487552165985
0.4427487552165985
0.44274869561195374
0.4427488148212433
0.44274866580963135
0.4427487552165985
0.4427487552165985
0.4427487254142761
0.44274869561195374
0.4427487254142761
0.4427487254142761
0.4427487552165985
0.4427487254142761
0.4427487552165985
0.4427487254142761
0.4427487552165985
0.4427487552165985
0.4427487254142761
0.4427487254142761
0.4427487254142761
0.44274869561195374
0.4427487552165985
0.4427487254142761
0.4427487254142761
0.4427487254142761
0.44274869561195374
0.4427487552165985
0.4427487254142761
0.44274869561195374
0.4427487552165985
0.44274866580963135
0.4427487552165985
0.4427487254142761
0.4427487552165985
0.4427485764026642
0.4427487552165985
0.4427487254142761
0.44274869561195374
0.4427487552165985
0.44274863600730896
0.44274869561195374
0.44274863600730896
0.44274866580963135
0.44274866580963135
0.44274866580963135
0.44274866580963135
0.44274863600730896
0.44274869561195374
0.44274863600730896
0.44274866580963135
0.4427486062049866
0.44274863600730896
0.44274866580963135
0.44274866580963135
0.4427486062049866
0.4427485466003418
0.44274863600730896
0.44274863600730896
0.4427486062049866
0.4427486062049866
0.44274863600730896
0.4427485764026642
0.4427486062049866
0.4427485466003418
0.44274863600730896
0.44274863600730896
0.44274863600730896
0.44274863600730896
0.4427486062049866
0.4427485764026642
0.44274866580963135
0.4427486062049866
0.4427485466003418
0.44274863600730896
0.4427486062049866
0.4427486062049866
0.4427485764026642
0.4427486062049866
0.44274863600730896
0.4427486062049866
0.44274863600730896
0.4427485466003418
0.44274866580963135
0.4427485764026642
0.4427485466003418
0.44274863600730896
0.4427486062049866
0.44274863600730896
0.4427486062049866
0.4427485764026642
0.4427485764026642
0.4427485466003418
0.4427485466003418
0.4427485764026642
0.44274863600730896
0.4427485466003418
0.4427485764026642
0.4427485764026642
0.4427485466003418
0.4427485764026642
0.4427485466003418
0.4427486062049866
0.4427486062049866
0.4427485764026642
0.4427485167980194
0.4427485466003418
0.4427485764026642
0.4427485167980194
0.4427485764026642
0.4427485466003418
0.4427485764026642
0.442748486995697
0.4427485167980194
0.44274845719337463
0.4427485167980194
0.4427485167980194
0.4427485167980194
0.4427485167980194
0.44274845719337463
0.4427486062049866
0.4427485167980194
0.4427485167980194
0.4427485167980194
0.442748486995697
0.442748486995697
0.442748486995697
0.4427485466003418
0.44274845719337463
0.4427486062049866
0.442748486995697
0.4427485167980194
0.44274842739105225
0.44274842739105225
0.442748486995697
0.442748486995697
0.442748486995697
0.44274842739105225
0.442748486995697
0.44274836778640747
0.442748486995697
0.4427485764026642
0.44274842739105225
0.442748486995697
0.44274842739105225
0.44274845719337463
0.442748486995697
0.44274839758872986
0.442748486995697
0.442748486995697
0.44274839758872986
0.44274845719337463
0.44274842739105225
0.4427485167980194
0.44274845719337463
0.44274839758872986
0.44274845719337463
0.44274839758872986
0.442748486995697
0.44274836778640747
0.44274842739105225
0.44274845719337463
0.44274836778640747
0.44274839758872986
0.4427483379840851
0.44274842739105225
0.44274839758872986
0.44274836778640747
0.44274845719337463
0.44274842739105225
0.44274839758872986
0.44274836778640747
0.44274839758872986
0.44274836778640747
0.44274845719337463
0.44274839758872986
0.44274839758872986
0.44274845719337463
0.44274836778640747
0.44274839758872986
0.442748486995697
0.44274839758872986
0.44274839758872986
0.44274839758872986
0.44274839758872986
0.44274839758872986
0.44274836778640747
0.44274836778640747
0.44274839758872986
0.44274836778640747
0.4427483081817627
0.4427483379840851
0.44274839758872986
0.44274839758872986
0.4427483379840851
0.44274839758872986
0.4427483379840851
0.44274839758872986
0.44274836778640747
0.4427483081817627
0.4427483081817627
0.44274836778640747
0.44274836778640747
0.44274839758872986
0.4427483081817627
0.4427482783794403
0.4427483379840851
0.44274836778640747
0.4427483379840851
0.4427483379840851
0.4427483081817627
0.4427482783794403
0.44274836778640747
0.4427482783794403
0.4427483379840851
0.4427482783794403
0.4427483081817627
0.4427482783794403
0.4427483081817627
0.4427482783794403
0.4427482783794403
0.4427483379840851
0.4427483379840851
0.4427482783794403
0.4427483081817627
0.4427482783794403
0.4427483081817627
0.4427483081817627
0.4427482485771179
0.4427483379840851
0.4427483081817627
0.4427482783794403
0.44274836778640747
0.4427482783794403
0.4427483379840851
0.4427482485771179
0.4427482783794403
0.4427482485771179
0.4427483081817627
0.4427482783794403
0.4427482783794403
0.4427483081817627
0.4427483081817627
0.4427482485771179
0.4427482485771179
0.4427482783794403
0.4427483081817627
0.4427483081817627
0.4427482485771179
0.4427483081817627
0.4427482485771179
0.4427482783794403
0.4427482485771179
0.4427483379840851
0.4427482485771179
0.4427482783794403
0.4427482783794403
0.4427482485771179
0.4427482485771179
0.44274821877479553
0.4427482783794403
0.4427482485771179
0.4427482485771179
0.4427482485771179
0.44274818897247314
0.44274821877479553
0.4427482485771179
0.44274821877479553
0.4427482485771179
0.44274821877479553
0.4427482485771179
0.4427482485771179
0.4427482485771179
0.44274821877479553
0.44274818897247314
0.44274818897247314
0.4427482485771179
0.44274815917015076
0.44274821877479553
0.44274818897247314
0.4427482485771179
0.44274821877479553
0.4427482783794403
0.44274821877479553
0.44274818897247314
0.4427482485771179
0.44274821877479553
0.44274821877479553
0.44274818897247314
0.4427482485771179
0.44274821877479553
0.4427482783794403
0.44274818897247314
0.44274812936782837
0.44274812936782837
0.44274818897247314
0.44274818897247314
0.44274821877479553
0.4427482485771179
0.44274821877479553
0.44274818897247314
0.44274818897247314
0.44274815917015076
0.44274815917015076
0.44274821877479553
0.44274818897247314
0.44274815917015076
0.44274815917015076
0.44274815917015076
0.44274812936782837
0.442748099565506
0.4427482485771179
0.44274812936782837
0.44274812936782837
0.44274815917015076
0.44274812936782837
0.44274815917015076
0.44274815917015076
0.44274815917015076
0.4427480697631836
0.44274812936782837
0.44274815917015076
0.44274818897247314
0.44274815917015076
0.442748099565506
0.442748099565506
0.44274812936782837
0.442748099565506
0.4427480697631836
0.44274812936782837
0.44274812936782837
0.442748099565506
0.44274812936782837
0.44274812936782837
0.44274815917015076
0.4427480697631836
0.4427480697631836
0.44274812936782837
0.4427480697631836
0.4427480399608612
0.442748099565506
0.442748099565506
0.442748099565506
0.442748099565506
0.4427480697631836
0.44274812936782837
0.4427480697631836
0.44274812936782837
0.442748099565506
0.4427480697631836
0.4427480697631836
0.442748099565506
0.4427480399608612
0.4427480697631836
0.442748099565506
0.4427480399608612
0.4427480399608612
0.4427480697631836
0.4427480399608612
0.4427480399608612
0.4427480697631836
0.4427480399608612
0.4427480399608612
0.4427480399608612
0.4427480697631836
0.44274815917015076
0.4427480399608612
0.4427480399608612
0.4427480399608612
0.4427480399608612
0.4427480697631836
0.4427480697631836
0.4427480399608612
0.4427480101585388
0.4427480101585388
0.4427480101585388
0.4427480697631836
0.4427480697631836
0.4427480399608612
0.4427480101585388
0.4427480399608612
0.44274798035621643
0.4427480399608612
0.4427480101585388
0.4427480101585388
0.4427480101585388
0.4427480101585388
0.4427480101585388
0.4427480101585388
0.4427480101585388
0.4427480101585388
0.4427480399608612
0.4427480101585388
0.4427480101585388
0.44274792075157166
0.4427480101585388
0.44274798035621643
0.4427480101585388
0.4427480399608612
0.4427480399608612
0.44274798035621643
0.44274795055389404
0.44274798035621643
0.44274795055389404
0.4427480101585388
0.44274795055389404
0.44274798035621643
0.44274792075157166
0.44274798035621643
0.44274792075157166
0.44274795055389404
0.4427480101585388
0.44274798035621643
0.4427480101585388
0.4427480399608612
0.44274792075157166
0.44274798035621643
0.44274792075157166
0.44274792075157166
0.4427480101585388
0.44274789094924927
0.44274789094924927
0.44274795055389404
0.44274792075157166
0.44274798035621643
0.44274795055389404
0.4427480101585388
0.44274792075157166
0.44274792075157166
0.4427478313446045
0.44274789094924927
0.44274795055389404
0.44274792075157166
0.44274789094924927
0.44274792075157166
0.44274789094924927
0.44274789094924927
0.44274792075157166
0.4427480101585388
0.44274792075157166
0.4427478611469269
0.44274789094924927
0.44274795055389404
0.4427478611469269
0.4427478611469269
0.44274789094924927
0.44274792075157166
0.44274789094924927
0.4427478313446045
0.44274789094924927
0.4427478313446045
0.4427478611469269
0.44274789094924927
0.44274789094924927
0.4427478611469269
0.44274789094924927
0.4427478611469269
0.4427478313446045
0.4427478313446045
0.4427478313446045
0.4427478611469269
0.4427478611469269
0.4427478313446045
0.4427478611469269
0.4427478313446045
0.4427478313446045
0.4427478313446045
0.4427478313446045
0.4427478313446045
0.4427477717399597
0.4427478015422821
0.4427478015422821
0.4427478313446045
0.4427478611469269
0.4427478313446045
0.4427478611469269
0.4427477717399597
0.4427478015422821
0.4427478313446045
0.44274789094924927
0.4427478611469269
0.4427478313446045
0.44274789094924927
0.4427478313446045
0.4427478313446045
0.4427477717399597
0.4427478313446045
0.44274774193763733
0.4427478015422821
0.4427477717399597
0.4427478611469269
0.4427477717399597
0.4427477717399597
0.4427477717399597
0.4427477717399597
0.4427477717399597
0.4427477717399597
0.44274774193763733
0.4427477717399597
0.4427477717399597
0.4427477717399597
0.4427478015422821
0.44274774193763733
0.44274774193763733
0.4427477717399597
0.4427477717399597
0.4427477717399597
0.4427477717399597
0.4427478015422821
0.44274774193763733
0.44274774193763733
0.4427477717399597
0.44274774193763733
0.4427477717399597
0.4427477717399597
0.4427477717399597
0.44274774193763733
0.44274774193763733
0.44274774193763733
0.44274774193763733
0.44274774193763733
0.44274771213531494
0.44274771213531494
0.44274774193763733
0.4427478015422821
0.44274774193763733
0.44274774193763733
0.44274768233299255
0.44274771213531494
0.44274774193763733
0.4427477717399597
0.44274774193763733
0.44274774193763733
0.44274774193763733
0.44274774193763733
0.44274774193763733
0.44274771213531494
0.44274774193763733
0.44274774193763733
0.44274768233299255
0.44274771213531494
0.44274768233299255
0.44274774193763733
0.44274774193763733
0.44274771213531494
0.44274765253067017
0.44274771213531494
0.44274774193763733
0.44274768233299255
0.44274768233299255
0.44274774193763733
0.44274768233299255
0.44274765253067017
0.44274768233299255
0.44274774193763733
0.44274768233299255
0.44274771213531494
0.44274768233299255
0.44274771213531494
0.44274768233299255
0.44274768233299255
0.44274768233299255
0.44274765253067017
0.44274768233299255
0.44274765253067017
0.44274765253067017
0.44274768233299255
0.4427476227283478
0.44274768233299255
0.44274768233299255
0.44274765253067017
0.4427476227283478
0.4427476227283478
0.44274774193763733
0.4427476227283478
0.44274765253067017
0.4427476227283478
0.442747563123703
0.4427476227283478
0.4427476227283478
0.4427476227283478
0.44274765253067017
0.4427475929260254
0.4427475929260254
0.4427476227283478
0.442747563123703
0.44274768233299255
0.4427475929260254
0.4427476227283478
0.44274768233299255
0.4427475929260254
0.44274765253067017
0.44274765253067017
0.4427476227283478
0.44274771213531494
0.4427475333213806
0.4427475929260254
0.4427475929260254
0.4427476227283478
0.442747563123703
0.44274768233299255
0.4427475929260254
0.44274768233299255
0.442747563123703
0.4427475929260254
0.4427475929260254
0.4427475929260254
0.4427476227283478
0.4427475333213806
0.4427475333213806
0.4427475929260254
0.4427475929260254
0.442747563123703
0.4427476227283478
0.4427475035190582
0.442747563123703
0.4427475929260254
0.4427475035190582
0.4427475333213806
0.44274765253067017
0.442747563123703
0.4427476227283478
0.442747563123703
0.44274765253067017
0.4427475929260254
0.4427475333213806
0.4427475333213806
0.4427475929260254
0.4427475333213806
0.442747563123703
0.4427475333213806
0.442747563123703
0.44274747371673584
0.442747563123703
0.4427475035190582
0.4427475035190582
0.4427475035190582
0.4427475035190582
0.442747563123703
0.44274744391441345
0.4427475035190582
0.4427475035190582
0.44274747371673584
0.4427475035190582
0.4427475333213806
0.4427475035190582
0.442747563123703
0.442747563123703
0.44274747371673584
0.4427475035190582
0.4427475035190582
0.44274747371673584
0.4427475035190582
0.44274744391441345
0.442747563123703
0.44274747371673584
0.4427475333213806
0.4427475035190582
0.4427475333213806
0.4427475035190582
0.4427475333213806
0.4427475035190582
0.44274744391441345
0.44274747371673584
0.44274744391441345
0.44274744391441345
0.44274744391441345
0.44274744391441345
0.44274747371673584
0.4427475333213806
0.44274744391441345
0.4427475035190582
0.44274741411209106
0.44274741411209106
0.44274741411209106
0.44274744391441345
0.4427475333213806
0.4427475035190582
0.44274747371673584
0.44274747371673584
0.4427475035190582
0.44274747371673584
0.44274744391441345
0.44274741411209106
0.44274744391441345
0.4427473843097687
0.4427473843097687
0.44274741411209106
0.44274741411209106
0.44274741411209106
0.44274744391441345
0.44274741411209106
0.44274741411209106
0.4427473843097687
0.44274741411209106
0.44274741411209106
0.44274741411209106
0.44274741411209106
0.4427473843097687
0.4427473247051239
0.4427473843097687
0.44274744391441345
0.44274741411209106
0.4427473843097687
0.4427473843097687
0.44274741411209106
0.4427473843097687
0.4427473843097687
0.4427473843097687
0.4427473843097687
0.4427473545074463
0.44274741411209106
0.4427473545074463
0.4427473843097687
0.4427473843097687
0.4427473247051239
0.4427473545074463
0.4427473843097687
0.4427473247051239
0.4427473247051239
0.4427473247051239
0.4427473843097687
0.4427473843097687
0.4427472949028015
0.4427473545074463
0.4427473247051239
0.4427473247051239
0.4427473247051239
0.4427473247051239
0.4427473247051239
0.4427473247051239
0.4427473545074463
0.4427473545074463
0.4427473545074463
0.4427473247051239
0.4427473545074463
0.4427472949028015
0.4427472949028015
0.4427473247051239
0.44274723529815674
0.4427472949028015
0.4427472651004791
0.4427473247051239
0.4427473545074463
0.4427473247051239
0.4427472949028015
0.4427473247051239
0.4427472949028015
0.4427472949028015
0.4427473545074463
0.4427473247051239
0.4427472651004791
0.4427473545074463
0.4427472651004791
0.4427472949028015
0.4427472949028015
0.4427472949028015
0.44274723529815674
0.4427473247051239
0.4427473247051239
0.4427472651004791
0.4427472949028015
0.44274720549583435
0.4427472949028015
0.4427472651004791
0.4427473545074463
0.4427472949028015
0.44274720549583435
0.44274720549583435
0.44274723529815674
0.44274723529815674
0.4427472949028015
0.44274723529815674
0.4427472949028015
0.4427472949028015
0.44274720549583435
0.4427472651004791
0.44274720549583435
0.4427472949028015
0.44274720549583435
0.44274723529815674
0.4427472949028015
0.44274720549583435
0.44274720549583435
0.4427472651004791
0.44274723529815674
0.44274720549583435
0.44274720549583435
0.44274720549583435
0.44274720549583435
0.44274723529815674
0.4427472651004791
0.44274723529815674
0.44274717569351196
0.44274720549583435
0.44274720549583435
0.44274720549583435
0.4427472949028015
0.44274720549583435
0.44274720549583435
0.44274723529815674
0.44274720549583435
0.44274717569351196
0.44274720549583435
0.44274717569351196
0.44274720549583435
0.44274720549583435
0.44274720549583435
0.44274720549583435
0.44274717569351196
0.4427471458911896
0.44274717569351196
0.4427471458911896
0.4427471458911896
0.44274720549583435
0.44274717569351196
0.44274717569351196
0.44274720549583435
0.4427471160888672
0.44274717569351196
0.44274720549583435
0.44274720549583435
0.44274717569351196
0.4427471458911896
0.44274720549583435
0.4427471160888672
0.4427471160888672
0.44274720549583435
0.44274720549583435
0.4427471458911896
0.4427471160888672
0.4427471160888672
0.44274717569351196
0.4427471458911896
0.44274717569351196
0.4427471160888672
0.4427471160888672
0.44274720549583435
0.4427471160888672
0.4427471458911896
0.4427471458911896
0.4427471160888672
0.4427471160888672
0.4427471160888672
0.4427471458911896
0.4427471160888672
0.4427471160888672
0.4427471160888672
0.4427470862865448
0.4427471160888672
0.4427471458911896
0.4427471160888672
0.4427471160888672
0.44274717569351196
0.4427471458911896
0.4427471160888672
0.4427470862865448
0.4427471160888672
0.4427471160888672
0.4427470266819
0.4427470564842224
0.4427471458911896
0.4427471160888672
0.4427470862865448
0.4427471458911896
0.4427471160888672
0.4427470862865448
0.4427471458911896
0.4427471458911896
0.4427471160888672
0.4427470266819
0.4427470564842224
0.4427471160888672
0.4427470564842224
0.4427470564842224
0.4427470266819
0.4427470564842224
0.4427470564842224
0.4427470862865448
0.4427470564842224
0.4427470564842224
0.4427471160888672
0.4427470564842224
0.4427470862865448
0.4427470564842224
0.4427470564842224
0.4427470564842224
0.4427470564842224
0.4427470862865448
0.4427470862865448
0.4427470564842224
0.44274699687957764
0.4427470266819
0.44274699687957764
0.44274699687957764
0.4427470266819
0.4427470564842224
0.44274696707725525
0.4427470564842224
0.4427470564842224
0.44274699687957764
0.44274696707725525
0.44274699687957764
0.44274693727493286
0.44274699687957764
0.44274699687957764
0.4427470266819
0.4427470266819
0.4427471160888672
0.44274696707725525
0.44274696707725525
0.44274699687957764
0.4427471160888672
0.44274699687957764
0.44274696707725525
0.44274693727493286
0.4427470266819
0.44274699687957764
0.44274696707725525
0.44274699687957764
0.44274693727493286
0.4427470564842224
0.44274696707725525
0.4427471160888672
0.44274693727493286
0.44274693727493286
0.44274693727493286
0.44274696707725525
0.4427470564842224
0.44274696707725525
0.44274696707725525
0.44274696707725525
0.44274693727493286
0.4427469074726105
0.44274696707725525
0.44274699687957764
0.44274696707725525
0.4427468776702881
0.4427469074726105
0.4427468776702881
0.44274693727493286
0.44274693727493286
0.44274696707725525
0.44274693727493286
0.4427470564842224
0.4427468776702881
0.4427469074726105
0.44274693727493286
0.44274693727493286
0.44274693727493286
0.4427468478679657
0.44274699687957764
0.4427468776702881
0.44274693727493286
0.4427469074726105
0.44274693727493286
0.4427469074726105
0.4427469074726105
0.44274693727493286
0.4427469074726105
0.4427469074726105
0.4427468776702881
0.4427469074726105
0.44274693727493286
0.4427468776702881
0.4427469074726105
0.4427468478679657
0.4427468776702881
0.4427468776702881
0.4427468478679657
0.4427468478679657
0.4427468478679657
0.4427468478679657
0.4427468180656433
0.4427468478679657
0.44274693727493286
0.4427469074726105
0.4427468776702881
0.4427468478679657
0.4427468180656433
0.4427468180656433
0.4427468180656433
0.4427468478679657
0.4427468180656433
0.4427468180656433
0.4427467882633209
0.4427468180656433
0.4427467882633209
0.4427468478679657
0.4427468180656433
0.4427468478679657
0.4427468776702881
0.4427468478679657
0.44274693727493286
0.4427468180656433
0.4427468180656433
0.4427468180656433
0.4427468180656433
0.4427467882633209
0.4427468180656433
0.4427468180656433
0.4427468180656433
0.4427467882633209
0.4427468478679657
0.4427467882633209
0.4427467882633209
0.4427467882633209
0.4427468776702881
0.4427468180656433
0.44274693727493286
0.4427467882633209
0.4427467882633209
0.4427468180656433
0.44274672865867615
0.4427468478679657
0.4427468180656433
0.4427468478679657
0.44274672865867615
0.4427467882633209
0.4427467882633209
0.44274675846099854
0.44274672865867615
0.44274672865867615
0.44274675846099854
0.44274672865867615
0.44274675846099854
0.4427467882633209
0.4427467882633209
0.4427467882633209
0.4427467882633209
0.44274672865867615
0.4427467882633209
0.44274669885635376
0.4427467882633209
0.44274675846099854
0.44274672865867615
0.44274672865867615
0.44274672865867615
0.44274669885635376
0.44274669885635376
0.44274675846099854
0.44274672865867615
0.44274675846099854
0.44274672865867615
0.44274672865867615
0.44274672865867615
0.44274669885635376
0.44274669885635376
0.44274669885635376
0.44274669885635376
0.44274669885635376
0.44274669885635376
0.44274669885635376
0.44274669885635376
0.44274669885635376
0.44274672865867615
0.44274669885635376
0.44274669885635376
0.44274669885635376
0.44274669885635376
0.44274672865867615
0.44274669885635376
0.44274669885635376
0.44274669885635376
0.44274666905403137
0.44274669885635376
0.44274669885635376
0.44274669885635376
0.44274666905403137
0.44274669885635376
0.44274666905403137
0.44274669885635376
0.44274669885635376
0.44274666905403137
0.44274669885635376
0.44274669885635376
0.44274666905403137
0.44274666905403137
0.44274669885635376
0.44274669885635376
0.44274666905403137
0.44274669885635376
0.44274669885635376
0.442746639251709
0.44274666905403137
0.442746639251709
0.442746639251709
0.44274669885635376
0.442746639251709
0.44274669885635376
0.442746639251709
0.442746639251709
0.44274672865867615
0.442746639251709
0.44274666905403137
0.442746639251709
0.442746639251709
0.44274666905403137
0.44274669885635376
0.44274669885635376
0.4427466094493866
0.44274675846099854
0.4427466094493866
0.44274666905403137
0.4427465796470642
0.4427465796470642
0.4427466094493866
0.442746639251709
0.442746639251709
0.44274666905403137
0.4427465796470642
0.4427466094493866
0.442746639251709
0.4427466094493866
0.4427465796470642
0.4427465498447418
0.442746639251709
0.4427466094493866
0.4427465796470642
0.4427466094493866
0.4427466094493866
0.4427466094493866
0.4427466094493866
0.4427465796470642
0.4427466094493866
0.4427465498447418
0.4427465498447418
0.4427466094493866
0.4427466094493866
0.442746639251709
0.442746639251709
0.4427465796470642
0.4427466094493866
0.4427465498447418
0.4427465796470642
0.4427465796470642
0.442746639251709
0.44274666905403137
0.4427465796470642
0.4427465498447418
0.4427466094493866
0.44274652004241943
0.4427465796470642
0.44274649024009705
0.44274652004241943
0.4427465796470642
0.4427465498447418
0.44274652004241943
0.44274646043777466
0.4427465498447418
0.44274646043777466
0.4427465498447418
0.4427465796470642
0.4427465796470642
0.4427465498447418
0.4427465498447418
0.44274652004241943
0.4427465498447418
0.44274652004241943
0.4427465796470642
0.4427465498447418
0.44274643063545227
0.4427465796470642
0.44274652004241943
0.4427465498447418
0.44274646043777466
0.44274649024009705
0.4427465796470642
0.44274643063545227
0.44274649024009705
0.44274649024009705
0.44274649024009705
0.4427466094493866
0.4427465498447418
0.44274652004241943
0.44274646043777466
0.44274652004241943
0.44274649024009705
0.4427465498447418
0.44274649024009705
0.4427465498447418
0.44274652004241943
0.44274649024009705
0.44274646043777466
0.44274649024009705
0.44274643063545227
0.44274646043777466
0.44274646043777466
0.44274643063545227
0.44274646043777466
0.44274643063545227
0.44274649024009705
0.44274646043777466
0.44274652004241943
0.44274643063545227
0.44274646043777466
0.44274646043777466
0.44274646043777466
0.44274649024009705
0.44274643063545227
0.44274643063545227
0.44274646043777466
0.4427464008331299
0.44274646043777466
0.44274649024009705
0.44274643063545227
0.4427464008331299
0.44274643063545227
0.4427464008331299
0.44274643063545227
0.4427463710308075
0.44274643063545227
0.44274649024009705
0.4427463710308075
0.4427464008331299
0.4427464008331299
0.4427464008331299
0.4427463412284851
0.4427463412284851
0.44274646043777466
0.4427463114261627
0.44274646043777466
0.4427464008331299
0.4427463710308075
0.4427464008331299
0.4427463710308075
0.4427463412284851
0.44274643063545227
0.4427463114261627
0.4427463710308075
0.4427463710308075
0.4427463412284851
0.4427464008331299
0.4427463710308075
0.4427463412284851
0.4427463114261627
0.4427463412284851
0.4427463710308075
0.4427463412284851
0.44274628162384033
0.4427463710308075
0.4427463412284851
0.4427463412284851
0.4427463412284851
0.4427463412284851
0.4427463710308075
0.4427463114261627
0.44274628162384033
0.44274625182151794
0.4427463412284851
0.4427464008331299
0.4427463412284851
0.4427463412284851
0.4427463710308075
0.44274628162384033
0.4427463114261627
0.4427463412284851
0.4427463710308075
0.44274628162384033
0.4427463710308075
0.4427463412284851
0.44274628162384033
0.44274628162384033
0.4427463114261627
0.4427463710308075
0.44274628162384033
0.4427463412284851
0.4427463114261627
0.44274628162384033
0.44274628162384033
0.4427463114261627
0.44274628162384033
0.44274628162384033
0.44274625182151794
0.4427463114261627
0.44274628162384033
0.44274628162384033
0.4427463114261627
0.44274625182151794
0.44274628162384033
0.44274622201919556
0.44274625182151794
0.44274625182151794
0.44274628162384033
0.44274628162384033
0.44274622201919556
0.44274625182151794
0.44274625182151794
0.44274622201919556
0.44274622201919556
0.44274625182151794
0.44274622201919556
0.44274625182151794
0.44274625182151794
0.44274619221687317
0.44274625182151794
0.44274628162384033
0.44274625182151794
0.44274625182151794
0.44274622201919556
0.44274622201919556
0.44274622201919556
0.44274619221687317
0.44274619221687317
0.44274619221687317
0.44274619221687317
0.44274622201919556
0.44274619221687317
0.44274622201919556
0.44274622201919556
0.44274619221687317
0.44274619221687317
0.44274619221687317
0.44274619221687317
0.44274622201919556
0.44274619221687317
0.44274619221687317
0.44274622201919556
0.44274619221687317
0.44274619221687317
0.44274619221687317
0.44274619221687317
0.44274619221687317
0.4427461326122284
0.44274619221687317
0.44274619221687317
0.44274619221687317
0.44274619221687317
0.44274619221687317
0.4427461624145508
0.44274622201919556
0.44274619221687317
0.44274619221687317
0.44274619221687317
0.4427461326122284
0.44274619221687317
0.4427461326122284
0.44274619221687317
0.4427461326122284
0.4427461624145508
0.4427461326122284
0.4427461326122284
0.44274619221687317
0.4427461326122284
0.4427461624145508
0.4427461624145508
0.4427461326122284
0.4427461326122284
0.4427461624145508
0.44274619221687317
0.4427461624145508
0.4427461326122284
0.4427461326122284
0.4427461624145508
0.442746102809906
0.44274625182151794
0.4427461326122284
0.4427461624145508
0.4427461624145508
0.4427461624145508
0.44274604320526123
0.442746102809906
0.4427461326122284
0.4427460730075836
0.44274619221687317
0.442746102809906
0.4427461326122284
0.4427461326122284
0.4427460730075836
0.442746102809906
0.4427461624145508
0.442746102809906
0.442746102809906
0.44274619221687317
0.44274604320526123
0.4427460730075836
0.442746102809906
0.442746102809906
0.4427460730075836
0.442746102809906
0.4427461624145508
0.442746102809906
0.4427460730075836
0.44274604320526123
0.4427460730075836
0.4427460730075836
0.44274604320526123
0.44274604320526123
0.442746102809906
0.442746102809906
0.4427460730075836
0.4427460730075836
0.44274604320526123
0.4427460730075836
0.4427460730075836
0.44274604320526123
0.4427460730075836
0.44274604320526123
0.4427460730075836
0.4427460730075836
0.4427460730075836
0.4427460730075836
0.44274601340293884
0.44274604320526123
0.44274598360061646
0.44274604320526123
0.4427460730075836
0.44274601340293884
0.44274604320526123
0.44274604320526123
0.44274604320526123
0.44274601340293884
0.44274601340293884
0.44274604320526123
0.44274601340293884
0.4427460730075836
0.44274604320526123
0.4427460730075836
0.44274601340293884
0.44274598360061646
0.4427460730075836
0.4427460730075836
0.44274595379829407
0.44274604320526123
0.44274601340293884
0.44274601340293884
0.44274595379829407
0.4427460730075836
0.44274598360061646
0.44274595379829407
0.442746102809906
0.44274598360061646
0.44274595379829407
0.44274598360061646
0.44274598360061646
0.44274598360061646
0.44274598360061646
0.44274604320526123
0.4427459239959717
0.44274601340293884
0.44274595379829407
0.4427459239959717
0.44274598360061646
0.44274601340293884
0.44274598360061646
0.44274598360061646
0.44274595379829407
0.44274598360061646
0.44274595379829407
0.44274598360061646
0.44274598360061646
0.4427458941936493
0.44274598360061646
0.44274595379829407
0.44274595379829407
0.4427459239959717
0.44274595379829407
0.4427459239959717
0.4427458941936493
0.44274595379829407
0.4427459239959717
0.44274598360061646
0.4427459239959717
0.4427458643913269
0.4427458941936493
0.44274595379829407
0.44274598360061646
0.4427459239959717
0.4427458941936493
0.4427458941936493
0.4427458941936493
0.4427458941936493
0.4427458941936493
0.4427458941936493
0.4427459239959717
0.4427458941936493
0.4427459239959717
0.4427458643913269
0.4427458941936493
0.4427458643913269
0.4427458345890045
0.4427459239959717
0.4427458643913269
0.4427458345890045
0.4427458345890045
0.4427458941936493
0.44274580478668213
0.4427458941936493
0.4427458643913269
0.4427458643913269
0.4427458941936493
0.4427459239959717
0.4427458643913269
0.44274580478668213
0.4427459239959717
0.4427458345890045
0.4427458643913269
0.4427458345890045
0.44274580478668213
0.4427458345890045
0.4427458643913269
0.44274580478668213
0.4427458643913269
0.4427458643913269
0.4427458941936493
0.4427458643913269
0.44274580478668213
0.4427458643913269
0.4427458345890045
0.4427458345890045
0.4427458643913269
0.4427458643913269
0.44274580478668213
0.44274580478668213
0.44274580478668213
0.44274580478668213
0.44274580478668213
0.44274577498435974
0.44274580478668213
0.4427458345890045
0.44274580478668213
0.4427458345890045
0.44274574518203735
0.44274580478668213
0.4427458345890045
0.44274580478668213
0.44274571537971497
0.44274577498435974
0.4427458345890045
0.4427458345890045
0.44274577498435974
0.44274577498435974
0.44274577498435974
0.4427458941936493
0.44274574518203735
0.44274574518203735
0.4427458345890045
0.44274574518203735
0.44274571537971497
0.44274577498435974
0.44274577498435974
0.44274574518203735
0.4427456855773926
0.4427456855773926
0.44274574518203735
0.44274571537971497
0.44274574518203735
0.44274580478668213
0.44274571537971497
0.44274574518203735
0.44274574518203735
0.44274574518203735
0.4427456855773926
0.44274571537971497
0.44274577498435974
0.44274571537971497
0.4427456855773926
0.4427456855773926
0.4427456855773926
0.4427456855773926
0.4427456557750702
0.4427456557750702
0.44274571537971497
0.44274571537971497
0.44274571537971497
0.44274571537971497
0.4427456855773926
0.44274580478668213
0.44274571537971497
0.4427456855773926
0.4427456557750702
0.4427456855773926
0.4427456557750702
0.44274571537971497
0.4427456855773926
0.4427456855773926
0.4427456855773926
0.44274574518203735
0.4427456855773926
0.4427456855773926
0.4427456557750702
0.4427456557750702
0.4427456557750702
0.4427456855773926
0.4427456557750702
0.4427456557750702
0.4427456557750702
0.4427456557750702
0.4427456855773926
0.4427456855773926
0.4427456557750702
0.4427456855773926
0.4427456557750702
0.4427456855773926
0.4427455961704254
0.4427456557750702
0.4427456557750702
0.4427456557750702
0.44274574518203735
0.4427456259727478
0.4427456259727478
0.4427456557750702
0.4427456259727478
0.4427456557750702
0.4427456557750702
0.4427456557750702
0.4427456259727478
0.4427456259727478
0.4427456557750702
0.4427456259727478
0.4427455961704254
0.4427456557750702
0.4427456259727478
0.4427456855773926
0.4427456259727478
0.4427456259727478
0.4427456259727478
0.4427456557750702
0.442745566368103
0.4427456259727478
0.4427456259727478
0.4427456259727478
0.4427455961704254
0.4427455961704254
0.4427456557750702
0.442745566368103
0.4427456557750702
0.442745566368103
0.442745566368103
0.442745566368103
0.4427455961704254
0.4427456259727478
0.4427455961704254
0.44274553656578064
0.4427456259727478
0.4427456259727478
0.44274553656578064
0.4427455961704254
0.442745566368103
0.4427456259727478
0.4427455961704254
0.442745566368103
0.442745566368103
0.4427455961704254
0.4427455961704254
0.4427455961704254
0.44274553656578064
0.442745566368103
0.442745566368103
0.442745566368103
0.4427456259727478
0.442745566368103
0.442745566368103
0.44274553656578064
0.44274550676345825
0.4427455961704254
0.44274550676345825
0.44274550676345825
0.442745566368103
0.442745566368103
0.442745566368103
0.44274550676345825
0.442745566368103
0.44274550676345825
0.44274553656578064
0.4427455961704254
0.44274547696113586
0.442745566368103
0.44274550676345825
0.44274547696113586
0.44274553656578064
0.44274553656578064
0.44274550676345825
0.4427455961704254
0.44274547696113586
0.44274553656578064
0.44274553656578064
0.44274550676345825
0.44274547696113586
0.44274553656578064
0.4427455961704254
0.44274547696113586
0.4427454471588135
0.44274553656578064
0.4427454471588135
0.44274547696113586
0.44274547696113586
0.44274547696113586
0.44274547696113586
0.44274550676345825
0.44274550676345825
0.4427454471588135
0.44274547696113586
0.4427455961704254
0.44274547696113586
0.44274553656578064
0.4427454173564911
0.4427454471588135
0.4427454471588135
0.4427454471588135
0.44274547696113586
0.4427454471588135
0.44274547696113586
0.4427454173564911
0.4427454173564911
0.442745566368103
0.44274550676345825
0.4427454471588135
0.4427454471588135
0.44274550676345825
0.4427454471588135
0.4427454471588135
0.4427454173564911
0.4427454173564911
0.4427454173564911
0.44274547696113586
0.4427454471588135
0.4427454471588135
0.4427453875541687
0.4427454471588135
0.4427453577518463
0.4427454471588135
0.4427454173564911
0.4427453875541687
0.4427453577518463
0.4427454173564911
0.4427453577518463
0.4427454471588135
0.4427454471588135
0.4427454173564911
0.4427454471588135
0.4427454173564911
0.4427454173564911
0.4427454173564911
0.4427454173564911
0.4427454173564911
0.4427454173564911
0.4427454471588135
0.4427453577518463
0.4427453577518463
0.4427453875541687
0.44274529814720154
0.4427454173564911
0.4427454471588135
0.4427454173564911
0.4427453577518463
0.4427453279495239
0.4427454173564911
0.4427453875541687
0.4427453875541687
0.4427454173564911
0.4427453279495239
0.4427453875541687
0.4427453875541687
0.4427453577518463
0.4427453279495239
0.4427453875541687
0.4427453577518463
0.44274547696113586
0.4427453279495239
0.4427453279495239
0.4427453577518463
0.4427453577518463
0.4427453577518463
0.4427453875541687
0.4427453279495239
0.4427453577518463
0.4427453279495239
0.4427454471588135
0.4427453577518463
0.44274526834487915
0.44274529814720154
0.4427453577518463
0.4427453279495239
0.4427453577518463
0.4427453279495239
0.44274529814720154
0.4427454173564911
0.44274529814720154
0.4427453577518463
0.4427453577518463
0.4427453279495239
0.44274529814720154
0.44274529814720154
0.44274529814720154
0.44274529814720154
0.44274529814720154
0.44274526834487915
0.44274526834487915
0.44274529814720154
0.44274523854255676
0.4427453577518463
0.44274523854255676
0.44274523854255676
0.44274526834487915
0.4427452087402344
0.44274523854255676
0.44274526834487915
0.44274526834487915
0.44274526834487915
0.44274526834487915
0.44274523854255676
0.4427452087402344
0.44274523854255676
0.44274523854255676
0.44274523854255676
0.44274529814720154
0.44274526834487915
0.44274526834487915
0.442745178937912
0.44274526834487915
0.4427452087402344
0.44274529814720154
0.44274523854255676
0.44274526834487915
0.44274523854255676
0.44274526834487915
0.44274529814720154
0.44274523854255676
0.4427452087402344
0.4427452087402344
0.44274523854255676
0.4427452087402344
0.442745178937912
0.44274523854255676
0.44274523854255676
0.4427451491355896
0.44274523854255676
0.4427452087402344
0.4427452087402344
0.44274523854255676
0.442745178937912
0.442745178937912
0.4427452087402344
0.4427452087402344
0.442745178937912
0.4427451491355896
0.4427451491355896
0.4427452087402344
0.442745178937912
0.4427452087402344
0.44274526834487915
0.4427452087402344
0.442745178937912
0.4427451491355896
0.4427451491355896
0.4427451491355896
0.4427452087402344
0.4427452087402344
0.442745178937912
0.4427451491355896
0.4427452087402344
0.4427451491355896
0.4427451491355896
0.4427451491355896
0.442745178937912
0.4427451491355896
0.442745178937912
0.4427451491355896
0.4427451491355896
0.4427451491355896
0.4427451193332672
0.4427451491355896
0.4427450895309448
0.4427451491355896
0.4427451491355896
0.4427451491355896
0.4427451491355896
0.4427451491355896
0.4427451491355896
0.442745178937912
0.4427451491355896
0.4427451491355896
0.4427451491355896
0.4427451193332672
0.4427451491355896
0.4427451193332672
0.4427450895309448
0.4427451491355896
0.4427451491355896
0.4427451491355896
0.4427451193332672
0.44274502992630005
0.4427450895309448
0.4427450895309448
0.44274505972862244
0.442745178937912
0.4427451491355896
0.4427451491355896
0.44274505972862244
0.442745178937912
0.4427451193332672
0.44274502992630005
0.44274505972862244
0.4427450895309448
0.44274502992630005
0.4427450895309448
0.44274505972862244
0.4427451491355896
0.4427451193332672
0.44274502992630005
0.4427451193332672
0.44274505972862244
0.4427450895309448
0.44274505972862244
0.44274505972862244
0.44274502992630005
0.44274502992630005
0.44274502992630005
0.44274502992630005
0.44274505972862244
0.44274500012397766
0.44274502992630005
0.44274502992630005
0.44274502992630005
0.4427449703216553
0.44274500012397766
0.44274502992630005
0.44274502992630005
0.44274505972862244
0.44274500012397766
0.44274502992630005
0.44274505972862244
0.44274505972862244
0.4427451193332672
0.4427449703216553
0.44274502992630005
0.44274502992630005
0.4427451491355896
0.4427449703216553
0.4427449703216553
0.44274505972862244
0.4427450895309448
0.4427449703216553
0.4427450895309448
0.44274502992630005
0.44274502992630005
0.44274500012397766
0.4427449703216553
0.44274502992630005
0.44274502992630005
0.44274502992630005
0.4427450895309448
0.44274500012397766
0.4427449703216553
0.4427449703216553
0.4427449703216553
0.44274502992630005
0.44274502992630005
0.4427449703216553
0.44274500012397766
0.4427449703216553
0.4427449107170105
0.44274502992630005
0.4427449703216553
0.4427449107170105
0.44274500012397766
0.4427449405193329
0.4427449703216553
0.4427449703216553
0.4427449405193329
0.4427449405193329
0.4427449405193329
0.4427449405193329
0.4427449405193329
0.4427449703216553
0.4427449703216553
0.4427449703216553
0.4427449405193329
0.4427449703216553
0.4427449107170105
0.4427449405193329
0.4427448809146881
0.4427449703216553
0.4427449405193329
0.4427449107170105
0.4427449107170105
0.4427449107170105
0.44274500012397766
0.4427449703216553
0.4427448809146881
0.4427449703216553
0.4427448511123657
0.4427449405193329
0.4427448809146881
0.4427448809146881
0.4427449107170105
0.4427448809146881
0.4427449405193329
0.4427449107170105
0.44274502992630005
0.4427449107170105
0.4427449405193329
0.4427449107170105
0.4427448809146881
0.4427449107170105
0.4427449107170105
0.4427448809146881
0.4427449405193329
0.4427448809146881
0.4427448511123657
0.4427449405193329
0.4427448809146881
0.44274479150772095
0.4427449107170105
0.4427449107170105
0.4427448511123657
0.44274482131004333
0.44274482131004333
0.44274479150772095
0.4427448511123657
0.4427448809146881
0.4427448511123657
0.4427448809146881
0.4427448511123657
0.4427448511123657
0.4427448511123657
0.44274482131004333
0.4427448511123657
0.4427448511123657
0.4427448511123657
0.4427448511123657
0.4427448511123657
0.44274479150772095
0.4427448809146881
0.44274482131004333
0.44274479150772095
0.4427448511123657
0.4427448511123657
0.44274479150772095
0.4427449107170105
0.44274479150772095
0.4427448511123657
0.4427448511123657
0.44274479150772095
0.44274479150772095
0.44274473190307617
0.44274482131004333
0.44274476170539856
0.44274473190307617
0.44274473190307617
0.44274476170539856
0.4427448511123657
0.44274482131004333
0.44274482131004333
0.44274479150772095
0.44274479150772095
0.44274473190307617
0.44274479150772095
0.44274473190307617
0.44274482131004333
0.44274476170539856
0.44274479150772095
0.4427447021007538
0.44274473190307617
0.4427447021007538
0.44274476170539856
0.44274479150772095
0.44274476170539856
0.44274479150772095
0.44274473190307617
0.44274479150772095
0.44274473190307617
0.4427447021007538
0.44274476170539856
0.44274473190307617
0.44274479150772095
0.4427447021007538
0.44274473190307617
0.44274476170539856
0.44274476170539856
0.4427447021007538
0.44274476170539856
0.4427447021007538
0.44274476170539856
0.44274473190307617
0.44274473190307617
0.44274473190307617
0.4427446722984314
0.4427446722984314
0.4427446722984314
0.4427447021007538
0.44274476170539856
0.4427447021007538
0.44274473190307617
0.4427446722984314
0.44274473190307617
0.4427447021007538
0.4427447021007538
0.4427447021007538
0.44274476170539856
0.4427446722984314
0.44274476170539856
0.44274473190307617
0.4427446722984314
0.4427446722984314
0.4427447021007538
0.44274473190307617
0.44274473190307617
0.4427446126937866
0.4427446722984314
0.4427447021007538
0.4427446722984314
0.442744642496109
0.44274473190307617
0.4427447021007538
0.4427446722984314
0.4427447021007538
0.4427447021007538
0.4427447021007538
0.4427447021007538
0.4427446722984314
0.442744642496109
0.442744642496109
0.44274458289146423
0.442744642496109
0.4427446126937866
0.442744642496109
0.4427446126937866
0.442744642496109
0.4427446126937866
0.442744642496109
0.4427446126937866
0.4427446126937866
0.442744642496109
0.44274473190307617
0.4427446722984314
0.4427446126937866
0.4427446126937866
0.4427446126937866
0.4427446126937866
0.442744642496109
0.4427446126937866
0.44274458289146423
0.4427446126937866
0.4427446126937866
0.44274458289146423
0.44274458289146423
0.4427446126937866
0.442744642496109
0.4427446126937866
0.44274458289146423
0.4427446126937866
0.4427446126937866
0.44274458289146423
0.44274458289146423
0.4427446126937866
0.44274455308914185
0.4427446126937866
0.4427446126937866
0.4427446126937866
0.44274455308914185
0.44274458289146423
0.4427446126937866
0.4427446126937866
0.4427446126937866
0.44274452328681946
0.442744642496109
0.4427446126937866
0.4427446126937866
0.4427446126937866
0.44274455308914185
0.44274458289146423
0.4427446126937866
0.44274455308914185
0.44274455308914185
0.44274452328681946
0.44274455308914185
0.44274458289146423
0.44274455308914185
0.44274449348449707
0.44274455308914185
0.4427446126937866
0.44274452328681946
0.44274458289146423
0.44274452328681946
0.44274455308914185
0.4427446126937866
0.44274458289146423
0.44274452328681946
0.44274455308914185
0.44274458289146423
0.4427444636821747
0.44274455308914185
0.4427444636821747
0.44274455308914185
0.44274449348449707
0.44274455308914185
0.44274452328681946
0.44274452328681946
0.44274452328681946
0.44274449348449707
0.4427444636821747
0.44274449348449707
0.44274455308914185
0.44274452328681946
0.4427444636821747
0.4427444636821747
0.44274452328681946
0.44274452328681946
0.44274452328681946
0.4427444636821747
0.44274449348449707
0.44274449348449707
0.44274452328681946
0.4427444636821747
0.4427444338798523
0.4427444636821747
0.44274455308914185
0.4427444338798523
0.44274449348449707
0.4427444636821747
0.44274449348449707
0.44274455308914185
0.44274449348449707
0.4427444636821747
0.4427444338798523
0.4427444636821747
0.4427443742752075
0.44274452328681946
0.4427444338798523
0.44274458289146423
0.44274449348449707
0.4427444338798523
0.4427444338798523
0.44274449348449707
0.4427444338798523
0.44274449348449707
0.4427444040775299
0.4427444040775299
0.4427444636821747
0.44274452328681946
0.4427444636821747
0.4427444636821747
0.4427444040775299
0.4427444636821747
0.4427444040775299
0.4427444040775299
0.4427444040775299
0.4427444040775299
0.4427444338798523
0.4427444636821747
0.44274452328681946
0.4427444338798523
0.4427444338798523
0.4427444040775299
0.4427443742752075
0.44274449348449707
0.4427444040775299
0.4427443742752075
0.4427444338798523
0.4427444040775299
0.44274434447288513
0.4427444338798523
0.44274431467056274
0.4427444040775299
0.4427444040775299
0.4427444040775299
0.44274431467056274
0.44274431467056274
0.4427444040775299
0.4427443742752075
0.44274434447288513
0.4427443742752075
0.4427443742752075
0.4427444040775299
0.4427443742752075
0.44274431467056274
0.44274434447288513
0.4427444040775299
0.4427443742752075
0.44274428486824036
0.4427443742752075
0.44274434447288513
0.44274428486824036
0.44274431467056274
0.4427443742752075
0.44274428486824036
0.44274434447288513
0.44274431467056274
0.44274428486824036
0.44274431467056274
0.4427443742752075
0.44274428486824036
0.44274431467056274
0.44274434447288513
0.4427443742752075
0.44274428486824036
0.44274431467056274
0.44274431467056274
0.44274434447288513
0.44274431467056274
0.44274425506591797
0.44274428486824036
0.44274431467056274
0.44274425506591797
0.44274434447288513
0.44274431467056274
0.44274425506591797
0.44274428486824036
0.44274428486824036
0.44274431467056274
0.44274431467056274
0.44274425506591797
0.44274431467056274
0.44274431467056274
0.44274428486824036
0.4427442252635956
0.44274428486824036
0.44274428486824036
0.44274428486824036
0.44274428486824036
0.4427442252635956
0.44274425506591797
0.44274425506591797
0.44274425506591797
0.44274428486824036
0.44274425506591797
0.4427442252635956
0.44274428486824036
0.44274428486824036
0.44274428486824036
0.44274428486824036
0.44274425506591797
0.4427442252635956
0.4427442252635956
0.44274425506591797
0.44274425506591797
0.4427442252635956
0.4427442252635956
0.4427442252635956
0.4427441954612732
0.4427441954612732
0.4427442252635956
0.44274425506591797
0.44274425506591797
0.4427442252635956
0.4427442252635956
0.4427441954612732
0.44274425506591797
0.4427442252635956
0.4427441656589508
0.4427442252635956
0.44274431467056274
0.4427441358566284
0.4427442252635956
0.44274428486824036
0.4427441656589508
0.44274425506591797
0.4427441656589508
0.4427441656589508
0.4427441954612732
0.4427441954612732
0.4427441358566284
0.4427442252635956
0.4427442252635956
0.44274425506591797
0.4427441656589508
0.4427441656589508
0.44274410605430603
0.44274428486824036
0.4427441358566284
0.4427442252635956
0.4427441954612732
0.4427442252635956
0.4427441954612732
0.4427441954612732
0.4427441954612732
0.4427441656589508
0.4427442252635956
0.4427441954612732
0.4427442252635956
0.4427441656589508
0.44274410605430603
0.4427441656589508
0.4427441656589508
0.4427441358566284
0.4427441656589508
0.4427441954612732
0.44274410605430603
0.44274410605430603
0.44274410605430603
0.4427441954612732
0.44274410605430603
0.4427441358566284
0.4427441358566284
0.4427441358566284
0.4427441656589508
0.44274410605430603
0.44274410605430603
0.44274410605430603
0.44274410605430603
0.44274410605430603
0.44274410605430603
0.4427441656589508
0.4427441358566284
0.44274410605430603
0.44274410605430603
0.4427441358566284
0.4427441954612732
0.44274410605430603
0.44274407625198364
0.44274410605430603
0.44274410605430603
0.44274407625198364
0.44274410605430603
0.44274407625198364
0.44274410605430603
0.44274407625198364
0.44274410605430603
0.44274410605430603
0.44274407625198364
0.44274410605430603
0.44274410605430603
0.44274410605430603
0.44274407625198364
0.4427441358566284
0.44274410605430603
0.44274404644966125
0.44274407625198364
0.44274401664733887
0.44274407625198364
0.44274407625198364
0.44274404644966125
0.44274407625198364
0.44274410605430603
0.44274404644966125
0.44274410605430603
0.44274407625198364
0.44274410605430603
0.44274401664733887
0.44274404644966125
0.44274407625198364
0.44274404644966125
0.4427441358566284
0.44274401664733887
0.44274407625198364
0.44274407625198364
0.44274404644966125
0.44274401664733887
0.44274407625198364
0.44274410605430603
0.44274404644966125
0.44274407625198364
0.44274404644966125
0.44274401664733887
0.4427439570426941
0.44274404644966125
0.44274401664733887
0.44274401664733887
0.44274404644966125
0.44274404644966125
0.44274401664733887
0.44274404644966125
0.44274401664733887
0.4427439868450165
0.44274407625198364
0.4427439868450165
0.44274401664733887
0.44274404644966125
0.4427439868450165
0.44274401664733887
0.4427439868450165
0.44274404644966125
0.44274407625198364
0.4427439868450165
0.4427439868450165
0.44274401664733887
0.44274401664733887
0.4427439272403717
0.4427439868450165
0.4427439868450165
0.4427439570426941
0.4427439570426941
0.4427438974380493
0.4427439868450165
0.4427439570426941
0.44274404644966125
0.4427439570426941
0.4427439868450165
0.4427439570426941
0.4427439272403717
0.4427438974380493
0.4427439272403717
0.4427439868450165
0.44274401664733887
0.4427439272403717
0.4427438974380493
0.4427439272403717
0.4427439570426941
0.4427439570426941
0.44274401664733887
0.4427439570426941
0.4427439570426941
0.4427439272403717
0.4427439570426941
0.44274401664733887
0.4427439570426941
0.4427439570426941
0.4427438974380493
0.44274386763572693
0.4427439272403717
0.4427439570426941
0.4427438974380493
0.4427439272403717
0.44274386763572693
0.4427439570426941
0.4427439570426941
0.4427439570426941
0.44274383783340454
0.4427438974380493
0.4427438974380493
0.44274386763572693
0.4427439272403717
0.4427438974380493
0.4427438974380493
0.4427438974380493
0.4427438974380493
0.44274386763572693
0.4427438974380493
0.44274386763572693
0.44274380803108215
0.44274386763572693
0.44274386763572693
0.44274383783340454
0.44274386763572693
0.44274386763572693
0.44274383783340454
0.44274383783340454
0.44274380803108215
0.4427438974380493
0.44274383783340454
0.44274380803108215
0.44274386763572693
0.4427438974380493
0.44274383783340454
0.4427439272403717
0.4427438974380493
0.44274380803108215
0.44274386763572693
0.44274383783340454
0.44274377822875977
0.44274383783340454
0.44274383783340454
0.4427437484264374
0.44274380803108215
0.44274383783340454
0.44274380803108215
0.44274380803108215
0.4427438974380493
0.4427438974380493
0.44274383783340454
0.4427437484264374
0.44274377822875977
0.44274377822875977
0.4427438974380493
0.44274377822875977
0.44274380803108215
0.44274386763572693
0.44274380803108215
0.44274386763572693
0.44274380803108215
0.44274377822875977
0.442743718624115
0.44274377822875977
0.44274377822875977
0.44274380803108215
0.442743718624115
0.44274383783340454
0.44274383783340454
0.44274377822875977
0.442743718624115
0.4427437484264374
0.44274377822875977
0.4427437484264374
0.44274377822875977
0.4427437484264374
0.44274377822875977
0.44274377822875977
0.44274377822875977
0.44274377822875977
0.4427437484264374
0.44274380803108215
0.44274383783340454
0.442743718624115
0.44274380803108215
0.44274377822875977
0.44274377822875977
0.44274380803108215
0.4427436888217926
0.44274380803108215
0.442743718624115
0.442743718624115
0.442743718624115
0.4427437484264374
0.442743718624115
0.44274380803108215
0.442743718624115
0.442743718624115
0.44274377822875977
0.4427437484264374
0.4427437484264374
0.4427436888217926
0.4427436888217926
0.44274377822875977
0.44274377822875977
0.4427436590194702
0.442743718624115
0.4427436590194702
0.4427436888217926
0.4427436888217926
0.442743718624115
0.4427436590194702
0.4427436888217926
0.442743718624115
0.4427437484264374
0.4427436888217926
0.4427436888217926
0.4427436888217926
0.4427436888217926
0.4427436888217926
0.4427436888217926
0.4427436888217926
0.442743718624115
0.442743718624115
0.4427436292171478
0.442743718624115
0.4427436888217926
0.4427436888217926
0.44274359941482544
0.4427436590194702
0.4427436590194702
0.4427436590194702
0.4427436590194702
0.44274359941482544
0.44274359941482544
0.4427436590194702
0.44274359941482544
0.44274359941482544
0.4427436590194702
0.4427436590194702
0.4427436590194702
0.4427436888217926
0.4427436888217926
0.4427436590194702
0.4427436292171478
0.44274359941482544
0.4427436292171478
0.4427436292171478
0.4427436888217926
0.4427436292171478
0.4427436590194702
0.4427436292171478
0.44274359941482544
0.44274359941482544
0.44274359941482544
0.44274359941482544
0.44274359941482544
0.44274359941482544
0.44274359941482544
0.4427436292171478
0.44274359941482544
0.44274359941482544
0.4427436292171478
0.44274356961250305
0.44274359941482544
0.44274356961250305
0.4427436590194702
0.44274359941482544
0.44274356961250305
0.44274359941482544
0.44274359941482544
0.44274359941482544
0.44274359941482544
0.4427436292171478
0.44274359941482544
0.44274359941482544
0.44274359941482544
0.44274356961250305
0.44274356961250305
0.44274359941482544
0.44274359941482544
0.44274353981018066
0.44274359941482544
0.44274359941482544
0.44274356961250305
0.44274356961250305
0.44274356961250305
0.44274359941482544
0.44274356961250305
0.44274356961250305
0.44274353981018066
0.44274359941482544
0.4427435100078583
0.44274359941482544
0.44274356961250305
0.4427435100078583
0.44274353981018066
0.44274356961250305
0.44274359941482544
0.44274356961250305
0.44274353981018066
0.4427435100078583
0.44274353981018066
0.44274359941482544
0.44274356961250305
0.4427435100078583
0.44274356961250305
0.4427435100078583
0.44274353981018066
0.44274359941482544
0.4427435100078583
0.44274353981018066
0.44274353981018066
0.4427434802055359
0.44274353981018066
0.4427435100078583
0.44274356961250305
0.4427435100078583
0.4427435100078583
0.4427435100078583
0.44274353981018066
0.4427434802055359
0.4427435100078583
0.4427435100078583
0.4427434802055359
0.4427434802055359
0.4427434802055359
0.4427434504032135
0.4427434802055359
0.4427434504032135
0.4427434802055359
0.4427434802055359
0.4427435100078583
0.4427434504032135
0.4427434504032135
0.4427434206008911
0.4427434504032135
0.4427435100078583
0.4427434504032135
0.44274353981018066
0.4427434206008911
0.4427434504032135
0.4427434206008911
0.4427434504032135
0.4427433907985687
0.4427433907985687
0.4427434802055359
0.4427435100078583
0.4427434206008911
0.4427434206008911
0.4427434206008911
0.4427434504032135
0.4427434504032135
0.4427434206008911
0.4427434802055359
0.4427434206008911
0.4427434206008911
0.4427434504032135
0.4427434504032135
0.4427434206008911
0.4427434206008911
0.4427434802055359
0.4427434206008911
0.4427434504032135
0.44274336099624634
0.4427433907985687
0.4427434206008911
0.4427433907985687
0.4427434206008911
0.44274333119392395
0.4427433907985687
0.44274333119392395
0.4427434504032135
0.4427433907985687
0.4427433907985687
0.44274336099624634
0.44274336099624634
0.4427434504032135
0.4427433907985687
0.4427433907985687
0.44274336099624634
0.44274336099624634
0.4427434206008911
0.44274336099624634
0.4427434206008911
0.44274336099624634
0.4427433907985687
0.44274336099624634
0.4427433907985687
0.44274336099624634
0.44274336099624634
0.44274336099624634
0.44274336099624634
0.44274333119392395
0.44274333119392395
0.44274333119392395
0.4427434206008911
0.44274333119392395
0.4427432715892792
0.44274336099624634
0.4427434504032135
0.44274330139160156
0.44274333119392395
0.44274333119392395
0.4427433907985687
0.44274336099624634
0.44274333119392395
0.44274333119392395
0.4427432715892792
0.44274330139160156
0.44274336099624634
0.44274330139160156
0.44274330139160156
0.4427432417869568
0.44274330139160156
0.44274336099624634
0.4427432715892792
0.4427432715892792
0.44274333119392395
0.4427432715892792
0.44274333119392395
0.4427432715892792
0.44274330139160156
0.44274330139160156
0.44274330139160156
0.4427432715892792
0.44274333119392395
0.44274336099624634
0.4427432417869568
0.4427432715892792
0.4427432715892792
0.4427432715892792
0.4427432417869568
0.4427432715892792
0.4427432119846344
0.4427432417869568
0.44274330139160156
0.4427432715892792
0.44274330139160156
0.4427432715892792
0.4427432715892792
0.44274333119392395
0.4427432119846344
0.44274330139160156
0.4427432715892792
0.44274330139160156
0.4427432417869568
0.4427432119846344
0.4427432119846344
0.44274333119392395
0.4427432417869568
0.4427432715892792
0.4427432715892792
0.442743182182312
0.4427432417869568
0.4427432119846344
0.4427431523799896
0.4427432715892792
0.4427432715892792
0.4427432417869568
0.442743182182312
0.4427432715892792
0.442743182182312
0.4427432417869568
0.4427431523799896
0.4427432715892792
0.442743182182312
0.4427432119846344
0.442743182182312
0.4427432119846344
0.442743182182312
0.442743182182312
0.4427432119846344
0.442743182182312
0.4427431523799896
0.4427431523799896
0.442743182182312
0.4427431523799896
0.4427431523799896
0.4427432715892792
0.442743182182312
0.4427431523799896
0.442743182182312
0.4427432119846344
0.4427431523799896
0.442743182182312
0.4427431523799896
0.442743182182312
0.4427432119846344
0.4427431523799896
0.44274312257766724
0.44274312257766724
0.44274312257766724
0.4427432417869568
0.4427431523799896
0.44274309277534485
0.4427431523799896
0.4427431523799896
0.4427431523799896
0.4427431523799896
0.44274309277534485
0.442743182182312
0.4427431523799896
0.44274309277534485
0.44274309277534485
0.4427431523799896
0.442743182182312
0.4427431523799896
0.4427431523799896
0.44274312257766724
0.44274309277534485
0.44274309277534485
0.44274309277534485
0.44274309277534485
0.4427431523799896
0.44274312257766724
0.44274306297302246
0.4427432119846344
0.44274306297302246
0.4427431523799896
0.44274309277534485
0.4427431523799896
0.44274309277534485
0.44274309277534485
0.44274309277534485
0.44274306297302246
0.44274309277534485
0.44274309277534485
0.44274306297302246
0.44274306297302246
0.44274309277534485
0.44274309277534485
0.44274306297302246
0.4427430331707001
0.44274306297302246
0.44274306297302246
0.44274306297302246
0.44274309277534485
0.44274306297302246
0.44274309277534485
0.44274309277534485
0.44274309277534485
0.44274306297302246
0.4427430033683777
0.4427430033683777
0.44274312257766724
0.44274306297302246
0.44274306297302246
0.44274306297302246
0.44274312257766724
0.44274306297302246
0.4427430033683777
0.4427430331707001
0.44274306297302246
0.44274306297302246
0.44274306297302246
0.4427430033683777
0.44274306297302246
0.4427429735660553
0.44274306297302246
0.44274306297302246
0.4427429437637329
0.44274306297302246
0.4427430331707001
0.44274306297302246
0.4427429735660553
0.44274306297302246
0.44274309277534485
0.4427430033683777
0.4427430033683777
0.4427430331707001
0.4427430331707001
0.4427430033683777
0.4427429437637329
0.44274306297302246
0.4427430033683777
0.4427429735660553
0.4427430331707001
0.44274306297302246
0.4427430033683777
0.4427430331707001
0.4427430331707001
0.4427429735660553
0.4427429735660553
0.4427429139614105
0.4427429735660553
0.4427430331707001
0.4427430033683777
0.4427429437637329
0.4427429437637329
0.4427429437637329
0.44274312257766724
0.4427429437637329
0.4427430033683777
0.4427429735660553
0.4427430033683777
0.4427429437637329
0.4427429735660553
0.4427429437637329
0.4427430033683777
0.4427429735660553
0.4427429437637329
0.4427429735660553
0.4427429735660553
0.4427429139614105
0.4427430033683777
0.4427429735660553
0.4427429735660553
0.44274288415908813
0.4427429437637329
0.4427429139614105
0.4427429139614105
0.4427429139614105
0.4427429437637329
0.4427429139614105
0.4427429437637329
0.4427430331707001
0.4427429139614105
0.4427429139614105
0.4427429139614105
0.44274288415908813
0.4427429437637329
0.4427429437637329
0.4427429735660553
0.44274285435676575
0.44274288415908813
0.4427429437637329
0.4427429437637329
0.4427429139614105
0.44274288415908813
0.44274288415908813
0.44274288415908813
0.44274282455444336
0.44274285435676575
0.4427429139614105
0.44274288415908813
0.44274288415908813
0.44274285435676575
0.44274288415908813
0.4427429437637329
0.44274288415908813
0.44274285435676575
0.4427429139614105
0.44274282455444336
0.44274288415908813
0.44274288415908813
0.44274282455444336
0.44274288415908813
0.44274282455444336
0.44274288415908813
0.44274282455444336
0.44274279475212097
0.44274282455444336
0.44274285435676575
0.44274282455444336
0.4427427351474762
0.44274285435676575
0.44274282455444336
0.44274288415908813
0.44274279475212097
0.44274279475212097
0.44274285435676575
0.44274279475212097
0.44274279475212097
0.44274282455444336
0.44274288415908813
0.44274285435676575
0.44274279475212097
0.44274282455444336
0.44274279475212097
0.44274282455444336
0.44274282455444336
0.44274279475212097
0.44274288415908813
0.44274282455444336
0.4427427649497986
0.44274279475212097
0.44274282455444336
0.44274282455444336
0.44274285435676575
0.4427427351474762
0.4427427649497986
0.44274279475212097
0.44274282455444336
0.44274279475212097
0.44274279475212097
0.4427427649497986
0.4427427649497986
0.44274282455444336
0.44274282455444336
0.44274279475212097
0.4427427649497986
0.44274279475212097
0.4427427649497986
0.4427427649497986
0.4427427053451538
0.4427427649497986
0.4427427351474762
0.4427427649497986
0.4427427351474762
0.4427427649497986
0.4427427649497986
0.4427427649497986
0.4427427649497986
0.4427426755428314
0.44274282455444336
0.4427427053451538
0.4427427053451538
0.4427426755428314
0.4427426755428314
0.4427427053451538
0.4427427053451538
0.4427427351474762
0.4427427351474762
0.4427427053451538
0.4427426755428314
0.4427427053451538
0.4427427351474762
0.4427427053451538
0.4427426755428314
0.4427427649497986
0.44274261593818665
0.4427427053451538
0.4427426755428314
0.4427427351474762
0.4427426755428314
0.4427427053451538
0.4427427649497986
0.4427427649497986
0.4427426755428314
0.4427427351474762
0.4427427053451538
0.4427427053451538
0.4427427053451538
0.4427427351474762
0.44274264574050903
0.4427426755428314
0.4427427351474762
0.4427427053451538
0.4427427649497986
0.44274264574050903
0.4427427053451538
0.4427426755428314
0.44274258613586426
0.44274264574050903
0.44274264574050903
0.44274264574050903
0.44274261593818665
0.44274264574050903
0.44274264574050903
0.44274264574050903
0.44274264574050903
0.44274264574050903
0.44274264574050903
0.4427426755428314
0.44274264574050903
0.44274261593818665
0.44274264574050903
0.44274261593818665
0.4427426755428314
0.44274264574050903
0.4427426755428314
0.44274261593818665
0.44274261593818665
0.4427427351474762
0.44274261593818665
0.44274261593818665
0.44274264574050903
0.44274261593818665
0.44274261593818665
0.4427426755428314
0.4427427053451538
0.44274264574050903
0.44274258613586426
0.44274258613586426
0.44274258613586426
0.44274255633354187
0.44274255633354187
0.44274264574050903
0.44274261593818665
0.44274255633354187
0.44274261593818665
0.44274258613586426
0.44274258613586426
0.44274255633354187
0.44274255633354187
0.44274255633354187
0.44274261593818665
0.44274258613586426
0.44274255633354187
0.44274255633354187
0.44274261593818665
0.44274261593818665
0.44274255633354187
0.44274255633354187
0.44274258613586426
0.44274255633354187
0.44274258613586426
0.44274258613586426
0.4427425265312195
0.44274255633354187
0.44274255633354187
0.44274255633354187
0.44274255633354187
0.44274255633354187
0.44274255633354187
0.44274255633354187
0.44274255633354187
0.44274255633354187
0.44274258613586426
0.44274255633354187
0.44274255633354187
0.44274255633354187
0.4427424967288971
0.44274258613586426
0.44274258613586426
0.4427425265312195
0.44274255633354187
0.44274255633354187
0.44274255633354187
0.44274255633354187
0.44274255633354187
0.4427425265312195
0.44274255633354187
0.4427425265312195
0.4427425265312195
0.4427425265312195
0.4427424967288971
0.4427424967288971
0.4427424669265747
0.4427425265312195
0.4427424967288971
0.4427424967288971
0.4427424371242523
0.4427424669265747
0.4427424967288971
0.4427424669265747
0.4427424669265747
0.4427424967288971
0.4427425265312195
0.44274255633354187
0.4427424967288971
0.4427424669265747
0.4427424967288971
0.44274240732192993
0.4427424371242523
0.4427424967288971
0.44274255633354187
0.4427424669265747
0.4427425265312195
0.4427424967288971
0.4427424967288971
0.4427424967288971
0.4427424967288971
0.4427424967288971
0.4427424371242523
0.4427424669265747
0.4427424371242523
0.4427424669265747
0.4427424967288971
0.4427424669265747
0.4427424371242523
0.4427424967288971
0.4427424669265747
0.4427424371242523
0.44274255633354187
0.44274255633354187
0.4427424371242523
0.4427424967288971
0.4427425265312195
0.4427424371242523
0.4427424669265747
0.4427424669265747
0.4427424371242523
0.4427424371242523
0.44274240732192993
0.4427424371242523
0.44274240732192993
0.44274237751960754
0.44274237751960754
0.4427424371242523
0.4427424371242523
0.4427424669265747
0.4427424371242523
0.44274237751960754
0.44274237751960754
0.44274237751960754
0.4427424371242523
0.44274234771728516
0.44274237751960754
0.44274240732192993
0.44274234771728516
0.4427424371242523
0.44274234771728516
0.4427424371242523
0.44274240732192993
0.44274237751960754
0.44274234771728516
0.44274237751960754
0.44274237751960754
0.44274237751960754
0.44274237751960754
0.44274240732192993
0.44274237751960754
0.44274234771728516
0.44274234771728516
0.44274240732192993
0.44274231791496277
0.44274234771728516
0.44274234771728516
0.44274237751960754
0.44274237751960754
0.44274231791496277
0.44274240732192993
0.44274237751960754
0.44274234771728516
0.44274237751960754
0.44274234771728516
0.4427422881126404
0.44274231791496277
0.44274231791496277
0.44274234771728516
0.44274234771728516
0.44274237751960754
0.44274231791496277
0.44274231791496277
0.4427422881126404
0.44274234771728516
0.44274234771728516
0.44274237751960754
0.44274231791496277
0.44274234771728516
0.44274237751960754
0.44274231791496277
0.442742258310318
0.4427422881126404
0.44274231791496277
0.44274231791496277
0.44274231791496277
0.44274231791496277
0.442742258310318
0.44274234771728516
0.442742258310318
0.4427422881126404
0.44274231791496277
0.44274231791496277
0.442742258310318
0.442742258310318
0.4427422881126404
0.4427422881126404
0.442742258310318
0.442742258310318
0.4427422881126404
0.4427421987056732
0.44274231791496277
0.4427422881126404
0.442742258310318
0.4427422881126404
0.4427422285079956
0.442742258310318
0.442742258310318
0.442742258310318
0.442742258310318
0.442742258310318
0.442742258310318
0.442742258310318
0.442742258310318
0.4427421987056732
0.442742258310318
0.4427421987056732
0.442742258310318
0.4427422285079956
0.4427422881126404
0.442742258310318
0.4427422285079956
0.4427422285079956
0.4427421987056732
0.4427421987056732
0.4427422285079956
0.442742258310318
0.4427422881126404
0.4427421987056732
0.4427421987056732
0.4427421987056732
0.4427422285079956
0.4427422285079956
0.442742258310318
0.4427422285079956
0.4427422285079956
0.44274216890335083
0.4427421987056732
0.4427422285079956
0.4427422285079956
0.4427421987056732
0.44274213910102844
0.44274216890335083
0.4427422285079956
0.4427422285079956
0.44274216890335083
0.4427421987056732
0.4427421987056732
0.44274213910102844
0.4427421987056732
0.44274210929870605
0.44274216890335083
0.44274216890335083
0.4427421987056732
0.44274216890335083
0.44274213910102844
0.44274213910102844
0.44274210929870605
0.44274216890335083
0.44274216890335083
0.44274213910102844
0.44274216890335083
0.44274216890335083
0.44274207949638367
0.44274216890335083
0.44274210929870605
0.44274210929870605
0.4427420496940613
0.44274210929870605
0.44274213910102844
0.44274213910102844
0.44274210929870605
0.44274213910102844
0.44274216890335083
0.44274213910102844
0.44274213910102844
0.44274210929870605
0.44274210929870605
0.44274213910102844
0.44274213910102844
0.44274216890335083
0.44274216890335083
0.44274210929870605
0.44274210929870605
0.44274213910102844
0.44274207949638367
0.44274207949638367
0.4427420496940613
0.44274213910102844
0.4427420496940613
0.44274210929870605
0.4427420496940613
0.4427420496940613
0.44274210929870605
0.4427420496940613
0.44274210929870605
0.44274213910102844
0.44274210929870605
0.44274207949638367
0.44274210929870605
0.44274207949638367
0.44274207949638367
0.44274210929870605
0.44274210929870605
0.4427420496940613
0.4427420496940613
0.44274207949638367
0.44274207949638367
0.4427420496940613
0.44274207949638367
0.44274210929870605
0.4427420198917389
0.4427420496940613
0.4427420496940613
0.4427420496940613
0.4427420496940613
0.4427420496940613
0.44274210929870605
0.4427420496940613
0.4427420198917389
0.4427420198917389
0.4427420496940613
0.44274207949638367
0.4427420198917389
0.4427420198917389
0.4427420496940613
0.4427420496940613
0.44274207949638367
0.4427420198917389
0.4427420198917389
0.44274207949638367
0.4427419900894165
0.4427420198917389
0.4427420496940613
0.4427420198917389
0.4427420198917389
0.44274207949638367
0.4427420198917389
0.4427419900894165
0.4427419602870941
0.4427419900894165
0.4427420496940613
0.4427420198917389
0.4427419602870941
0.4427420496940613
0.4427420198917389
0.4427419900894165
0.4427420198917389
0.4427419602870941
0.4427420496940613
0.4427419602870941
0.4427420496940613
0.4427420198917389
0.44274193048477173
0.4427419900894165
0.4427419900894165
0.44274193048477173
0.4427419602870941
0.44274193048477173
0.4427420496940613
0.4427420198917389
0.4427419602870941
0.4427419900894165
0.4427419602870941
0.4427420198917389
0.4427419900894165
0.44274190068244934
0.44274193048477173
0.4427420496940613
0.4427419900894165
0.44274190068244934
0.44274193048477173
0.44274193048477173
0.4427419602870941
0.4427420198917389
0.4427419602870941
0.44274193048477173
0.44274193048477173
0.4427419900894165
0.4427419900894165
0.4427419900894165
0.44274190068244934
0.44274190068244934
0.44274190068244934
0.4427419602870941
0.44274193048477173
0.44274193048477173
0.44274193048477173
0.44274190068244934
0.44274193048477173
0.44274190068244934
0.44274187088012695
0.44274187088012695
0.44274193048477173
0.4427419602870941
0.4427419602870941
0.44274187088012695
0.44274193048477173
0.44274190068244934
0.44274193048477173
0.44274190068244934
0.4427418112754822
0.44274184107780457
0.44274187088012695
0.44274187088012695
0.44274190068244934
0.44274190068244934
0.44274190068244934
0.4427419900894165
0.44274190068244934
0.44274187088012695
0.44274187088012695
0.44274187088012695
0.44274193048477173
0.44274187088012695
0.44274187088012695
0.4427418112754822
0.44274187088012695
0.44274184107780457
0.44274184107780457
0.44274184107780457
0.44274184107780457
0.44274184107780457
0.44274184107780457
0.44274184107780457
0.4427418112754822
0.44274190068244934
0.44274187088012695
0.44274187088012695
0.44274184107780457
0.44274184107780457
0.4427418112754822
0.44274187088012695
0.4427418112754822
0.44274184107780457
0.4427417814731598
0.44274184107780457
0.4427418112754822
0.44274187088012695
0.4427418112754822
0.4427417814731598
0.4427418112754822
0.4427418112754822
0.4427417516708374
0.4427417814731598
0.4427418112754822
0.4427417516708374
0.44274187088012695
0.44274184107780457
0.44274193048477173
0.4427418112754822
0.4427418112754822
0.44274187088012695
0.44274184107780457
0.4427417516708374
0.4427417814731598
0.4427417814731598
0.4427417814731598
0.4427417814731598
0.442741721868515
0.4427417516708374
0.4427417516708374
0.4427417814731598
0.442741721868515
0.4427417516708374
0.4427416920661926
0.4427417516708374
0.442741721868515
0.442741721868515
0.4427418112754822
0.4427417516708374
0.442741721868515
0.4427417516708374
0.4427417516708374
0.4427416920661926
0.44274166226387024
0.4427417814731598
0.442741721868515
0.4427417516708374
0.44274166226387024
0.44274190068244934
0.4427417516708374
0.4427417814731598
0.442741721868515
0.442741721868515
0.442741721868515
0.4427416920661926
0.44274166226387024
0.4427417516708374
0.442741721868515
0.4427416920661926
0.442741721868515
0.4427416920661926
0.44274163246154785
0.4427418112754822
0.442741721868515
0.4427417814731598
0.44274166226387024
0.44274166226387024
0.442741721868515
0.4427416920661926
0.4427416920661926
0.44274166226387024
0.4427416920661926
0.44274166226387024
0.4427416920661926
0.44274160265922546
0.442741721868515
0.4427416920661926
0.442741721868515
0.4427417516708374
0.442741721868515
0.44274163246154785
0.4427416920661926
0.44274166226387024
0.442741721868515
0.44274166226387024
0.44274163246154785
0.4427416920661926
0.44274163246154785
0.44274160265922546
0.44274166226387024
0.44274163246154785
0.44274163246154785
0.44274166226387024
0.44274166226387024
0.44274163246154785
0.44274163246154785
0.4427417516708374
0.44274163246154785
0.4427415728569031
0.4427416920661926
0.44274160265922546
0.44274163246154785
0.44274163246154785
0.44274160265922546
0.44274160265922546
0.44274160265922546
0.44274160265922546
0.44274160265922546
0.44274160265922546
0.44274166226387024
0.44274163246154785
0.44274160265922546
0.4427415430545807
0.44274163246154785
0.4427415728569031
0.44274163246154785
0.4427415728569031
0.44274163246154785
0.44274163246154785
0.4427415728569031
0.4427415728569031
0.44274166226387024
0.44274166226387024
0.4427415430545807
0.4427415728569031
0.44274163246154785
0.4427415430545807
0.44274160265922546
0.4427415728569031
0.4427415728569031
0.4427415728569031
0.4427415430545807
0.4427415430545807
0.4427415728569031
0.4427415132522583
0.4427415132522583
0.4427415430545807
0.4427415132522583
0.4427415430545807
0.4427415132522583
0.4427415132522583
0.4427415132522583
0.4427415430545807
0.4427415132522583
0.4427415132522583
0.4427415132522583
0.4427415132522583
0.4427415132522583
0.4427415132522583
0.4427415728569031
0.4427415132522583
0.4427415132522583
0.4427415132522583
0.4427415132522583
0.4427415430545807
0.4427415132522583
0.4427414834499359
0.4427415132522583
0.4427415132522583
0.4427415430545807
0.4427415132522583
0.4427415430545807
0.4427415132522583
0.4427415132522583
0.4427414834499359
0.4427415132522583
0.44274142384529114
0.4427415728569031
0.4427415132522583
0.4427415132522583
0.4427415430545807
0.4427414834499359
0.4427415132522583
0.4427414834499359
0.4427415132522583
0.4427415132522583
0.4427415132522583
0.4427414834499359
0.4427415430545807
0.4427415132522583
0.4427415430545807
0.4427415132522583
0.44274142384529114
0.4427415132522583
0.4427414536476135
0.4427414536476135
0.4427414834499359
0.4427414834499359
0.4427414834499359
0.4427415132522583
0.4427414536476135
0.44274142384529114
0.4427415132522583
0.4427414536476135
0.44274142384529114
0.4427414834499359
0.44274139404296875
0.4427414834499359
0.4427414834499359
0.44274139404296875
0.44274139404296875
0.4427414834499359
0.4427414834499359
0.4427415132522583
0.44274139404296875
0.44274142384529114
0.4427414536476135
0.44274142384529114
0.4427414536476135
0.44274142384529114
0.4427414834499359
0.44274142384529114
0.44274136424064636
0.44274139404296875
0.44274142384529114
0.4427415132522583
0.44274136424064636
0.44274142384529114
0.4427414536476135
0.4427414536476135
0.44274136424064636
0.4427414536476135
0.44274136424064636
0.44274139404296875
0.4427413046360016
0.44274139404296875
0.44274136424064636
0.44274139404296875
0.44274139404296875
0.44274136424064636
0.44274136424064636
0.44274142384529114
0.44274136424064636
0.44274142384529114
0.44274139404296875
0.44274139404296875
0.442741334438324
0.442741334438324
0.442741334438324
0.44274139404296875
0.442741334438324
0.44274136424064636
0.44274136424064636
0.4427413046360016
0.44274136424064636
0.442741334438324
0.44274136424064636
0.44274139404296875
0.4427413046360016
0.442741334438324
0.442741334438324
0.4427413046360016
0.44274136424064636
0.4427412748336792
0.44274136424064636
0.442741334438324
0.4427413046360016
0.442741334438324
0.4427412748336792
0.4427413046360016
0.4427413046360016
0.44274136424064636
0.442741334438324
0.442741334438324
0.442741334438324
0.4427412450313568
0.4427412450313568
0.4427413046360016
0.442741334438324
0.4427413046360016
0.442741334438324
0.4427413046360016
0.4427412748336792
0.4427412748336792
0.4427413046360016
0.442741334438324
0.4427412748336792
0.4427412748336792
0.4427412748336792
0.442741334438324
0.4427413046360016
0.4427412748336792
0.4427412450313568
0.4427412152290344
0.4427412748336792
0.4427412748336792
0.4427413046360016
0.4427412152290344
0.4427412748336792
0.4427412152290344
0.4427412450313568
0.4427412748336792
0.44274118542671204
0.4427412748336792
0.4427412450313568
0.4427412450313568
0.4427412748336792
0.4427412450313568
0.4427412748336792
0.4427412152290344
0.4427412152290344
0.4427413046360016
0.4427412450313568
0.4427412450313568
0.4427412450313568
0.4427412450313568
0.4427412450313568
0.4427412748336792
0.4427413046360016
0.4427412450313568
0.4427412450313568
0.4427412450313568
0.4427412152290344
0.4427412152290344
0.44274112582206726
0.44274118542671204
0.44274115562438965
0.44274118542671204
0.44274118542671204
0.44274115562438965
0.4427412152290344
0.44274118542671204
0.44274115562438965
0.4427412152290344
0.44274118542671204
0.44274118542671204
0.44274118542671204
0.44274118542671204
0.4427412152290344
0.44274118542671204
0.4427412152290344
0.44274118542671204
0.4427412152290344
0.44274112582206726
0.44274115562438965
0.44274112582206726
0.44274118542671204
0.44274115562438965
0.44274118542671204
0.44274115562438965
0.44274112582206726
0.44274115562438965
0.4427410960197449
0.44274112582206726
0.44274118542671204
0.44274115562438965
0.44274112582206726
0.4427410960197449
0.44274112582206726
0.44274115562438965
0.44274115562438965
0.4427410960197449
0.44274115562438965
0.44274112582206726
0.44274118542671204
0.4427410662174225
0.44274112582206726
0.4427410960197449
0.4427410960197449
0.4427410960197449
0.44274112582206726
0.4427410662174225
0.44274118542671204
0.4427410662174225
0.4427410662174225
0.44274112582206726
0.44274115562438965
0.4427410960197449
0.44274112582206726
0.44274112582206726
0.4427410662174225
0.4427410662174225
0.4427410960197449
0.4427410960197449
0.4427410662174225
0.4427410960197449
0.4427410960197449
0.4427410662174225
0.4427410960197449
0.4427410364151001
0.44274112582206726
0.4427410662174225
0.4427410662174225
0.4427410662174225
0.4427410364151001
0.4427410662174225
0.4427410364151001
0.4427410960197449
0.4427410364151001
0.4427410662174225
0.4427410960197449
0.4427410662174225
0.4427410960197449
0.4427410066127777
0.4427410662174225
0.4427410662174225
0.4427410364151001
0.4427410960197449
0.4427410364151001
0.4427410662174225
0.4427410960197449
0.4427410066127777
0.4427410662174225
0.4427410066127777
0.4427410066127777
0.4427410662174225
0.4427410662174225
0.4427410066127777
0.4427410066127777
0.4427410662174225
0.4427410364151001
0.4427410662174225
0.4427410066127777
0.4427410066127777
0.4427410364151001
0.4427410364151001
0.4427410364151001
0.4427410066127777
0.4427410066127777
0.4427410066127777
0.4427410066127777
0.4427410066127777
0.4427410066127777
0.4427410066127777
0.44274094700813293
0.4427410066127777
0.4427410066127777
0.44274094700813293
0.4427410066127777
0.4427410066127777
0.44274094700813293
0.4427409768104553
0.4427410066127777
0.4427410066127777
0.4427410066127777
0.44274094700813293
0.4427410066127777
0.4427410066127777
0.44274094700813293
0.4427410066127777
0.4427409768104553
0.4427410066127777
0.44274094700813293
0.4427409768104553
0.4427410066127777
0.44274094700813293
0.4427409768104553
0.4427409768104553
0.4427410066127777
0.44274094700813293
0.4427409768104553
0.4427410066127777
0.4427409768104553
0.44274091720581055
0.44274091720581055
0.4427409768104553
0.4427409768104553
0.4427409768104553
0.44274091720581055
0.4427409768104553
0.44274094700813293
0.44274088740348816
0.44274091720581055
0.4427409768104553
0.4427409768104553
0.44274094700813293
0.44274088740348816
0.44274094700813293
0.44274091720581055
0.44274091720581055
0.44274094700813293
0.44274085760116577
0.44274088740348816
0.44274094700813293
0.4427410066127777
0.44274091720581055
0.44274091720581055
0.44274091720581055
0.44274091720581055
0.44274094700813293
0.4427409768104553
0.44274088740348816
0.44274088740348816
0.44274094700813293
0.44274091720581055
0.44274085760116577
0.44274094700813293
0.44274088740348816
0.44274088740348816
0.44274088740348816
0.44274088740348816
0.44274085760116577
0.442740797996521
0.44274088740348816
0.44274085760116577
0.44274085760116577
0.44274085760116577
0.44274091720581055
0.44274088740348816
0.4427408277988434
0.44274088740348816
0.44274085760116577
0.44274085760116577
0.44274088740348816
0.4427408277988434
0.4427408277988434
0.4427407681941986
0.44274088740348816
0.4427408277988434
0.44274085760116577
0.44274088740348816
0.4427408277988434
0.44274085760116577
0.44274088740348816
0.4427408277988434
0.4427408277988434
0.4427408277988434
0.44274085760116577
0.44274088740348816
0.4427408277988434
0.4427407681941986
0.4427408277988434
0.4427408277988434
0.44274088740348816
0.4427408277988434
0.442740797996521
0.4427408277988434
0.442740797996521
0.4427407681941986
0.4427407383918762
0.4427407383918762
0.44274085760116577
0.4427408277988434
0.4427408277988434
0.4427407681941986
0.4427407681941986
0.4427407681941986
0.442740797996521
0.442740797996521
0.4427407681941986
0.4427407681941986
0.442740797996521
0.442740797996521
0.44274070858955383
0.4427407383918762
0.44274085760116577
0.4427407681941986
0.4427407681941986
0.4427407681941986
0.442740797996521
0.4427407681941986
0.4427407383918762
0.4427407383918762
0.442740797996521
0.4427407681941986
0.4427407681941986
0.44274070858955383
0.4427407383918762
0.4427407383918762
0.44274067878723145
0.4427407383918762
0.442740797996521
0.4427407383918762
0.4427407383918762
0.4427407681941986
0.4427407383918762
0.4427407383918762
0.44274070858955383
0.442740797996521
0.4427407383918762
0.4427407383918762
0.4427407681941986
0.44274070858955383
0.44274067878723145
0.44274067878723145
0.44274070858955383
0.44274067878723145
0.44274070858955383
0.44274070858955383
0.4427407383918762
0.44274070858955383
0.44274070858955383
0.44274064898490906
0.4427407383918762
0.44274067878723145
0.44274067878723145
0.44274070858955383
0.4427407681941986
0.44274070858955383
0.44274070858955383
0.44274064898490906
0.44274064898490906
0.4427407383918762
0.44274067878723145
0.44274070858955383
0.44274067878723145
0.44274061918258667
0.4427408277988434
0.44274070858955383
0.44274064898490906
0.44274064898490906
0.44274070858955383
0.44274067878723145
0.44274064898490906
0.44274067878723145
0.44274070858955383
0.44274067878723145
0.44274064898490906
0.44274067878723145
0.44274061918258667
0.44274061918258667
0.44274064898490906
0.44274070858955383
0.44274067878723145
0.4427405893802643
0.4427405893802643
0.44274067878723145
0.44274067878723145
0.44274064898490906
0.44274064898490906
0.44274061918258667
0.4427405595779419
0.44274061918258667
0.4427405893802643
0.44274064898490906
0.4427405893802643
0.44274061918258667
0.44274067878723145
0.44274064898490906
0.4427405893802643
0.4427405893802643
0.4427405893802643
0.4427405893802643
0.4427405893802643
0.4427405595779419
0.44274061918258667
0.4427405595779419
0.4427405893802643
0.44274061918258667
0.44274061918258667
0.4427405595779419
0.44274064898490906
0.4427405893802643
0.44274061918258667
0.4427405595779419
0.4427405595779419
0.44274061918258667
0.4427405595779419
0.4427405893802643
0.4427405893802643
0.4427405297756195
0.4427405297756195
0.4427405893802643
0.4427405297756195
0.4427404999732971
0.4427405893802643
0.4427405297756195
0.4427405595779419
0.4427404999732971
0.4427405297756195
0.4427405297756195
0.4427404999732971
0.4427405297756195
0.4427404999732971
0.4427405595779419
0.4427405595779419
0.4427404999732971
0.4427404999732971
0.4427405297756195
0.4427404999732971
0.4427404999732971
0.4427405595779419
0.4427405297756195
0.4427404999732971
0.4427404999732971
0.4427405297756195
0.4427405297756195
0.4427404999732971
0.4427404999732971
0.4427404999732971
0.4427405297756195
0.4427405297756195
0.4427404999732971
0.4427404999732971
0.44274044036865234
0.44274047017097473
0.4427404999732971
0.4427404999732971
0.4427405297756195
0.4427404999732971
0.44274047017097473
0.4427404999732971
0.44274047017097473
0.4427404999732971
0.44274047017097473
0.4427404999732971
0.4427404999732971
0.44274047017097473
0.44274047017097473
0.4427404999732971
0.44274047017097473
0.4427404999732971
0.4427405297756195
0.44274044036865234
0.4427404999732971
0.44274047017097473
0.44274044036865234
0.4427404999732971
0.44274044036865234
0.4427404999732971
0.4427404999732971
0.44274047017097473
0.44274047017097473
0.4427404999732971
0.44274041056632996
0.4427404999732971
0.44274041056632996
0.44274047017097473
0.44274044036865234
0.44274047017097473
0.44274044036865234
0.44274044036865234
0.44274047017097473
0.44274041056632996
0.4427404999732971
0.44274041056632996
0.44274044036865234
0.44274047017097473
0.44274044036865234
0.44274044036865234
0.44274041056632996
0.44274041056632996
0.44274044036865234
0.44274041056632996
0.44274041056632996
0.44274041056632996
0.44274041056632996
0.44274044036865234
0.44274047017097473
0.44274041056632996
0.44274044036865234
0.44274044036865234
0.44274041056632996
0.44274044036865234
0.44274041056632996
0.44274038076400757
0.4427403509616852
0.4427403509616852
0.44274041056632996
0.44274038076400757
0.44274041056632996
0.44274038076400757
0.4427403509616852
0.44274038076400757
0.4427403509616852
0.4427403509616852
0.4427403509616852
0.44274038076400757
0.4427403509616852
0.4427403509616852
0.4427403509616852
0.44274038076400757
0.44274038076400757
0.44274038076400757
0.44274038076400757
0.44274041056632996
0.4427403509616852
0.44274038076400757
0.4427403211593628
0.4427403211593628
0.44274038076400757
0.44274038076400757
0.4427403509616852
0.4427403509616852
0.4427403211593628
0.44274038076400757
0.44274044036865234
0.4427403211593628
0.4427403211593628
0.4427403509616852
0.44274038076400757
0.4427403211593628
0.4427402913570404
0.44274038076400757
0.4427402913570404
0.4427403509616852
0.4427403211593628
0.4427403509616852
0.4427403509616852
0.4427403509616852
0.4427402913570404
0.4427403509616852
0.4427402913570404
0.4427403211593628
0.4427403211593628
0.4427403211593628
0.4427402913570404
0.44274017214775085
0.44274023175239563
0.4427402913570404
0.4427402913570404
0.4427403211593628
0.4427403211593628
0.44274023175239563
0.4427402913570404
0.4427403211593628
0.4427403211593628
0.4427402913570404
0.442740261554718
0.442740261554718
0.4427403211593628
0.442740261554718
0.4427402913570404
0.4427402913570404
0.442740261554718
0.44274020195007324
0.4427402913570404
0.4427403211593628
0.44274023175239563
0.44274023175239563
0.44274023175239563
0.44274020195007324
0.44274023175239563
0.44274020195007324
0.44274023175239563
0.4427402913570404
0.44274020195007324
0.442740261554718
0.44274020195007324
0.44274014234542847
0.4427402913570404
0.44274020195007324
0.44274020195007324
0.44274020195007324
0.44274023175239563
0.44274020195007324
0.44274014234542847
0.44274023175239563
0.44274020195007324
0.44274017214775085
0.44274020195007324
0.44274023175239563
0.44274017214775085
0.44274020195007324
0.44274020195007324
0.44274017214775085
0.44274020195007324
0.44274023175239563
0.44274020195007324
0.44274014234542847
0.44274017214775085
0.4427401125431061
0.44274014234542847
0.44274020195007324
0.44274020195007324
0.44274017214775085
0.4427401125431061
0.44274023175239563
0.44274017214775085
0.4427401125431061
0.44274017214775085
0.44274020195007324
0.44274014234542847
0.44274014234542847
0.44274023175239563
0.44274017214775085
0.44274014234542847
0.44274020195007324
0.44274023175239563
0.44274014234542847
0.4427401125431061
0.4427401125431061
0.4427401125431061
0.44274017214775085
0.44274017214775085
0.44274017214775085
0.4427400529384613
0.4427401125431061
0.44274014234542847
0.44274014234542847
0.4427401125431061
0.44274014234542847
0.44274014234542847
0.44274014234542847
0.4427400827407837
0.4427401125431061
0.4427400529384613
0.44274014234542847
0.4427400529384613
0.4427401125431061
0.4427400827407837
0.4427400827407837
0.4427400529384613
0.4427400827407837
0.4427400529384613
0.4427401125431061
0.4427400827407837
0.4427400231361389
0.4427400827407837
0.4427401125431061
0.4427400827407837
0.4427400827407837
0.4427400827407837
0.4427401125431061
0.4427400827407837
0.4427400827407837
0.4427400529384613
0.44273999333381653
0.4427400231361389
0.4427401125431061
0.4427400529384613
0.4427400529384613
0.4427400231361389
0.44273999333381653
0.4427400529384613
0.4427400231361389
0.4427400231361389
0.44273999333381653
0.4427400827407837
0.4427400231361389
0.44274017214775085
0.4427400529384613
0.4427400529384613
0.4427400827407837
0.44273999333381653
0.44273999333381653
0.4427400827407837
0.4427400529384613
0.4427400231361389
0.4427400231361389
0.4427400231361389
0.4427400529384613
0.4427400231361389
0.4427400529384613
0.4427400529384613
0.44273999333381653
0.44273999333381653
0.4427400231361389
0.4427400231361389
0.4427400231361389
0.4427400231361389
0.4427400529384613
0.4427400231361389
0.44273996353149414
0.44273999333381653
0.4427400529384613
0.4427400231361389
0.44273996353149414
0.4427400231361389
0.44273999333381653
0.4427400231361389
0.4427400529384613
0.44273999333381653
0.44273999333381653
0.44273996353149414
0.44273996353149414
0.4427400231361389
0.44273999333381653
0.44273999333381653
0.44273999333381653
0.44273996353149414
0.44273993372917175
0.44273993372917175
0.44273996353149414
0.44273996353149414
0.44273996353149414
0.44273996353149414
0.44273996353149414
0.44273996353149414
0.44273996353149414
0.44273996353149414
0.44273996353149414
0.44273993372917175
0.44273996353149414
0.44273996353149414
0.44273996353149414
0.44273990392684937
0.44273996353149414
0.44273996353149414
0.44273993372917175
0.44273993372917175
0.44273996353149414
0.44273996353149414
0.44273996353149414
0.44273990392684937
0.44273990392684937
0.44273993372917175
0.44273996353149414
0.44273999333381653
0.44273990392684937
0.44273993372917175
0.44273993372917175
0.44273996353149414
0.44273993372917175
0.44273996353149414
0.44273990392684937
0.44273993372917175
0.44273990392684937
0.44273996353149414
0.44273999333381653
0.44273990392684937
0.44273990392684937
0.44273990392684937
0.44273996353149414
0.44273993372917175
0.442739874124527
0.442739874124527
0.44273990392684937
0.44273990392684937
0.44273990392684937
0.44273996353149414
0.442739874124527
0.4427398443222046
0.442739874124527
0.4427398443222046
0.4427398443222046
0.442739874124527
0.4427398145198822
0.4427398443222046
0.442739874124527
0.442739874124527
0.4427398443222046
0.4427398443222046
0.44273993372917175
0.442739874124527
0.442739874124527
0.44273990392684937
0.44273990392684937
0.44273990392684937
0.442739874124527
0.442739874124527
0.44273990392684937
0.442739874124527
0.4427398443222046
0.44273990392684937
0.4427398443222046
0.4427397847175598
0.4427398443222046
0.4427397847175598
0.442739874124527
0.4427398443222046
0.442739874124527
0.44273990392684937
0.4427398443222046
0.4427397847175598
0.4427398145198822
0.4427398145198822
0.4427398145198822
0.44273990392684937
0.44273996353149414
0.4427398443222046
0.4427397847175598
0.4427398145198822
0.4427397549152374
0.4427397549152374
0.4427397847175598
0.4427398443222046
0.4427398443222046
0.4427397847175598
0.4427398145198822
0.4427398145198822
0.4427397847175598
0.4427397847175598
0.4427397847175598
0.4427397847175598
0.4427397847175598
0.4427398145198822
0.4427397847175598
0.4427397847175598
0.4427398145198822
0.4427397847175598
0.442739874124527
0.4427398145198822
0.4427397847175598
0.44273972511291504
0.4427397549152374
0.44273972511291504
0.4427397549152374
0.4427397549152374
0.44273972511291504
0.44273972511291504
0.4427397847175598
0.4427397549152374
0.4427397549152374
0.44273972511291504
0.44273969531059265
0.44273972511291504
0.4427397549152374
0.4427397549152374
0.44273969531059265
0.44273972511291504
0.44273969531059265
0.44273972511291504
0.44273972511291504
0.44273966550827026
0.44273966550827026
0.44273972511291504
0.4427397549152374
0.44273969531059265
0.44273972511291504
0.4427398145198822
0.44273969531059265
0.44273972511291504
0.44273969531059265
0.44273972511291504
0.44273969531059265
0.44273972511291504
0.44273969531059265
0.4427396357059479
0.44273966550827026
0.44273966550827026
0.44273966550827026
0.44273966550827026
0.44273966550827026
0.44273969531059265
0.44273972511291504
0.44273969531059265
0.4427396357059479
0.44273969531059265
0.44273969531059265
0.4427396357059479
0.44273966550827026
0.44273969531059265
0.44273966550827026
0.44273969531059265
0.4427396357059479
0.44273966550827026
0.44273966550827026
0.44273966550827026
0.4427396059036255
0.44273966550827026
0.44273966550827026
0.4427396357059479
0.44273969531059265
0.4427396059036255
0.44273966550827026
0.44273966550827026
0.4427396357059479
0.44273966550827026
0.4427396357059479
0.4427395761013031
0.4427395761013031
0.4427396357059479
0.4427396357059479
0.44273966550827026
0.44273966550827026
0.4427396357059479
0.4427396059036255
0.4427396059036255
0.4427395761013031
0.4427396059036255
0.4427396357059479
0.4427396357059479
0.4427395761013031
0.4427395761013031
0.4427395761013031
0.4427395761013031
0.4427395761013031
0.4427396357059479
0.4427395761013031
0.4427396059036255
0.4427395462989807
0.4427395462989807
0.4427396059036255
0.4427396059036255
0.4427396059036255
0.44273948669433594
0.4427395462989807
0.4427396059036255
0.4427395761013031
0.4427395462989807
0.4427395761013031
0.4427395462989807
0.4427395462989807
0.4427395462989807
0.4427395761013031
0.4427395164966583
0.4427395164966583
0.44273948669433594
0.4427395462989807
0.4427395462989807
0.4427395462989807
0.4427395164966583
0.4427395462989807
0.4427395164966583
0.4427395462989807
0.4427395164966583
0.4427395761013031
0.4427395761013031
0.4427396059036255
0.44273945689201355
0.44273948669433594
0.44273948669433594
0.44273948669433594
0.4427395164966583
0.44273948669433594
0.4427395462989807
0.4427395164966583
0.4427395164966583
0.44273948669433594
0.44273948669433594
0.4427395164966583
0.44273945689201355
0.44273945689201355
0.44273948669433594
0.44273948669433594
0.44273945689201355
0.44273948669433594
0.4427395164966583
0.4427395761013031
0.44273945689201355
0.4427395164966583
0.44273945689201355
0.4427395164966583
0.44273945689201355
0.44273942708969116
0.44273948669433594
0.44273945689201355
0.44273948669433594
0.4427395164966583
0.44273948669433594
0.44273945689201355
0.44273948669433594
0.44273942708969116
0.44273945689201355
0.44273945689201355
0.44273945689201355
0.44273948669433594
0.44273942708969116
0.44273945689201355
0.44273945689201355
0.4427393972873688
0.44273942708969116
0.44273945689201355
0.44273945689201355
0.44273948669433594
0.44273942708969116
0.44273948669433594
0.44273945689201355
0.44273942708969116
0.44273942708969116
0.44273942708969116
0.44273942708969116
0.44273942708969116
0.44273945689201355
0.44273945689201355
0.44273945689201355
0.44273945689201355
0.4427393972873688
0.44273945689201355
0.4427393972873688
0.4427393972873688
0.44273942708969116
0.4427393972873688
0.44273942708969116
0.44273945689201355
0.4427393972873688
0.44273942708969116
0.44273942708969116
0.44273945689201355
0.44273945689201355
0.442739337682724
0.44273942708969116
0.4427393972873688
0.4427393972873688
0.442739337682724
0.4427393972873688
0.4427393972873688
0.4427393674850464
0.4427393972873688
0.4427393674850464
0.4427393674850464
0.4427393674850464
0.44273942708969116
0.44273942708969116
0.44273942708969116
0.4427393674850464
0.4427393674850464
0.4427393674850464
0.4427393674850464
0.4427393972873688
0.4427393972873688
0.4427393674850464
0.442739337682724
0.4427393674850464
0.4427393972873688
0.4427392780780792
0.4427392780780792
0.442739337682724
0.442739337682724
0.442739337682724
0.4427393674850464
0.4427393674850464
0.442739337682724
0.4427393674850464
0.442739337682724
0.4427392780780792
0.4427393078804016
0.4427393078804016
0.4427393674850464
0.4427393674850464
0.442739337682724
0.4427392780780792
0.442739337682724
0.4427393078804016
0.4427393078804016
0.442739337682724
0.4427393078804016
0.4427392780780792
0.4427392780780792
0.44273942708969116
0.4427393078804016
0.44273924827575684
0.4427392780780792
0.4427393078804016
0.4427392780780792
0.442739337682724
0.4427392780780792
0.44273921847343445
0.4427392780780792
0.4427392780780792
0.44273924827575684
0.44273924827575684
0.4427392780780792
0.4427393078804016
0.44273924827575684
0.4427392780780792
0.44273924827575684
0.44273921847343445
0.44273921847343445
0.4427393078804016
0.44273921847343445
0.44273924827575684
0.44273924827575684
0.4427393078804016
0.44273918867111206
0.44273924827575684
0.44273924827575684
0.4427392780780792
0.4427392780780792
0.44273924827575684
0.44273921847343445
0.44273921847343445
0.44273918867111206
0.44273921847343445
0.44273924827575684
0.44273924827575684
0.44273924827575684
0.44273921847343445
0.44273921847343445
0.44273924827575684
0.44273921847343445
0.44273921847343445
0.4427391588687897
0.44273918867111206
0.44273921847343445
0.44273924827575684
0.44273924827575684
0.44273921847343445
0.44273918867111206
0.44273918867111206
0.44273918867111206
0.44273918867111206
0.4427391588687897
0.44273921847343445
0.4427392780780792
0.4427391588687897
0.44273921847343445
0.44273918867111206
0.4427391588687897
0.4427391290664673
0.44273918867111206
0.44273921847343445
0.44273918867111206
0.44273918867111206
0.44273918867111206
0.44273918867111206
0.4427391290664673
0.4427391290664673
0.44273921847343445
0.4427391290664673
0.4427391290664673
0.4427391588687897
0.4427391290664673
0.4427391290664673
0.4427391588687897
0.4427391290664673
0.4427391290664673
0.44273918867111206
0.4427390694618225
0.4427390694618225
0.4427391588687897
0.4427391290664673
0.4427390992641449
0.4427390992641449
0.44273924827575684
0.4427391290664673
0.4427391588687897
0.4427391588687897
0.4427391290664673
0.4427390992641449
0.4427390694618225
0.44273918867111206
0.4427390992641449
0.4427391290664673
0.4427390992641449
0.4427390694618225
0.4427390992641449
0.4427391290664673
0.4427390992641449
0.4427390992641449
0.4427390694618225
0.4427390396595001
0.4427390694618225
0.4427390992641449
0.4427391290664673
0.4427390694618225
0.4427390396595001
0.4427391588687897
0.4427390694618225
0.4427390694618225
0.4427390992641449
0.4427390694618225
0.4427390396595001
0.4427390694618225
0.4427390396595001
0.4427390396595001
0.4427390396595001
0.4427390396595001
0.4427390396595001
0.44273900985717773
0.4427390396595001
0.4427390694618225
0.4427391290664673
0.4427390396595001
0.44273900985717773
0.44273900985717773
0.4427390694618225
0.4427390694618225
0.4427390396595001
0.4427390396595001
0.4427390396595001
0.44273900985717773
0.4427390396595001
0.4427390396595001
0.4427390396595001
0.4427390396595001
0.4427390396595001
0.44273898005485535
0.4427390396595001
0.44273898005485535
0.44273900985717773
0.4427390694618225
0.4427390694618225
0.4427390694618225
0.44273898005485535
0.44273900985717773
0.44273898005485535
0.44273900985717773
0.4427390694618225
0.4427390396595001
0.44273900985717773
0.44273898005485535
0.44273900985717773
0.44273898005485535
0.44273900985717773
0.44273895025253296
0.44273900985717773
0.4427390396595001
0.44273895025253296
0.44273898005485535
0.44273895025253296
0.44273898005485535
0.44273895025253296
0.44273898005485535
0.44273895025253296
0.44273895025253296
0.44273898005485535
0.44273895025253296
0.44273898005485535
0.4427390396595001
0.44273898005485535
0.44273895025253296
0.44273892045021057
0.44273900985717773
0.44273892045021057
0.44273895025253296
0.44273895025253296
0.44273895025253296
0.44273892045021057
0.44273895025253296
0.44273895025253296
0.44273895025253296
0.44273895025253296
0.44273895025253296
0.44273892045021057
0.44273895025253296
0.44273892045021057
0.44273895025253296
0.44273895025253296
0.44273892045021057
0.44273895025253296
0.44273895025253296
0.44273892045021057
0.44273892045021057
0.4427388608455658
0.44273895025253296
0.44273895025253296
0.44273892045021057
0.44273892045021057
0.44273892045021057
0.44273895025253296
0.44273895025253296
0.44273892045021057
0.4427388906478882
0.44273895025253296
0.44273892045021057
0.44273892045021057
0.4427388906478882
0.4427388906478882
0.4427388906478882
0.4427388608455658
0.4427388310432434
0.4427388608455658
0.4427388906478882
0.4427388906478882
0.4427388906478882
0.4427388906478882
0.4427388906478882
0.4427388906478882
0.4427388608455658
0.4427388906478882
0.44273895025253296
0.44273892045021057
0.4427388608455658
0.4427388608455658
0.44273892045021057
0.4427388906478882
0.4427388310432434
0.4427388608455658
0.4427388906478882
0.4427388906478882
0.4427388608455658
0.4427388310432434
0.4427388906478882
0.4427388906478882
0.4427388608455658
0.4427388310432434
0.4427388310432434
0.4427388310432434
0.4427388310432434
0.442738801240921
0.4427388906478882
0.4427388310432434
0.4427388608455658
0.4427388608455658
0.4427388906478882
0.442738801240921
0.44273877143859863
0.4427388310432434
0.442738801240921
0.442738801240921
0.4427388310432434
0.4427388608455658
0.44273877143859863
0.4427388310432434
0.44273877143859863
0.442738801240921
0.4427388310432434
0.44273877143859863
0.4427388310432434
0.4427388310432434
0.4427388608455658
0.44273877143859863
0.442738801240921
0.442738801240921
0.442738801240921
0.44273877143859863
0.4427388310432434
0.44273877143859863
0.4427388310432434
0.44273874163627625
0.442738801240921
0.44273871183395386
0.442738801240921
0.44273871183395386
0.44273877143859863
0.44273877143859863
0.44273877143859863
0.44273874163627625
0.44273877143859863
0.44273877143859863
0.44273874163627625
0.44273877143859863
0.44273877143859863
0.44273874163627625
0.44273871183395386
0.44273877143859863
0.442738801240921
0.44273877143859863
0.44273871183395386
0.44273877143859863
0.4427386522293091
0.44273877143859863
0.44273871183395386
0.44273871183395386
0.44273868203163147
0.44273868203163147
0.44273871183395386
0.44273871183395386
0.44273874163627625
0.44273874163627625
0.44273868203163147
0.4427386522293091
0.44273874163627625
0.44273874163627625
0.44273868203163147
0.44273868203163147
0.4427386522293091
0.44273877143859863
0.44273871183395386
0.44273868203163147
0.44273871183395386
0.44273868203163147
0.44273868203163147
0.4427386522293091
0.4427386522293091
0.44273868203163147
0.4427386522293091
0.4427386522293091
0.44273877143859863
0.44273871183395386
0.44273868203163147
0.44273868203163147
0.44273877143859863
0.44273868203163147
0.4427385926246643
0.44273868203163147
0.4427386522293091
0.4427386522293091
0.4427386522293091
0.4427386522293091
0.4427385926246643
0.4427386522293091
0.4427385926246643
0.4427385926246643
0.4427386522293091
0.4427385926246643
0.4427386224269867
0.4427386522293091
0.4427386224269867
0.4427386522293091
0.4427385926246643
0.4427386224269867
0.4427386224269867
0.4427386224269867
0.4427386224269867
0.44273853302001953
0.4427386224269867
0.4427386224269867
0.4427385926246643
0.4427386522293091
0.4427386224269867
0.4427386224269867
0.4427385926246643
0.4427386224269867
0.4427386224269867
0.4427386224269867
0.4427385926246643
0.44273853302001953
0.4427385926246643
0.4427385926246643
0.4427385926246643
0.4427386224269867
0.4427385628223419
0.4427385926246643
0.4427386224269867
0.4427385926246643
0.4427385926246643
0.4427385628223419
0.4427385926246643
0.4427385628223419
0.44273850321769714
0.4427385926246643
0.44273853302001953
0.4427385628223419
0.4427385926246643
0.44273853302001953
0.4427385628223419
0.44273850321769714
0.44273850321769714
0.4427385926246643
0.44273850321769714
0.44273853302001953
0.44273853302001953
0.44273853302001953
0.4427385628223419
0.44273850321769714
0.44273853302001953
0.44273850321769714
0.44273850321769714
0.4427385628223419
0.4427385628223419
0.44273853302001953
0.4427385628223419
0.4427385926246643
0.4427385628223419
0.44273853302001953
0.44273847341537476
0.44273850321769714
0.44273853302001953
0.44273847341537476
0.44273844361305237
0.44273847341537476
0.44273850321769714
0.44273850321769714
0.44273853302001953
0.4427385628223419
0.44273847341537476
0.44273850321769714
0.4427385628223419
0.44273847341537476
0.44273844361305237
0.44273847341537476
0.44273850321769714
0.44273850321769714
0.44273847341537476
0.44273847341537476
0.44273847341537476
0.44273844361305237
0.44273850321769714
0.44273850321769714
0.44273844361305237
0.44273844361305237
0.44273847341537476
0.44273850321769714
0.44273847341537476
0.44273853302001953
0.44273850321769714
0.4427383840084076
0.44273847341537476
0.44273844361305237
0.44273844361305237
0.44273844361305237
0.44273847341537476
0.44273850321769714
0.44273841381073
0.44273850321769714
0.44273841381073
0.44273847341537476
0.44273841381073
0.44273841381073
0.44273841381073
0.44273841381073
0.44273844361305237
0.44273847341537476
0.44273841381073
0.44273841381073
0.44273841381073
0.44273841381073
0.44273841381073
0.44273844361305237
0.4427383840084076
0.44273847341537476
0.4427383840084076
0.44273841381073
0.44273841381073
0.4427386224269867
0.44273847341537476
0.4427383840084076
0.44273841381073
0.44273850321769714
0.44273841381073
0.44273841381073
0.4427383840084076
0.44273841381073
0.44273841381073
0.4427383840084076
0.4427383840084076
0.44273841381073
0.4427383542060852
0.4427383244037628
0.44273841381073
0.44273841381073
0.4427383840084076
0.4427383840084076
0.44273841381073
0.44273844361305237
0.44273841381073
0.4427383244037628
0.4427383840084076
0.44273844361305237
0.4427383542060852
0.44273829460144043
0.44273844361305237
0.4427383840084076
0.44273841381073
0.4427383840084076
0.44273841381073
0.4427383244037628
0.4427383244037628
0.4427383542060852
0.4427383244037628
0.4427383244037628
0.4427383244037628
0.4427383244037628
0.44273841381073
0.4427383542060852
0.4427383542060852
0.4427383542060852
0.4427383840084076
0.44273829460144043
0.44273829460144043
0.4427383542060852
0.4427383542060852
0.44273829460144043
0.44273823499679565
0.4427383244037628
0.44273829460144043
0.4427383244037628
0.44273823499679565
0.44273829460144043
0.4427383542060852
0.4427383244037628
0.4427383244037628
0.44273829460144043
0.4427383244037628
0.4427383244037628
0.44273829460144043
0.44273829460144043
0.44273829460144043
0.4427383542060852
0.44273841381073
0.44273829460144043
0.44273829460144043
0.44273829460144043
0.4427383244037628
0.4427383244037628
0.4427383244037628
0.4427383244037628
0.44273826479911804
0.44273829460144043
0.44273826479911804
0.44273829460144043
0.44273826479911804
0.44273826479911804
0.44273826479911804
0.44273823499679565
0.44273823499679565
0.44273823499679565
0.44273823499679565
0.4427383244037628
0.44273823499679565
0.44273823499679565
0.44273826479911804
0.44273823499679565
0.44273823499679565
0.44273826479911804
0.44273820519447327
0.44273820519447327
0.44273823499679565
0.44273823499679565
0.4427381753921509
0.44273820519447327
0.44273826479911804
0.44273820519447327
0.44273820519447327
0.44273820519447327
0.44273820519447327
0.44273820519447327
0.44273820519447327
0.44273820519447327
0.44273823499679565
0.44273820519447327
0.44273823499679565
0.44273820519447327
0.44273820519447327
0.44273820519447327
0.4427381753921509
0.44273820519447327
0.44273820519447327
0.44273826479911804
0.44273820519447327
0.44273820519447327
0.44273820519447327
0.44273820519447327
0.44273823499679565
0.4427381455898285
0.4427381455898285
0.4427381753921509
0.4427381157875061
0.4427381455898285
0.4427381455898285
0.4427381753921509
0.44273823499679565
0.44273820519447327
0.4427381157875061
0.44273820519447327
0.4427381455898285
0.44273820519447327
0.4427381157875061
0.4427381455898285
0.4427381455898285
0.4427381455898285
0.4427381157875061
0.4427381455898285
0.4427381455898285
0.4427381455898285
0.4427381157875061
0.4427381753921509
0.4427381455898285
0.4427381157875061
0.4427381157875061
0.4427380859851837
0.4427380859851837
0.4427381157875061
0.4427381157875061
0.4427381455898285
0.4427381157875061
0.44273820519447327
0.4427381455898285
0.4427381455898285
0.4427381157875061
0.4427381157875061
0.4427381455898285
0.4427381455898285
0.4427380859851837
0.44273805618286133
0.4427380859851837
0.4427381157875061
0.4427380859851837
0.4427380859851837
0.44273805618286133
0.4427381753921509
0.44273805618286133
0.44273799657821655
0.44273805618286133
0.44273805618286133
0.4427380859851837
0.44273802638053894
0.4427381157875061
0.44273802638053894
0.4427380859851837
0.44273805618286133
0.4427381157875061
0.44273802638053894
0.44273802638053894
0.4427380859851837
0.4427380859851837
0.44273802638053894
0.4427381157875061
0.44273802638053894
0.44273805618286133
0.44273805618286133
0.4427380859851837
0.4427380859851837
0.44273799657821655
0.44273799657821655
0.44273805618286133
0.44273805618286133
0.44273802638053894
0.44273802638053894
0.44273802638053894
0.44273805618286133
0.44273796677589417
0.44273802638053894
0.4427380859851837
0.44273805618286133
0.4427381455898285
0.4427380859851837
0.44273805618286133
0.44273802638053894
0.44273796677589417
0.44273802638053894
0.44273802638053894
0.44273796677589417
0.44273802638053894
0.44273799657821655
0.44273799657821655
0.4427380859851837
0.44273796677589417
0.4427380859851837
0.44273796677589417
0.44273802638053894
0.44273796677589417
0.44273796677589417
0.4427379369735718
0.44273796677589417
0.4427379369735718
0.44273799657821655
0.44273796677589417
0.4427379369735718
0.4427379071712494
0.44273799657821655
0.44273796677589417
0.4427379369735718
0.44273799657821655
0.44273799657821655
0.44273796677589417
0.4427379369735718
0.4427379071712494
0.4427379369735718
0.4427379071712494
0.44273796677589417
0.44273796677589417
0.44273796677589417
0.4427379071712494
0.44273796677589417
0.44273796677589417
0.4427379071712494
0.4427379071712494
0.44273796677589417
0.4427379071712494
0.4427379071712494
0.44273796677589417
0.44273796677589417
0.4427379369735718
0.44273796677589417
0.4427379071712494
0.44273796677589417
0.4427379071712494
0.4427379369735718
0.44273799657821655
0.442737877368927
0.4427379071712494
0.442737877368927
0.442737877368927
0.4427379071712494
0.4427379071712494
0.4427379071712494
0.4427379071712494
0.4427379369735718
0.4427379071712494
0.4427379071712494
0.4427379071712494
0.4427379369735718
0.442737877368927
0.4427379071712494
0.4427379071712494
0.442737877368927
0.4427379071712494
0.4427379071712494
0.4427379369735718
0.4427378475666046
0.442737877368927
0.44273796677589417
0.4427379071712494
0.4427378177642822
0.4427378475666046
0.442737877368927
0.442737877368927
0.442737877368927
0.442737877368927
0.4427378475666046
0.4427378475666046
0.4427378475666046
0.442737877368927
0.442737877368927
0.442737877368927
0.4427378177642822
0.4427378177642822
0.442737877368927
0.442737877368927
0.4427378177642822
0.4427378475666046
0.4427378475666046
0.442737877368927
0.4427378177642822
0.4427378177642822
0.44273778796195984
0.442737877368927
0.442737877368927
0.4427378177642822
0.4427378475666046
0.442737877368927
0.4427378177642822
0.4427378475666046
0.4427378177642822
0.4427378177642822
0.4427378177642822
0.4427378177642822
0.4427378177642822
0.4427378177642822
0.4427378177642822
0.442737877368927
0.44273778796195984
0.44273775815963745
0.44273778796195984
0.4427378177642822
0.44273778796195984
0.4427378177642822
0.44273778796195984
0.4427378177642822
0.44273775815963745
0.4427378177642822
0.44273778796195984
0.4427378177642822
0.44273772835731506
0.44273775815963745
0.4427378177642822
0.44273778796195984
0.4427378475666046
0.44273775815963745
0.4427376985549927
0.44273778796195984
0.44273775815963745
0.44273772835731506
0.44273778796195984
0.44273778796195984
0.44273772835731506
0.4427378177642822
0.44273778796195984
0.44273775815963745
0.44273772835731506
0.44273772835731506
0.44273775815963745
0.44273775815963745
0.44273778796195984
0.44273775815963745
0.44273778796195984
0.4427376687526703
0.44273775815963745
0.44273775815963745
0.44273775815963745
0.4427378177642822
0.44273772835731506
0.4427376687526703
0.44273772835731506
0.44273775815963745
0.4427376687526703
0.4427378475666046
0.4427376687526703
0.44273775815963745
0.44273772835731506
0.44273772835731506
0.44273778796195984
0.44273775815963745
0.4427376389503479
0.4427376389503479
0.44273772835731506
0.44273772835731506
0.44273772835731506
0.4427376389503479
0.4427376389503479
0.4427376985549927
0.4427376985549927
0.4427376389503479
0.4427376985549927
0.4427376687526703
0.4427376985549927
0.4427376985549927
0.4427376687526703
0.4427376091480255
0.4427376389503479
0.4427376389503479
0.4427376389503479
0.4427376687526703
0.4427376389503479
0.4427375793457031
0.4427376389503479
0.4427376687526703
0.4427376985549927
0.4427376985549927
0.4427376985549927
0.4427376985549927
0.4427376687526703
0.4427376389503479
0.4427376389503479
0.4427376389503479
0.4427376687526703
0.44273772835731506
0.4427376389503479
0.4427376687526703
0.4427376687526703
0.44273754954338074
0.4427376389503479
0.4427376687526703
0.44273754954338074
0.4427375793457031
0.4427376091480255
0.4427376091480255
0.4427376091480255
0.4427376389503479
0.4427376091480255
0.44273754954338074
0.4427375793457031
0.4427376687526703
0.4427376091480255
0.4427376389503479
0.4427376091480255
0.4427375793457031
0.4427375793457031
0.4427376091480255
0.4427376389503479
0.44273754954338074
0.4427376091480255
0.4427375793457031
0.44273754954338074
0.4427375793457031
0.44273751974105835
0.4427375793457031
0.4427375793457031
0.44273754954338074
0.4427375793457031
0.4427376091480255
0.44273751974105835
0.4427375793457031
0.4427375793457031
0.44273754954338074
0.44273751974105835
0.4427374601364136
0.44273751974105835
0.44273754954338074
0.44273751974105835
0.44273751974105835
0.44273751974105835
0.44273751974105835
0.44273748993873596
0.44273751974105835
0.44273754954338074
0.44273751974105835
0.44273748993873596
0.44273751974105835
0.44273751974105835
0.44273751974105835
0.4427375793457031
0.44273748993873596
0.4427374601364136
0.44273748993873596
0.44273751974105835
0.44273754954338074
0.4427374601364136
0.44273751974105835
0.44273748993873596
0.44273754954338074
0.44273748993873596
0.44273751974105835
0.44273751974105835
0.44273754954338074
0.4427374601364136
0.44273748993873596
0.44273751974105835
0.4427375793457031
0.4427374601364136
0.44273748993873596
0.44273748993873596
0.4427374601364136
0.4427374601364136
0.4427374601364136
0.4427374303340912
0.4427374303340912
0.4427374601364136
0.4427374303340912
0.4427374601364136
0.44273748993873596
0.4427374005317688
0.4427374601364136
0.4427374601364136
0.4427374601364136
0.44273748993873596
0.4427374303340912
0.44273748993873596
0.44273748993873596
0.44273748993873596
0.4427374303340912
0.4427374005317688
0.44273748993873596
0.4427374303340912
0.4427374303340912
0.4427374005317688
0.4427374601364136
0.4427374303340912
0.4427374303340912
0.4427374601364136
0.4427374005317688
0.4427373707294464
0.4427374005317688
0.4427374601364136
0.4427374303340912
0.4427373707294464
0.4427374005317688
0.4427374601364136
0.44273748993873596
0.4427374005317688
0.4427374303340912
0.4427374005317688
0.4427374005317688
0.4427374303340912
0.4427373707294464
0.4427374005317688
0.4427374005317688
0.4427373707294464
0.4427373707294464
0.4427373707294464
0.4427374303340912
0.4427374005317688
0.4427373707294464
0.4427373707294464
0.4427373707294464
0.4427374005317688
0.4427374005317688
0.4427373707294464
0.4427373707294464
0.4427374005317688
0.4427373707294464
0.4427373707294464
0.4427373707294464
0.4427374005317688
0.4427373707294464
0.4427374303340912
0.4427373707294464
0.442737340927124
0.4427374005317688
0.4427373707294464
0.4427373707294464
0.4427374005317688
0.442737340927124
0.4427373707294464
0.4427373707294464
0.44273731112480164
0.4427373707294464
0.44273731112480164
0.4427373707294464
0.442737340927124
0.442737340927124
0.4427373707294464
0.442737340927124
0.4427373707294464
0.4427373707294464
0.4427373707294464
0.4427373707294464
0.44273748993873596
0.4427373707294464
0.4427373707294464
0.4427373707294464
0.44273731112480164
0.442737340927124
0.44273731112480164
0.44273731112480164
0.44273728132247925
0.44273731112480164
0.442737340927124
0.442737340927124
0.442737340927124
0.442737340927124
0.44273725152015686
0.44273731112480164
0.44273728132247925
0.44273731112480164
0.442737340927124
0.44273728132247925
0.4427372217178345
0.44273728132247925
0.44273728132247925
0.44273731112480164
0.44273728132247925
0.44273728132247925
0.44273728132247925
0.44273731112480164
0.44273725152015686
0.44273725152015686
0.44273725152015686
0.44273731112480164
0.44273731112480164
0.4427372217178345
0.44273725152015686
0.44273728132247925
0.44273731112480164
0.4427372217178345
0.44273725152015686
0.44273725152015686
0.44273725152015686
0.44273731112480164
0.44273728132247925
0.44273728132247925
0.44273725152015686
0.44273728132247925
0.44273725152015686
0.44273725152015686
0.4427371621131897
0.4427372217178345
0.4427371919155121
0.44273725152015686
0.4427371621131897
0.4427372217178345
0.4427372217178345
0.44273731112480164
0.44273731112480164
0.4427371919155121
0.44273728132247925
0.4427371919155121
0.4427371621131897
0.4427371919155121
0.4427371919155121
0.4427371919155121
0.4427371919155121
0.4427371919155121
0.4427372217178345
0.44273725152015686
0.4427372217178345
0.44273725152015686
0.4427372217178345
0.4427371919155121
0.4427371621131897
0.4427372217178345
0.4427371919155121
0.4427372217178345
0.4427371919155121
0.44273725152015686
0.4427371323108673
0.4427372217178345
0.4427371323108673
0.44273731112480164
0.4427371323108673
0.4427371621131897
0.4427371919155121
0.4427371919155121
0.4427371025085449
0.4427371323108673
0.4427371323108673
0.4427371323108673
0.4427371323108673
0.4427371025085449
0.4427371621131897
0.4427371621131897
0.4427372217178345
0.4427371323108673
0.4427371025085449
0.4427371025085449
0.4427371919155121
0.4427371621131897
0.4427371323108673
0.4427371025085449
0.44273707270622253
0.4427371621131897
0.4427371621131897
0.4427371323108673
0.4427371621131897
0.4427371323108673
0.4427371621131897
0.4427371025085449
0.4427371025085449
0.4427371621131897
0.4427371323108673
0.4427371323108673
0.4427371025085449
0.4427371323108673
0.44273707270622253
0.4427371025085449
0.44273707270622253
0.4427371323108673
0.4427371323108673
0.4427371323108673
0.44273704290390015
0.4427371621131897
0.44273707270622253
0.4427371025085449
0.4427371025085449
0.44273707270622253
0.44273707270622253
0.44273707270622253
0.4427371025085449
0.44273704290390015
0.44273704290390015
0.44273707270622253
0.44273707270622253
0.4427371025085449
0.44273704290390015
0.44273707270622253
0.44273701310157776
0.44273704290390015
0.44273704290390015
0.44273704290390015
0.44273704290390015
0.44273704290390015
0.44273704290390015
0.44273701310157776
0.44273704290390015
0.44273707270622253
0.44273698329925537
0.44273704290390015
0.44273701310157776
0.44273704290390015
0.44273704290390015
0.44273704290390015
0.44273704290390015
0.44273707270622253
0.44273704290390015
0.44273704290390015
0.44273704290390015
0.44273698329925537
0.44273707270622253
0.44273704290390015
0.44273704290390015
0.44273701310157776
0.44273701310157776
0.44273698329925537
0.44273698329925537
0.44273701310157776
0.44273698329925537
0.44273698329925537
0.442736953496933
0.44273701310157776
0.442736953496933
0.442736953496933
0.442736953496933
0.442736953496933
0.44273701310157776
0.4427369236946106
0.4427369236946106
0.4427369236946106
0.4427369236946106
0.44273698329925537
0.442736953496933
0.4427369236946106
0.4427369236946106
0.44273698329925537
0.44273701310157776
0.44273698329925537
0.44273704290390015
0.44273698329925537
0.442736953496933
0.442736953496933
0.442736953496933
0.442736953496933
0.44273698329925537
0.442736953496933
0.44273698329925537
0.4427369236946106
0.442736953496933
0.44273698329925537
0.44273698329925537
0.442736953496933
0.4427368640899658
0.4427369236946106
0.4427369236946106
0.4427368938922882
0.4427368640899658
0.4427368640899658
0.442736953496933
0.4427368938922882
0.4427368640899658
0.4427369236946106
0.442736953496933
0.442736953496933
0.4427369236946106
0.4427368938922882
0.4427368938922882
0.4427368640899658
0.4427368640899658
0.4427368640899658
0.4427368640899658
0.4427368938922882
0.4427368938922882
0.4427368640899658
0.442736953496933
0.4427368640899658
0.4427368938922882
0.4427368640899658
0.4427369236946106
0.4427368938922882
0.4427369236946106
0.4427368640899658
0.4427368938922882
0.4427368938922882
0.4427368938922882
0.4427368640899658
0.4427368938922882
0.44273698329925537
0.44273683428764343
0.4427368640899658
0.4427368640899658
0.44273683428764343
0.4427368640899658
0.4427368640899658
0.4427368640899658
0.4427368640899658
0.4427368640899658
0.4427369236946106
0.44273680448532104
0.4427368640899658
0.4427368640899658
0.4427368938922882
0.4427368640899658
0.4427368640899658
0.4427368640899658
0.4427368640899658
0.4427368640899658
0.4427368640899658
0.4427368640899658
0.44273680448532104
0.44273683428764343
0.44273680448532104
0.44273683428764343
0.4427368640899658
0.44273683428764343
0.44273683428764343
0.44273680448532104
0.44273680448532104
0.44273683428764343
0.44273683428764343
0.44273677468299866
0.44273683428764343
0.44273680448532104
0.44273680448532104
0.44273683428764343
0.44273680448532104
0.4427368640899658
0.44273680448532104
0.4427368640899658
0.44273677468299866
0.44273680448532104
0.44273680448532104
0.44273677468299866
0.4427368640899658
0.44273680448532104
0.4427367150783539
0.44273680448532104
0.44273683428764343
0.44273677468299866
0.44273677468299866
0.44273680448532104
0.44273680448532104
0.44273680448532104
0.44273677468299866
0.44273674488067627
0.44273677468299866
0.44273677468299866
0.44273674488067627
0.44273677468299866
0.44273677468299866
0.44273677468299866
0.44273677468299866
0.44273680448532104
0.4427367150783539
0.44273674488067627
0.44273674488067627
0.44273674488067627
0.44273677468299866
0.44273674488067627
0.4427367150783539
0.4427366852760315
0.4427367150783539
0.44273677468299866
0.44273674488067627
0.44273677468299866
0.4427367150783539
0.4427366554737091
0.4427366852760315
0.4427366852760315
0.4427367150783539
0.4427366852760315
0.4427367150783539
0.4427367150783539
0.44273674488067627
0.4427366852760315
0.4427367150783539
0.4427367150783539
0.4427367150783539
0.4427366852760315
0.4427366852760315
0.4427366852760315
0.4427366852760315
0.4427366554737091
0.4427366554737091
0.4427366256713867
0.4427366554737091
0.4427367150783539
0.4427366852760315
0.4427366554737091
0.4427367150783539
0.4427366852760315
0.4427367150783539
0.4427366852760315
0.4427366852760315
0.4427366554737091
0.4427366256713867
0.4427367150783539
0.44273680448532104
0.4427366554737091
0.4427366852760315
0.4427367150783539
0.4427366554737091
0.4427366256713867
0.44273659586906433
0.4427366852760315
0.44273659586906433
0.44273659586906433
0.44273659586906433
0.4427366852760315
0.4427366554737091
0.4427366852760315
0.44273659586906433
0.4427366256713867
0.4427366554737091
0.4427366256713867
0.44273656606674194
0.4427366256713867
0.44273659586906433
0.4427366554737091
0.4427366852760315
0.4427366256713867
0.4427366256713867
0.4427366256713867
0.44273653626441956
0.44273659586906433
0.4427366256713867
0.4427366256713867
0.4427366554737091
0.4427366256713867
0.4427366256713867
0.4427366256713867
0.44273656606674194
0.4427366554737091
0.4427366256713867
0.44273656606674194
0.44273659586906433
0.4427366256713867
0.44273656606674194
0.44273659586906433
0.4427366256713867
0.44273650646209717
0.44273653626441956
0.44273653626441956
0.44273656606674194
0.44273656606674194
0.44273653626441956
0.44273656606674194
0.44273656606674194
0.4427366554737091
0.4427364766597748
0.44273650646209717
0.44273653626441956
0.44273653626441956
0.44273653626441956
0.44273656606674194
0.44273653626441956
0.4427366256713867
0.44273653626441956
0.44273653626441956
0.44273653626441956
0.44273656606674194
0.44273653626441956
0.4427366256713867
0.44273653626441956
0.44273656606674194
0.44273656606674194
0.44273650646209717
0.44273653626441956
0.44273656606674194
0.4427364766597748
0.44273653626441956
0.44273656606674194
0.44273650646209717
0.44273653626441956
0.44273650646209717
0.44273653626441956
0.44273650646209717
0.44273656606674194
0.4427364766597748
0.44273650646209717
0.4427364766597748
0.4427364468574524
0.44273650646209717
0.4427364766597748
0.44273656606674194
0.4427364766597748
0.4427364468574524
0.4427364766597748
0.44273641705513
0.44273650646209717
0.4427364468574524
0.4427364766597748
0.44273653626441956
0.4427364468574524
0.4427364468574524
0.4427364766597748
0.4427364468574524
0.4427364766597748
0.4427364766597748
0.4427364766597748
0.44273641705513
0.4427364468574524
0.4427364766597748
0.44273650646209717
0.4427364766597748
0.4427364468574524
0.4427364766597748
0.4427363872528076
0.4427364766597748
0.44273641705513
0.4427364766597748
0.44273650646209717
0.44273641705513
0.4427363872528076
0.44273650646209717
0.4427364468574524
0.44273641705513
0.44273641705513
0.4427364468574524
0.44273641705513
0.4427364468574524
0.44273641705513
0.4427364468574524
0.44273641705513
0.4427363872528076
0.44273641705513
0.4427363872528076
0.44273641705513
0.44273635745048523
0.4427364766597748
0.4427363872528076
0.4427363872528076
0.44273635745048523
0.44273641705513
0.4427364468574524
0.44273641705513
0.44273635745048523
0.44273635745048523
0.4427363872528076
0.44273641705513
0.44273632764816284
0.4427363872528076
0.4427363872528076
0.44273635745048523
0.44273641705513
0.44273641705513
0.44273635745048523
0.44273635745048523
0.44273635745048523
0.44273629784584045
0.44273635745048523
0.44273635745048523
0.4427363872528076
0.44273632764816284
0.44273635745048523
0.44273635745048523
0.44273635745048523
0.44273635745048523
0.44273632764816284
0.44273635745048523
0.44273635745048523
0.44273629784584045
0.44273632764816284
0.44273632764816284
0.44273635745048523
0.44273629784584045
0.44273632764816284
0.44273632764816284
0.44273635745048523
0.44273632764816284
0.44273629784584045
0.44273635745048523
0.44273632764816284
0.44273632764816284
0.44273629784584045
0.44273626804351807
0.44273635745048523
0.44273632764816284
0.44273626804351807
0.44273635745048523
0.44273629784584045
0.44273635745048523
0.44273635745048523
0.44273626804351807
0.44273635745048523
0.44273635745048523
0.44273629784584045
0.44273632764816284
0.4427362382411957
0.44273629784584045
0.44273632764816284
0.44273629784584045
0.44273635745048523
0.44273629784584045
0.4427362084388733
0.44273632764816284
0.44273629784584045
0.44273626804351807
0.44273629784584045
0.44273629784584045
0.44273626804351807
0.44273629784584045
0.44273629784584045
0.4427362382411957
0.44273626804351807
0.44273629784584045
0.44273629784584045
0.4427362382411957
0.44273626804351807
0.4427362084388733
0.44273626804351807
0.44273626804351807
0.4427362382411957
0.4427362382411957
0.44273626804351807
0.44273629784584045
0.4427362084388733
0.4427362382411957
0.4427362382411957
0.4427362382411957
0.4427362382411957
0.4427362382411957
0.4427362382411957
0.44273626804351807
0.4427362382411957
0.4427362382411957
0.4427362084388733
0.4427362382411957
0.4427361786365509
0.4427362084388733
0.4427362382411957
0.44273626804351807
0.4427362084388733
0.4427361786365509
0.4427361786365509
0.4427362084388733
0.4427361488342285
0.4427362382411957
0.4427362382411957
0.4427361786365509
0.44273626804351807
0.4427361488342285
0.4427361488342285
0.44273611903190613
0.4427362382411957
0.4427362084388733
0.4427362382411957
0.4427362084388733
0.4427361786365509
0.4427361488342285
0.4427362084388733
0.4427362084388733
0.4427361488342285
0.4427361786365509
0.4427362084388733
0.4427361786365509
0.44273611903190613
0.4427361786365509
0.4427361488342285
0.4427361786365509
0.4427361786365509
0.4427361488342285
0.4427361488342285
0.44273611903190613
0.4427361786365509
0.44273611903190613
0.4427362084388733
0.4427362084388733
0.44273611903190613
0.44273611903190613
0.44273605942726135
0.4427361488342285
0.44273605942726135
0.44273608922958374
0.4427361786365509
0.44273611903190613
0.44273608922958374
0.4427361488342285
0.4427361488342285
0.4427362382411957
0.44273611903190613
0.44273608922958374
0.44273611903190613
0.44273605942726135
0.44273605942726135
0.44273608922958374
0.44273608922958374
0.4427361488342285
0.44273605942726135
0.44273605942726135
0.44273608922958374
0.44273608922958374
0.44273611903190613
0.44273602962493896
0.44273608922958374
0.4427361786365509
0.44273605942726135
0.44273608922958374
0.44273608922958374
0.44273611903190613
0.44273605942726135
0.44273605942726135
0.4427361786365509
0.44273608922958374
0.44273611903190613
0.44273605942726135
0.44273602962493896
0.44273608922958374
0.44273608922958374
0.44273608922958374
0.44273608922958374
0.44273608922958374
0.4427361488342285
0.44273605942726135
0.44273602962493896
0.44273611903190613
0.4427359998226166
0.44273605942726135
0.44273605942726135
0.44273605942726135
0.44273605942726135
0.44273602962493896
0.44273611903190613
0.44273602962493896
0.44273605942726135
0.44273605942726135
0.44273602962493896
0.4427359998226166
0.4427359402179718
0.4427359700202942
0.4427359998226166
0.44273605942726135
0.44273605942726135
0.44273602962493896
0.4427359700202942
0.4427359700202942
0.4427359700202942
0.4427359700202942
0.4427359402179718
0.4427359700202942
0.4427359700202942
0.44273602962493896
0.4427359700202942
0.44273605942726135
0.4427359402179718
0.4427359402179718
0.4427359998226166
0.4427359700202942
0.44273605942726135
0.44273602962493896
0.4427359998226166
0.4427359998226166
0.4427359402179718
0.4427359402179718
0.4427359402179718
0.4427359998226166
0.4427359998226166
0.4427359700202942
0.4427359700202942
0.4427359402179718
0.4427359402179718
0.4427359700202942
0.4427359402179718
0.4427359402179718
0.4427359700202942
0.4427359700202942
0.442735880613327
0.4427359402179718
0.4427359402179718
0.442735880613327
0.4427359402179718
0.4427359402179718
0.4427359104156494
0.4427359700202942
0.4427359104156494
0.44273585081100464
0.4427359104156494
0.4427359700202942
0.44273602962493896
0.4427359104156494
0.4427359402179718
0.4427359104156494
0.4427359402179718
0.4427359402179718
0.442735880613327
0.4427359402179718
0.442735880613327
0.442735880613327
0.4427359104156494
0.442735880613327
0.442735880613327
0.44273582100868225
0.442735880613327
0.442735880613327
0.44273582100868225
0.442735880613327
0.44273582100868225
0.4427359104156494
0.442735880613327
0.4427359104156494
0.4427359104156494
0.44273585081100464
0.44273585081100464
0.442735880613327
0.4427359104156494
0.44273585081100464
0.44273585081100464
0.4427359104156494
0.442735880613327
0.442735880613327
0.44273585081100464
0.44273582100868225
0.442735880613327
0.44273582100868225
0.44273582100868225
0.44273582100868225
0.442735880613327
0.44273585081100464
0.442735880613327
0.44273585081100464
0.4427359104156494
0.44273582100868225
0.442735880613327
0.44273582100868225
0.44273582100868225
0.44273582100868225
0.44273582100868225
0.44273582100868225
0.44273582100868225
0.44273582100868225
0.44273582100868225
0.442735880613327
0.44273579120635986
0.44273582100868225
0.44273585081100464
0.44273582100868225
0.44273582100868225
0.44273579120635986
0.44273585081100464
0.44273582100868225
0.44273579120635986
0.44273585081100464
0.44273582100868225
0.44273582100868225
0.44273579120635986
0.4427357614040375
0.44273582100868225
0.44273579120635986
0.44273582100868225
0.44273582100868225
0.44273579120635986
0.44273579120635986
0.44273582100868225
0.44273585081100464
0.44273579120635986
0.44273579120635986
0.4427357614040375
0.4427357614040375
0.4427357614040375
0.4427357614040375
0.44273579120635986
0.4427357614040375
0.44273579120635986
0.44273582100868225
0.44273579120635986
0.4427357316017151
0.4427357316017151
0.4427357614040375
0.4427357614040375
0.44273579120635986
0.4427357614040375
0.4427357614040375
0.4427357316017151
0.4427357614040375
0.4427357316017151
0.4427357614040375
0.4427357316017151
0.4427357316017151
0.4427357316017151
0.4427357017993927
0.4427357316017151
0.4427357017993927
0.4427357017993927
0.44273582100868225
0.4427357316017151
0.4427357316017151
0.4427357614040375
0.4427357017993927
0.4427357316017151
0.4427357614040375
0.4427357017993927
0.4427357614040375
0.4427357614040375
0.4427357316017151
0.4427357316017151
0.4427356421947479
0.4427357316017151
0.4427356719970703
0.4427356719970703
0.4427357017993927
0.4427357614040375
0.4427357614040375
0.4427356719970703
0.4427357017993927
0.4427357316017151
0.4427357017993927
0.4427357316017151
0.4427356719970703
0.4427357017993927
0.4427357614040375
0.4427356719970703
0.4427357017993927
0.4427357017993927
0.4427356719970703
0.4427357316017151
0.4427356719970703
0.4427356421947479
0.4427356719970703
0.4427356421947479
0.4427357316017151
0.4427356421947479
0.4427356719970703
0.4427356719970703
0.4427357017993927
0.4427356421947479
0.4427357316017151
0.4427356719970703
0.44273561239242554
0.4427356421947479
0.44273561239242554
0.4427356719970703
0.4427356421947479
0.4427356421947479
0.4427356421947479
0.4427357017993927
0.4427357017993927
0.4427356421947479
0.44273558259010315
0.44273555278778076
0.44273561239242554
0.44273555278778076
0.44273561239242554
0.44273558259010315
0.44273561239242554
0.44273555278778076
0.4427356421947479
0.44273558259010315
0.44273561239242554
0.44273561239242554
0.44273558259010315
0.4427356421947479
0.4427356421947479
0.4427356421947479
0.44273558259010315
0.44273561239242554
0.4427356421947479
0.44273561239242554
0.44273561239242554
0.44273561239242554
0.44273561239242554
0.44273558259010315
0.44273558259010315
0.44273561239242554
0.44273558259010315
0.44273555278778076
0.44273558259010315
0.44273555278778076
0.44273555278778076
0.44273555278778076
0.4427355229854584
0.4427356421947479
0.44273561239242554
0.4427355229854584
0.44273558259010315
0.44273555278778076
0.4427355229854584
0.44273558259010315
0.4427355229854584
0.4427355229854584
0.44273558259010315
0.44273561239242554
0.44273561239242554
0.44273555278778076
0.442735493183136
0.44273555278778076
0.442735493183136
0.4427355229854584
0.44273555278778076
0.4427355229854584
0.44273555278778076
0.44273555278778076
0.442735493183136
0.44273555278778076
0.4427355229854584
0.4427355229854584
0.442735493183136
0.44273555278778076
0.4427355229854584
0.442735493183136
0.44273558259010315
0.442735493183136
0.442735493183136
0.442735493183136
0.44273555278778076
0.44273558259010315
0.442735493183136
0.442735493183136
0.442735493183136
0.4427354335784912
0.4427354633808136
0.442735493183136
0.4427354633808136
0.4427355229854584
0.442735493183136
0.4427354633808136
0.4427354335784912
0.4427355229854584
0.4427355229854584
0.4427354633808136
0.4427354037761688
0.442735493183136
0.4427354633808136
0.4427354037761688
0.442735493183136
0.442735493183136
0.4427354633808136
0.4427354335784912
0.4427354037761688
0.4427354037761688
0.4427354335784912
0.44273555278778076
0.4427354335784912
0.4427354335784912
0.44273537397384644
0.4427354335784912
0.4427354335784912
0.4427354335784912
0.4427354335784912
0.4427354633808136
0.4427354037761688
0.4427354633808136
0.442735493183136
0.4427354037761688
0.44273537397384644
0.4427354633808136
0.442735493183136
0.4427354335784912
0.4427354633808136
0.4427355229854584
0.44273537397384644
0.44273531436920166
0.4427354037761688
0.4427354037761688
0.44273534417152405
0.44273537397384644
0.44273537397384644
0.44273537397384644
0.44273534417152405
0.4427354633808136
0.44273531436920166
0.44273537397384644
0.44273534417152405
0.4427354037761688
0.44273537397384644
0.44273534417152405
0.44273537397384644
0.44273534417152405
0.44273537397384644
0.44273537397384644
0.44273531436920166
0.44273531436920166
0.44273534417152405
0.4427354335784912
0.44273534417152405
0.44273531436920166
0.44273531436920166
0.44273534417152405
0.44273531436920166
0.44273531436920166
0.44273537397384644
0.44273534417152405
0.4427352845668793
0.44273537397384644
0.4427354335784912
0.44273531436920166
0.44273531436920166
0.44273534417152405
0.44273531436920166
0.44273531436920166
0.44273534417152405
0.44273531436920166
0.44273531436920166
0.44273531436920166
0.44273531436920166
0.44273534417152405
0.44273534417152405
0.4427352249622345
0.44273531436920166
0.44273537397384644
0.44273537397384644
0.44273531436920166
0.44273531436920166
0.4427352845668793
0.4427352845668793
0.4427352845668793
0.44273531436920166
0.44273531436920166
0.44273537397384644
0.4427352845668793
0.4427352845668793
0.4427352845668793
0.4427352547645569
0.4427352845668793
0.44273531436920166
0.44273531436920166
0.44273531436920166
0.44273531436920166
0.4427352547645569
0.44273531436920166
0.44273531436920166
0.4427352845668793
0.4427352845668793
0.4427352845668793
0.4427352249622345
0.4427352249622345
0.4427351951599121
0.4427352249622345
0.4427352249622345
0.4427352547645569
0.4427352845668793
0.4427352249622345
0.4427352249622345
0.4427352547645569
0.4427352249622345
0.4427352249622345
0.44273531436920166
0.4427352845668793
0.44273531436920166
0.4427352547645569
0.4427351653575897
0.4427352249622345
0.4427352845668793
0.4427352547645569
0.4427352547645569
0.4427352249622345
0.4427352249622345
0.4427352547645569
0.4427352249622345
0.4427352249622345
0.4427352249622345
0.4427351653575897
0.4427352249622345
0.4427352845668793
0.4427352249622345
0.4427352249622345
0.4427351951599121
0.4427351951599121
0.4427352249622345
0.4427352845668793
0.4427352249622345
0.4427352547645569
0.4427351653575897
0.4427352249622345
0.4427351653575897
0.4427351951599121
0.4427351653575897
0.4427351653575897
0.44273513555526733
0.4427351653575897
0.4427351951599121
0.4427352249622345
0.4427351951599121
0.4427351951599121
0.44273513555526733
0.4427351951599121
0.4427351653575897
0.4427352249622345
0.4427352249622345
0.4427351951599121
0.44273513555526733
0.44273513555526733
0.4427351653575897
0.4427351653575897
0.4427351951599121
0.4427351951599121
0.4427351653575897
0.4427351653575897
0.44273513555526733
0.4427351653575897
0.44273513555526733
0.44273510575294495
0.44273513555526733
0.44273513555526733
0.4427351951599121
0.4427351653575897
0.4427351653575897
0.44273510575294495
0.44273510575294495
0.4427351951599121
0.4427351653575897
0.44273513555526733
0.44273513555526733
0.44273513555526733
0.44273513555526733
0.4427351653575897
0.44273510575294495
0.44273513555526733
0.44273507595062256
0.44273510575294495
0.44273507595062256
0.44273510575294495
0.4427349865436554
0.44273507595062256
0.44273507595062256
0.44273504614830017
0.44273510575294495
0.44273507595062256
0.44273507595062256
0.44273510575294495
0.44273513555526733
0.44273507595062256
0.44273510575294495
0.44273507595062256
0.44273507595062256
0.44273507595062256
0.44273510575294495
0.44273504614830017
0.4427350163459778
0.44273507595062256
0.44273510575294495
0.44273510575294495
0.44273510575294495
0.4427350163459778
0.4427350163459778
0.44273507595062256
0.44273510575294495
0.44273510575294495
0.44273510575294495
0.44273510575294495
0.4427350163459778
0.4427350163459778
0.44273504614830017
0.4427350163459778
0.44273507595062256
0.44273504614830017
0.4427350163459778
0.442734956741333
0.442734956741333
0.44273504614830017
0.4427349865436554
0.4427350163459778
0.44273507595062256
0.4427350163459778
0.4427350163459778
0.4427349865436554
0.4427349865436554
0.4427349865436554
0.4427349865436554
0.44273504614830017
0.44273504614830017
0.4427349269390106
0.442734956741333
0.4427349865436554
0.4427349865436554
0.4427350163459778
0.4427350163459778
0.442734956741333
0.4427350163459778
0.442734956741333
0.4427349269390106
0.4427350163459778
0.442734956741333
0.4427349865436554
0.442734956741333
0.442734956741333
0.442734956741333
0.4427350163459778
0.4427349865436554
0.442734956741333
0.4427349269390106
0.442734956741333
0.4427349865436554
0.4427349865436554
0.4427349269390106
0.44273504614830017
0.442734956741333
0.4427349269390106
0.4427349269390106
0.442734956741333
0.4427349269390106
0.4427349269390106
0.44273489713668823
0.4427349269390106
0.44273489713668823
0.4427349269390106
0.4427349269390106
0.442734956741333
0.4427349269390106
0.44273489713668823
0.44273504614830017
0.4427349269390106
0.4427349269390106
0.44273489713668823
0.44273483753204346
0.44273489713668823
0.44273489713668823
0.442734956741333
0.44273489713668823
0.4427349269390106
0.44273486733436584
0.44273489713668823
0.4427349269390106
0.44273486733436584
0.44273483753204346
0.44273489713668823
0.44273483753204346
0.44273480772972107
0.44273489713668823
0.4427349269390106
0.4427349269390106
0.44273486733436584
0.44273489713668823
0.44273489713668823
0.44273489713668823
0.44273486733436584
0.44273486733436584
0.44273486733436584
0.44273483753204346
0.44273480772972107
0.44273480772972107
0.44273489713668823
0.44273513555526733
0.44273483753204346
0.44273486733436584
0.44273483753204346
0.44273486733436584
0.44273486733436584
0.44273483753204346
0.4427349269390106
0.44273483753204346
0.44273486733436584
0.44273480772972107
0.44273483753204346
0.44273480772972107
0.44273483753204346
0.4427349269390106
0.44273480772972107
0.44273480772972107
0.44273483753204346
0.44273480772972107
0.44273480772972107
0.44273483753204346
0.44273480772972107
0.44273480772972107
0.44273480772972107
0.44273480772972107
0.44273480772972107
0.44273483753204346
0.44273480772972107
0.44273486733436584
0.44273480772972107
0.4427347779273987
0.44273480772972107
0.44273480772972107
0.4427347779273987
0.4427347779273987
0.44273480772972107
0.4427347779273987
0.44273480772972107
0.44273480772972107
0.4427347481250763
0.4427347779273987
0.4427347779273987
0.4427347779273987
0.44273480772972107
0.4427347779273987
0.44273480772972107
0.4427347779273987
0.44273480772972107
0.4427347183227539
0.44273480772972107
0.44273480772972107
0.4427347779273987
0.44273480772972107
0.4427347481250763
0.44273480772972107
0.4427347481250763
0.4427347481250763
0.4427347481250763
0.4427347183227539
0.44273480772972107
0.4427347481250763
0.44273480772972107
0.4427347183227539
0.4427347183227539
0.4427347779273987
0.4427347481250763
0.4427347779273987
0.44273489713668823
0.4427347183227539
0.4427347481250763
0.4427347481250763
0.4427347183227539
0.4427347779273987
0.4427347481250763
0.4427346885204315
0.4427346885204315
0.4427347779273987
0.4427347183227539
0.4427346885204315
0.44273465871810913
0.4427346885204315
0.4427347779273987
0.44273465871810913
0.4427347183227539
0.4427347183227539
0.4427346885204315
0.4427347183227539
0.44273465871810913
0.4427346885204315
0.4427346885204315
0.4427347183227539
0.44273465871810913
0.44273465871810913
0.44273465871810913
0.4427346885204315
0.4427347183227539
0.4427347183227539
0.44273465871810913
0.44273462891578674
0.44273465871810913
0.4427347481250763
0.4427346885204315
0.44273462891578674
0.4427346885204315
0.44273465871810913
0.4427347779273987
0.44273462891578674
0.4427347183227539
0.44273459911346436
0.44273465871810913
0.44273465871810913
0.44273462891578674
0.44273459911346436
0.44273465871810913
0.44273462891578674
0.44273459911346436
0.44273462891578674
0.44273465871810913
0.44273462891578674
0.44273462891578674
0.44273465871810913
0.44273462891578674
0.44273462891578674
0.44273462891578674
0.44273462891578674
0.4427346885204315
0.44273462891578674
0.44273462891578674
0.44273465871810913
0.44273462891578674
0.44273459911346436
0.4427346885204315
0.44273459911346436
0.44273459911346436
0.4427347183227539
0.44273459911346436
0.44273462891578674
0.44273462891578674
0.44273465871810913
0.44273459911346436
0.44273459911346436
0.44273459911346436
0.44273459911346436
0.44273456931114197
0.44273456931114197
0.44273459911346436
0.44273456931114197
0.44273456931114197
0.44273459911346436
0.44273456931114197
0.44273456931114197
0.44273459911346436
0.44273459911346436
0.44273456931114197
0.44273456931114197
0.44273459911346436
0.4427345395088196
0.44273459911346436
0.44273459911346436
0.44273456931114197
0.44273456931114197
0.44273459911346436
0.4427345395088196
0.4427345097064972
0.4427345097064972
0.4427345395088196
0.44273456931114197
0.4427345097064972
0.4427345097064972
0.44273459911346436
0.4427345395088196
0.4427345097064972
0.4427345097064972
0.4427345395088196
0.44273456931114197
0.44273456931114197
0.4427345097064972
0.4427345097064972
0.4427344799041748
0.4427345395088196
0.44273456931114197
0.44273456931114197
0.4427344799041748
0.4427344501018524
0.44273442029953003
0.4427345097064972
0.44273462891578674
0.4427345395088196
0.4427345097064972
0.4427344799041748
0.4427345395088196
0.4427344799041748
0.4427344799041748
0.4427344799041748
0.4427344799041748
0.4427344501018524
0.4427345097064972
0.4427344799041748
0.4427344501018524
0.4427344799041748
0.4427344501018524
0.44273442029953003
0.4427344799041748
0.4427344799041748
0.4427344799041748
0.4427344799041748
0.44273439049720764
0.4427344501018524
0.4427344501018524
0.4427344799041748
0.44273439049720764
0.4427344799041748
0.4427344799041748
0.44273442029953003
0.4427344501018524
0.4427344799041748
0.44273439049720764
0.44273442029953003
0.44273442029953003
0.44273442029953003
0.4427344799041748
0.44273439049720764
0.4427344501018524
0.4427344799041748
0.44273442029953003
0.44273442029953003
0.4427344501018524
0.4427344501018524
0.44273442029953003
0.44273439049720764
0.44273442029953003
0.44273442029953003
0.44273442029953003
0.44273442029953003
0.44273436069488525
0.44273439049720764
0.44273442029953003
0.44273442029953003
0.44273436069488525
0.4427344501018524
0.4427344501018524
0.44273436069488525
0.44273436069488525
0.44273436069488525
0.44273436069488525
0.44273439049720764
0.44273439049720764
0.44273439049720764
0.44273439049720764
0.44273439049720764
0.44273433089256287
0.44273433089256287
0.44273433089256287
0.44273436069488525
0.44273442029953003
0.44273442029953003
0.4427343010902405
0.44273436069488525
0.44273436069488525
0.44273433089256287
0.44273436069488525
0.44273436069488525
0.44273442029953003
0.4427343010902405
0.4427343010902405
0.4427343010902405
0.44273433089256287
0.44273436069488525
0.4427343010902405
0.44273436069488525
0.44273436069488525
0.44273433089256287
0.44273436069488525
0.44273433089256287
0.44273436069488525
0.44273433089256287
0.4427343010902405
0.4427342712879181
0.4427343010902405
0.4427342712879181
0.4427343010902405
0.4427342712879181
0.4427343010902405
0.4427342712879181
0.44273433089256287
0.4427343010902405
0.44273436069488525
0.4427343010902405
0.4427342414855957
0.4427342712879181
0.4427343010902405
0.4427343010902405
0.4427343010902405
0.4427343010902405
0.4427343010902405
0.4427342712879181
0.4427342712879181
0.4427342712879181
0.4427342712879181
0.4427342712879181
0.44273436069488525
0.4427342712879181
0.4427342712879181
0.4427342712879181
0.4427342712879181
0.4427342712879181
0.4427342712879181
0.4427343010902405
0.4427342712879181
0.4427342712879181
0.4427342712879181
0.4427342712879181
0.4427342712879181
0.4427342712879181
0.4427342712879181
0.4427343010902405
0.4427342414855957
0.4427343010902405
0.4427342116832733
0.4427342116832733
0.4427342116832733
0.4427342712879181
0.4427342712879181
0.4427342116832733
0.4427342712879181
0.4427342712879181
0.4427342414855957
0.4427342414855957
0.4427342116832733
0.4427343010902405
0.4427342712879181
0.4427342414855957
0.4427342712879181
0.4427342414855957
0.4427341818809509
0.4427342116832733
0.4427342414855957
0.4427342414855957
0.4427342116832733
0.4427341818809509
0.4427342414855957
0.4427342414855957
0.4427342414855957
0.4427342116832733
0.4427342712879181
0.4427342414855957
0.4427342712879181
0.4427342712879181
0.4427342116832733
0.4427342414855957
0.4427342116832733
0.4427342414855957
0.4427342116832733
0.4427342116832733
0.4427342116832733
0.4427342712879181
0.44273415207862854
0.4427341818809509
0.44273415207862854
0.4427342414855957
0.44273415207862854
0.4427341818809509
0.4427341818809509
0.44273415207862854
0.4427341818809509
0.44273415207862854
0.4427341818809509
0.44273415207862854
0.4427342116832733
0.44273415207862854
0.4427342116832733
0.44273415207862854
0.4427342116832733
0.44273415207862854
0.4427340626716614
0.4427342116832733
0.4427341818809509
0.44273415207862854
0.44273415207862854
0.44273415207862854
0.4427342116832733
0.44273415207862854
0.44273415207862854
0.44273415207862854
0.44273409247398376
0.44273412227630615
0.44273409247398376
0.44273409247398376
0.44273415207862854
0.4427341818809509
0.44273415207862854
0.44273412227630615
0.44273412227630615
0.44273409247398376
0.4427342116832733
0.44273412227630615
0.44273412227630615
0.4427340626716614
0.44273412227630615
0.44273409247398376
0.44273415207862854
0.44273409247398376
0.44273412227630615
0.44273415207862854
0.44273409247398376
0.44273412227630615
0.442734032869339
0.44273412227630615
0.4427340626716614
0.44273409247398376
0.44273409247398376
0.442734032869339
0.4427340626716614
0.442734032869339
0.4427340626716614
0.44273409247398376
0.44273412227630615
0.44273409247398376
0.44273409247398376
0.44273409247398376
0.44273412227630615
0.44273409247398376
0.442734032869339
0.442734032869339
0.44273409247398376
0.4427340626716614
0.442734032869339
0.442734032869339
0.4427340030670166
0.4427340030670166
0.4427340030670166
0.4427340030670166
0.442734032869339
0.4427339732646942
0.4427340030670166
0.442734032869339
0.442734032869339
0.4427339732646942
0.442734032869339
0.442734032869339
0.4427340030670166
0.442734032869339
0.442734032869339
0.4427339434623718
0.4427339434623718
0.442734032869339
0.4427340030670166
0.442734032869339
0.4427339732646942
0.4427339732646942
0.442734032869339
0.4427340030670166
0.4427339732646942
0.442734032869339
0.4427339434623718
0.4427340030670166
0.4427340030670166
0.4427340030670166
0.4427340030670166
0.4427340030670166
0.4427339732646942
0.4427340030670166
0.44273391366004944
0.4427340030670166
0.4427340626716614
0.4427340030670166
0.4427339434623718
0.4427339434623718
0.4427340030670166
0.4427340030670166
0.442734032869339
0.4427339732646942
0.4427339732646942
0.44273391366004944
0.4427340030670166
0.44273391366004944
0.4427339434623718
0.4427339732646942
0.4427339434623718
0.4427339732646942
0.4427339732646942
0.4427339434623718
0.4427339732646942
0.44273391366004944
0.4427339434623718
0.44273388385772705
0.44273391366004944
0.4427339732646942
0.4427339434623718
0.44273391366004944
0.4427339434623718
0.44273385405540466
0.44273385405540466
0.44273391366004944
0.44273388385772705
0.44273388385772705
0.44273391366004944
0.44273391366004944
0.4427339434623718
0.44273385405540466
0.44273388385772705
0.44273385405540466
0.44273388385772705
0.44273385405540466
0.44273391366004944
0.44273391366004944
0.44273388385772705
0.44273385405540466
0.4427339434623718
0.4427339434623718
0.44273391366004944
0.44273388385772705
0.44273385405540466
0.44273391366004944
0.4427338242530823
0.44273385405540466
0.44273391366004944
0.44273385405540466
0.44273385405540466
0.44273391366004944
0.44273391366004944
0.4427338242530823
0.44273385405540466
0.44273388385772705
0.44273385405540466
0.4427338242530823
0.44273385405540466
0.4427338242530823
0.44273388385772705
0.4427337944507599
0.44273388385772705
0.44273385405540466
0.4427338242530823
0.44273391366004944
0.44273385405540466
0.4427337944507599
0.4427338242530823
0.44273385405540466
0.44273388385772705
0.44273385405540466
0.4427337944507599
0.4427337944507599
0.44273385405540466
0.4427338242530823
0.4427338242530823
0.4427337646484375
0.4427337944507599
0.44273385405540466
0.4427337646484375
0.4427337944507599
0.4427338242530823
0.44273385405540466
0.4427337944507599
0.4427337944507599
0.4427337646484375
0.4427337646484375
0.4427337646484375
0.4427337944507599
0.4427337944507599
0.4427337646484375
0.4427337944507599
0.44273385405540466
0.4427337646484375
0.4427337646484375
0.44273385405540466
0.4427337944507599
0.4427337646484375
0.4427337646484375
0.4427337944507599
0.4427337646484375
0.4427337944507599
0.4427337646484375
0.4427337944507599
0.4427337646484375
0.4427338242530823
0.4427337646484375
0.4427337646484375
0.44273385405540466
0.4427337646484375
0.4427337348461151
0.4427337646484375
0.4427337348461151
0.4427337646484375
0.4427337646484375
0.4427337646484375
0.4427337944507599
0.4427337348461151
0.4427337050437927
0.4427337050437927
0.4427337646484375
0.4427337944507599
0.4427337646484375
0.4427337348461151
0.4427337348461151
0.4427337646484375
0.4427337348461151
0.4427337646484375
0.44273367524147034
0.4427337348461151
0.44273367524147034
0.44273364543914795
0.4427337348461151
0.44273367524147034
0.4427337646484375
0.4427337050437927
0.44273364543914795
0.4427337646484375
0.4427337944507599
0.4427337050437927
0.4427337944507599
0.4427337348461151
0.4427337050437927
0.4427337050437927
0.44273367524147034
0.4427337348461151
0.4427337050437927
0.44273367524147034
0.4427337348461151
0.4427337348461151
0.4427337050437927
0.44273364543914795
0.44273367524147034
0.4427337050437927
0.44273367524147034
0.4427337348461151
0.4427337050437927
0.4427337050437927
0.4427337050437927
0.44273367524147034
0.44273364543914795
0.44273364543914795
0.44273367524147034
0.44273364543914795
0.44273364543914795
0.4427337050437927
0.4427335560321808
0.4427337348461151
0.44273367524147034
0.44273361563682556
0.44273361563682556
0.4427337050437927
0.44273361563682556
0.44273361563682556
0.4427335858345032
0.44273361563682556
0.44273367524147034
0.44273361563682556
0.44273367524147034
0.4427335858345032
0.44273364543914795
0.4427335560321808
0.4427335858345032
0.44273364543914795
0.4427335858345032
0.4427335858345032
0.4427335858345032
0.44273361563682556
0.44273361563682556
0.4427335858345032
0.44273364543914795
0.4427335560321808
0.4427335858345032
0.4427335858345032
0.44273361563682556
0.44273361563682556
0.4427335858345032
0.44273361563682556
0.44273361563682556
0.44273361563682556
0.44273361563682556
0.4427335858345032
0.4427335858345032
0.4427335560321808
0.4427335858345032
0.4427335560321808
0.44273367524147034
0.44273364543914795
0.44273361563682556
0.4427335560321808
0.4427335858345032
0.4427335858345032
0.44273361563682556
0.44273367524147034
0.44273361563682556
0.44273361563682556
0.4427335560321808
0.4427335858345032
0.4427335858345032
0.4427335560321808
0.4427335262298584
0.4427335262298584
0.4427335560321808
0.4427335262298584
0.4427335560321808
0.442733496427536
0.442733496427536
0.4427335858345032
0.4427335262298584
0.4427335858345032
0.4427335560321808
0.4427335262298584
0.4427335262298584
0.4427335262298584
0.4427334666252136
0.4427335858345032
0.4427335262298584
0.4427335560321808
0.442733496427536
0.442733496427536
0.4427335262298584
0.4427334666252136
0.4427334666252136
0.44273343682289124
0.4427334666252136
0.442733496427536
0.4427335262298584
0.442733496427536
0.442733496427536
0.4427335262298584
0.4427334666252136
0.4427334666252136
0.4427335262298584
0.4427335560321808
0.4427335262298584
0.442733496427536
0.44273343682289124
0.4427334666252136
0.4427334666252136
0.4427335262298584
0.44273343682289124
0.4427334666252136
0.4427334666252136
0.4427334666252136
0.4427334666252136
0.4427335262298584
0.442733496427536
0.44273343682289124
0.4427334666252136
0.442733496427536
0.44273343682289124
0.44273340702056885
0.44273340702056885
0.44273340702056885
0.44273343682289124
0.4427334666252136
0.44273340702056885
0.442733496427536
0.44273343682289124
0.44273340702056885
0.44273340702056885
0.4427334666252136
0.44273340702056885
0.44273340702056885
0.44273340702056885
0.44273343682289124
0.44273343682289124
0.44273340702056885
0.44273337721824646
0.44273340702056885
0.44273343682289124
0.44273340702056885
0.44273343682289124
0.44273340702056885
0.4427334666252136
0.44273340702056885
0.44273340702056885
0.44273340702056885
0.44273340702056885
0.4427334666252136
0.44273337721824646
0.44273343682289124
0.4427333474159241
0.4427334666252136
0.44273340702056885
0.4427334666252136
0.4427333474159241
0.44273340702056885
0.4427333474159241
0.44273337721824646
0.4427333474159241
0.44273340702056885
0.44273337721824646
0.4427333474159241
0.4427333474159241
0.4427333474159241
0.44273337721824646
0.4427332580089569
0.44273337721824646
0.4427332878112793
0.4427333474159241
0.44273337721824646
0.4427333474159241
0.4427333176136017
0.4427333474159241
0.4427333176136017
0.4427333474159241
0.4427333176136017
0.4427333474159241
0.4427332878112793
0.4427332878112793
0.4427332878112793
0.4427333176136017
0.4427333474159241
0.4427333176136017
0.4427332878112793
0.4427332580089569
0.4427333474159241
0.4427333474159241
0.4427333474159241
0.4427333474159241
0.4427333176136017
0.4427333176136017
0.4427332878112793
0.4427332580089569
0.4427332878112793
0.4427333474159241
0.4427333176136017
0.4427332878112793
0.4427333176136017
0.4427333176136017
0.4427332580089569
0.4427332878112793
0.4427332580089569
0.4427332878112793
0.4427332878112793
0.4427332580089569
0.4427332580089569
0.4427332878112793
0.4427332878112793
0.4427332580089569
0.4427332580089569
0.4427332580089569
0.4427332580089569
0.4427332580089569
0.4427332282066345
0.4427332282066345
0.4427332580089569
0.4427332580089569
0.4427332580089569
0.4427332580089569
0.4427332580089569
0.4427332282066345
0.4427332580089569
0.4427332580089569
0.4427332580089569
0.44273319840431213
0.4427332580089569
0.4427332282066345
0.4427332580089569
0.4427332282066345
0.4427332580089569
0.4427332580089569
0.4427332580089569
0.4427332282066345
0.4427332282066345
0.4427332282066345
0.4427332580089569
0.4427332580089569
0.4427332282066345
0.44273319840431213
0.4427332282066345
0.4427332580089569
0.4427332580089569
0.44273319840431213
0.4427332580089569
0.4427332282066345
0.4427332282066345
0.4427332580089569
0.4427332282066345
0.44273319840431213
0.4427332282066345
0.4427332282066345
0.44273319840431213
0.4427332282066345
0.4427332580089569
0.44273313879966736
0.44273319840431213
0.44273319840431213
0.4427332282066345
0.44273319840431213
0.44273316860198975
0.44273319840431213
0.44273313879966736
0.44273319840431213
0.4427332282066345
0.44273316860198975
0.4427332282066345
0.44273316860198975
0.44273319840431213
0.44273319840431213
0.44273316860198975
0.44273319840431213
0.44273313879966736
0.44273319840431213
0.4427332580089569
0.4427332282066345
0.44273319840431213
0.44273310899734497
0.44273310899734497
0.44273316860198975
0.44273316860198975
0.44273316860198975
0.44273310899734497
0.4427330791950226
0.44273313879966736
0.44273313879966736
0.4427332580089569
0.44273313879966736
0.44273316860198975
0.44273316860198975
0.4427330493927002
0.44273313879966736
0.44273316860198975
0.44273313879966736
0.44273310899734497
0.44273313879966736
0.44273310899734497
0.4427330791950226
0.44273313879966736
0.44273313879966736
0.44273313879966736
0.44273316860198975
0.44273310899734497
0.44273316860198975
0.44273316860198975
0.44273313879966736
0.44273313879966736
0.44273313879966736
0.44273316860198975
0.4427330791950226
0.4427330195903778
0.4427330493927002
0.44273310899734497
0.4427330493927002
0.4427330791950226
0.44273310899734497
0.4427330791950226
0.4427330791950226
0.4427330195903778
0.4427330493927002
0.4427330493927002
0.4427330493927002
0.44273310899734497
0.4427330791950226
0.44273310899734497
0.4427330493927002
0.4427330791950226
0.4427330195903778
0.4427330791950226
0.4427330195903778
0.4427330791950226
0.4427330493927002
0.4427330493927002
0.4427330195903778
0.44273310899734497
0.4427330493927002
0.4427330791950226
0.4427330195903778
0.4427330493927002
0.4427330195903778
0.4427330195903778
0.4427330195903778
0.4427330791950226
0.4427329897880554
0.4427330195903778
0.4427330493927002
0.4427330791950226
0.4427329897880554
0.44273295998573303
0.4427330791950226
0.4427330195903778
0.4427329897880554
0.4427329897880554
0.44273295998573303
0.4427329897880554
0.4427330195903778
0.44273295998573303
0.4427330195903778
0.44273293018341064
0.4427330195903778
0.4427330195903778
0.4427329897880554
0.4427329897880554
0.4427329897880554
0.4427329897880554
0.44273290038108826
0.44273295998573303
0.44273293018341064
