142.8614959716797
81.51519012451172
56.404090881347656
38.431026458740234
35.03440856933594
24.64712142944336
19.549108505249023
16.8008975982666
13.105864524841309
11.490391731262207
8.774139404296875
7.9980902671813965
7.414934158325195
5.767579078674316
4.902896881103516
5.087883949279785
4.386748790740967
3.713756561279297
4.16093635559082
3.434885263442993
3.125471353530884
2.7335877418518066
3.1347806453704834
2.491989850997925
2.5145480632781982
2.328965902328491
2.1679725646972656
1.842237949371338
1.9018796682357788
1.6772041320800781
1.577243447303772
1.630245566368103
1.522024393081665
1.5243943929672241
1.3387736082077026
1.2863879203796387
1.2099823951721191
1.1864392757415771
1.1654173135757446
0.9563836455345154
1.0920060873031616
1.009760856628418
1.0704984664916992
0.9628923535346985
1.0580812692642212
0.9646134972572327
0.9432194232940674
0.9138954877853394
0.859200656414032
0.8749622702598572
0.8819180727005005
0.8460640907287598
0.8419263362884521
0.9215166568756104
0.8759093284606934
0.7863636612892151
0.8108105063438416
0.8667029142379761
0.8391131162643433
0.8340576887130737
0.777059018611908
0.8141708374023438
0.799392580986023
0.817265510559082
0.8120347261428833
0.8225706219673157
0.7388879656791687
0.7827230095863342
0.7549183368682861
0.8231554627418518
0.7399172782897949
0.7684292197227478
0.9708353877067566
1.1258316040039062
0.8380048274993896
0.9063027501106262
0.8549437522888184
0.797722339630127
0.8127874135971069
0.8104149103164673
0.8134372234344482
0.8339571952819824
0.7694588303565979
0.7753027081489563
0.7356359362602234
0.7260776162147522
0.7256321310997009
0.7170190811157227
0.7517400979995728
0.7212223410606384
0.7415197491645813
0.7271730303764343
0.7661429047584534
0.7253737449645996
0.7665724754333496
0.7273261547088623
0.7529163956642151
0.7305827736854553
0.733436107635498
0.7087564468383789
0.7150614857673645
0.7302079200744629
0.7202557325363159
0.7136849761009216
0.7257717251777649
0.7842103242874146
0.7608257532119751
0.7537446618080139
0.7390652298927307
0.7481350898742676
0.7357136607170105
0.7061430811882019
0.7245088815689087
0.729767918586731
0.7319168448448181
0.7307591438293457
0.7291438579559326
0.7212926149368286
0.720053493976593
0.7237562537193298
0.7023033499717712
0.7307374477386475
0.7367494106292725
0.7399758100509644
0.7313938140869141
0.7416912317276001
0.7090854644775391
0.7178606390953064
0.7226992249488831
0.7109883427619934
0.6996579170227051
0.7255926132202148
0.7151756882667542
0.6816670894622803
0.7058348655700684
0.705460786819458
0.7001197338104248
0.7014915943145752
0.7151666283607483
0.7127857804298401
0.7161943316459656
0.6971568465232849
0.7034503817558289
0.7080699801445007
0.6974930167198181
0.6880906224250793
0.69551682472229
0.7060677409172058
0.7091513872146606
0.7036712765693665
0.7034910321235657
0.7027137279510498
0.7033042311668396
0.7054926753044128
0.7014041543006897
0.7191479206085205
0.7197979092597961
0.7120404243469238
0.7066771984100342
0.7102189064025879
0.7251092195510864
0.7094505429267883
0.7263045310974121
0.7125717401504517
0.7032783627510071
0.7059831023216248
0.6841764450073242
0.6991808414459229
0.7123506665229797
0.6974270939826965
0.6926639676094055
0.7188180685043335
0.7091711163520813
0.7068346738815308
0.6871742010116577
0.6893912553787231
0.6721378564834595
0.7052224278450012
0.7091314196586609
0.7146214246749878
0.7026441097259521
0.6891672015190125
0.6871041655540466
0.7045301198959351
0.7193148732185364
0.6999265551567078
0.714789628982544
0.6956946849822998
0.6945042014122009
0.726455807685852
0.7015897631645203
0.7005564570426941
0.706108808517456
0.7144063115119934
0.7106174826622009
0.7052914500236511
0.6916483640670776
0.7000026106834412
0.71354079246521
0.7066624760627747
0.689576268196106
0.6860788464546204
0.7000480890274048
0.7056252360343933
0.7271474599838257
0.7188488245010376
0.7011637687683105
0.7012310028076172
0.7108132243156433
0.6893213391304016
0.6954779028892517
0.6991226077079773
0.6896634697914124
0.6944898366928101
0.6935034990310669
0.6968840956687927
0.7062563300132751
0.7191348075866699
0.6904423832893372
0.6966889500617981
0.6919108629226685
0.7113447189331055
0.7008813619613647
0.7116037607192993
0.6839542388916016
0.7029598951339722
0.6956108808517456
0.7046629190444946
0.6929501295089722
0.7046878337860107
0.6912726163864136
0.6936101913452148
0.6981780529022217
0.6778420209884644
0.6950497031211853
0.6843317151069641
0.6944543719291687
0.6910539269447327
0.6995801329612732
0.6847620606422424
0.7002476453781128
0.6984435319900513
0.6984087228775024
0.6934968829154968
0.6838582754135132
0.6896435022354126
0.6962358951568604
0.7049433588981628
0.6908180713653564
0.6846170425415039
0.6959701180458069
0.7070993781089783
0.6927571296691895
0.7000524401664734
0.6992830634117126
0.677772045135498
0.7020772099494934
0.6825968623161316
0.7017367482185364
0.6943289041519165
0.6971161365509033
0.6980016827583313
0.6947969794273376
0.6910451650619507
0.7010374069213867
0.6896117925643921
0.6915844082832336
0.6922520995140076
0.7067055106163025
0.6788321733474731
0.6994333267211914
0.7015954256057739
0.6858129501342773
0.694460928440094
0.6862310767173767
0.6854499578475952
0.6865360736846924
0.6951773762702942
0.6937505602836609
0.7085241675376892
0.6978069543838501
0.6993972659111023
0.6975908875465393
0.6787475347518921
0.6994935274124146
0.6845752596855164
0.6903594136238098
0.699577808380127
0.6951724886894226
0.6884356141090393
0.6982793807983398
0.6893888115882874
0.6880415678024292
0.6954606771469116
0.696139395236969
0.6958035230636597
0.7038679718971252
0.6856993436813354
0.6866128444671631
0.698019802570343
0.688408374786377
0.6928679943084717
0.6947031617164612
0.6788923740386963
0.6762824654579163
0.6979314684867859
0.6853219270706177
0.6819137930870056
0.6912530660629272
0.6861181259155273
0.6768088936805725
0.6932844519615173
0.7049371004104614
0.6877853870391846
0.6893448829650879
0.6855326294898987
0.6896068453788757
0.695938229560852
0.69761723279953
0.6923357248306274
0.6886304616928101
0.695475161075592
0.6878620982170105
0.6814582943916321
0.691371500492096
0.6827943325042725
0.689993143081665
0.6871982216835022
0.6932910084724426
0.6832094192504883
0.698752224445343
0.6818841695785522
0.6893101334571838
0.6919484734535217
0.691011905670166
0.6854473948478699
0.6941031217575073
0.6925143599510193
0.6984815001487732
0.6988857388496399
0.6884194612503052
0.6861572265625
0.6899058818817139
0.6839514374732971
0.694068431854248
0.6872711181640625
0.6867294311523438
0.6784611344337463
0.6873766183853149
0.6915144920349121
0.6869752407073975
0.6980234384536743
0.6935239434242249
0.7029277086257935
0.6867525577545166
0.685551106929779
0.6856259703636169
0.6970922946929932
0.6907531023025513
0.6957186460494995
0.6872897744178772
0.6945064663887024
0.6899954676628113
0.6797034740447998
0.691406786441803
0.6868531703948975
0.6819480061531067
0.6894597411155701
0.685425877571106
0.681964099407196
0.7078925967216492
0.7114747762680054
0.6865693926811218
0.6960367560386658
0.6789849400520325
0.6863744854927063
0.68845534324646
0.6806458830833435
0.692144513130188
0.6801750659942627
0.689441442489624
0.6880711317062378
0.6902074217796326
0.6896361708641052
0.6863361597061157
0.6988188028335571
0.6871024370193481
0.6839752197265625
0.6881040930747986
0.6845465898513794
0.6860410571098328
0.6918357610702515
0.6875945329666138
0.6901514530181885
0.6830752491950989
0.6924961805343628
0.6846567392349243
0.6858491897583008
0.6848746538162231
0.6882697343826294
0.6890778541564941
0.6909034252166748
0.6879238486289978
0.6903106570243835
0.6823128461837769
0.6787686347961426
0.6839126348495483
0.686556875705719
0.6838995218276978
0.6873607635498047
0.6814934611320496
0.701196551322937
0.6936624050140381
0.6924113631248474
0.6917403340339661
0.6856982111930847
0.6941285729408264
0.6905272006988525
0.682052493095398
0.6830353736877441
0.6858821511268616
0.6802834272384644
0.6859691739082336
0.6896492838859558
0.6833479404449463
0.6903966665267944
0.6841135621070862
0.6829778552055359
0.6886419057846069
0.6771819591522217
0.6945321559906006
0.6897894144058228
0.6886842250823975
0.6733525991439819
0.6913941502571106
0.6809424757957458
0.6855193376541138
0.6921072602272034
0.6894252896308899
0.6820215582847595
0.6838760375976562
0.6799235939979553
0.6811506748199463
0.6792789101600647
0.6799440979957581
0.6930744051933289
0.6865949630737305
0.6827039122581482
0.6877861022949219
0.6807639002799988
0.6819934248924255
0.6826105117797852
0.6910011768341064
0.6828489899635315
0.6911749243736267
0.683722734451294
0.6843439340591431
0.6874443292617798
0.6829574704170227
0.6858505606651306
0.6855593323707581
0.6794939637184143
0.6875033378601074
0.6745810508728027
0.6916841864585876
0.6879656314849854
0.6872261762619019
0.7000222206115723
0.6830611228942871
0.6874929666519165
0.6834741830825806
0.6852213740348816
0.6856968402862549
0.6771203875541687
0.6906857490539551
0.676496148109436
0.6860787868499756
0.6857873797416687
0.6833592057228088
0.6807916760444641
0.6870256066322327
0.6888630986213684
0.6835072636604309
0.6812852025032043
0.6911577582359314
0.6863043904304504
0.6777406930923462
0.6888487339019775
0.6717416644096375
0.6813336610794067
0.6786304712295532
0.6821469664573669
0.6788361668586731
0.6786549687385559
0.6881146430969238
0.6909775137901306
0.6942131519317627
0.6838304996490479
0.68788743019104
0.6893861293792725
0.6872525811195374
0.6752414703369141
0.681567370891571
0.6792516708374023
0.68709397315979
0.6825448274612427
0.6828947067260742
0.6902859210968018
0.6885035634040833
0.684119462966919
0.6823253035545349
0.6791703701019287
0.6799144148826599
0.679431140422821
0.6835691928863525
0.680794894695282
0.6870273351669312
0.6833978295326233
0.6807987093925476
0.672604501247406
0.6851428151130676
0.6852359175682068
0.6833140850067139
0.6873356699943542
0.6813430190086365
0.6789981722831726
0.6815104484558105
0.6921172738075256
0.677065372467041
0.6932628750801086
0.6921712160110474
0.6789896488189697
0.6841372847557068
0.6842033863067627
0.687471330165863
0.6845002174377441
0.6768561601638794
0.6831355094909668
0.6854615211486816
0.6805009841918945
0.6787288784980774
0.6829416155815125
0.6845126152038574
0.6725453734397888
0.6884506344795227
0.6800764203071594
0.6978393793106079
0.6777989864349365
0.6853758692741394
0.6771020889282227
0.6906960606575012
0.6844488382339478
0.6787960529327393
0.6851939558982849
0.6859129667282104
0.690430223941803
0.6832646131515503
0.6761714220046997
0.6873052716255188
0.6855884194374084
0.6820170283317566
0.6786593198776245
0.6842448115348816
0.6758814454078674
0.6801846027374268
0.6890827417373657
0.6799044013023376
0.6750461459159851
0.6793614625930786
0.6836115717887878
0.6884950995445251
0.6812849640846252
0.6775093674659729
0.6818926334381104
0.6854709982872009
0.6801888942718506
0.6870647668838501
0.6783870458602905
0.680071234703064
0.6712406277656555
0.6822315454483032
0.6935175657272339
0.679627537727356
0.6857283711433411
0.6822060346603394
0.6783766150474548
0.6792349815368652
0.6747950911521912
0.6766059398651123
0.6840105652809143
0.6766217947006226
0.6822712421417236
0.6840375661849976
0.6896101236343384
0.6812087297439575
0.676716148853302
0.6797550916671753
0.6828383207321167
0.6781295537948608
0.6798439025878906
0.6841055750846863
0.6724599003791809
0.674354076385498
0.6877795457839966
0.6700751185417175
0.6927316188812256
0.6793308258056641
0.6888617277145386
0.6833520531654358
0.6795390248298645
0.6786978840827942
0.684109628200531
0.6750614047050476
0.6803383231163025
0.6851152777671814
0.6827715039253235
0.6737853288650513
0.6855394840240479
0.6723649501800537
0.6813233494758606
0.6827025413513184
0.6789157390594482
0.6811721920967102
0.6819259524345398
0.6769558191299438
0.6757082343101501
0.6743208169937134
0.6841226816177368
0.6866763234138489
0.6810473203659058
0.6775469779968262
0.678713858127594
0.683856725692749
0.677222728729248
0.6757011413574219
0.6776999235153198
0.6811155676841736
0.6836975812911987
0.6776406168937683
0.6770128607749939
0.6802346110343933
0.6774452924728394
0.6738008856773376
0.677926242351532
0.6727063655853271
0.6843408346176147
0.682630717754364
0.6770287156105042
0.6765191555023193
0.67232745885849
0.6821975708007812
0.6812107563018799
0.6774546504020691
0.6706830263137817
0.684424102306366
0.6811691522598267
0.6872533559799194
0.6757849454879761
0.6752656102180481
0.6753326058387756
0.6733896732330322
0.686434805393219
0.6780098676681519
0.6807698607444763
0.6813046932220459
0.6769220232963562
0.6766650080680847
0.6755331158638
0.6859374046325684
0.6836785078048706
0.6805395483970642
0.672870934009552
0.6835672855377197
0.6865832805633545
0.6800805926322937
0.6829403042793274
0.6856458187103271
0.6722928285598755
0.6824555397033691
0.6817492246627808
0.6876353025436401
0.6856938004493713
0.6778891682624817
0.6749007105827332
0.6819050312042236
0.6819117069244385
0.6821693778038025
0.6786189079284668
0.6834617257118225
0.674793541431427
0.6751871705055237
0.6721763610839844
0.6768507361412048
0.6804730296134949
0.6760031580924988
0.676416277885437
0.6837272047996521
0.6854026913642883
0.6791045069694519
0.6835013628005981
0.682933509349823
0.6837984919548035
0.6833879947662354
0.6875101923942566
0.6764124631881714
0.681912362575531
0.6796403527259827
0.6716734766960144
0.6783711314201355
0.6778528094291687
0.6761231422424316
0.6758878231048584
0.675395667552948
0.6796422600746155
0.6772826313972473
0.6796897649765015
0.6740468144416809
0.6855195760726929
0.6700731515884399
0.6740866899490356
0.6861069202423096
0.6825833916664124
0.6776348948478699
0.6787185072898865
0.6763980388641357
0.6740619540214539
0.679349422454834
0.6693407297134399
0.6830551028251648
0.6688051819801331
0.6883661150932312
0.6772760152816772
0.6848915815353394
0.683962345123291
0.6687750816345215
0.6771291494369507
0.686418354511261
0.6760839819908142
0.6823262572288513
0.6721518635749817
0.6798663139343262
0.6877331137657166
0.6796743273735046
0.6742072701454163
0.6767016649246216
0.6791353225708008
0.6774718761444092
0.6693904995918274
0.6663011908531189
0.6730698943138123
0.6876561045646667
0.6843180656433105
0.6737237572669983
0.6789408922195435
0.6816719174385071
0.6793503165245056
0.6699227690696716
0.6841073632240295
0.6806146502494812
0.6718863248825073
0.67995685338974
0.677709698677063
0.6747271418571472
0.6850389838218689
0.680508553981781
0.6811094880104065
0.6757599711418152
0.6743857860565186
0.675946831703186
0.6769289374351501
0.6762039065361023
0.6841763257980347
0.6798845529556274
0.6787950992584229
0.6865515112876892
0.6789689660072327
0.6801028847694397
0.6827816367149353
0.6808167695999146
0.6781823635101318
0.6730544567108154
0.6773269176483154
0.6731182336807251
0.6808050274848938
0.6812833547592163
0.6877589225769043
0.6769475936889648
0.6812121272087097
0.6787603497505188
0.678524911403656
0.6781948804855347
0.6754458546638489
0.6754052639007568
0.6830750703811646
0.6835755109786987
0.6738840341567993
0.6857292652130127
0.69057697057724
0.6716756820678711
0.6720330119132996
0.67552649974823
0.6819487810134888
0.672232449054718
0.6829736232757568
0.66876620054245
0.6762104630470276
0.6887975931167603
0.6722934246063232
0.6749768853187561
0.6808766722679138
0.683312177658081
0.6799406409263611
0.6807034015655518
0.6735694408416748
0.6842042207717896
0.6808883547782898
0.6772063970565796
0.6799786686897278
0.6730002760887146
0.6816874146461487
0.6807535290718079
0.6788979172706604
0.6834210753440857
0.6776198148727417
0.6674526929855347
0.6828081011772156
0.6790439486503601
0.6803151965141296
0.679192066192627
0.6794232726097107
0.6955788135528564
0.6728110313415527
0.6733179688453674
0.6799251437187195
0.6834600567817688
0.6733731031417847
0.6742120385169983
0.6715837717056274
0.6789986491203308
0.679440975189209
0.6686264276504517
0.6870485544204712
0.6802834272384644
0.6792622208595276
0.6794876456260681
0.6804332733154297
0.6816146969795227
0.6717931628227234
0.6792201995849609
0.6822834610939026
0.6791524291038513
0.686486005783081
0.6810824871063232
0.6742549538612366
0.6719849705696106
0.6855236887931824
0.6736003160476685
0.6802300214767456
0.6858088970184326
0.675010085105896
0.6798049807548523
0.6782194375991821
0.6705076098442078
0.6775897741317749
0.6842385530471802
0.6769657135009766
0.6729702353477478
0.677546501159668
0.668867290019989
0.6791502833366394
0.6788471937179565
0.669191837310791
0.6827699542045593
0.6733359694480896
0.6772121787071228
0.6727718710899353
0.6727649569511414
0.6735982298851013
0.6728015542030334
0.6807717680931091
0.6811403036117554
0.67314213514328
0.6821005940437317
0.6797571182250977
0.6800310611724854
0.6754365563392639
0.679213285446167
0.6773533821105957
0.6820661425590515
0.6704452633857727
0.6826998591423035
0.6715964078903198
0.6730269193649292
0.6781835556030273
0.6774957180023193
0.6705690026283264
0.6833356022834778
0.6800404191017151
0.6848644018173218
0.6738380789756775
0.6754477620124817
0.6814491748809814
0.6836035251617432
0.6710858345031738
0.6769428849220276
0.6785451173782349
0.6817264556884766
0.6654056310653687
0.6798139214515686
0.6815465092658997
0.6735684871673584
0.6799584627151489
0.6818787455558777
0.6826954483985901
0.6807214617729187
0.6792086958885193
0.6800522804260254
0.6783553957939148
0.6704345345497131
0.683289647102356
0.6847395300865173
0.6735028028488159
0.6784173846244812
0.6832658648490906
0.6761794686317444
0.6843929290771484
0.6695086359977722
0.6665652990341187
0.6751822829246521
0.6827104091644287
0.6710535287857056
0.6737596988677979
0.673538088798523
0.6762768030166626
0.6715937852859497
0.6825347542762756
0.679507315158844
0.6801342368125916
0.6835691332817078
0.680137574672699
0.6852749586105347
0.6846383213996887
0.6718012094497681
0.6771237254142761
0.6706717610359192
0.6753000617027283
0.6796492338180542
0.6738821268081665
0.6720932722091675
0.6710559725761414
0.6727774739265442
0.6739111542701721
0.6698166131973267
0.682546854019165
0.679515540599823
0.6825985312461853
0.6769367456436157
0.6828994154930115
0.663925051689148
0.667566180229187
0.6820300817489624
0.6782914400100708
0.6797285079956055
0.6768423914909363
0.6744838356971741
0.6781637668609619
0.6743395328521729
0.6807940006256104
0.6777278780937195
0.66831374168396
0.6780340671539307
0.6890968680381775
0.6796525120735168
0.6812825202941895
0.6774316430091858
0.6754550933837891
0.6789920330047607
0.6694759130477905
0.6744282841682434
0.6789717078208923
0.6861925721168518
0.6779264211654663
0.6705505847930908
0.6914564967155457
0.688643217086792
0.6798401474952698
0.6699838638305664
0.6698230504989624
0.6761921048164368
0.6742041110992432
0.6835835576057434
0.6768978238105774
0.683991551399231
0.6808534860610962
0.6713216304779053
0.6808589696884155
0.686809241771698
0.6785900592803955
0.6693695187568665
0.6789961457252502
0.6790256500244141
0.6716006994247437
0.678325891494751
0.6715633869171143
0.6866693496704102
0.6731231212615967
0.671690821647644
0.6690250635147095
0.6771328449249268
0.675609290599823
0.6873887181282043
0.6740235090255737
0.6746339201927185
0.6791509985923767
0.6837232708930969
0.6839771866798401
0.6746218204498291
0.6787492632865906
0.6695958971977234
0.6819601655006409
0.676361620426178
0.6745242476463318
0.6767148971557617
0.667664110660553
0.6740680932998657
0.6791810393333435
0.6738559007644653
0.6826659440994263
0.6853824257850647
0.6811978220939636
0.6741688847541809
0.6780632734298706
0.6735014915466309
0.6849514245986938
0.6789930462837219
0.6825169324874878
0.6699213981628418
0.6750468611717224
0.690916895866394
0.6755222082138062
0.6728206872940063
0.6785948276519775
0.6758324503898621
0.6669426560401917
0.6724364161491394
0.676023006439209
0.6841112375259399
0.6742082834243774
0.6776174902915955
0.6719241738319397
0.6786103844642639
0.6752109527587891
0.6764081716537476
0.6785351037979126
0.6848843693733215
0.6783148050308228
0.6824855208396912
0.680247962474823
0.6872666478157043
0.670487642288208
0.6764295697212219
0.6862919330596924
0.6709480881690979
0.6799132227897644
0.6803215146064758
0.6817775368690491
0.6804450154304504
0.6775510311126709
0.6760923266410828
0.6834444403648376
0.6756564974784851
0.683190107345581
0.6731866002082825
0.6794119477272034
0.6839519739151001
0.6763982772827148
0.6705513000488281
0.6727306246757507
0.6768028140068054
0.6803380250930786
0.6777868270874023
0.6716328263282776
0.6702271699905396
0.6774746179580688
0.6698030829429626
0.6754834651947021
0.6765403747558594
0.679215133190155
0.6731048822402954
0.6748608946800232
0.6711174249649048
0.6747027635574341
0.6759636998176575
0.6913577914237976
0.6814582347869873
0.6765875220298767
0.6768673062324524
0.6743340492248535
0.6756225824356079
0.6860364675521851
0.6768492460250854
0.6674131751060486
0.679637610912323
0.6791804432868958
0.6772081851959229
0.6744648218154907
0.6743252277374268
0.6810125708580017
0.6827090978622437
0.6656467318534851
0.6841384768486023
0.6782270669937134
0.6739365458488464
0.6810542941093445
0.682690441608429
0.6776934862136841
0.6753801107406616
0.6694855093955994
0.6850789189338684
0.6682087779045105
0.6669632792472839
0.6855047345161438
0.6711468696594238
0.680981457233429
0.6659906506538391
0.6759494543075562
0.6788269877433777
0.6725126504898071
0.6801548004150391
0.677631676197052
0.6735831499099731
0.6785452961921692
0.6706364154815674
0.6785147190093994
0.6750913858413696
0.6829495429992676
0.6819324493408203
0.668699324131012
0.6814666390419006
0.677013099193573
0.6745651364326477
0.6767493486404419
0.6635696291923523
0.6784534454345703
0.6767958998680115
0.6704057455062866
0.6699496507644653
0.6772239804267883
0.669292151927948
0.6733161211013794
0.6764364242553711
0.6750726699829102
0.6778486371040344
0.6666557788848877
0.6756578087806702
0.6845588088035583
0.6791784763336182
0.672950267791748
0.6837798357009888
0.6711570620536804
0.6798753142356873
0.6744418144226074
0.6719657182693481
0.6704076528549194
0.6823557615280151
0.6714386940002441
0.6697447896003723
0.6775424480438232
0.6728655099868774
0.6767049431800842
0.6866595149040222
0.6778851747512817
0.6774514317512512
0.6707730889320374
0.6706679463386536
0.6739222407341003
0.6767019629478455
0.684047281742096
0.6700916886329651
0.6698167324066162
0.6765767931938171
0.6772485971450806
0.6733227372169495
0.6681398749351501
0.6773735284805298
0.6742138266563416
0.6770868897438049
0.6786760687828064
0.6754565238952637
0.6709227561950684
0.6785424947738647
0.6740661859512329
0.6728484630584717
0.6694153547286987
0.6784862875938416
0.6800432801246643
0.675194263458252
0.6750766634941101
0.6768345832824707
0.6741700768470764
0.6809508204460144
0.6848500370979309
0.6783822774887085
0.6736336350440979
0.6745076179504395
0.668394923210144
0.6715804934501648
0.677920401096344
0.6907598972320557
0.6716164350509644
0.6760874390602112
0.6772411465644836
0.678648829460144
0.6744617819786072
0.6758655905723572
0.6812648177146912
0.6766409873962402
0.6761963367462158
0.6619666814804077
0.682266116142273
0.6717163324356079
0.6776958107948303
0.6674706339836121
0.6816637516021729
0.6800009608268738
0.6801632046699524
0.6758278608322144
0.6804091334342957
0.6717691421508789
0.6752704977989197
0.6709962487220764
0.6647427082061768
0.6804317831993103
0.6729694604873657
0.6734054684638977
0.6758750081062317
0.6740100979804993
0.676769495010376
0.6704512238502502
0.6748119592666626
0.6759119629859924
0.6839079856872559
0.675011396408081
0.6740540862083435
0.6837700605392456
0.6707412600517273
0.672819972038269
0.669113039970398
0.6773349642753601
0.6805232167243958
0.6793506741523743
0.6841530203819275
0.6753018498420715
0.6842476725578308
0.6770327687263489
0.6722424626350403
0.6782591342926025
0.6831523180007935
0.6786814332008362
0.6729618310928345
0.6759677529335022
0.6807348132133484
0.6756870150566101
0.676734983921051
0.6820616722106934
0.6752175092697144
0.6743822693824768
0.6733061671257019
0.6825143098831177
0.6828426718711853
0.6749573945999146
0.6831133365631104
0.6793004870414734
0.674862265586853
0.6711479425430298
0.6697662472724915
0.6689579486846924
0.6796563863754272
0.6820124983787537
0.6756065487861633
0.6769607663154602
0.6782863736152649
0.6763511300086975
0.6797578930854797
0.6814038753509521
0.6806055903434753
0.6724620461463928
0.6729134321212769
0.6780818700790405
0.6772957444190979
0.683804452419281
0.6793336868286133
0.6815655827522278
0.6811283230781555
0.6809386014938354
0.6795578002929688
0.6757736206054688
0.6717801690101624
0.6763540506362915
0.6642443537712097
0.6884464025497437
0.6792383193969727
0.6683856248855591
0.6744089722633362
0.6769371032714844
0.6712206602096558
0.6855373382568359
0.6761278510093689
0.666083037853241
0.6755089163780212
0.6796604990959167
0.6782941818237305
0.6846107840538025
0.6690278053283691
0.6715443730354309
0.6710567474365234
0.6776032447814941
0.6715471148490906
0.6817407011985779
0.6797613501548767
0.6735014915466309
0.6769084334373474
0.6813468933105469
0.6757513284683228
0.6799549460411072
0.6729812622070312
0.6739463806152344
0.66837078332901
0.6753789782524109
0.6847448348999023
0.676276445388794
0.6747187376022339
0.6841405034065247
0.675991415977478
0.6729258894920349
0.6867802143096924
0.6754478216171265
0.6759013533592224
0.6863094568252563
0.679050862789154
0.6785809397697449
0.6781186461448669
0.6776450872421265
0.6828616857528687
0.6699260473251343
0.668048620223999
0.6792131662368774
0.6799900531768799
0.6739940643310547
0.6715063452720642
0.6753584146499634
0.6728993654251099
0.6816413402557373
0.6718450784683228
0.6759318709373474
0.6750869750976562
0.6736382246017456
0.6790379285812378
0.681765615940094
0.6781274676322937
0.66945481300354
0.6709914803504944
0.6718380451202393
0.6768122315406799
0.6806498169898987
0.6783843040466309
0.6652349829673767
0.6667713522911072
0.6738013029098511
0.6799942255020142
0.6688891649246216
0.6758804321289062
0.676941990852356
0.6653695106506348
0.680458664894104
0.6759754419326782
0.6738916039466858
0.6746265292167664
0.6777206659317017
0.6771991848945618
0.6715516448020935
0.6752620339393616
0.6825107932090759
0.6756895780563354
0.6721470355987549
0.6689799427986145
0.6754711866378784
0.672565221786499
0.6693099737167358
0.6766862273216248
0.6697193384170532
0.6724861860275269
0.6822614669799805
0.6805564165115356
0.6748576760292053
0.6751682162284851
0.6673995852470398
0.6778897643089294
0.6773462295532227
0.678450345993042
0.6690003871917725
0.6737816333770752
0.6713333129882812
0.6707385182380676
0.6735851764678955
0.6717582941055298
0.6786441802978516
0.68071448802948
0.6751887798309326
0.6721771955490112
0.682296872138977
0.6942379474639893
0.6735450625419617
0.6704909205436707
0.6754040122032166
0.6779060959815979
0.6764722466468811
0.6797193288803101
0.6783629059791565
0.6730883717536926
0.6730205416679382
0.670788049697876
0.6895645260810852
0.6707118153572083
0.6671940088272095
0.6729353666305542
0.6705710887908936
0.6778979301452637
0.6691219210624695
0.67867112159729
0.6799839735031128
0.6728097200393677
0.6764149069786072
0.6765908002853394
0.6729660034179688
0.6827554702758789
0.6755455136299133
0.6682637929916382
0.6770778894424438
0.680437445640564
0.6733477115631104
0.6729554533958435
0.6796964406967163
0.6886921525001526
0.6766961216926575
0.6752468347549438
0.6759393215179443
0.6757802367210388
0.6744720339775085
0.6777737140655518
0.6803191304206848
0.6834627985954285
0.6719300746917725
0.6741206049919128
0.6874489188194275
0.6750510931015015
0.6841615438461304
0.6848939061164856
0.6834142804145813
0.6759607195854187
0.681397020816803
0.676713228225708
0.668712854385376
0.674937903881073
0.6741557121276855
0.6746342182159424
0.6766193509101868
0.6752688884735107
0.6691341400146484
0.6834941506385803
0.6791672110557556
0.6733958721160889
0.6776542067527771
0.6821907758712769
0.670045018196106
0.6810605525970459
0.6721817255020142
0.6700635552406311
0.6784458756446838
0.674706220626831
0.6677117943763733
0.6799725890159607
0.681991457939148
0.677179753780365
0.6806600689888
0.6713793277740479
0.6908014416694641
0.6766242384910583
0.6866334080696106
0.6766261458396912
0.672238290309906
0.6799947023391724
0.6728606224060059
0.6869077086448669
0.6700146198272705
0.6763953566551208
0.6775838732719421
0.6742058396339417
0.6753497123718262
0.6790447235107422
0.6723572611808777
0.6855055093765259
0.6778199672698975
0.6789871454238892
0.6762847304344177
0.6742334365844727
0.6780405640602112
0.6800426244735718
0.6716728806495667
0.6703646183013916
0.6737566590309143
0.6717767715454102
0.6741942167282104
0.6799858808517456
0.6773349642753601
0.6643588542938232
0.6833154559135437
0.6774123907089233
0.68863445520401
0.6827794313430786
0.6749152541160583
0.67373126745224
0.6680523753166199
0.6840500831604004
0.6803837418556213
0.6818078756332397
0.6795634627342224
0.6853232979774475
0.6808492541313171
0.6744005680084229
0.6645376086235046
0.6759184002876282
0.6819562911987305
0.6796563863754272
0.679709255695343
0.6806756854057312
0.6783705353736877
0.6798883080482483
0.6769227981567383
0.6690970063209534
0.6726624369621277
0.672115683555603
0.6710938811302185
0.6826604008674622
0.6726622581481934
0.6750285029411316
0.6785617470741272
0.660754382610321
0.6705036759376526
0.672733724117279
0.6856175065040588
0.6704278588294983
0.6718330979347229
0.6807462573051453
0.6728271245956421
0.6757768988609314
0.6700149178504944
0.6704536080360413
0.6736576557159424
0.6769229769706726
0.683695375919342
0.6869624853134155
0.6754761338233948
0.6774600744247437
0.6708664894104004
0.6793317198753357
0.6738568544387817
0.6727692484855652
0.6757031083106995
0.6694772243499756
0.6823947429656982
0.6736680269241333
0.673764169216156
0.671688973903656
0.6766380071640015
0.6798511743545532
0.6773793697357178
0.6742843389511108
0.6794851422309875
0.6760187149047852
0.6684176325798035
0.6736259460449219
0.6760272979736328
0.6786823868751526
0.6786441206932068
0.6815700531005859
0.6685971617698669
0.6719384789466858
0.6723718643188477
0.6765032410621643
0.6764328479766846
0.6707528829574585
0.6745287179946899
0.6754277348518372
0.671051025390625
0.6756367683410645
0.6813048124313354
0.6797963976860046
0.6714328527450562
0.6684548258781433
0.6717780828475952
0.6826360821723938
0.6778060793876648
0.6769734025001526
0.6821045875549316
0.6775286793708801
0.6713586449623108
0.6753994226455688
0.6821140050888062
0.6825772523880005
0.6825986504554749
0.6726664900779724
0.6857601404190063
0.670661211013794
0.6758918762207031
0.6769042015075684
0.6733101606369019
0.6650650501251221
0.6810106635093689
0.669567883014679
0.6811959147453308
0.6682413220405579
0.674514651298523
0.6659895777702332
0.678538978099823
0.6778902411460876
0.6766893267631531
0.6729573011398315
0.6705520153045654
0.676149308681488
0.6773977279663086
0.6762105226516724
0.6772540807723999
0.6751317381858826
0.6715503931045532
0.6814183592796326
0.6746804714202881
0.6796562075614929
0.6746452450752258
0.6790326237678528
0.6764797568321228
0.6755470633506775
0.6730557680130005
0.6815383434295654
0.673300564289093
0.687872588634491
0.6764847040176392
0.6724554896354675
0.67201828956604
0.6747727990150452
0.6785720586776733
0.6846725344657898
0.678803563117981
0.6748215556144714
0.6706965565681458
0.6731134057044983
0.6771330833435059
0.6740111708641052
0.6758946180343628
0.6744061708450317
0.6758722066879272
0.675600528717041
0.6775994300842285
0.6708665490150452
0.6760848760604858
0.6708528995513916
0.6710259318351746
0.6775013208389282
0.6809738278388977
0.6709599494934082
0.669945240020752
0.6800652146339417
0.673707127571106
0.6801801323890686
0.6886024475097656
0.6778817772865295
0.6733711957931519
0.6741519570350647
0.6849281787872314
0.6720291972160339
0.6725223064422607
0.6852144598960876
0.6738327741622925
0.6759159564971924
0.6854140162467957
0.6788316965103149
0.6773136854171753
0.6706551313400269
0.6779612302780151
0.6711429357528687
0.6815371513366699
0.6732862591743469
0.6890618205070496
0.6765581369400024
0.6759482026100159
0.6707661747932434
0.6753377914428711
0.6750363111495972
0.6754360198974609
0.6813278794288635
0.6784378290176392
0.6729187965393066
0.6837499737739563
0.6746341586112976
0.6781497001647949
0.6750662922859192
0.681820809841156
0.6824385523796082
0.6740539073944092
0.682494044303894
0.674142599105835
0.6739822626113892
0.6837289929389954
0.6783670783042908
0.6753674149513245
0.6756181120872498
0.6692163348197937
0.6696434617042542
0.6785575747489929
0.6814720630645752
0.6754732728004456
0.6815404295921326
0.6754209995269775
0.678647518157959
0.6770277619361877
0.6833261251449585
0.6789054274559021
0.6801679134368896
0.6725175380706787
0.673105001449585
0.6798725724220276
0.6758103370666504
0.680580198764801
0.6778475642204285
0.6857489347457886
0.6687507629394531
0.6660940051078796
0.6741054654121399
0.6720755696296692
0.6771897077560425
0.6891118884086609
0.6748054623603821
0.6764199137687683
0.6818330883979797
0.683207094669342
0.6782866716384888
0.679067075252533
0.675200343132019
0.6666942834854126
0.6782213449478149
0.6781982183456421
0.6781532764434814
0.6785504817962646
0.6772689819335938
0.6735802888870239
0.6811715960502625
0.6734329462051392
0.6769338846206665
0.6720604300498962
0.6875190734863281
0.6753634810447693
0.6768703460693359
0.6786963939666748
0.6796320676803589
0.665188193321228
0.6726855635643005
0.6816776990890503
0.6761751770973206
0.680553674697876
0.6763755679130554
0.6761336922645569
0.6797536015510559
0.6751295924186707
0.6657677888870239
0.680465817451477
0.6777185201644897
0.6766799688339233
0.6851221919059753
0.6728708744049072
0.6713098287582397
0.672249972820282
0.67071133852005
0.6746172308921814
0.6789623498916626
0.6775988936424255
0.6848058700561523
0.6786065101623535
0.6834306120872498
0.678798496723175
0.6731768250465393
0.6799660921096802
0.6752309799194336
0.6700499057769775
0.6714408993721008
0.672698974609375
0.6752687692642212
0.6785474419593811
0.6758803725242615
0.6728794574737549
0.6827455759048462
0.6705213785171509
0.6690390706062317
0.6715016961097717
0.6765972375869751
0.6819366812705994
0.6753169298171997
0.6841568946838379
0.6816797256469727
0.6734167337417603
0.6820631623268127
0.6751468181610107
0.6744025349617004
0.6752976179122925
0.6729077696800232
0.6704385876655579
0.6792083978652954
0.6668294072151184
0.6703593134880066
0.6868411898612976
0.6726430058479309
0.6684182286262512
0.6838977932929993
0.6776140332221985
0.6811128854751587
0.6759607195854187
0.6739946603775024
0.6711904406547546
0.6755637526512146
0.6678774356842041
0.6786903738975525
0.6771702170372009
0.6818090677261353
0.6727619171142578
0.6808534860610962
0.6747509241104126
0.6787958741188049
0.6804102063179016
0.6818103194236755
0.670495331287384
0.6810061931610107
0.6751582026481628
0.6784734725952148
0.6771169304847717
0.681929886341095
0.6703800559043884
0.6703991293907166
0.6649278402328491
0.6735068559646606
0.6742202639579773
0.6789660453796387
0.6743282675743103
0.6715039610862732
0.6785722970962524
0.6739685535430908
0.6716715693473816
0.6755683422088623
0.6680315136909485
0.6775959134101868
0.6761800050735474
0.6786090135574341
0.682771623134613
0.6810861229896545
0.6848839521408081
0.6749647855758667
0.6772171258926392
0.678187370300293
0.684083104133606
0.6687944531440735
0.67037034034729
0.6778450608253479
0.678134560585022
0.6852902173995972
0.672508180141449
0.6772342920303345
0.668506383895874
0.6755558252334595
0.6739850044250488
0.6916407346725464
0.679236650466919
0.6804977059364319
0.6808918118476868
0.6775193214416504
0.674714207649231
0.6768295168876648
0.6700935363769531
0.6803030967712402
0.6810939908027649
0.680085301399231
0.6762579679489136
0.6802031397819519
0.6737191081047058
0.6834779381752014
0.6776568293571472
0.6747113466262817
0.682873547077179
0.6764402985572815
0.669249415397644
0.6704585552215576
0.676602303981781
0.6744715571403503
0.6776211261749268
0.6807587742805481
0.6771816611289978
0.6721484065055847
0.6757900714874268
0.6841953992843628
0.6743207573890686
0.6774044036865234
0.6774670481681824
0.674884021282196
0.6689538955688477
0.679558277130127
0.6793320178985596
0.6693487167358398
0.6725815534591675
0.6808019876480103
0.6762269139289856
0.679225742816925
0.6671503186225891
0.6786790490150452
0.6743939518928528
0.6770534515380859
0.6805465817451477
0.687071681022644
0.6766056418418884
0.6709608435630798
0.6791725754737854
0.6696596145629883
0.6768755912780762
0.670727550983429
0.6796942353248596
0.6774601936340332
0.6724159121513367
0.6766043901443481
0.6768466234207153
0.6760457158088684
0.6732544898986816
0.6751692295074463
0.6817980408668518
0.6709279417991638
0.6792556643486023
0.6788714528083801
0.6813445091247559
0.6702893972396851
0.6766626238822937
0.674197256565094
0.6725751757621765
0.6732496619224548
0.6737322211265564
0.6811172366142273
0.6817001104354858
0.6723207235336304
0.6715306639671326
0.6848590970039368
0.6815885901451111
0.6739906668663025
0.6788312196731567
0.6736623048782349
0.6771177053451538
0.6768178343772888
0.6695094704627991
0.6778323650360107
0.6740472316741943
0.6664462089538574
0.6754217743873596
0.6722594499588013
0.6720618009567261
0.6710833311080933
0.6746336221694946
0.6730928421020508
0.668751060962677
0.6681619882583618
0.6688339114189148
0.6771899461746216
0.67548668384552
0.6718779802322388
0.6727127432823181
0.6767402291297913
0.6723031401634216
0.6733605861663818
0.6781225204467773
0.6749917268753052
0.6824554204940796
0.6747719645500183
0.6690803170204163
0.6857622265815735
0.6763891577720642
0.6855024695396423
0.6808013319969177
0.6844754815101624
0.6758049130439758
0.6749197840690613
0.6663098931312561
0.674963116645813
0.6887933611869812
0.688222348690033
0.6736245155334473
0.6735925078392029
0.6755610108375549
0.6782927513122559
0.6780630350112915
0.6757670640945435
0.6820504069328308
0.6788462996482849
0.675688624382019
0.6669506430625916
0.6702156066894531
0.6774421334266663
0.6754327416419983
0.6833615899085999
0.6798581480979919
0.6698316335678101
0.6834685206413269
0.675561785697937
0.6775999665260315
0.6766766309738159
0.6767780780792236
0.6764951944351196
0.6730852127075195
0.6776366233825684
0.6660000085830688
0.6861721873283386
0.6796455979347229
0.6773808002471924
0.6784929037094116
0.6783411502838135
0.668062686920166
0.6769696474075317
0.6723535656929016
0.6821855902671814
0.6738425493240356
0.6809027194976807
0.683273434638977
0.6738121509552002
0.6794426441192627
0.675289511680603
0.6737805604934692
0.6799594759941101
0.6799204349517822
0.6737291812896729
0.6692533493041992
0.6749212741851807
0.6756376624107361
0.679141104221344
0.6861130595207214
0.6735005974769592
0.6741246581077576
0.6721814870834351
0.6722387075424194
0.6854225993156433
0.6797416806221008
0.6778377890586853
0.6768071055412292
0.6750892400741577
0.6805698275566101
0.674832820892334
0.6775038838386536
0.680648148059845
0.676050066947937
0.6724827885627747
0.6761284470558167
0.675513744354248
0.6760479807853699
0.6806225776672363
0.6743775606155396
0.6826515197753906
0.6825002431869507
0.6811351776123047
0.6836678981781006
0.6754952669143677
0.6768274903297424
0.6658140420913696
0.665837287902832
0.6664620041847229
0.6856023669242859
0.6733803749084473
0.6766055226325989
0.6710282564163208
0.6764992475509644
0.6758668422698975
0.6763477921485901
0.6715736985206604
0.6832704544067383
0.6748839616775513
0.6733673810958862
0.6700325012207031
0.6760246157646179
0.679506242275238
0.6745613813400269
0.677388608455658
0.6746453046798706
0.675983726978302
0.6749181747436523
0.6843719482421875
0.6836698651313782
0.6795636415481567
0.6823300123214722
0.6750426292419434
0.6749225854873657
0.6761326789855957
0.6810131072998047
0.6738328337669373
0.6694034337997437
0.6737098097801208
0.6736769676208496
0.6734890937805176
0.6751365661621094
0.6742575168609619
0.6643072962760925
0.6797406673431396
0.6818665862083435
0.6790562868118286
0.6716617941856384
0.6804565787315369
0.674754798412323
0.6796693205833435
0.6677379608154297
0.6820254921913147
0.6772045493125916
0.6723718643188477
0.6755896210670471
0.6779453754425049
0.6881751418113708
0.6798438429832458
0.6730825901031494
0.6749440431594849
0.6738271117210388
0.6784040927886963
0.6769047379493713
0.677269458770752
0.6695005297660828
0.6841505169868469
0.6742433905601501
0.6674129962921143
0.6760764718055725
0.6719833612442017
0.6725854873657227
0.6784255504608154
0.6803162693977356
0.6826773881912231
0.6749977469444275
0.6795535683631897
0.6723251938819885
0.6731390357017517
0.6828737854957581
0.6801366806030273
0.6815853714942932
0.6733914613723755
0.672717273235321
0.6902908086776733
0.6771461963653564
0.674583375453949
0.6697929501533508
0.6750050187110901
0.6729217767715454
0.6737869381904602
0.6760688424110413
0.6807718873023987
0.6694359183311462
0.6712582111358643
0.6761098504066467
0.6759448051452637
0.6816082000732422
0.6740541458129883
0.676155686378479
0.67943274974823
0.6781923174858093
0.6754136085510254
0.6695217490196228
0.6751827001571655
0.6814003586769104
0.6748092770576477
0.6729868054389954
0.6820765137672424
0.6680294871330261
0.676103413105011
0.6757668256759644
0.6775146126747131
0.6759853363037109
0.6757625341415405
0.6747338771820068
0.6711342334747314
0.6718390583992004
0.6733721494674683
0.6666299700737
0.6748770475387573
0.6747217178344727
0.6702717542648315
0.6728355288505554
0.6850230097770691
0.6803022027015686
0.6825453639030457
0.6792078018188477
0.6707574129104614
0.6767379641532898
0.674694836139679
0.6822240948677063
0.6729371547698975
0.6752732992172241
0.6746328473091125
0.6756167411804199
0.673845648765564
0.6770250797271729
0.680451512336731
0.6783610582351685
0.6671303510665894
0.6758904457092285
0.6776144504547119
0.6767435073852539
0.6857658624649048
0.6814475059509277
0.6729817986488342
0.6762714982032776
0.6757516264915466
0.6775479316711426
0.6806536912918091
0.6632241010665894
0.6729967594146729
0.672950804233551
0.6767235398292542
0.6759746670722961
0.6668063998222351
0.6724929809570312
0.6768205165863037
0.6736211776733398
0.6738848090171814
0.6838285326957703
0.6814640164375305
0.6802841424942017
0.6715594530105591
0.6838030815124512
0.6765863299369812
0.6630731225013733
0.6743659973144531
0.6799360513687134
0.6701003909111023
0.670861005783081
0.6841880679130554
0.6703822612762451
0.6674757599830627
0.6727364659309387
0.6803780198097229
0.669507622718811
0.6765283942222595
0.6779565811157227
0.683236300945282
0.6808283925056458
0.6690862774848938
0.6792616248130798
0.6832389831542969
0.6748918890953064
0.6756693720817566
0.6728885173797607
0.6764445900917053
0.6783528923988342
0.6768829822540283
0.671328604221344
0.6768222451210022
0.6759017705917358
0.6730715036392212
0.673193633556366
0.6771553158760071
0.6776189804077148
0.6716643571853638
0.6779201626777649
0.6708883047103882
0.676071047782898
0.6736037731170654
0.6781929731369019
0.6745376586914062
0.6720227599143982
0.6758058071136475
0.6770274043083191
0.6764011383056641
0.6676979660987854
0.6721572875976562
0.6792088150978088
0.6830922961235046
0.6794007420539856
0.6786966919898987
0.6735273599624634
0.6736716032028198
0.6712338924407959
0.6675342917442322
0.6771190166473389
0.6775142550468445
0.6748390793800354
0.6842585206031799
0.6760318279266357
0.6758559942245483
0.6763664484024048
0.6753426194190979
0.6736651062965393
0.6769606471061707
0.6778701543807983
0.6765079498291016
0.6821116209030151
0.6719205379486084
0.6742161512374878
0.6761264801025391
0.682016909122467
0.6723440885543823
0.6774004697799683
0.6778428554534912
0.6782200336456299
0.6892910003662109
0.6819025874137878
0.6795443892478943
0.6747409105300903
0.6849263310432434
0.676880955696106
0.6847598552703857
0.6727902889251709
0.672264039516449
0.6773541569709778
0.6733832359313965
0.6727123856544495
0.6754319667816162
0.6745676398277283
0.6768937110900879
0.6698049902915955
0.6795058250427246
0.6773219704627991
0.68771892786026
0.6716983318328857
0.676847517490387
0.6748836636543274
0.6759344339370728
0.6815679669380188
0.6676824688911438
0.6758201122283936
0.6721218228340149
0.6669800877571106
0.6757450699806213
0.6780799627304077
0.6716962456703186
0.6796218752861023
0.6780932545661926
0.6816381216049194
0.6807850003242493
0.6793082356452942
0.6742275357246399
0.6744073629379272
0.6779465079307556
0.6732730269432068
0.6761146783828735
0.6773771643638611
0.6777945756912231
0.6770134568214417
0.6749368906021118
0.6756098866462708
0.6790845990180969
0.6775899529457092
0.6761614084243774
0.6731274127960205
0.6810563206672668
0.676824688911438
0.6701964139938354
0.672229528427124
0.68290114402771
0.673388659954071
0.6674387454986572
0.6805230975151062
0.6786501407623291
0.6667507886886597
0.6760078072547913
0.6772900223731995
0.6773353219032288
0.6711260676383972
0.6792913675308228
0.6764839887619019
0.6725404262542725
0.6652513742446899
0.6731391549110413
0.6706375479698181
0.672824501991272
0.6696408987045288
0.681986927986145
0.6761666536331177
0.681233823299408
0.6794925332069397
0.6651597023010254
0.6733972430229187
0.6761888265609741
0.6817685961723328
0.6757754683494568
0.676662802696228
0.6722503304481506
0.676728367805481
0.6778261661529541
0.6678022742271423
0.673291802406311
0.6798805594444275
0.6729490756988525
0.6741909980773926
0.6749104261398315
0.6835278868675232
0.681999683380127
0.6751382946968079
0.6716010570526123
0.6714833378791809
0.6711448431015015
0.6763169765472412
0.6767184138298035
0.6766960024833679
0.6843577027320862
0.6761577129364014
0.6820412874221802
0.6741920709609985
0.6796301603317261
0.6764567494392395
0.6749674081802368
0.6696435809135437
0.6807968020439148
0.6650068759918213
0.6674197912216187
0.6813279390335083
0.6702756285667419
0.6769001483917236
0.6712223291397095
0.6797890067100525
0.675865888595581
0.6765007972717285
0.672181248664856
0.6703827381134033
0.6754298210144043
0.6787366271018982
0.6871291995048523
0.6778561472892761
0.6749629974365234
0.6689069867134094
0.6713364124298096
0.6808484792709351
0.6778265833854675
0.6712428331375122
0.6735535264015198
0.6776059865951538
0.6811661124229431
0.6833012700080872
0.677386999130249
0.6770455241203308
0.6695272922515869
0.6742340922355652
0.6802167296409607
0.6777489185333252
0.6709895730018616
0.6779814958572388
0.6690231561660767
0.6760572791099548
0.6929141879081726
0.6678533554077148
0.6776772141456604
0.6740256547927856
0.6766973733901978
0.6780539155006409
0.6677125692367554
0.6684536337852478
0.6769219040870667
0.6839284896850586
0.6826924085617065
0.6762980818748474
0.682102620601654
0.6755369305610657
0.6822361350059509
0.6781246662139893
0.6756948828697205
0.6742409467697144
0.67307049036026
0.6731881499290466
0.6681888103485107
0.6743302345275879
0.6614872813224792
0.6692841649055481
0.6772472262382507
0.6778146028518677
0.6682605743408203
0.6759967803955078
0.6750954389572144
0.6704292893409729
0.6738425493240356
0.6675904989242554
0.6772151589393616
0.6697313785552979
0.6751839518547058
0.6719231009483337
0.6753933429718018
0.6760318875312805
0.6754675507545471
0.6792430281639099
0.6753703951835632
0.6791597604751587
0.6790544986724854
0.6747789978981018
0.676284909248352
0.6728579998016357
0.6798832416534424
0.6755164861679077
0.6787902116775513
0.6683387160301208
0.6775610446929932
0.679328441619873
0.6793117523193359
0.672152578830719
0.6787582635879517
0.6822106838226318
0.6772743463516235
0.6737051010131836
0.6698482632637024
0.6667000651359558
0.670598030090332
0.6744475960731506
0.6776859760284424
0.6711719036102295
0.6782749891281128
0.6813119649887085
0.6759276986122131
0.6776058077812195
0.6812068819999695
0.6766366362571716
0.6761859655380249
0.6776368618011475
0.671478271484375
0.6772165298461914
0.6658404469490051
0.6752899289131165
0.6726858615875244
0.6798595786094666
0.6745529174804688
0.6688402891159058
0.6711561679840088
0.6711342334747314
0.6725196242332458
0.6735774278640747
0.6840373277664185
0.6767466068267822
0.6696658134460449
0.6730602979660034
0.6744644641876221
0.6759819984436035
0.6700036525726318
0.6763610243797302
0.6735725998878479
0.6809658408164978
0.6823464035987854
0.6835168600082397
0.6775894165039062
0.6755311489105225
0.6799449324607849
0.6780929565429688
0.6814045906066895
0.6741042733192444
0.6729271411895752
0.6740854978561401
0.6788293123245239
0.6783931255340576
0.6849786043167114
0.6713215708732605
0.668323814868927
0.6750860214233398
0.6726374626159668
0.6747815012931824
0.685478687286377
0.6798427700996399
0.6701561212539673
0.6724804043769836
0.674065351486206
0.6815488934516907
0.6726425886154175
0.6763013601303101
0.6785515546798706
0.677639365196228
0.6710890531539917
0.6821132898330688
0.6790221929550171
0.6785273551940918
0.6836521029472351
0.6811801791191101
0.6801332235336304
0.6791706681251526
0.6714421510696411
0.6720396876335144
0.6818941831588745
0.6731263399124146
0.6810736060142517
0.6798644065856934
0.6779375076293945
0.6760693192481995
0.6719079613685608
0.6779111623764038
0.6680294275283813
0.6786856055259705
0.6818522810935974
0.6761044263839722
0.6772783994674683
0.6714996099472046
0.6759817004203796
0.6789892911911011
0.6731506586074829
0.6765792369842529
0.6770184636116028
0.6759940385818481
0.681685745716095
0.6770321726799011
0.6777312159538269
0.6737355589866638
0.6760743260383606
0.6772046685218811
0.67975914478302
0.68100905418396
0.6792634725570679
0.6712608337402344
0.6711276173591614
0.6734497547149658
0.6764482855796814
0.6851927042007446
0.6743090152740479
0.6668105721473694
0.6806937456130981
0.683063268661499
0.6743071675300598
0.6798460483551025
0.683027982711792
0.68100506067276
0.6784055233001709
0.679146409034729
0.6753076314926147
0.6802663803100586
0.680368185043335
0.6763379573822021
0.6787422895431519
0.669798731803894
0.6767341494560242
0.6806080937385559
0.6888224482536316
0.6729183197021484
0.6645276546478271
0.6734486222267151
0.6698800325393677
0.6692296862602234
0.67618727684021
0.6730656027793884
0.6796658635139465
0.6684857606887817
0.6791383028030396
0.6751825213432312
0.6824350953102112
0.6773965358734131
0.6685783863067627
0.679582953453064
0.668956995010376
0.6727849841117859
0.6785272359848022
0.6744442582130432
0.678187906742096
0.6773840188980103
0.676324188709259
0.6776054501533508
0.6818458437919617
0.6715860366821289
0.6810138821601868
0.6777825951576233
0.6786423325538635
0.6829646229743958
0.6686679720878601
0.6719443798065186
0.6741008162498474
0.6702295541763306
0.677911102771759
0.6736903786659241
0.6687407493591309
0.6756312847137451
0.6710568070411682
0.6826431155204773
0.6771256923675537
0.6830613017082214
0.6729544401168823
0.6797558069229126
0.6763100028038025
0.675540030002594
0.6829715371131897
0.6838021874427795
0.6737732887268066
0.678591787815094
0.6655045747756958
0.6751284599304199
0.6749083995819092
0.6816182136535645
0.6749383807182312
0.6806329488754272
0.6830517649650574
0.6701379418373108
0.6828762888908386
0.6777361631393433
0.6778665781021118
0.6699092984199524
0.68999183177948
0.6796717047691345
0.6752533912658691
0.6719703078269958
0.671174168586731
0.6752613186836243
0.6798516511917114
0.6699545979499817
0.6704870462417603
0.6735088229179382
0.6725714802742004
0.6686936020851135
0.673466145992279
0.6810472011566162
0.6756037473678589
0.6837171912193298
0.6713712215423584
0.6750478744506836
0.6769404411315918
0.6707779765129089
0.6713231205940247
0.684884786605835
0.6742575764656067
0.6890882849693298
0.6745544075965881
0.6750065684318542
0.6837749481201172
0.6784784197807312
0.6736514568328857
0.6685466170310974
0.6739292144775391
0.6735590100288391
0.6753939986228943
0.677464485168457
0.6720911264419556
0.678716242313385
0.6785849928855896
0.6716737151145935
0.6778080463409424
0.6739782691001892
0.6728542447090149
0.6712846159934998
0.6765604615211487
0.6813680529594421
0.6762338280677795
0.6817939281463623
0.6711788177490234
0.6797764897346497
0.6752942204475403
0.6718783974647522
0.6834304332733154
0.6648597121238708
0.6796188354492188
0.6786601543426514
0.6756951808929443
0.6789107322692871
0.6736556887626648
0.6781578660011292
0.6702714562416077
0.6752706170082092
0.6696316599845886
0.6672345399856567
0.6702818870544434
0.6672224402427673
0.6747974157333374
0.6701611876487732
0.6747449636459351
0.6713272929191589
0.6779976487159729
0.6779215931892395
0.6811218857765198
0.6851219534873962
0.6784432530403137
0.6849338412284851
0.6818020343780518
0.6734219193458557
0.6726001501083374
0.661407470703125
0.6837021112442017
0.685426652431488
0.6716593503952026
0.6777641177177429
0.6831763982772827
0.674095869064331
0.6817529201507568
0.6711636781692505
0.6813459396362305
0.6718578934669495
0.6736393570899963
0.6844514012336731
0.6753040552139282
0.6749294400215149
0.6764482259750366
0.6796860694885254
0.6748239994049072
0.6831809878349304
0.6811652779579163
0.6716985702514648
0.6815779209136963
0.6774724721908569
0.6820310354232788
0.6670708060264587
0.67128986120224
0.6761543154716492
0.6724720597267151
0.6766318678855896
0.6700679063796997
0.6775974035263062
0.6737681031227112
0.6793937087059021
0.6674359440803528
0.6655948162078857
0.6724201440811157
0.6778103709220886
0.678795576095581
0.6705835461616516
0.6732465028762817
0.6807126998901367
0.6743901968002319
0.6776281595230103
0.6586078405380249
0.6783453226089478
0.678784191608429
0.6813182830810547
0.6668072938919067
0.6743487119674683
0.6698523759841919
0.674819827079773
0.6787640452384949
0.6774218082427979
0.6793534159660339
0.6868811249732971
0.675173819065094
0.6721900701522827
0.6681079268455505
0.67606121301651
0.6859512329101562
0.6757248044013977
0.6813585758209229
0.67644202709198
0.6739140748977661
0.6873169541358948
0.6753308773040771
0.676262617111206
0.676307201385498
0.6795602440834045
0.6767109036445618
0.6725192666053772
0.6738156676292419
0.6756184697151184
0.6777463555335999
0.685944676399231
0.6770356893539429
0.6779661178588867
0.6777508854866028
0.6771071553230286
0.6699716448783875
0.6790866255760193
0.6763887405395508
0.6789030432701111
0.6802849769592285
0.6732325553894043
0.6812860369682312
0.689580500125885
0.6759334802627563
0.6742599606513977
0.6771008372306824
0.6812266707420349
0.6733572483062744
0.6787407994270325
0.6709640622138977
0.6752078533172607
0.6674250364303589
0.6778537034988403
0.6760463118553162
0.6753398180007935
0.678409993648529
0.6739662885665894
0.6705483794212341
0.6803256869316101
0.6730880737304688
0.6816267371177673
0.6670606136322021
0.6741660237312317
0.6750096082687378
0.6755829453468323
0.6790439486503601
0.6683264970779419
0.6736385822296143
0.668732225894928
0.6721916794776917
0.6822354197502136
0.672920823097229
0.6783357262611389
0.6632046103477478
0.6794047951698303
0.6769052743911743
0.677308976650238
0.6880308389663696
0.6757951974868774
0.6650257706642151
0.6739141941070557
0.6696380376815796
0.6752104759216309
0.6715354919433594
0.6690025329589844
0.689717710018158
0.6822841167449951
0.6746807098388672
0.6758416891098022
0.6712765097618103
0.6798937320709229
0.6823630332946777
0.6763589978218079
0.6728907823562622
0.6778187155723572
0.6685685515403748
0.6737164258956909
0.6786081790924072
0.6827805638313293
0.6679826974868774
0.6849436163902283
0.6817504167556763
0.6718763113021851
0.6795398592948914
0.6714851260185242
0.671626627445221
0.6709858179092407
0.675354540348053
0.6790037751197815
0.6732734441757202
0.6772753596305847
0.670347273349762
0.6748377680778503
0.673653781414032
0.672097384929657
0.6769534349441528
0.6688092947006226
0.6794735789299011
0.6675053238868713
0.6782732605934143
0.6794353127479553
0.6759544610977173
0.6732177734375
0.6758963465690613
0.6760112047195435
0.6722840070724487
0.6691644787788391
0.6670443415641785
0.6727817058563232
0.6723384857177734
0.6770384311676025
0.6788180470466614
0.669575035572052
0.6789911389350891
0.6748629212379456
0.678337574005127
0.6784161925315857
0.6736851930618286
0.6731030941009521
0.6798045039176941
0.6841217875480652
0.6740742921829224
0.6781875491142273
0.6791398525238037
0.6793882846832275
0.6817454099655151
0.6705464124679565
0.6712008714675903
0.676741361618042
0.6780086755752563
0.6724340319633484
0.6820909976959229
0.676006019115448
0.6731225848197937
0.6684609055519104
0.6762007474899292
0.6818283200263977
0.6787735223770142
0.6792764663696289
0.6731436848640442
0.6789923906326294
0.6665282249450684
0.6720980405807495
0.6788135170936584
0.6733871698379517
0.6775415539741516
0.6814866065979004
0.6772777438163757
0.6683573126792908
0.6700236797332764
0.6782682538032532
0.685859739780426
0.6648492217063904
0.6735880374908447
0.6805970072746277
0.6839051842689514
0.6755953431129456
0.6705417633056641
0.6756454110145569
0.6721439957618713
0.6757875084877014
0.6753712296485901
0.6741336584091187
0.6697268486022949
0.6746041178703308
0.683541476726532
0.675324559211731
0.6680976748466492
0.6783440113067627
0.6752186417579651
0.6723222732543945
0.6700112819671631
0.6733201742172241
0.6767555475234985
0.6786144375801086
0.6760377883911133
0.6751725077629089
0.6716394424438477
0.679619550704956
0.6761502623558044
0.67379230260849
0.6733958721160889
0.6693577170372009
0.6770753860473633
0.6645125150680542
0.6790619492530823
0.6726683378219604
0.67141193151474
0.6744434833526611
0.6729221343994141
0.6782723665237427
0.6814043521881104
0.6762900948524475
0.6741558909416199
0.6752970218658447
0.674166738986969
0.6715051531791687
0.6717379093170166
0.6768636107444763
0.6764601469039917
0.6741806864738464
0.6730203032493591
0.6684808731079102
0.6757135391235352
0.6734650731086731
0.6755878925323486
0.6734336018562317
0.680260181427002
0.6739312410354614
0.6819422245025635
0.674644947052002
0.6714794039726257
0.6673142910003662
0.6739627122879028
0.6732746362686157
0.6729164719581604
0.674514651298523
0.6698910593986511
0.6681469678878784
0.6774322390556335
0.6764035820960999
0.675122857093811
0.6762966513633728
0.6758041381835938
0.6738579273223877
0.6787872314453125
0.6802884340286255
0.6684489846229553
0.6788855791091919
0.6814679503440857
0.6758456826210022
0.6685722470283508
0.6844505667686462
0.6776407361030579
0.677488386631012
0.6826964020729065
0.6874637603759766
0.6747703552246094
0.667662501335144
0.6663879752159119
0.6758679747581482
0.6762100458145142
0.6752215027809143
0.6668136715888977
0.6710364818572998
0.6772605180740356
0.6732126474380493
0.6717703342437744
0.6747696399688721
0.6730218529701233
0.6683785319328308
0.6686537265777588
0.6717552542686462
0.6762050986289978
0.6781517267227173
0.671877920627594
0.6803625226020813
0.666771411895752
0.6706619262695312
0.6755115985870361
0.6795466542243958
0.676807165145874
0.6723474264144897
0.6785711646080017
0.6793832182884216
0.679965078830719
0.6695678234100342
0.6670312881469727
0.679990828037262
0.6857445240020752
0.6815069317817688
0.6719415783882141
0.67630934715271
0.6729472279548645
0.6717056632041931
0.6810071468353271
0.6736719608306885
0.6786218285560608
0.6769171953201294
0.6697666049003601
0.6750607490539551
0.6829688549041748
0.6718061566352844
0.6797798871994019
0.6829051971435547
0.6728846430778503
0.6813070178031921
0.672809362411499
0.6786059737205505
0.6790286898612976
0.670918345451355
0.6741631627082825
0.6814366579055786
0.6746662855148315
0.6704276204109192
0.6659014821052551
0.6790863275527954
0.6724777817726135
0.6695359945297241
0.6703914403915405
0.6683685779571533
0.6739271283149719
0.6711267232894897
0.673459529876709
0.68075031042099
0.6741320490837097
0.6684964299201965
0.676803469657898
0.6697049736976624
0.6787174344062805
0.678594708442688
0.6848625540733337
0.6762189269065857
0.6805911064147949
0.6833280324935913
0.6767668724060059
0.679080605506897
0.6796653270721436
0.6770934462547302
0.6766424179077148
0.6761841773986816
0.6814588308334351
0.6784042119979858
0.681922972202301
0.6792026162147522
0.6724085807800293
0.6763976812362671
0.6715706586837769
0.6740237474441528
0.6711751818656921
0.6772895455360413
0.6732130646705627
0.6768858432769775
0.6799657940864563
0.6851323246955872
0.6748639345169067
0.6776806712150574
0.6756640076637268
0.6738501787185669
0.6684027314186096
0.6788133978843689
0.6756292581558228
0.6808657050132751
0.6757051944732666
0.6817415356636047
0.6780350208282471
0.6762605905532837
0.6641344428062439
0.6763091683387756
0.6762304902076721
0.6667854189872742
0.6745415925979614
0.6782432198524475
0.6752240061759949
0.6794103384017944
0.6718965172767639
0.6709101796150208
0.6772415041923523
0.674188494682312
0.6752164363861084
0.678396463394165
0.6752947568893433
0.6735007762908936
0.6765927076339722
0.6736923456192017
0.685980498790741
0.6739952564239502
0.6804314255714417
0.6731035709381104
0.6737427711486816
0.6775442957878113
0.6706225275993347
0.6793667078018188
0.6707907915115356
0.6783751249313354
0.6759834289550781
0.6745885014533997
0.6792556643486023
0.6752486824989319
0.6806720495223999
0.6716704368591309
0.6768376231193542
0.6741365194320679
0.6747182011604309
0.6721593141555786
0.6812971234321594
0.6771422624588013
0.6762679815292358
0.678525447845459
0.6759503483772278
0.6752254962921143
0.671554684638977
0.6810919642448425
0.6710960865020752
0.6791883111000061
0.6775347590446472
0.6776921153068542
0.6702646613121033
0.6802939176559448
0.6708229780197144
0.6722725033760071
0.6692346334457397
0.6824487447738647
0.6788614392280579
0.6725892424583435
0.6768271327018738
0.6708429455757141
0.6713292598724365
0.6784979104995728
0.6765135526657104
0.6730908155441284
0.6753552556037903
0.6717312335968018
0.6836887001991272
0.6731820702552795
0.6782646775245667
0.6745021939277649
0.6778576970100403
0.6718620657920837
0.6766424775123596
0.6743543148040771
0.6811017990112305
0.6886165738105774
0.6835525631904602
0.6717824935913086
0.678415060043335
0.6717340350151062
0.6760553121566772
0.6771618127822876
0.6765507459640503
0.6762780547142029
0.6747428178787231
0.6797420978546143
0.6722303628921509
0.6858270764350891
0.669971764087677
0.6668695211410522
0.6787941455841064
0.6778072118759155
0.6678013205528259
0.6734499931335449
0.6676439046859741
0.6732763648033142
0.6670972108840942
0.6649429202079773
0.6776747703552246
0.6735946536064148
0.6730961203575134
0.6787525415420532
0.6770084500312805
0.6781963109970093
0.6801850199699402
0.6813924312591553
0.6646060943603516
0.673976480960846
0.6775973439216614
0.6807771325111389
0.6662198305130005
0.6749739050865173
0.6735656261444092
0.6778223514556885
0.6760463714599609
0.6753380298614502
0.6726579666137695
0.6717867851257324
0.675972580909729
0.6778576970100403
0.6732811331748962
0.6818890571594238
0.6757257580757141
0.6778953075408936
0.6810851693153381
0.6728715896606445
0.6707189679145813
0.6775535941123962
0.6744924783706665
0.6635220050811768
0.6748465299606323
0.6760303974151611
0.6606706380844116
0.6706776022911072
0.6728704571723938
0.6675860285758972
0.6737595200538635
0.6691703200340271
0.6712647080421448
0.6690472960472107
0.6717787981033325
0.6653887629508972
0.6778602004051208
0.6819003820419312
0.6765156984329224
0.6730751395225525
0.6761559247970581
0.6846746802330017
0.6751898527145386
0.6769210696220398
0.6726528406143188
0.6756023168563843
0.6728464961051941
0.6703809499740601
0.6784257888793945
0.6773049831390381
0.6690048575401306
0.6748102903366089
0.6812863349914551
0.6769872903823853
0.6783754825592041
0.6804364323616028
0.6776527166366577
0.6684297323226929
0.6843323707580566
0.676450252532959
0.6838697195053101
0.6683487892150879
0.6711558699607849
0.67302006483078
0.6723815202713013
0.6783914566040039
0.673663318157196
0.6727728843688965
0.678673267364502
0.6778818964958191
0.6687192916870117
0.6735296249389648
0.6775901317596436
0.678317666053772
0.6759328246116638
0.6746851205825806
0.6823278665542603
0.6726376414299011
0.6750919222831726
0.679775059223175
0.6723335981369019
0.6756048798561096
0.6773263812065125
0.667583703994751
0.6761777400970459
0.6734275221824646
0.6755680441856384
0.6660724878311157
0.6763039827346802
0.6783638596534729
0.6825046539306641
0.6755312085151672
0.6824886202812195
0.6653265357017517
0.6775391101837158
0.6737141013145447
0.6813375353813171
0.6715196371078491
0.6707084774971008
0.6742517948150635
0.6701951622962952
0.667830765247345
0.6808144450187683
0.6720035076141357
0.6859941482543945
0.6744263172149658
0.6736449003219604
0.6849527359008789
0.6634352207183838
0.6784772276878357
0.6805301904678345
0.6786537766456604
0.6707344651222229
0.6846122145652771
0.6682469248771667
0.6855265498161316
0.6769014000892639
0.6663632988929749
0.6716068387031555
0.6729639172554016
0.6792505383491516
0.676281750202179
0.6764853596687317
0.6813501715660095
0.6763975620269775
0.6708560585975647
0.6816681623458862
0.6795538067817688
0.6744605898857117
0.6769936680793762
0.6876769065856934
0.6737950444221497
0.6798326969146729
0.6807719469070435
0.6737857460975647
0.671379566192627
0.6747933626174927
0.6726872324943542
0.674033522605896
0.6656969785690308
0.6746373772621155
0.6774073839187622
0.6756727695465088
0.6707482933998108
0.6763410568237305
0.671454668045044
0.6741784811019897
0.6718940734863281
0.6736412644386292
0.6733007431030273
0.6742023229598999
0.6756682991981506
0.6842084527015686
0.6678975224494934
0.6849158406257629
0.6734833121299744
0.6738516092300415
0.6737715005874634
0.6695786714553833
0.6823893189430237
0.6677355170249939
0.6803505420684814
0.6802822351455688
0.6739498376846313
0.6905705332756042
0.679368257522583
0.6712297797203064
0.6719776391983032
0.6770901083946228
0.6719032526016235
0.6743539571762085
0.6707062721252441
0.6766448020935059
0.6725091934204102
0.6705247759819031
0.6745390295982361
0.680387020111084
0.6768805384635925
0.6884792447090149
0.6909244060516357
0.6813864707946777
0.6736862063407898
0.6742216944694519
0.6705431342124939
0.6743544340133667
0.6788650751113892
0.6743205785751343
0.6826582551002502
0.6858091354370117
0.6819787621498108
0.6774616241455078
0.6771132946014404
0.6716341376304626
0.6686047911643982
0.6812119483947754
0.67509526014328
0.6705689430236816
0.6718795895576477
0.6774376630783081
0.6765913963317871
0.6731289625167847
0.6823270916938782
0.6714223623275757
0.6736906170845032
0.6681172251701355
0.6773234009742737
0.6770405173301697
0.6796873807907104
0.6745780110359192
0.6674129366874695
0.6737776398658752
0.6814751029014587
0.6772712469100952
0.6742855906486511
0.6730707287788391
0.6771382093429565
0.6714518666267395
0.6766465902328491
0.6787126064300537
0.6704724431037903
0.6716540455818176
0.6724649667739868
0.682138204574585
0.6746296286582947
0.687592625617981
0.6757709383964539
0.6703516840934753
0.6784319281578064
0.677475094795227
0.6646822094917297
0.678138017654419
0.6778919696807861
0.6747689247131348
0.678274929523468
0.6834323406219482
0.6712787747383118
0.6725537776947021
0.6710385680198669
0.6776687502861023
0.67984938621521
0.6852030158042908
0.6818782091140747
0.6723849177360535
0.6732860803604126
0.6840894818305969
0.6721693277359009
0.6699351668357849
0.6788204312324524
0.6838456392288208
0.676971971988678
0.679253876209259
0.6814197301864624
0.6816858053207397
0.6720899939537048
0.6768423914909363
0.681857705116272
0.6712278723716736
0.6633538007736206
0.6780514121055603
0.677308201789856
0.6774160265922546
0.6736155152320862
0.6796066164970398
0.6750450134277344
0.6792885065078735
0.6711937189102173
0.677193820476532
0.6785011887550354
0.6824543476104736
0.6776008605957031
0.6809226870536804
0.6722704172134399
0.675979495048523
0.6784970760345459
0.6635230183601379
0.6819297075271606
0.6774613261222839
0.680290699005127
0.6786860227584839
0.6762927174568176
0.6727091670036316
0.6848871111869812
0.6703848838806152
0.6683734059333801
0.6812678575515747
0.6789342761039734
0.6770128607749939
0.6791701912879944
0.6753664016723633
0.6760984659194946
0.6804068684577942
0.6762118935585022
0.6698600649833679
0.6788175106048584
0.6807988882064819
0.6732674241065979
0.6766571998596191
0.6866264343261719
0.6738331913948059
0.6728000640869141
0.6704968810081482
0.6772593259811401
0.6657409071922302
0.6826841831207275
0.6762959361076355
0.6725887656211853
0.6782826781272888
0.6732096672058105
0.676577091217041
0.6742355823516846
0.6735368967056274
0.672884464263916
0.6749982237815857
0.6799629926681519
0.6706907153129578
0.6760431528091431
0.665476381778717
0.6739213466644287
0.6742230653762817
0.6702922582626343
0.676551103591919
0.6730172634124756
0.6777165532112122
0.6792551875114441
0.6809792518615723
0.6765808463096619
0.6674632430076599
0.6712831854820251
0.6856366991996765
0.6714481115341187
0.6794297099113464
0.6737488508224487
0.683957040309906
0.6703346967697144
0.6765386462211609
0.6687098145484924
0.6741706728935242
0.6743600964546204
0.6821576356887817
0.6730360388755798
0.6720281839370728
0.6741834282875061
0.6763485074043274
0.6800124049186707
0.6768284440040588
0.671985924243927
0.6747929453849792
0.6792363524436951
0.6814485788345337
0.6679726243019104
0.6799006462097168
0.6835053563117981
0.6731593012809753
0.670366108417511
0.6739670634269714
0.6707919836044312
0.6788780093193054
0.6774476170539856
0.6725283265113831
0.6816321611404419
0.680231511592865
0.6698919534683228
0.6778628826141357
0.680506706237793
0.6726576685905457
0.6769007444381714
0.674178957939148
0.6754031777381897
0.6745030879974365
0.6766190528869629
0.6734285354614258
0.6784787774085999
0.6740720868110657
0.6684962511062622
0.6693407893180847
0.6750527620315552
0.6793857216835022
0.6813225746154785
0.6696613430976868
0.6755971312522888
0.6747118234634399
0.6657524704933167
0.6704952120780945
0.6606513857841492
0.6841912269592285
0.6815195083618164
0.6701636910438538
0.6701765060424805
0.6779915690422058
0.6803939342498779
0.674983024597168
0.6731835603713989
0.6696303486824036
0.6763391494750977
0.6765895485877991
0.6895628571510315
0.6793164610862732
0.6735042929649353
0.6724674105644226
0.6803041696548462
0.6636536717414856
0.674628734588623
0.6744720935821533
0.6773678064346313
0.6786759495735168
0.6734341979026794
0.6851968765258789
0.6801376938819885
0.67681884765625
0.6819534301757812
0.6640041470527649
0.6705885529518127
0.6699933409690857
0.6788939237594604
0.6747198700904846
0.6765455007553101
0.6800215244293213
0.6751431226730347
0.6796017289161682
0.6795547604560852
0.6724997162818909
0.6677285432815552
0.6662704348564148
0.6705025434494019
0.6705349087715149
0.6723676323890686
0.6866556406021118
0.6801204681396484
0.6761446595191956
0.6784884929656982
0.6806695461273193
0.6693176031112671
0.6793449521064758
0.6682214140892029
0.6705493330955505
0.6811109185218811
0.6826440691947937
0.6776871085166931
0.6829655170440674
0.6801091432571411
0.6816338896751404
0.6745587587356567
0.6758193969726562
0.6797469258308411
0.6733346581459045
0.676337718963623
0.6728054285049438
0.6811747550964355
0.6742191314697266
0.680006742477417
0.6738495230674744
0.6743345856666565
0.6803238987922668
0.6779659390449524
0.6794732809066772
0.6763628721237183
0.6714385151863098
0.6786441206932068
0.6723496317863464
0.6792008280754089
0.6766349673271179
0.6778186559677124
0.671271800994873
0.6737229228019714
0.6764616370201111
0.6682459115982056
0.6705041527748108
0.6862455606460571
0.671157717704773
0.6766037940979004
0.6777177453041077
0.67369544506073
0.6807219982147217
0.6747705936431885
0.6740656495094299
0.679291844367981
0.6729913949966431
0.6821824908256531
0.6883575916290283
0.6694579124450684
0.6670085191726685
0.6717220544815063
0.6757659912109375
0.6822183728218079
0.6780885457992554
0.6768664717674255
0.6801543235778809
0.6823081374168396
0.6833330392837524
0.6854549646377563
0.6732382774353027
0.6670233011245728
0.6767937541007996
0.6825627088546753
0.6707249283790588
0.6711516380310059
0.6707639098167419
0.6772828102111816
0.6748306155204773
0.6764358878135681
0.6890905499458313
0.6736764907836914
0.6847483515739441
0.6721813082695007
0.6777476668357849
0.6657699346542358
0.6786004900932312
0.6822863221168518
0.6750622987747192
0.6658978462219238
0.6779528856277466
0.6757621765136719
0.6641747355461121
0.6702096462249756
0.6709777116775513
0.6813523173332214
0.6774775981903076
0.6778604984283447
0.6765990257263184
0.6685547828674316
0.6745385527610779
0.6778504252433777
0.6772749423980713
0.6814665794372559
0.670203685760498
0.6725004315376282
0.670270562171936
0.6708916425704956
0.6682929992675781
0.6718880534172058
0.6742028594017029
0.682418704032898
0.678406298160553
0.6765912175178528
0.6747449636459351
0.672612726688385
0.6699272990226746
0.6806811094284058
0.6747289299964905
0.6784927248954773
0.6717748641967773
0.6747877597808838
0.6688239574432373
0.670486569404602
0.6761441230773926
0.6771144866943359
0.6723060011863708
0.6796094179153442
0.6703276634216309
0.6743666529655457
0.67389976978302
0.6656851172447205
0.6764756441116333
0.677045464515686
0.6753847599029541
0.6817535161972046
0.6744661331176758
0.6870215535163879
0.6791756749153137
0.6811577081680298
0.6733521819114685
0.6735532283782959
0.6842045783996582
0.6843730807304382
0.6813182234764099
0.6721562743186951
0.6812102794647217
0.6785272359848022
0.681682825088501
0.67806476354599
0.6788576245307922
0.6738927364349365
0.6785277128219604
0.6726928949356079
0.6767338514328003
0.6751649379730225
0.6834107637405396
0.673629879951477
0.6799244284629822
0.6685208082199097
0.6785842180252075
0.6721927523612976
0.6667624711990356
0.6735735535621643
0.6770067811012268
0.6794129610061646
0.6681808829307556
0.6738916039466858
0.6691264510154724
0.681191086769104
0.6755208969116211
0.6703025102615356
0.6709437370300293
0.6774765849113464
0.6741914749145508
0.669880211353302
0.6759834289550781
0.6751031279563904
0.6778731346130371
0.6798102259635925
0.6782553195953369
0.6786779761314392
0.6732649803161621
0.676933765411377
0.6762054562568665
0.6779124736785889
0.6725045442581177
0.6773819923400879
0.6694578528404236
0.6690552234649658
0.6688002943992615
0.677062451839447
0.6747378706932068
0.6701120138168335
0.6620341539382935
0.6749963760375977
0.676799476146698
0.6728830933570862
0.6712725162506104
0.6751306653022766
0.6735641956329346
0.6760578751564026
0.6794361472129822
0.6776396632194519
0.6707847118377686
0.666702389717102
0.6730040311813354
0.6779010891914368
0.6729601621627808
0.6777238249778748
0.6821871995925903
0.6771265864372253
0.6795867085456848
0.6627454161643982
0.6791269779205322
0.6808506846427917
0.6709702610969543
0.6807037591934204
0.6749942302703857
0.6779138445854187
0.6725793480873108
0.6761274933815002
0.6736881732940674
0.6736662983894348
0.671392023563385
0.6725946068763733
0.6707445383071899
0.6781203746795654
0.6820182800292969
0.6731418967247009
0.6696180701255798
0.6698707938194275
0.6768547296524048
0.6783648729324341
0.6804410815238953
0.6874823570251465
0.6801385879516602
0.6782357692718506
0.6723061203956604
0.67600017786026
0.682422935962677
0.6815449595451355
0.6797629594802856
0.6835659146308899
0.6758760809898376
0.6674359440803528
0.678130030632019
0.6802324652671814
0.6765741109848022
0.6753869652748108
0.6807313561439514
0.6731927394866943
0.6758469939231873
0.676668643951416
0.6726621389389038
0.6735621094703674
0.6737040281295776
0.678728461265564
0.6736122369766235
0.6820915937423706
0.670242190361023
0.6705725193023682
0.6754457354545593
0.6809043288230896
0.6761423945426941
0.672601044178009
0.6722774505615234
0.6693684458732605
0.6741599440574646
0.6799789667129517
0.6792886257171631
0.6799697875976562
0.6742373704910278
0.6751869916915894
0.679840087890625
0.6801278591156006
0.6793480515480042
0.6687704920768738
0.6825243830680847
0.6802141666412354
0.6740018725395203
0.6748781204223633
0.6773360967636108
0.6813015341758728
0.6751097440719604
0.6740053296089172
0.6773126721382141
0.6753714680671692
0.669103741645813
0.6816165447235107
0.6699880957603455
0.6750322580337524
0.6718111634254456
0.6631931066513062
0.6752515435218811
0.6758086085319519
0.6856313943862915
0.6686948537826538
0.6723645329475403
0.6763460040092468
0.6777006983757019
0.6781933903694153
0.6752646565437317
0.6843703985214233
0.6677221059799194
0.6809686422348022
0.6785681247711182
0.6720498204231262
0.6687747836112976
0.669145941734314
0.6765583753585815
0.6754257678985596
0.6769636273384094
0.6851213574409485
0.668085515499115
0.681155264377594
0.6719457507133484
0.6649338603019714
0.6803432703018188
0.6690274477005005
0.676925778388977
0.6803917288780212
0.6800873279571533
0.6723558902740479
0.6755123734474182
0.6772719621658325
0.6718762516975403
0.6718718409538269
0.6777650117874146
0.6782530546188354
0.6716424226760864
0.6801234483718872
0.6862618327140808
0.6760090589523315
0.6724831461906433
0.6686569452285767
0.6688170433044434
0.6776588559150696
0.6754489541053772
0.6801038384437561
0.6803393363952637
0.6737728118896484
0.6738669872283936
0.6777803897857666
0.6749979853630066
0.6774212718009949
0.672126829624176
0.6623020768165588
0.6767472624778748
0.676882803440094
0.6755465865135193
0.6708604693412781
0.6734729409217834
0.6754981279373169
0.6743277311325073
0.6746340990066528
0.6719699501991272
0.6807268857955933
0.675869345664978
0.6732598543167114
0.6793221831321716
0.6795428991317749
0.6723789572715759
0.6720783710479736
0.6721738576889038
0.6799450516700745
0.675750195980072
0.6745390892028809
0.6709097027778625
0.6727936863899231
0.6701248288154602
0.6732606291770935
0.6781152486801147
0.6757147908210754
0.6628616452217102
0.675575315952301
0.6781147718429565
0.6744980812072754
0.6805433034896851
0.673435628414154
0.6737383604049683
0.6756848692893982
0.6777470707893372
0.6901726126670837
0.6663055419921875
0.6814212799072266
0.6662430167198181
0.6699009537696838
0.6739234924316406
0.6661577820777893
0.6755446195602417
0.6702194213867188
0.6771844029426575
0.6893095970153809
0.6768515706062317
0.6765050888061523
0.6864712834358215
0.6777042150497437
0.6756110787391663
0.6804068684577942
0.6777485609054565
0.6755180954933167
0.6636916399002075
0.687140941619873
0.6856670379638672
0.6791175007820129
0.6780053973197937
0.6728774309158325
0.6762844324111938
0.6757349371910095
0.6739729046821594
0.6781608462333679
0.6774598360061646
0.6732410192489624
0.6698381900787354
0.6746810674667358
0.6804397702217102
0.6817032098770142
0.675308346748352
0.6774577498435974
0.6710783839225769
0.6725084781646729
0.6843175888061523
0.6762635111808777
0.6845389008522034
0.6740106344223022
0.6720564365386963
0.6748433113098145
0.6734636425971985
0.668915867805481
0.6739660501480103
0.6790430545806885
0.6796426177024841
0.6708979606628418
0.6777734756469727
0.6708513498306274
0.6779950857162476
0.6779946088790894
0.6697528958320618
0.6724708080291748
0.6783655285835266
0.6722422242164612
0.6755667328834534
0.6775972247123718
0.6776330471038818
0.6693598628044128
0.6784963607788086
0.6805523037910461
0.6736990809440613
0.6756044626235962
0.6749593615531921
0.6754229068756104
0.6724129915237427
0.6769348978996277
0.6721653938293457
0.6747816801071167
0.6685190796852112
0.6732155680656433
0.674252986907959
0.6732180714607239
0.6772622466087341
0.6644048690795898
0.6875947117805481
0.6748343706130981
0.6730467081069946
0.676842451095581
0.6767812967300415
0.6786309480667114
0.6802056431770325
0.6847543716430664
0.6733440160751343
0.6723209023475647
0.673543393611908
0.6730672717094421
0.672231912612915
0.6779873371124268
0.6782544255256653
0.6676133871078491
0.6767693758010864
0.6736223697662354
0.6754859089851379
0.6765303015708923
0.6801261305809021
0.6769531965255737
0.6757083535194397
0.6814190149307251
0.683273434638977
0.6876804828643799
0.6817606687545776
0.6783162355422974
0.6815448999404907
0.6695968508720398
0.6825037002563477
0.6776013970375061
0.674408495426178
0.6676432490348816
0.6848680973052979
0.6849560737609863
0.6769669651985168
0.6744948029518127
0.6683059334754944
0.6695506572723389
0.6787002086639404
0.6664572954177856
0.6739240288734436
0.6717521548271179
0.6767298579216003
0.6738948225975037
0.676630973815918
0.6701130867004395
0.6774813532829285
0.6809715628623962
0.6698769927024841
0.6711883544921875
0.675668478012085
0.6699132919311523
0.6821116805076599
0.6711835265159607
0.6748161315917969
0.6668829917907715
0.6794688105583191
0.6803396344184875
0.671847403049469
0.6699269413948059
0.6783608198165894
0.677483081817627
0.6752589344978333
0.6660809516906738
0.6683189272880554
0.6736400723457336
0.6707742810249329
0.6810759902000427
0.684951901435852
0.6823139190673828
0.6743260622024536
0.6715906262397766
0.6769397854804993
0.6791026592254639
0.674230694770813
0.6846839785575867
0.6740180850028992
0.6728977560997009
0.6771534085273743
0.6771828532218933
0.6686007976531982
0.6754616498947144
0.6708877682685852
0.6802242994308472
0.6711744666099548
0.6774579286575317
0.6702454686164856
0.6719014048576355
0.6715928912162781
0.669597327709198
0.6704261898994446
0.6720221638679504
0.6734377145767212
0.681037962436676
0.6774524450302124
0.6745714545249939
0.6795129179954529
0.6815987825393677
0.6724303960800171
0.6714192032814026
0.6840255260467529
0.6788213849067688
0.6765989661216736
0.671755313873291
0.6769282817840576
0.6764769554138184
0.6670911312103271
0.673791229724884
0.6750693321228027
0.6742678880691528
0.676449179649353
0.6779229640960693
0.6728187799453735
0.681329071521759
0.6773502826690674
0.6735685467720032
0.6772291660308838
0.6813458800315857
0.6807423830032349
0.6691076755523682
0.6715105772018433
0.6748225092887878
0.6810675859451294
0.6694982051849365
0.6669201850891113
0.6647819876670837
0.6771675944328308
0.6788761019706726
0.6782625317573547
0.6720786094665527
0.6732122302055359
0.672715961933136
0.677516520023346
0.6720664501190186
0.6719427108764648
0.6776763200759888
0.678809404373169
0.6765623092651367
0.6760253310203552
0.6755262613296509
0.682165801525116
0.6838505864143372
0.6693078875541687
0.6759917736053467
0.6712664365768433
0.6695416569709778
0.6765108108520508
0.6764721274375916
0.6651212573051453
0.6701797246932983
0.6737617254257202
0.6747294664382935
0.679627001285553
0.6810628771781921
0.6709744930267334
0.6840925812721252
0.6787682175636292
0.6821877360343933
0.6871788501739502
0.6763976216316223
0.6692528128623962
0.6816360354423523
0.6739386916160583
0.6662378311157227
0.6869071125984192
0.6811844706535339
0.6680640578269958
0.6733739972114563
0.6803011894226074
0.6729523539543152
0.6782800555229187
0.6680148839950562
0.6683910489082336
0.6747507452964783
0.6779325008392334
0.675808846950531
0.6850927472114563
0.6754342317581177
0.6712475419044495
0.6713758707046509
0.6865362524986267
0.6675848364830017
0.673745334148407
0.6767407655715942
0.6715664267539978
0.6880347728729248
0.6832976341247559
0.678132951259613
0.6780296564102173
0.6764659285545349
0.6728546023368835
0.6661893725395203
0.6715955138206482
0.6730857491493225
0.6723730564117432
0.6680195331573486
0.6735963225364685
0.6720539927482605
0.6686640977859497
0.6738157868385315
0.6799764633178711
0.6748846173286438
0.6736185550689697
0.6814320683479309
0.6791785955429077
0.6777922511100769
0.6750284433364868
0.6683350801467896
0.6766374111175537
0.6860388517379761
0.6753813624382019
0.6782591342926025
0.6752466559410095
0.6744265556335449
0.6688839197158813
0.6781321167945862
0.6642728447914124
0.6738993525505066
0.6648944616317749
0.6740506291389465
0.668839693069458
0.6714475154876709
0.6688347458839417
0.6759633421897888
0.6727928519248962
0.676128089427948
0.6747211217880249
0.6822773814201355
0.6710970401763916
0.6763116717338562
0.6707103252410889
0.6721434593200684
0.6671146750450134
0.6736355423927307
0.6736421585083008
0.6734876036643982
0.6809325218200684
0.6792903542518616
0.6752057671546936
0.6815940141677856
0.671881914138794
0.6796666979789734
0.6803176403045654
0.6693413853645325
0.6665077805519104
0.6767122745513916
0.6868879795074463
0.6874598264694214
0.6756278872489929
0.6791946291923523
0.6624505519866943
0.6808923482894897
0.6740014553070068
0.6807078123092651
0.6751503348350525
0.6786653399467468
0.6759482622146606
0.6690471172332764
0.679166316986084
0.6787968873977661
0.6846188306808472
0.6663089990615845
0.6763730049133301
0.6767290830612183
0.6705405712127686
0.6702112555503845
0.6733642220497131
0.6804083585739136
0.6707263588905334
0.6754060983657837
0.6850917339324951
0.6787921190261841
0.6703253984451294
0.6705472469329834
0.6722076535224915
0.6813598871231079
0.674315333366394
0.6764951944351196
0.6722041368484497
0.67657071352005
0.6787412762641907
0.6778398156166077
0.6665871739387512
0.6757292747497559
0.6714320778846741
0.6744389533996582
0.6916924118995667
0.665773332118988
0.6825851798057556
0.6716177463531494
0.6831391453742981
0.6642413139343262
0.6786581873893738
0.6788080334663391
0.6784212589263916
0.6794690489768982
0.6772699952125549
0.6681742668151855
0.685323178768158
0.675533652305603
0.6815696358680725
0.6716748476028442
0.6769896149635315
0.6712300181388855
0.6702837347984314
0.6782434582710266
0.6785932183265686
0.6688705682754517
0.6731471419334412
0.6777324080467224
0.6761243939399719
0.6695196628570557
0.680174708366394
0.6717854142189026
0.6755683422088623
0.6747570633888245
0.6830018162727356
0.6881768107414246
0.6722308993339539
0.6728290915489197
0.6760417222976685
0.6798540353775024
0.6742240786552429
0.6767728924751282
0.6751716732978821
0.6786671280860901
0.6744613647460938
0.6731649041175842
0.6786074042320251
0.6720878481864929
0.6780351400375366
0.6761654019355774
0.6696546673774719
0.6739224791526794
0.6731510162353516
0.6727700233459473
0.672368049621582
0.6698209047317505
0.6694919466972351
0.6681212186813354
0.666822075843811
0.6785943508148193
0.6777399182319641
0.6729544997215271
0.67210453748703
0.6718699932098389
0.6727422475814819
0.6692165732383728
0.6729312539100647
0.6662408709526062
0.6771824359893799
0.6700920462608337
0.6711905598640442
0.6676187515258789
0.6751077175140381
0.6691210269927979
0.674415647983551
0.6773345470428467
0.6679064035415649
0.6798093318939209
0.6796446442604065
0.6771292090415955
0.6694252490997314
0.6754512786865234
0.674304723739624
0.674008846282959
0.6717235445976257
0.6720222234725952
0.6708813905715942
0.6759533882141113
0.6766829490661621
0.6729915738105774
0.6789892911911011
0.6754969358444214
0.682678759098053
0.6711155772209167
0.6842278242111206
0.6676768064498901
0.6712529063224792
0.674985945224762
0.6761484742164612
0.6742880344390869
0.6833205819129944
0.6784819960594177
0.6803611516952515
0.6764933466911316
0.6702178716659546
0.6711563467979431
0.668326735496521
0.6716600656509399
0.6755993962287903
0.6662937998771667
0.6723073124885559
0.67169189453125
0.6756927967071533
0.6809198260307312
0.6779825091362
0.6773476004600525
0.6748238205909729
0.6771756410598755
0.6769717335700989
0.6714363694190979
0.6715997457504272
0.6753674745559692
0.6755959987640381
0.6766490936279297
0.672366201877594
0.6840930581092834
0.6731926202774048
0.6782025694847107
0.6877421736717224
0.6835681200027466
0.6704915761947632
0.6761133074760437
0.6760086417198181
0.6758391857147217
0.6741806864738464
0.6718076467514038
0.6867433190345764
0.6725460290908813
0.6734228134155273
0.6845488548278809
0.6673129200935364
0.6768524646759033
0.672731339931488
0.670768678188324
0.6751325130462646
0.6732346415519714
0.673883855342865
0.6764013171195984
0.6806499361991882
0.6704126000404358
0.6790985465049744
0.6887985467910767
0.6721885800361633
0.6678081750869751
0.6695275902748108
0.6784350275993347
0.6788653135299683
0.676262617111206
0.6727888584136963
0.6838475465774536
0.6822648048400879
0.6756820678710938
0.6722177267074585
0.6774929761886597
0.6753682494163513
0.6770522594451904
0.6759517192840576
0.6755470633506775
0.6722456216812134
0.681296169757843
0.6824508905410767
0.6749286651611328
0.6821578741073608
0.6718220114707947
0.6782715916633606
0.6797304153442383
0.6766400337219238
0.6819320321083069
0.6711302399635315
0.6824377179145813
0.6677212119102478
0.6826740503311157
0.6764335036277771
0.6770741939544678
0.6784964799880981
0.6700688600540161
0.6782909035682678
0.6776914596557617
0.6819961071014404
0.6799166202545166
0.6713181138038635
0.6738603711128235
0.6748571395874023
0.6814497709274292
0.6837074756622314
0.6743306517601013
0.6800209879875183
0.6711831092834473
0.6735345125198364
0.6677907109260559
0.6694688200950623
0.6733548045158386
0.6780076026916504
0.6763966083526611
0.6723587512969971
0.6772766709327698
0.6758391857147217
0.6793347001075745
0.6675466895103455
0.6747326850891113
0.6760509014129639
0.6805012226104736
0.6763891577720642
0.668773353099823
0.6784350275993347
0.6713573932647705
0.6784662008285522
0.6723554730415344
0.6701757311820984
0.6698229312896729
0.6781983375549316
0.6818351149559021
0.6728095412254333
0.6832194328308105
0.6750137209892273
0.6832144856452942
0.6825804710388184
0.6748990416526794
0.6767048239707947
0.6791498064994812
0.6811442375183105
0.6792186498641968
0.6673376560211182
0.6693838834762573
0.6774927973747253
0.6765464544296265
0.6853064894676208
0.6817353367805481
0.6802526116371155
0.6799901127815247
0.6797661781311035
0.6744521260261536
0.6801215410232544
0.6805646419525146
0.675121545791626
0.6827243566513062
0.6796249151229858
0.677589476108551
0.6776361465454102
0.6813536286354065
0.6708843111991882
0.672063410282135
0.6704878807067871
0.6812283992767334
0.6715033054351807
0.673969030380249
0.672715425491333
0.6754109263420105
0.6726078391075134
0.6729615330696106
0.6771901249885559
0.6796113848686218
0.6810168623924255
0.6696023344993591
0.6738267540931702
0.6879156827926636
0.6684099435806274
0.6749773621559143
0.6675733327865601
0.6689236164093018
0.6709742546081543
0.6815907955169678
0.672649085521698
0.6733831167221069
0.6793155670166016
0.6713382601737976
0.679679811000824
0.6718000173568726
0.6792888045310974
0.6745425462722778
0.6817162036895752
0.6702525019645691
0.6662495136260986
0.6734706163406372
0.6795200109481812
0.6764013171195984
0.6728619933128357
0.6797860264778137
0.6739885210990906
0.6773083806037903
0.6825901865959167
0.6724933981895447
0.6658486127853394
0.6733126640319824
0.669917643070221
0.68196702003479
0.672516942024231
0.6807001829147339
0.6711560487747192
0.6784158945083618
0.6714254021644592
0.6803644299507141
0.6818123459815979
0.6689568161964417
0.6787012219429016
0.6821750402450562
0.6730015277862549
0.67657470703125
0.669834315776825
0.6781848073005676
0.6686120629310608
0.6709792613983154
0.6804569959640503
0.670661449432373
0.6767436265945435
0.6755318641662598
0.6716733574867249
0.6767852902412415
0.6826221942901611
0.6740886569023132
0.6714981198310852
0.6719284057617188
0.673012912273407
0.674549400806427
0.670106053352356
0.6747843623161316
0.6735098958015442
0.673279881477356
0.6743815541267395
0.6741622686386108
0.6740901470184326
0.6782523989677429
0.6698354482650757
0.6744998097419739
0.6757241487503052
0.6693875789642334
0.6723918318748474
0.6814918518066406
0.6731798648834229
0.6677764058113098
0.6705902218818665
0.6773445010185242
0.6793314814567566
0.6690757274627686
0.6709397435188293
0.6739727258682251
0.6793118119239807
0.6763321161270142
0.6796899437904358
0.6780266165733337
0.6829459071159363
0.6789427995681763
0.6774416565895081
0.6776544451713562
0.6738951206207275
0.6816637516021729
0.6852831840515137
0.6785991191864014
0.6740218997001648
0.6698176264762878
0.6724072098731995
0.6721563935279846
0.6797868609428406
0.6713902354240417
0.6761630773544312
0.6692891120910645
0.6748130321502686
0.6686336994171143
0.6775040030479431
0.6742092370986938
0.672049343585968
0.6723074913024902
0.6721580624580383
0.6756665706634521
0.6811738014221191
0.6808155179023743
0.6748973727226257
0.6784454584121704
0.6793514490127563
0.6835440993309021
0.679546594619751
0.6834567785263062
0.6735148429870605
0.6795445084571838
0.6826522946357727
0.6799047589302063
0.6747375130653381
0.6740232110023499
0.6796284317970276
0.6715471744537354
0.6719156503677368
0.6872408390045166
0.6690964698791504
0.6758733987808228
0.67319256067276
0.6681231260299683
0.6796767711639404
0.6689447164535522
0.6742116212844849
0.6754030585289001
0.675378680229187
0.6849191784858704
0.6726996898651123
0.6784061789512634
0.672640860080719
0.674113392829895
0.6758844256401062
0.6745262742042542
0.6840741634368896
0.6751152276992798
0.6761647462844849
0.6866098046302795
0.6684867143630981
0.678560733795166
0.6688284873962402
0.6686961650848389
0.6734471321105957
0.6738465428352356
0.6811333894729614
0.6839332580566406
0.6765271425247192
0.6795136332511902
0.6709430813789368
0.6706141233444214
0.6689019203186035
0.6726848483085632
0.6757463216781616
0.678699791431427
0.6796350479125977
0.6730333566665649
0.6766191720962524
0.6748733520507812
0.6649649739265442
0.6742968559265137
0.6805824637413025
0.6869693994522095
0.6848548054695129
0.6739118695259094
0.6805620789527893
0.6807059049606323
0.686001181602478
0.666354775428772
0.6751220226287842
0.6746200323104858
0.6827870011329651
0.6779264807701111
0.6714913249015808
0.6774929165840149
0.671101987361908
0.6746271252632141
0.683690071105957
0.6854580044746399
0.6730247139930725
0.6741596460342407
0.6777905821800232
0.6747632622718811
0.6823017597198486
0.6842988133430481
0.6752684116363525
0.6809359788894653
0.6746712327003479
0.6839323043823242
0.6822903752326965
0.6707462668418884
0.6776715517044067
0.6698932647705078
0.6741250157356262
0.6736935973167419
0.6725555062294006
0.6797949075698853
0.6650745272636414
0.6744740009307861
0.6665873527526855
0.6753053665161133
0.6800491213798523
0.6787726283073425
0.6855589747428894
0.6675354242324829
0.6746756434440613
0.6814594864845276
0.6710089445114136
0.6728048324584961
0.6633954048156738
0.6718197464942932
0.6797316074371338
0.6772868633270264
0.6699541807174683
0.6699293851852417
0.6788017749786377
0.6668204069137573
0.6797803640365601
0.6748704314231873
0.6809591054916382
0.6735302209854126
0.6737784743309021
0.6748128533363342
0.66964191198349
0.672336757183075
0.6781821846961975
0.675145149230957
0.6681191921234131
0.676468014717102
0.6777908802032471
0.686445415019989
0.6718804240226746
0.6866030097007751
0.6722809076309204
0.6690071821212769
0.6666397452354431
0.67042076587677
0.6763156652450562
0.6776311993598938
0.6775458455085754
0.6713301539421082
0.68011474609375
0.6815369129180908
0.6809396743774414
0.6731606125831604
0.6748015284538269
0.6835985779762268
0.6686971783638
0.6770431399345398
0.6781701445579529
0.67501300573349
0.6758484244346619
0.671171247959137
0.6743064522743225
0.674954354763031
0.6724290251731873
0.6752728223800659
0.6799055933952332
0.6726638674736023
0.6752236485481262
0.6715253591537476
0.6731293797492981
0.6861630082130432
0.6786078214645386
0.6729669570922852
0.6762867569923401
0.6720812916755676
0.6755181550979614
0.6743742823600769
0.6749130487442017
0.6734012961387634
0.6769213080406189
0.6858804821968079
0.6717662215232849
0.6710842251777649
0.6824780702590942
0.6897321343421936
0.6770068407058716
0.679131031036377
0.6738651394844055
0.6798432469367981
0.6747055053710938
0.675883412361145
0.6820937991142273
0.664675772190094
0.6742151975631714
0.6867594718933105
0.6689736843109131
0.6718947291374207
0.673607349395752
0.6822814345359802
0.672368586063385
0.6763104796409607
0.6689824461936951
0.676828920841217
0.6736977100372314
0.6713342070579529
0.678183376789093
0.6745511889457703
0.6769011616706848
0.6719089150428772
0.663672924041748
0.6710217595100403
0.6783015131950378
0.6767184734344482
0.683661937713623
0.6810746788978577
0.6664528250694275
0.673990786075592
0.6793224215507507
0.6707111597061157
0.6836606860160828
0.669729471206665
0.6718318462371826
0.6740378141403198
0.6687142848968506
0.6758530139923096
0.6754273176193237
0.6750808954238892
0.6729598641395569
0.6705618500709534
0.6757747530937195
0.6745206713676453
0.6690993905067444
0.6731430888175964
0.6686998605728149
0.6728687286376953
0.6720438003540039
0.6787406206130981
0.6843059062957764
0.6728044748306274
0.671837568283081
0.6811320185661316
0.6768285632133484
0.6757001876831055
0.6729851961135864
0.6738439798355103
0.6816064715385437
0.6719503402709961
0.6838293671607971
0.6677613258361816
0.6819425225257874
0.6718506813049316
0.6727707386016846
0.6652683019638062
0.671656608581543
0.6798028349876404
0.6890255212783813
0.6752004027366638
0.6761113405227661
0.6796513795852661
0.6803324222564697
0.6654366254806519
0.677962601184845
0.6740762591362
0.6739171743392944
0.6867676377296448
0.6742687225341797
0.6720502376556396
0.6751576066017151
0.6779568195343018
0.6730530858039856
0.6773589253425598
0.6727055907249451
0.6777091026306152
0.6816847324371338
0.6745913028717041
0.6696828007698059
0.669579029083252
0.6711016297340393
0.6716631650924683
0.6802400946617126
0.6770243048667908
0.6802998185157776
0.672063410282135
0.6787183284759521
0.6820865869522095
0.6784318089485168
0.6801161170005798
0.6827520728111267
0.6731611490249634
0.6773227453231812
0.6773591041564941
0.6710854172706604
0.6699649691581726
0.6726186275482178
0.6896138787269592
0.6716076731681824
0.6745061874389648
0.6793407201766968
0.674521267414093
0.6831560134887695
0.6812557578086853
0.6799806952476501
0.6810052394866943
0.6720330715179443
0.6767547726631165
0.6823123097419739
0.6767931580543518
0.6814533472061157
0.6754975318908691
0.6719706654548645
0.6700909733772278
0.6760944128036499
0.6686311364173889
0.6681413650512695
0.6761929988861084
0.674737811088562
0.6756198406219482
0.6718327403068542
0.6766992211341858
0.6703046560287476
0.6716538071632385
0.674862802028656
0.6733796000480652
0.6703463196754456
0.6758477687835693
0.6773935556411743
0.6718422174453735
0.6824266910552979
0.6740766167640686
0.6768779158592224
0.6753494143486023
0.6704726815223694
0.6796256899833679
0.6698922514915466
0.6783016920089722
0.677668035030365
0.6791988015174866
0.6736664772033691
0.6759750247001648
0.6803880929946899
0.671275794506073
0.6860581636428833
0.671680748462677
0.675905704498291
0.6720457673072815
0.6776565313339233
0.6769793033599854
0.6782587766647339
0.6735659837722778
0.6694850921630859
0.67202228307724
0.6768518090248108
0.6676415205001831
0.6701253056526184
0.6794521808624268
0.666674017906189
0.6741461157798767
0.6770168542861938
0.6678211688995361
0.6777697205543518
0.6662130355834961
0.6780451536178589
0.6804531216621399
0.6783996224403381
0.674164354801178
0.6777161359786987
0.6788129210472107
0.6738600730895996
0.6745423674583435
0.6721435189247131
0.6797428727149963
0.6793596744537354
0.6755145192146301
0.6837505102157593
0.6753076314926147
0.6700097918510437
0.6741954684257507
0.6804621815681458
0.6787663698196411
0.6701739430427551
0.6754212975502014
0.6699756979942322
0.6784802675247192
0.6755810379981995
0.6752210855484009
0.6700897812843323
0.6675357222557068
0.6781244277954102
0.6776221990585327
0.6753045916557312
0.6636743545532227
0.664535641670227
0.6698209643363953
0.6743255853652954
0.6819050908088684
0.6770051121711731
0.6837440729141235
0.680079460144043
0.6816721558570862
0.6797563433647156
0.6691497564315796
0.6734382510185242
0.6735879778862
0.6700773239135742
0.6643298864364624
0.6768113374710083
0.6744888424873352
0.674242377281189
0.6801643371582031
0.6767084002494812
0.6780354976654053
0.6675918102264404
0.6743561029434204
0.6760286688804626
0.6814942359924316
0.6679067015647888
0.6788753867149353
0.6697027087211609
0.6745411157608032
0.6697074770927429
0.6743096709251404
0.67680424451828
0.6733206510543823
0.6785434484481812
0.6836903691291809
0.6759222149848938
0.674687922000885
0.6764287948608398
0.67755526304245
0.670089840888977
0.6740568280220032
0.6719638705253601
0.6783204078674316
0.6666183471679688
0.6739559173583984
0.6801391839981079
0.6674841046333313
0.6697384715080261
0.6742584705352783
0.6753595471382141
0.6786500215530396
0.679082989692688
0.6783797740936279
0.6797264814376831
0.6716992259025574
0.6770065426826477
0.6771844625473022
0.674274206161499
0.6833776831626892
0.6741533875465393
0.6721749305725098
0.6824796795845032
0.6764951348304749
0.6792863011360168
0.6795119643211365
0.6780747771263123
0.6676616072654724
0.674246072769165
0.6732627749443054
0.6833158731460571
0.6682918071746826
0.674819827079773
0.6692334413528442
0.676651120185852
0.6766130924224854
0.6743926405906677
0.6680895686149597
0.6788995862007141
0.6795698404312134
0.680855929851532
0.6716946363449097
0.6772549152374268
0.6746916770935059
0.6772100925445557
0.6746529340744019
0.671353280544281
0.6670958995819092
0.6751956939697266
0.6707385778427124
0.679218053817749
0.6806129217147827
0.6616157293319702
0.6803802847862244
0.681343674659729
0.6786543726921082
0.6662746667861938
0.6806734800338745
0.6750229001045227
0.6748054027557373
0.685562789440155
0.6790933012962341
0.6767500638961792
0.6714138984680176
0.676734983921051
0.677009105682373
0.6731906533241272
0.6733414530754089
0.6822735667228699
0.671529233455658
0.672743022441864
0.6790006756782532
0.6705971360206604
0.6836668252944946
0.674807608127594
0.672697901725769
0.6720114946365356
0.6758849024772644
0.6753489971160889
0.6737642288208008
0.6776858568191528
0.6743051409721375
0.6736205220222473
0.6652455925941467
0.6709025502204895
0.6726436018943787
0.6728012561798096
0.6750114560127258
0.6777452826499939
0.6750513315200806
0.6736446022987366
0.6719804406166077
0.6824424862861633
0.6757611036300659
0.6701614260673523
0.6754860877990723
0.6828922033309937
0.6733660697937012
0.679209291934967
0.6904706358909607
0.6748396158218384
0.678189754486084
0.6744951605796814
0.6736758351325989
0.6822587251663208
0.6785154938697815
0.6858528852462769
0.6748060584068298
0.6728019118309021
0.6864833235740662
0.6754529476165771
0.6718916296958923
0.6707567572593689
0.6806036233901978
0.6698594689369202
0.6772319078445435
0.6767127513885498
0.6708088517189026
0.6711362600326538
0.6760562658309937
0.6880071759223938
0.667260468006134
0.6764952540397644
0.671743631362915
0.6759234070777893
0.6767380833625793
0.6634005308151245
0.6841955184936523
0.6728480458259583
0.6745449304580688
0.6807918548583984
0.680665135383606
0.6818835139274597
0.6736937165260315
0.6668175458908081
0.6682021021842957
0.6732804179191589
0.6757409572601318
0.6768262386322021
0.6721000671386719
0.6779659390449524
0.6722089052200317
0.6737473607063293
0.6717994809150696
0.6746669411659241
0.6737362146377563
0.6775323748588562
0.6718441247940063
0.6822706460952759
0.6737540364265442
0.6767069697380066
0.6848502159118652
0.6593053936958313
0.673185408115387
0.6747618317604065
0.6712871193885803
0.6770282983779907
0.6818649768829346
0.6768769025802612
0.6708065271377563
0.6703654527664185
0.6759251952171326
0.6718940138816833
0.6668674349784851
0.6756069660186768
0.6766757965087891
0.6723789572715759
0.6788952350616455
0.6746163368225098
0.6729469895362854
0.667589545249939
0.6795552968978882
0.6610760688781738
0.6716256737709045
0.6792206764221191
0.6798058748245239
0.670098066329956
0.6713215112686157
0.6750653982162476
0.6753731369972229
0.6730039119720459
0.675834059715271
0.6761536598205566
0.6789898872375488
0.676085352897644
0.6734911203384399
0.6783654689788818
0.6732962131500244
0.6663093566894531
0.6750227212905884
0.6760978698730469
0.6760672330856323
0.6738240122795105
0.6769896149635315
0.6762389540672302
0.67740398645401
0.6722530722618103
0.6787673830986023
0.67451411485672
0.667931079864502
0.6812021136283875
0.677932858467102
0.6746470928192139
0.6745618581771851
0.6698212623596191
0.6770654320716858
0.6655089259147644
0.6741493940353394
0.6669535040855408
0.6749791502952576
0.6700077056884766
0.6775211095809937
0.676353931427002
0.6801262497901917
0.6723913550376892
0.6814091801643372
0.6676062345504761
0.6709055304527283
0.6753878593444824
0.6735574007034302
0.6734740138053894
0.6726220846176147
0.6764715313911438
0.6795299053192139
0.6820956468582153
0.6750826835632324
0.674504280090332
0.6736342310905457
0.6736043691635132
0.6801556944847107
0.681098997592926
0.6732854247093201
0.6714400053024292
0.6787577867507935
0.6834039092063904
0.6793085336685181
0.6699438691139221
0.6712445616722107
0.6819821000099182
0.6760708093643188
0.6791583895683289
0.6742752194404602
0.6737577319145203
0.6744542717933655
0.6659964919090271
0.6820881962776184
0.6683927178382874
0.6692541241645813
0.676247239112854
0.6789164543151855
0.6713226437568665
0.6718268990516663
0.6666776537895203
0.6716802716255188
0.6748375296592712
0.678867757320404
0.6699844598770142
0.6802368760108948
0.6741179823875427
0.6689193844795227
0.6835721135139465
0.674173891544342
0.6794467568397522
0.6738593578338623
0.6719553470611572
0.6695423722267151
0.6715078949928284
0.6691864728927612
0.6746337413787842
0.6794391870498657
0.6723058223724365
0.6781612038612366
0.6789162755012512
0.670634388923645
0.6709363460540771
0.6710911989212036
0.6763931512832642
0.6804078221321106
0.6775277853012085
0.6779934763908386
0.6708000898361206
0.6779215931892395
0.676704466342926
0.6771658062934875
0.6778720617294312
0.6648280024528503
0.677730917930603
0.6756004095077515
0.6749037504196167
0.6730143427848816
0.6737985610961914
0.6737596392631531
0.6708986759185791
0.669370710849762
0.6770181059837341
0.677165687084198
0.6817159652709961
0.6759429574012756
0.6696228384971619
0.6823858618736267
0.6747070550918579
0.6812208294868469
0.6781650185585022
0.6688864827156067
0.6806082129478455
0.6714680790901184
0.6754580140113831
0.6815517544746399
0.6760627031326294
0.6861972808837891
0.6766245365142822
0.6739489436149597
0.6764034628868103
0.6834062337875366
0.6777352690696716
0.6721505522727966
0.6776425838470459
0.6784443855285645
0.680030107498169
0.6559900641441345
0.6880152821540833
0.6745117902755737
0.6730419993400574
0.6744986176490784
0.6748161911964417
0.6850318312644958
0.6666117310523987
0.6760532259941101
0.6685569882392883
0.6772314310073853
0.6778873205184937
0.6790343523025513
0.6739782094955444
0.6759995818138123
0.677014172077179
0.6807343363761902
0.6725572347640991
0.6778623461723328
0.6772693991661072
0.6736829280853271
0.6750655770301819
0.6703875064849854
0.6764429211616516
0.6740410923957825
0.6699196696281433
0.6818677186965942
0.6763898134231567
0.6758191585540771
0.6730313301086426
0.6749381422996521
0.6861209273338318
0.6745343208312988
0.6769330501556396
0.665607213973999
0.6780254244804382
0.6755862832069397
0.6704621911048889
0.6773011684417725
0.6752782464027405
0.6759428381919861
0.6805036067962646
0.6688736081123352
0.6656976342201233
0.6776394248008728
0.6844171285629272
0.6814526915550232
0.6711391806602478
0.6843124628067017
0.6746589541435242
0.6746239066123962
0.6775041818618774
0.6803569793701172
0.6755210757255554
0.6841264963150024
0.6747078895568848
0.6683775186538696
0.6669601202011108
0.6752787828445435
0.6776885390281677
0.6771004796028137
0.6794094443321228
0.665742039680481
0.6692582368850708
0.6720737218856812
0.6694275736808777
0.6785269975662231
0.6831514239311218
0.6790281534194946
0.6727038025856018
0.6714173555374146
0.6726447939872742
0.6688743829727173
0.6824424862861633
0.679498016834259
0.6689509153366089
0.6723491549491882
0.6789451837539673
0.6803120970726013
0.6814387440681458
0.6778177618980408
0.6779846549034119
0.6867591142654419
0.6736249327659607
0.675105094909668
0.6792775988578796
0.6718227863311768
0.6817349791526794
0.6749430894851685
0.6840431690216064
0.6742525100708008
0.6751002073287964
0.6771124005317688
0.6705446243286133
0.6861190795898438
0.6762113571166992
0.6751373410224915
0.6804133057594299
0.6712930202484131
0.6750690937042236
0.6797211766242981
0.6763856410980225
0.6768011450767517
0.6728653311729431
0.6770788431167603
0.6756436824798584
0.6756100058555603
0.6743708848953247
0.6679118275642395
0.6790642142295837
0.6663730144500732
0.6787047386169434
0.6748590469360352
0.676749050617218
0.6772955656051636
0.6686437726020813
0.6734709143638611
0.6751468181610107
0.6658461093902588
0.6814775466918945
0.6742700338363647
0.6759034395217896
0.6732388734817505
0.677786111831665
0.6825289726257324
0.6738550066947937
0.6764675974845886
0.6763931512832642
0.6772536635398865
0.675951361656189
0.6726995706558228
0.6757591366767883
0.6788804531097412
0.6718674302101135
0.6715166568756104
0.677190899848938
0.666533350944519
0.6728299260139465
0.6775897741317749
0.672675609588623
0.6772014498710632
0.6734029650688171
0.6761406064033508
0.6740585565567017
0.6712542176246643
0.6768571138381958
0.6711064577102661
0.6728167533874512
0.669573187828064
0.6829584836959839
0.6681561470031738
0.673711359500885
0.6746743321418762
0.6779034733772278
0.6743564605712891
0.680124044418335
0.6779059171676636
0.6827573776245117
0.6735196113586426
0.66853928565979
0.671881377696991
0.6716709136962891
0.6723478436470032
0.683720052242279
0.6758179664611816
0.6682525277137756
0.6722739338874817
0.6775049567222595
0.6702975630760193
0.6721010804176331
0.6765745878219604
0.6796119213104248
0.6694290041923523
0.676643967628479
0.6762893795967102
0.6647588610649109
0.6696662902832031
0.6686714887619019
0.6758121848106384
0.6868628859519958
0.6724589467048645
0.6786479949951172
0.6781485676765442
0.6746809482574463
0.6847495436668396
0.6744220852851868
0.6640408039093018
0.6858710646629333
0.6744256019592285
0.6813613772392273
0.6788917779922485
0.6799860000610352
0.6805209517478943
0.6695591807365417
0.6738706231117249
0.6887120604515076
0.6784602999687195
0.6796560883522034
0.669142484664917
0.6731347441673279
0.6693651676177979
0.6749976873397827
0.679070770740509
0.6753519177436829
0.6751859784126282
0.6709269285202026
0.6768622994422913
0.6674308180809021
0.6720626950263977
0.6699007153511047
0.6780964732170105
0.6757355332374573
0.6779806613922119
0.6773329377174377
0.6743679046630859
0.6725032329559326
0.6832724809646606
0.6833328008651733
0.6811817288398743
0.6752055287361145
0.6802101731300354
0.6773872971534729
0.6750912070274353
0.6702163815498352
0.6810847520828247
0.6847904324531555
0.6763387322425842
0.6755067110061646
0.6836976408958435
0.6727347373962402
0.6872057914733887
0.6815043687820435
0.6761431097984314
0.6769788265228271
0.6740003824234009
0.6637935638427734
0.6801530122756958
0.6796141862869263
0.6759049892425537
0.6694466471672058
0.678126335144043
0.6633914709091187
0.6806976795196533
0.6785120964050293
0.681115448474884
0.6794143915176392
0.6738840937614441
0.6808794140815735
0.6798503994941711
0.6793174743652344
0.6811720132827759
0.6755630373954773
0.6895046234130859
0.675084114074707
0.672292172908783
0.6772636771202087
0.6709673404693604
0.6776677966117859
0.6714586615562439
0.6717525720596313
0.6664393544197083
0.6732704639434814
0.6688999533653259
0.6779645681381226
0.6795950531959534
0.6734510660171509
0.6700815558433533
0.6762926578521729
0.6745874285697937
0.6675912141799927
0.6663340330123901
0.6777238249778748
0.6740460991859436
0.6755537390708923
0.6797555088996887
0.6769458055496216
0.6760827898979187
0.6716258525848389
0.6750144362449646
0.6751700043678284
0.6845532655715942
0.6784703731536865
0.6804165244102478
0.6758667230606079
0.6822541952133179
0.6780089735984802
0.6678532958030701
0.6811572909355164
0.6811134815216064
0.6703293919563293
0.6758957505226135
0.6726694107055664
0.6773197054862976
0.6769073009490967
0.6721455454826355
0.6748631000518799
0.6726397275924683
0.6696203351020813
0.6825587153434753
0.670084536075592
0.669449508190155
0.6763138175010681
0.6762158274650574
0.6755349040031433
0.67621248960495
0.6715444922447205
0.6866303086280823
0.6778700351715088
0.6790200471878052
0.6689095497131348
0.6833950281143188
0.6798088550567627
0.6714606881141663
0.6778400540351868
0.6741119027137756
0.682327389717102
0.6662071347236633
0.6765112280845642
0.6716619729995728
0.6666203737258911
0.667312741279602
0.6742629408836365
0.6738200783729553
0.6849081516265869
0.6757572889328003
0.6788071990013123
0.6753315329551697
0.6738724112510681
0.675083339214325
0.6735526323318481
0.6906607747077942
0.6758630871772766
0.6690667271614075
0.6644797921180725
0.6768684983253479
0.6706529259681702
0.6719434261322021
0.6730918884277344
0.6811267733573914
0.6797521114349365
0.6803444623947144
0.6800205111503601
0.6688097715377808
0.679383397102356
0.6730791330337524
0.6735208034515381
0.6653029918670654
0.6724487543106079
0.6736360192298889
0.681381106376648
0.6723486185073853
0.6792337894439697
0.6857459545135498
0.6773034334182739
0.668691873550415
0.6737387180328369
0.6796454191207886
0.6765598058700562
0.6731511354446411
0.6689785122871399
0.6701015830039978
0.6706518530845642
0.663626492023468
0.6789764165878296
0.6748217344284058
0.6736096143722534
0.6815651655197144
0.6752303838729858
0.6759327054023743
0.6701433062553406
0.6751682162284851
0.6767750382423401
0.6765710711479187
0.6685333847999573
0.6719193458557129
0.6727575659751892
0.6732781529426575
0.6811910271644592
0.662352979183197
0.6711049675941467
0.673523485660553
0.6778776049613953
0.6760390996932983
0.6713882088661194
0.6790509819984436
0.6650926470756531
0.6773253679275513
0.675047755241394
0.6727840900421143
0.6751463413238525
0.6833530068397522
0.674572765827179
0.6775069236755371
0.6651488542556763
0.677118182182312
0.6790693402290344
0.6746350526809692
0.6845669150352478
0.6692748069763184
0.6761577725410461
0.677430272102356
0.673069179058075
0.6743190884590149
0.6656585335731506
0.6774346232414246
0.6743190884590149
0.6744036078453064
0.6821482181549072
0.6799530982971191
0.6766143441200256
0.6682126522064209
0.6772674322128296
0.6774323582649231
0.6792993545532227
0.671469509601593
0.6764270067214966
0.669998049736023
0.6823968291282654
0.6691529750823975
0.6800690293312073
0.6717480421066284
0.6693906784057617
0.6729084849357605
0.6732308268547058
0.6752825379371643
0.6919971108436584
0.6783380508422852
0.6786309480667114
0.6732619404792786
0.6795148253440857
0.675085186958313
0.670620858669281
0.6730095744132996
0.6693093180656433
0.6768259406089783
0.6795831322669983
0.6749921441078186
0.6738266348838806
0.6802061796188354
0.6740401387214661
0.6744126677513123
0.675993025302887
0.6735518574714661
0.6760461926460266
0.667326033115387
0.6788650155067444
0.6825114488601685
0.6782481670379639
0.6731647849082947
0.6750240325927734
0.6752831339836121
0.6752619743347168
0.6760644316673279
0.6732795834541321
0.6728927493095398
0.6728999018669128
0.6718246936798096
0.6721563339233398
0.6784988045692444
0.6667187809944153
0.6697240471839905
0.6755211353302002
0.6712366938591003
0.6753526329994202
0.6665819883346558
0.6688410639762878
0.6711767315864563
0.6781859993934631
0.6813085079193115
0.6742669939994812
0.6750860214233398
0.6789878010749817
0.670678973197937
0.6698182821273804
0.6869902610778809
0.6819261312484741
0.6743205785751343
0.6826196312904358
0.6752420663833618
0.6804155111312866
0.6702553033828735
0.6877687573432922
0.6768717765808105
0.6799644231796265
0.6720343232154846
0.671665370464325
0.6842108368873596
0.6763738989830017
0.6774123907089233
0.6769687533378601
0.6755733489990234
0.6745414137840271
0.6749704480171204
0.6734796166419983
0.6784246563911438
0.6728678941726685
0.676096498966217
0.6769250631332397
0.6798906922340393
0.6715760231018066
0.6673598289489746
0.6711605191230774
0.679634153842926
0.6796912550926208
0.6704354882240295
0.6751304864883423
0.672859251499176
0.6738350987434387
0.6754406094551086
0.6631090044975281
0.6662551760673523
0.6686297655105591
0.6714175939559937
0.6682354807853699
0.6774601340293884
0.6685727834701538
0.6817829608917236
0.673202633857727
0.674684464931488
0.6775062680244446
0.6817929744720459
0.6816309690475464
0.6810848116874695
0.6791200041770935
0.6758067011833191
0.6686139702796936
0.676907479763031
0.6703877449035645
0.676959216594696
0.6725620031356812
0.6757720708847046
0.6840336918830872
0.6662468910217285
0.6763694286346436
0.6748366355895996
0.6800088286399841
0.6792455911636353
0.6847780346870422
0.6796871423721313
0.670741081237793
0.6723633408546448
0.6652625799179077
0.6766063570976257
0.6713093519210815
0.6781823635101318
0.6684446930885315
0.6768513321876526
0.6756766438484192
0.6785831451416016
0.6728195548057556
0.6760748028755188
0.6737760305404663
0.6798345446586609
0.6771150231361389
0.672447144985199
0.6738864779472351
0.6738470196723938
0.6749136447906494
0.680936336517334
0.678451418876648
0.6702916026115417
0.671451210975647
0.6775790452957153
0.6815932393074036
0.6807667016983032
0.667698860168457
0.6729795336723328
0.6776919364929199
0.6740633249282837
0.6733540296554565
0.6816329956054688
0.6741812825202942
0.679989755153656
0.6694560050964355
0.6726284027099609
0.6714926958084106
0.6778192520141602
0.6749977469444275
0.6739291548728943
0.6755585074424744
0.6802272200584412
0.6836856603622437
0.6767794489860535
0.6720795631408691
0.6758560538291931
0.66742342710495
0.6802158355712891
0.6737014651298523
0.6836760640144348
0.678813099861145
0.6669728755950928
0.6739121079444885
0.6764448881149292
0.6812686920166016
0.6757860779762268
0.6770550012588501
0.6792976260185242
0.6722943186759949
0.680385172367096
0.6744902729988098
0.6733010411262512
0.6830823421478271
0.6747926473617554
0.6764771342277527
0.6771933436393738
0.677054762840271
0.6708506345748901
0.6804672479629517
0.6705287098884583
0.6846268773078918
0.6821419596672058
0.6831250786781311
0.6727747321128845
0.670365035533905
0.6755945086479187
0.6687073707580566
0.6797682046890259
0.6801929473876953
0.6691941022872925
0.6764060854911804
0.6694116592407227
0.6683008074760437
0.6820630431175232
0.6737146377563477
0.6735535860061646
0.6793950796127319
0.6695564985275269
0.6764465570449829
0.6769256591796875
0.6675789952278137
0.6764854192733765
0.6720501184463501
0.671251654624939
0.6803248524665833
0.6700285077095032
0.6773785948753357
0.6781195402145386
0.6855793595314026
0.6651389002799988
0.6734713912010193
0.6786608099937439
0.6704224944114685
0.6782971620559692
0.6643168926239014
0.6784138679504395
0.6791365146636963
0.6761572360992432
0.6797813177108765
0.6738587617874146
0.6744014620780945
0.676221489906311
0.6709502339363098
0.671812117099762
0.6795199513435364
0.6731058955192566
0.6740430593490601
0.6758676767349243
0.671481192111969
0.6732264161109924
0.6768974661827087
0.6748456358909607
0.6708736419677734
0.6822731494903564
0.6734169721603394
0.6802548766136169
0.6748480796813965
0.6841143369674683
0.6678349375724792
0.6834130883216858
0.6838054656982422
0.6655962467193604
0.673162043094635
0.6786834001541138
0.6784670352935791
0.6760475039482117
0.6740701198577881
0.6729857325553894
0.6783603429794312
0.6804901361465454
0.6776576042175293
0.6720145344734192
0.6736618280410767
0.6741124987602234
0.6737606525421143
0.6699848175048828
0.6748140454292297
0.6788942217826843
0.6771588921546936
0.6743172407150269
0.6702985763549805
0.6765532493591309
0.6765703558921814
0.6861028671264648
0.6718221306800842
0.684433102607727
0.6694123148918152
0.672957718372345
0.6641469597816467
0.6661553978919983
0.6785101294517517
0.6755111813545227
0.6722812652587891
0.6750333309173584
0.6805412769317627
0.6780756115913391
0.6695390939712524
0.6740848422050476
0.6775350570678711
0.6704906225204468
0.6738948822021484
0.6811346411705017
0.6812036037445068
0.6664638519287109
0.6788642406463623
0.6679948568344116
0.6745832562446594
0.6798471212387085
0.6789584159851074
0.6742885112762451
0.6788584589958191
0.6707505583763123
0.6770594716072083
0.6793255805969238
0.6700137853622437
0.6775618195533752
0.6739510297775269
0.6729826927185059
0.680065929889679
0.6627717018127441
0.6743726134300232
0.6660708785057068
0.6748299598693848
0.6748460531234741
0.6735331416130066
0.6840217113494873
0.6757869720458984
0.6715640425682068
0.672973096370697
0.6701238751411438
0.6747402548789978
0.6757357120513916
0.6744715571403503
0.6806881427764893
0.6744229197502136
0.6721892952919006
0.6745299696922302
0.6699053645133972
0.6697973012924194
0.6796620488166809
0.6677728891372681
0.6782345175743103
0.669816792011261
0.6855155229568481
0.6766809225082397
0.6686334609985352
0.6731939315795898
0.6716044545173645
0.6760035753250122
0.6749426126480103
0.6748718619346619
0.6721969246864319
0.6700298190116882
0.6734296083450317
0.6774731278419495
0.6768847107887268
0.6711816191673279
0.6766046285629272
0.6672970056533813
0.6689940690994263
0.6765437126159668
0.678901195526123
0.6748167872428894
0.680526852607727
0.6748886704444885
0.6779959797859192
0.6819992661476135
0.6807342767715454
0.6695163249969482
0.6794307827949524
0.6755585670471191
0.6751967668533325
0.6767953634262085
0.6781479120254517
0.6786224246025085
0.6837302446365356
0.6806948781013489
0.66787189245224
0.6781173944473267
0.6808469295501709
0.66469407081604
0.6773936152458191
0.6823684573173523
0.6766075491905212
0.67466139793396
0.6790759563446045
0.6670883893966675
0.6762745976448059
0.665346086025238
0.6729899644851685
0.6731440424919128
0.6751708984375
0.6711351871490479
0.6736667156219482
0.6667692065238953
0.6754165291786194
0.6753605008125305
0.6776840090751648
0.6680918335914612
0.6754816174507141
0.6736096739768982
0.6746886372566223
0.6701663732528687
0.6793040037155151
0.6776019930839539
0.6717107892036438
0.6708623170852661
0.6756019592285156
0.6756872534751892
0.6722714900970459
0.6703761219978333
0.676184892654419
0.6735641360282898
0.6717028021812439
0.679908037185669
0.6752033829689026
0.6698437929153442
0.6777006983757019
0.6716963648796082
0.6714663505554199
0.6821078658103943
0.6849263310432434
0.6785588264465332
0.6840609312057495
0.6783551573753357
0.6852311491966248
0.6720138788223267
0.6731648445129395
0.6731961369514465
0.6731781959533691
0.6688526272773743
0.6778844594955444
0.6715982556343079
0.6771107912063599
0.6676545143127441
0.6805667281150818
0.6784176826477051
0.6755113005638123
0.6685565710067749
0.6780234575271606
0.6714685559272766
0.6776525378227234
0.6741430163383484
0.6688768863677979
0.6734188795089722
0.6749970316886902
0.6794567704200745
0.6756289601325989
0.6684531569480896
0.667481541633606
0.6707929968833923
0.6748173832893372
0.6712202429771423
0.6667481660842896
0.6754052639007568
0.6738547682762146
0.6697811484336853
0.6764468550682068
0.6753095388412476
0.6783198118209839
0.6722629070281982
0.6729172468185425
0.6759441494941711
0.6708333492279053
0.6754087209701538
0.675700843334198
0.6738916039466858
0.6674670577049255
0.6837836503982544
0.6731361746788025
0.6785691380500793
0.6675920486450195
0.6802436709403992
0.6741852760314941
0.6764377951622009
0.6862536668777466
0.6751887798309326
0.6741011738777161
0.6759604811668396
0.6613674163818359
0.6738681793212891
0.6826555728912354
0.675094485282898
0.6757935881614685
0.6693742275238037
0.6747450232505798
0.6772353649139404
0.6801531910896301
0.6833758354187012
0.6685632467269897
0.6697783470153809
0.6810369491577148
0.6709149479866028
0.6622540950775146
0.6705234050750732
0.6754422187805176
0.6677252054214478
0.667360782623291
0.6789443492889404
0.6666539311408997
0.6738426685333252
0.6767243146896362
0.6765060424804688
0.6828316450119019
0.6698299646377563
0.6733531355857849
0.6671555042266846
0.6712258458137512
0.6747500896453857
0.678443431854248
0.66878342628479
0.6762723922729492
0.6737971305847168
0.6802517771720886
0.6749107241630554
0.6726537346839905
0.6831919550895691
0.6650009155273438
0.670248806476593
0.6682054996490479
0.6810804009437561
0.6656294465065002
0.6821281313896179
0.6787557005882263
0.681993305683136
0.6743065714836121
0.6798019409179688
0.6749706268310547
0.6714039444923401
0.67145836353302
0.6706628203392029
0.6693769097328186
0.6661728620529175
0.674787163734436
0.6805312037467957
0.6707987189292908
0.6776793003082275
0.6814774870872498
0.6763789653778076
0.6751810312271118
0.6788246631622314
0.6792232990264893
0.6842108964920044
0.6737421751022339
0.6778372526168823
0.6848993301391602
0.679952085018158
0.668676495552063
0.6753278374671936
0.6675763130187988
0.6755792498588562
0.6735110878944397
0.6699975728988647
0.6755086183547974
0.6752642393112183
0.6687852144241333
0.6755217909812927
0.6731488704681396
0.6802164912223816
0.6784346699714661
0.6899164915084839
0.6766224503517151
0.6690196990966797
0.6753332614898682
0.6744092702865601
0.6825597882270813
0.6757597327232361
0.6746774911880493
0.6702535152435303
0.6817699074745178
0.6672770380973816
0.6685156226158142
0.677186906337738
0.6788489818572998
0.6770485639572144
0.6746432185173035
0.6685518026351929
0.6806427836418152
0.6688552498817444
0.673599362373352
0.6755580902099609
0.6854730248451233
0.6823896169662476
0.677367091178894
0.6677345037460327
0.6836585998535156
0.668982744216919
0.6743476986885071
0.680980384349823
0.6708065271377563
0.6699278354644775
0.6814097762107849
0.6718913912773132
0.6786311864852905
0.6811996698379517
0.6771060824394226
0.6718453168869019
0.6856899857521057
0.6729620099067688
0.6671659350395203
0.6754301190376282
0.6759247183799744
0.6794403195381165
0.673288106918335
0.6725791096687317
0.6826089024543762
0.6749452948570251
0.6753782033920288
0.6758811473846436
0.6778044104576111
0.6706665754318237
0.6762274503707886
0.6819512248039246
0.6760169863700867
0.6841139197349548
0.6873149275779724
0.6825631856918335
0.6586164236068726
0.6738542914390564
0.6738596558570862
0.6638095378875732
0.6711171269416809
0.6781813502311707
0.676048219203949
0.6761151552200317
0.6699442267417908
0.6857996582984924
0.6732591986656189
0.6761259436607361
0.6707319021224976
0.6779373288154602
0.6728157997131348
0.6765435338020325
0.6755388379096985
0.6734042763710022
0.6786173582077026
0.6670104265213013
0.6814556121826172
0.6774201989173889
0.6792067885398865
0.670877993106842
0.6798303127288818
0.6671050786972046
0.678917407989502
0.6763004064559937
0.677575409412384
0.6714612245559692
0.6846147775650024
0.6690207123756409
0.6785037517547607
0.6798443794250488
0.672823965549469
0.6734940409660339
0.6767931580543518
0.665855884552002
0.6765672564506531
0.673287570476532
0.6702238917350769
0.6686326265335083
0.6754782199859619
0.6720501780509949
0.6708226203918457
0.676803469657898
0.6773398518562317
0.6745397448539734
0.6728916168212891
0.6788008213043213
0.6797485947608948
0.6731036305427551
0.6713846325874329
0.6807742118835449
0.6679288744926453
0.6714378595352173
0.6713504195213318
0.6800764203071594
0.678268551826477
0.6750918626785278
0.6671724915504456
0.6692829728126526
0.6855334043502808
0.6731991171836853
0.6708638668060303
0.6626503467559814
0.6772106289863586
0.6754687428474426
0.6778218150138855
0.6695956587791443
0.676197350025177
0.6659852266311646
0.6693932414054871
0.6769208312034607
0.6777845025062561
0.6799187660217285
0.6755945086479187
0.6818123459815979
0.6687315702438354
0.6797323226928711
0.6787458062171936
0.6819369792938232
0.6853579878807068
0.6791263222694397
0.6817811727523804
0.6683893799781799
0.6735034584999084
0.6742604970932007
0.6816149353981018
0.674014151096344
0.6712592840194702
0.6753055453300476
0.6712708473205566
0.6675633788108826
0.6735616326332092
0.6777542233467102
0.6653667688369751
0.6722139716148376
0.6730849742889404
0.6696130633354187
0.664572536945343
0.6756683588027954
0.6806156039237976
0.6679041981697083
0.6738914251327515
0.6754729151725769
0.6731111407279968
0.6721938848495483
0.6775325536727905
0.6697105765342712
0.6833833456039429
0.6793871521949768
0.6704921126365662
0.6724485754966736
0.6713242530822754
0.6763395071029663
0.675826907157898
0.6702658534049988
0.6731533408164978
0.6756362915039062
0.6746692657470703
0.6699652075767517
0.6777916550636292
0.682073175907135
0.6711501479148865
0.6672890186309814
0.6784244775772095
0.6731008291244507
0.6742294430732727
0.6678562164306641
0.6801846027374268
0.6669089794158936
0.6780090928077698
0.6854016780853271
0.6764759421348572
0.6874841451644897
0.6774190664291382
0.6704047918319702
0.6746775507926941
0.6721292734146118
0.6778222322463989
0.6708794832229614
0.6704408526420593
0.6814308762550354
0.6750308275222778
0.6790346503257751
0.670944094657898
0.6697088479995728
0.6754137873649597
0.6723041534423828
0.6757566928863525
0.6761691570281982
0.6691091060638428
0.6774129271507263
0.675560712814331
0.6759743094444275
0.6690614819526672
0.681486964225769
0.6763971447944641
0.6760188937187195
0.674071192741394
0.6751893162727356
0.6627960205078125
0.6670920848846436
0.6724008917808533
0.6699093580245972
0.6710894107818604
0.6779689788818359
0.6688055396080017
0.6630522012710571
0.6732620000839233
0.6779938340187073
0.6759657859802246
0.682973325252533
0.6771295666694641
0.67475825548172
0.6831588745117188
0.6781821846961975
0.6717303991317749
0.6710945963859558
0.6714237332344055
0.6788246035575867
0.6783326268196106
0.6770592331886292
0.6787856817245483
0.6789759993553162
0.6735848784446716
0.6716594099998474
0.6860271692276001
0.681206464767456
0.6874529123306274
0.6702954769134521
0.6714611649513245
0.6770986914634705
0.6680169701576233
0.6746670007705688
0.6765443086624146
0.6800407767295837
0.6706348657608032
0.6784098148345947
0.6715925335884094
0.6674595475196838
0.6741161942481995
0.6712286472320557
0.6742696762084961
0.6682355403900146
0.6698613166809082
0.6655856370925903
0.6690092086791992
0.6679512858390808
0.6783257722854614
0.6693130135536194
0.6690734624862671
0.676685631275177
0.6765433549880981
0.6819490790367126
0.6724326610565186
0.6677699089050293
0.6670716404914856
0.6814562082290649
0.6715027093887329
0.674659788608551
0.6660218238830566
0.6761995553970337
0.6699325442314148
0.673452615737915
0.6810869574546814
0.6711817979812622
0.6707398295402527
0.6783176064491272
0.6708070039749146
0.6753472089767456
0.6819721460342407
0.6814534068107605
0.6744827628135681
0.6784896850585938
0.6754836440086365
0.674408495426178
0.6648253798484802
0.6762822270393372
0.6778301000595093
0.6735460758209229
0.6774560809135437
0.6708973050117493
0.6776311993598938
0.6813198924064636
0.6783471703529358
0.6727011799812317
0.674030065536499
0.6756820678710938
0.6740150451660156
0.667213499546051
0.6653670072555542
0.6752405762672424
0.6842886209487915
0.6761282086372375
0.6809952259063721
0.6765048503875732
0.6802763342857361
0.6703959703445435
0.6749220490455627
0.6745136976242065
0.6853586435317993
0.6744481921195984
0.6688023805618286
0.6774730682373047
0.6756609678268433
0.6803391575813293
0.6742592453956604
0.6766873002052307
0.678952157497406
0.6748663187026978
0.6733434200286865
0.675052285194397
0.6761553883552551
0.668466329574585
0.6713988184928894
0.6790643334388733
0.6715137958526611
0.6667394042015076
0.6803578734397888
0.6716405749320984
0.6742894649505615
0.6744447350502014
0.6746351718902588
0.6680446863174438
0.6738981008529663
0.6724753975868225
0.6713587045669556
0.6760398745536804
0.6730603575706482
0.6834231615066528
0.676067590713501
0.6729928851127625
0.6702520251274109
0.6754871010780334
0.6693335175514221
0.6696947813034058
0.6733850240707397
0.6830915212631226
0.6771451234817505
0.6728888154029846
0.6814632415771484
0.667833685874939
0.6749160885810852
0.6824551224708557
0.6789957284927368
0.6826007962226868
0.6779927015304565
0.6768617033958435
0.6824752688407898
0.6667348742485046
0.6747585535049438
0.6699480414390564
0.6824154853820801
0.6790710091590881
0.6759358644485474
0.6799420714378357
0.6770286560058594
0.6774023175239563
0.6701881885528564
0.6749029159545898
0.6787000894546509
0.6806351542472839
0.681514322757721
0.6732884645462036
0.6783446073532104
0.6782680153846741
0.6747535467147827
0.6778038144111633
0.6810083985328674
0.6675845980644226
0.6733046770095825
0.6818755865097046
0.6659873127937317
0.6794044971466064
0.6760033369064331
0.6773347854614258
0.6738669872283936
0.672577977180481
0.6764627695083618
0.6773145794868469
0.6739540100097656
0.6757181286811829
0.6741786003112793
0.683742105960846
0.6848291754722595
0.6819139719009399
0.6777178049087524
0.6703593730926514
0.6755902767181396
0.6797871589660645
0.6763250231742859
0.6765716671943665
0.6682288646697998
0.6776178479194641
0.6622757315635681
0.680465579032898
0.6812111735343933
0.6737407445907593
0.677208662033081
0.6755226850509644
0.6734681129455566
0.6734409928321838
0.6750494837760925
0.6649758219718933
0.6808183789253235
0.6814883947372437
0.6843826174736023
0.6857472658157349
0.6741523146629333
0.6761773228645325
0.6741305589675903
0.6801533699035645
0.673704981803894
0.6777722835540771
0.6700698137283325
0.680259644985199
0.6778637170791626
0.6676580905914307
0.6684650778770447
0.6745273470878601
0.6755356788635254
0.6730499267578125
0.6667193174362183
0.6714134216308594
0.6719004511833191
0.6867631077766418
0.6715839505195618
0.6716378927230835
0.6734716296195984
0.676468014717102
0.6803188323974609
0.6780932545661926
0.6745490431785583
0.6742162108421326
0.6664122939109802
0.67470383644104
0.6753928661346436
0.6726462244987488
0.6700296998023987
0.6722819209098816
0.6790679097175598
0.673180103302002
0.6707783341407776
0.6777339577674866
0.6785542368888855
0.6779187321662903
0.6875548362731934
0.6725919246673584
0.6802958846092224
0.6779077053070068
0.67015540599823
0.6775932312011719
0.6734830737113953
0.6760350465774536
0.6661615371704102
0.6774559617042542
0.6777401566505432
0.6862990856170654
0.6747758984565735
0.6730588674545288
0.6819276809692383
0.6718811988830566
0.6784735321998596
0.6784982681274414
0.6744087934494019
0.673722505569458
0.6841583251953125
0.672965407371521
0.6791034936904907
0.6760441064834595
0.6731342673301697
0.6786162257194519
0.6697502136230469
0.6830530166625977
0.6756133437156677
0.6815035939216614
0.6767789125442505
0.6714068055152893
0.6704358458518982
0.6736699938774109
0.6750403642654419
0.6796591281890869
0.6733796000480652
0.6684148907661438
0.6695456504821777
0.6699458956718445
0.6793186068534851
0.6783238053321838
0.6702809929847717
0.674728512763977
0.6754656434059143
0.6720712780952454
0.6807866096496582
0.6750146746635437
0.6711422204971313
0.6619291305541992
0.6794430017471313
0.6772595643997192
0.6732324957847595
0.6727932691574097
0.6700788736343384
0.6706318259239197
0.6776159405708313
0.664685845375061
0.6764383912086487
0.6719069480895996
0.6768226027488708
0.6773101091384888
0.6785541772842407
0.6692096590995789
0.676182210445404
0.6777612566947937
0.6887241005897522
0.6770651936531067
0.6685419082641602
0.6782352328300476
0.6693443059921265
0.6683908104896545
0.6777765154838562
0.6752266883850098
0.6659888625144958
0.6704686284065247
0.6741582155227661
0.675513505935669
0.6698857545852661
0.6709078550338745
0.6737953424453735
0.6693363189697266
0.6756772994995117
0.6784326434135437
0.6728459000587463
0.6732904314994812
0.6769854426383972
0.6717882752418518
0.6765050888061523
0.6716365814208984
0.6763590574264526
0.6730601191520691
0.6788296699523926
0.6753127574920654
0.6772265434265137
0.6847261190414429
0.6723455190658569
0.6830077171325684
0.6760141253471375
0.6847622990608215
0.6770771741867065
0.6670809388160706
0.6707082986831665
0.6815438270568848
0.675910472869873
0.6751187443733215
0.6795240640640259
0.671811044216156
0.6754175424575806
0.6750845313072205
0.6806669235229492
0.6691429615020752
0.6704699397087097
0.6738647222518921
0.6813727617263794
0.6751898527145386
0.6771984100341797
0.6735726594924927
0.6623207926750183
0.6700302362442017
0.6691938638687134
0.6811402440071106
0.6730286478996277
0.6733460426330566
0.6738880276679993
0.6736178994178772
0.677798330783844
0.6862970590591431
0.6733691096305847
0.6700494885444641
0.6799910664558411
0.6805132627487183
0.6729264259338379
0.6744982004165649
0.6780508160591125
0.6717451810836792
0.6770420670509338
0.6724234819412231
0.676781177520752
0.6708836555480957
0.6794768571853638
0.6741674542427063
0.6754421591758728
0.6727023720741272
0.6708663702011108
0.6778258681297302
0.6708937883377075
0.6752238273620605
0.6730636358261108
0.6790027618408203
0.6800172924995422
0.6719105839729309
0.6698142290115356
0.6772029995918274
0.6794890761375427
0.6748273372650146
0.667272686958313
0.6818547248840332
0.6827771067619324
0.6800594329833984
0.6690707206726074
0.6805737018585205
0.6775285005569458
0.6835833787918091
0.6782846450805664
0.6721518039703369
0.676864504814148
0.6648374199867249
0.6778185367584229
0.6788223385810852
0.68011873960495
0.6741041541099548
0.6691974997520447
0.6773438453674316
0.678748369216919
0.6776456832885742
0.6687184572219849
0.6783116459846497
0.6745473742485046
0.6843764185905457
0.6826006174087524
0.6730757355690002
0.6792085766792297
0.6745758652687073
0.6671596765518188
0.6796615123748779
0.6711002588272095
0.6808153390884399
0.6795713901519775
0.6746432781219482
0.6780192852020264
0.6774095892906189
0.6803315281867981
0.6739928126335144
0.67715984582901
0.6670150756835938
0.681667685508728
0.6635778546333313
0.6744139790534973
0.6743430495262146
0.6790952086448669
0.6701090931892395
0.6804637312889099
0.683144748210907
0.6720603108406067
0.6780084371566772
0.6778550148010254
0.6771310567855835
0.6752292513847351
0.6764506697654724
0.6779016256332397
0.6672080159187317
0.6748464703559875
0.6746297478675842
0.6719580292701721
0.6806640625
0.668479323387146
0.6755269169807434
0.6762677431106567
0.6777227520942688
0.6653998494148254
0.6771514415740967
0.669197678565979
0.6809396147727966
0.6793866753578186
0.675527811050415
0.6768674850463867
0.6792235970497131
0.6705321073532104
0.6765820384025574
0.666530191898346
0.6746429204940796
0.66715407371521
0.671715497970581
0.6746181845664978
0.6765636205673218
0.6727423071861267
0.6737242937088013
0.6724861860275269
0.6722313761711121
0.6731610298156738
0.6653882265090942
0.6747909784317017
0.6710999608039856
0.6787578463554382
0.6684939861297607
0.6808188557624817
0.6728203296661377
0.6768128871917725
0.6722276210784912
0.6725947856903076
0.6744583249092102
0.6719033718109131
0.6823034286499023
0.6795939803123474
0.6792190670967102
0.6760738492012024
0.6798461079597473
0.6755533218383789
0.6743754744529724
0.6774378418922424
0.672640860080719
0.6766276359558105
0.676361083984375
0.6799110770225525
0.6830353736877441
0.68086838722229
0.6654191613197327
0.670689582824707
0.6748813390731812
0.6801566481590271
0.6710235476493835
0.6811563968658447
0.6743853092193604
0.6789846420288086
0.6676503419876099
0.6800545454025269
0.671869695186615
0.6710320711135864
0.6853708624839783
0.6827822923660278
0.673744261264801
0.6644560098648071
0.6792909502983093
0.6737984418869019
0.6747193336486816
0.6707969307899475
0.6778116822242737
0.6766209602355957
0.6819748878479004
0.6695690155029297
0.6766611933708191
0.6628797054290771
0.6745897531509399
0.6656184792518616
0.6678524017333984
0.680234968662262
0.6800101399421692
0.6798824071884155
0.6739658117294312
0.6718333959579468
0.6781377792358398
0.6642370223999023
0.6743533611297607
0.6752496957778931
0.6699184775352478
0.6766473054885864
0.6675707101821899
0.676395058631897
0.6755189299583435
0.6765795350074768
0.6839645504951477
0.6733762621879578
0.6777204871177673
0.6725335121154785
0.6719558835029602
0.6730154156684875
0.6711152195930481
0.6777778267860413
0.669405996799469
0.6712526679039001
0.6745745539665222
0.6795614361763
0.6735043525695801
0.6719297766685486
0.672055721282959
0.6699554920196533
0.6696628332138062
0.6703988313674927
0.6729390025138855
0.6710758209228516
0.668510913848877
0.6751642227172852
0.6715946793556213
0.6732519865036011
0.6720001697540283
0.6715800762176514
0.6720513105392456
0.6740055084228516
0.6727809309959412
0.6751417517662048
0.6802453994750977
0.6843835711479187
0.6801255345344543
0.6738824844360352
0.6686471104621887
0.679810643196106
0.6750316023826599
0.6824970841407776
0.6701916456222534
0.6698983907699585
0.676018476486206
0.6767532229423523
0.6813808679580688
0.6772028207778931
0.668389081954956
0.6778528690338135
0.6707455515861511
0.6690189242362976
0.6748136281967163
0.6643964648246765
0.6842922568321228
0.6744831204414368
0.6644372344017029
0.6750428676605225
0.671798586845398
0.6722494959831238
0.6769322752952576
0.6775294542312622
0.6663112640380859
0.6780800223350525
0.6782029867172241
0.6759799718856812
0.6813554167747498
0.6742744445800781
0.6729564666748047
0.6699089407920837
0.6730085015296936
0.6776450276374817
0.6735401153564453
0.6624013781547546
0.6667047142982483
0.6641368865966797
0.6772266626358032
0.6823994517326355
0.6670815348625183
0.6829550266265869
0.6842366456985474
0.6765117645263672
0.6758426427841187
0.6745901107788086
0.673460066318512
0.6744799613952637
0.6672449111938477
0.6752579212188721
0.6777144074440002
0.6726807355880737
0.677603542804718
0.6732934713363647
0.670080840587616
0.6881773471832275
0.664582371711731
0.6739641427993774
0.6764796376228333
0.6809425354003906
0.6798028945922852
0.6751580834388733
0.6754335761070251
0.6681572794914246
0.6775761246681213
0.6773365139961243
0.6761564016342163
0.6785293817520142
0.6809796094894409
0.6827518343925476
0.6665716171264648
0.6642957329750061
0.6748127341270447
0.677121102809906
0.6783444881439209
0.6756095886230469
0.6737310290336609
0.66926509141922
0.6724950075149536
0.677358865737915
0.6648248434066772
0.6732446551322937
0.6695888638496399
0.6735132336616516
0.6709999442100525
0.6804258227348328
0.6745895147323608
0.673269510269165
0.6830481290817261
0.6722840666770935
0.6692796945571899
0.6744421124458313
0.6725650429725647
0.678581714630127
0.677964985370636
0.6721007227897644
0.6763477921485901
0.6835902333259583
0.6735870838165283
0.6768366098403931
0.6702872514724731
0.6813799142837524
0.6724424958229065
0.6749053597450256
0.6768386960029602
0.6693238615989685
0.673831582069397
0.6781927943229675
0.6760784983634949
0.6784217953681946
0.679478645324707
0.6756004095077515
0.6723062992095947
0.677839994430542
0.6755443811416626
0.6742231249809265
0.6738482713699341
0.6719381809234619
0.6746895909309387
0.6723104119300842
0.6818552017211914
0.6774988174438477
0.6669528484344482
0.6801755428314209
0.6740836501121521
0.681992769241333
0.680668294429779
0.6650105118751526
0.6742720007896423
0.6660668849945068
0.6724528670310974
0.6667625308036804
0.6768434643745422
0.668571412563324
0.6788691282272339
0.6685773134231567
0.6790320873260498
0.6698487401008606
0.6818137764930725
0.6861475706100464
0.6732802391052246
0.6667256355285645
0.6766209006309509
0.6682803630828857
0.679192304611206
0.6699001789093018
0.6721723675727844
0.6749141216278076
0.6779628992080688
0.6821717619895935
0.6760764718055725
0.6767829656600952
0.6743355393409729
0.67018723487854
0.6729709506034851
0.6718299984931946
0.6669492125511169
0.6647910475730896
0.6731806993484497
0.6782664060592651
0.671563446521759
0.6720368266105652
0.6693738102912903
0.669854998588562
0.6684353351593018
0.6765255331993103
0.673031210899353
0.6853610873222351
0.6667149066925049
0.6793269515037537
0.6773658394813538
0.6746691465377808
0.6723015904426575
0.6775147318840027
0.6732425689697266
0.6767958402633667
0.6755308508872986
0.6760610342025757
0.6695663332939148
0.6831719279289246
0.6763603687286377
0.6695467233657837
0.6698976159095764
0.6796483993530273
0.6799002289772034
0.664059579372406
0.6834725141525269
0.6749605536460876
0.6742873787879944
0.674526035785675
0.6766517162322998
0.6740703582763672
0.6754975914955139
0.6712201237678528
0.670874834060669
0.6722097396850586
0.6781978607177734
0.6685869097709656
0.673728346824646
0.6714556217193604
0.6684733629226685
0.6757299304008484
0.6720379590988159
0.6773693561553955
0.6701757311820984
0.6835864782333374
0.6758620142936707
0.6786147356033325
0.6702855825424194
0.6714212894439697
0.6751590371131897
0.6777788996696472
0.681041419506073
0.6813031435012817
0.6743791103363037
0.674696683883667
0.6697147488594055
0.6691128611564636
0.6764400601387024
0.6716815829277039
0.6860225796699524
0.6671613454818726
0.6713451147079468
0.6724725365638733
0.6719643473625183
0.6804221272468567
0.679826021194458
0.6770414710044861
0.6746873259544373
0.6731162667274475
0.6702527403831482
0.6744648814201355
0.6759591698646545
0.6722188591957092
0.6790922284126282
0.6750808358192444
0.6799300312995911
0.6673019528388977
0.6878370642662048
0.6704325675964355
0.6785970330238342
0.6763661503791809
0.6784830689430237
0.6745297312736511
0.6709031462669373
0.6780275702476501
0.6754133701324463
0.6738311648368835
0.6788182258605957
0.6808094382286072
0.6773863434791565
0.6705983877182007
0.6696934103965759
0.6688618063926697
0.6760349273681641
0.6634358167648315
0.6717345714569092
0.6714639067649841
0.6813287734985352
0.6779195666313171
0.6740818619728088
0.6795830130577087
0.6774163842201233
0.6765201091766357
0.6765642762184143
0.6771461963653564
0.6753594279289246
0.6823471188545227
0.6741270422935486
0.6689794659614563
0.6707488894462585
0.6688662767410278
0.6822799444198608
0.6904343366622925
0.6753743290901184
0.6705333590507507
0.6698511242866516
0.677827000617981
0.6692877411842346
0.6754188537597656
0.6702350974082947
0.6716123223304749
0.6714746356010437
0.6813876628875732
0.6733080148696899
0.6659910082817078
0.6717697978019714
0.6717025637626648
0.6695989966392517
0.6714804172515869
0.6729235053062439
0.6627366542816162
0.6737550497055054
0.669552206993103
0.6784464716911316
0.6662027835845947
0.6753939390182495
0.6733105182647705
0.6767946481704712
0.6627084612846375
0.6712542176246643
0.67275470495224
0.6791451573371887
0.6681342124938965
0.669973611831665
0.6714347004890442
0.6706860065460205
0.6762241721153259
0.6731584668159485
0.6786946058273315
0.6750662922859192
0.6764339804649353
0.6753711104393005
0.6796129941940308
0.6725234985351562
0.6747414469718933
0.6716143488883972
0.6780557632446289
0.673101544380188
0.6714010238647461
0.6766234040260315
0.6810801029205322
0.670720636844635
0.6765531897544861
0.6750267148017883
0.6678183078765869
0.6785045862197876
0.6689063310623169
0.6677002310752869
0.6782934665679932
0.6822631359100342
0.6731032133102417
0.6760775446891785
0.6769922971725464
0.6789150238037109
0.6708651185035706
0.6681298017501831
0.6770073175430298
0.6739813089370728
0.6739705801010132
0.6646836996078491
0.6723939776420593
0.6739400029182434
0.6684184074401855
0.6750092506408691
0.6707983016967773
0.6714063286781311
0.6708097457885742
0.6676507592201233
0.6889981627464294
0.6853347420692444
0.6755698919296265
0.6790785789489746
0.6669755578041077
0.6665657162666321
0.6677805781364441
0.6752304434776306
0.6754785776138306
0.6716931462287903
0.6778044104576111
0.6741626858711243
0.670785129070282
0.6767966747283936
0.6743242144584656
0.672831654548645
0.6832351684570312
0.6714670062065125
0.6750794053077698
0.6671008467674255
0.6788838505744934
0.6717684864997864
0.67002272605896
0.6687008142471313
0.6723818182945251
0.6734839677810669
0.6775263547897339
0.6759236454963684
0.6679996252059937
0.683332622051239
0.6786178350448608
0.6828807592391968
0.6709182858467102
0.6838201880455017
0.6825562119483948
0.6781279444694519
0.6793606877326965
0.6724187731742859
0.6734563708305359
0.6757586598396301
0.6702595949172974
0.6759358048439026
0.6765697002410889
0.6675924062728882
0.68565434217453
0.6716738343238831
0.6725185513496399
0.6746430397033691
0.6780587434768677
0.6750466227531433
0.6704760789871216
0.679466962814331
0.6726943254470825
0.6803943514823914
0.6721298098564148
0.672195553779602
0.6766607165336609
0.6820131540298462
0.6752960085868835
0.671696126461029
0.6724556684494019
0.6788066029548645
0.6781851053237915
0.670706570148468
0.6745736002922058
0.676200270652771
0.6721715331077576
0.669079601764679
0.6661847829818726
0.6731001734733582
0.6746265888214111
0.6708544492721558
0.6710598468780518
0.676293134689331
0.6736140251159668
0.6791223883628845
0.6710947155952454
0.6681655049324036
0.6785640716552734
0.6688716411590576
0.6739962100982666
0.6741613149642944
0.6777397990226746
0.6717185378074646
0.6789879202842712
0.6772897243499756
0.673058032989502
0.6772041916847229
0.6821686625480652
0.6707504987716675
0.6684541702270508
0.6832677721977234
0.6763809323310852
0.6794962882995605
0.6761763095855713
0.6710138916969299
0.6695324778556824
0.675710141658783
0.6691562533378601
0.6752799153327942
0.6787620782852173
0.6684722900390625
0.6693224906921387
0.6721875071525574
0.6773111820220947
0.6746008992195129
0.6733655333518982
0.6698141098022461
0.6782562136650085
0.6764412522315979
0.673076331615448
0.6731044054031372
0.674583911895752
0.672093391418457
0.6675062775611877
0.6768761277198792
0.6722014546394348
0.6719911694526672
0.6763834953308105
0.6718868017196655
0.6766926050186157
0.6817286610603333
0.6740064024925232
0.6728699803352356
0.6788528561592102
0.6786211729049683
0.6677186489105225
0.6662941575050354
0.6827717423439026
0.669061005115509
0.6733221411705017
0.6762831211090088
0.6769355535507202
0.6767094731330872
0.6727312803268433
0.678019106388092
0.6735134124755859
0.6774576902389526
0.6802008152008057
0.6745853424072266
0.6702634692192078
0.6705728769302368
0.6748989820480347
0.6762683987617493
0.6773149967193604
0.6705833077430725
0.6761821508407593
0.6778329610824585
0.6731594204902649
0.6717349290847778
0.6722812056541443
0.6676293611526489
0.6743045449256897
0.6812183260917664
0.6764926314353943
0.6803762912750244
0.670904815196991
0.6699367761611938
0.6745190620422363
0.6742130517959595
0.6772760152816772
0.6778822541236877
0.6661696434020996
0.6722187995910645
0.6763116121292114
0.6733644008636475
0.6706418395042419
0.6727758646011353
0.6745728850364685
0.6824261546134949
0.6757401823997498
0.6678501963615417
0.6806414127349854
0.6766189336776733
0.6685289144515991
0.6711792349815369
0.6673151254653931
0.6739030480384827
0.6777767539024353
0.6752696633338928
0.6724333763122559
0.6729495525360107
0.6823111176490784
0.683085024356842
0.6741939783096313
0.6729817986488342
0.6688406467437744
0.6742757558822632
0.6694994568824768
0.6762028932571411
0.6714748740196228
0.678924560546875
0.6802063584327698
0.6784075498580933
0.6693239808082581
0.6681376695632935
0.6816895604133606
0.6766717433929443
0.6710177063941956
0.6808785200119019
0.6669335961341858
0.672022819519043
0.6721087694168091
0.6765196323394775
0.6782292127609253
0.6737704873085022
0.6801919341087341
0.6849886178970337
0.6710623502731323
0.6699769496917725
0.6776716709136963
0.6765215396881104
0.6744191646575928
0.6681191921234131
0.672344982624054
0.6830083131790161
0.6734631657600403
0.6826649308204651
0.6841309070587158
0.6724175214767456
0.677513837814331
0.6670800447463989
0.6793698668479919
0.6676815152168274
0.6714522838592529
0.6763065457344055
0.6859288215637207
0.6634296774864197
0.6828874349594116
0.6711980700492859
0.685653567314148
0.6704391241073608
0.6788987517356873
0.6746066212654114
0.6703220009803772
0.6747682094573975
0.6770252585411072
0.6707761287689209
0.6698644757270813
0.6673960089683533
0.6781476140022278
0.6763074398040771
0.6780642867088318
0.6769709587097168
0.6735195517539978
0.6740801334381104
0.6722016930580139
0.6719443798065186
0.6665585041046143
0.6788356900215149
0.6808198094367981
0.6756933927536011
0.6732265949249268
0.6698621511459351
0.6734594106674194
0.6739299297332764
0.6825957298278809
0.6760168075561523
0.6681591272354126
0.6801354885101318
0.6686556339263916
0.6687559485435486
0.6690240502357483
0.6717938780784607
0.6697419285774231
0.6680755019187927
0.674296498298645
0.67180997133255
0.672705352306366
0.678206741809845
0.673741340637207
0.6729472875595093
0.6841166019439697
0.678891122341156
0.6808260083198547
0.6752634048461914
0.6757198572158813
0.6808502674102783
0.6780328750610352
0.6772635579109192
0.6820186376571655
0.676259458065033
0.6621689200401306
0.676392674446106
0.6719646453857422
0.6764457821846008
0.6747772097587585
0.6752302646636963
0.6754525899887085
0.6792493462562561
0.6736730337142944
0.6773204207420349
0.6865730285644531
0.6738936305046082
0.6736428737640381
0.6710318922996521
0.6766846179962158
0.6790763139724731
0.6793084144592285
0.6764712333679199
0.6765057444572449
0.6707229614257812
0.6764476895332336
0.6884934306144714
0.6676769852638245
0.6668729782104492
0.6721546649932861
0.6747559905052185
0.6694366931915283
0.6726933121681213
0.6780547499656677
0.6753318309783936
0.6754327416419983
0.6687141060829163
0.6764818429946899
0.6649160385131836
0.6770041584968567
0.6746858358383179
0.6715567708015442
0.6807630062103271
0.6803982853889465
0.6706045866012573
0.6696714162826538
0.6826174259185791
0.6789576411247253
0.6742315888404846
0.6787974238395691
0.6817246675491333
0.6705080270767212
0.6759215593338013
0.6725269556045532
0.6743983030319214
0.673509955406189
0.6778445839881897
0.673516035079956
0.6709350943565369
0.6696698069572449
0.68425452709198
0.663661003112793
0.6743611097335815
0.6768123507499695
0.6789001822471619
0.670380711555481
0.6802295446395874
0.6762304306030273
0.6727921366691589
0.6719638705253601
0.6712203621864319
0.6766201257705688
0.6765120625495911
0.6745813488960266
0.672111988067627
0.670753538608551
0.6707642674446106
0.6715068817138672
0.6730629205703735
0.6847924590110779
0.6643298268318176
0.6675857305526733
0.6763412356376648
0.6791777610778809
0.6753171682357788
0.6727402210235596
0.6729929447174072
0.6803573369979858
0.6713535189628601
0.6736451387405396
0.6748465895652771
0.6838375329971313
0.6787135004997253
0.6771337389945984
0.6788524985313416
0.6833257675170898
0.6639449000358582
0.6791624426841736
0.6784326434135437
0.6794482469558716
0.6690611839294434
0.6833738088607788
0.6631272435188293
0.6708221435546875
0.6791711449623108
0.6773989200592041
0.6729411482810974
0.6873184442520142
0.6717706918716431
0.6843355894088745
0.6713390946388245
0.6633489727973938
0.6666089296340942
0.6784906387329102
0.675983726978302
0.6751990914344788
0.6788967251777649
0.6800971627235413
0.6737086772918701
0.6770371794700623
0.6698382496833801
0.6662509441375732
0.6721548438072205
0.6772914528846741
0.6777896285057068
0.6808184385299683
0.6688514351844788
0.6813060641288757
0.6815599799156189
0.6671447157859802
0.6592464447021484
0.6739793419837952
0.6652054190635681
0.6752585768699646
0.6836179494857788
0.6738898158073425
0.6720240116119385
0.6816240549087524
0.6732239723205566
0.6802786588668823
0.6804606914520264
0.6731579899787903
0.6600220799446106
0.6736251711845398
0.6715332865715027
0.6729397773742676
0.6725547313690186
0.670097291469574
0.672530472278595
0.6773170232772827
0.6764634847640991
0.686911404132843
0.6737356781959534
0.6761673092842102
0.6751919984817505
0.6765186190605164
0.6736294627189636
0.6715123057365417
0.678215742111206
0.6725029945373535
0.6852989196777344
0.6659699082374573
0.67778080701828
0.6752970814704895
0.6778029203414917
0.6827583312988281
0.6769587397575378
0.6790307760238647
0.6762548685073853
0.6704443097114563
0.6797789931297302
0.6660451889038086
0.6665599346160889
0.6787844300270081
0.672938346862793
0.6845992207527161
0.6738917827606201
0.6702579259872437
0.6805970668792725
0.6750282645225525
0.678333580493927
0.6709604263305664
0.6732111573219299
0.6710189580917358
0.6619821786880493
0.6776552796363831
0.6712777018547058
0.6740971207618713
0.6690125465393066
0.6784641146659851
0.6740087866783142
0.6713842749595642
0.6663602590560913
0.6743994355201721
0.6754826903343201
0.6739076972007751
0.6698642373085022
0.6770774126052856
0.6766849160194397
0.6766211986541748
0.6877261996269226
0.6762677431106567
0.6703420877456665
0.6757808923721313
0.6753154993057251
0.6651149988174438
0.667957067489624
0.6789901852607727
0.671602189540863
0.6697657108306885
0.6786755323410034
0.6781302690505981
0.6872676014900208
0.6651286482810974
0.6783093810081482
0.6658080220222473
0.6727988123893738
0.6780917644500732
0.6733886003494263
0.6750354170799255
0.6756901144981384
0.6742657423019409
0.657569944858551
0.6716476082801819
0.6731841564178467
0.672363817691803
0.6652442812919617
0.6757659316062927
0.6691572070121765
0.6717942953109741
0.6710554957389832
0.6716194748878479
0.6742885112762451
0.6838926672935486
0.6693189144134521
0.680152416229248
0.6724969744682312
0.6657986044883728
0.6779769659042358
0.6768863201141357
0.6749982237815857
0.665127158164978
0.6794069409370422
0.6684114336967468
0.6766704320907593
0.6783698201179504
0.6634145379066467
0.6830557584762573
0.6738107204437256
0.6749282479286194
0.6689196228981018
0.6712509393692017
0.6716998219490051
0.6756454706192017
0.6757156252861023
0.6762255430221558
0.6685178279876709
0.6726992130279541
0.6756935715675354
0.669396162033081
0.6736547946929932
0.6843902468681335
0.6672690510749817
0.6694384217262268
0.6718326807022095
0.6733648180961609
0.6664361357688904
0.6739252805709839
0.676008403301239
0.6611637473106384
0.6808406710624695
0.669265866279602
0.6721157431602478
0.6763827204704285
0.6744222640991211
0.6722890734672546
0.6699745059013367
0.6701530814170837
0.6729602813720703
0.671626091003418
0.6806588768959045
0.6725788116455078
0.670181930065155
0.6720466017723083
0.6696643233299255
0.6735948324203491
0.6768542528152466
0.6774497032165527
0.6765131950378418
0.6745700836181641
0.6785515546798706
0.6880703568458557
0.6739405393600464
0.6762949824333191
0.6725635528564453
0.6731909513473511
0.6691126823425293
0.6690254807472229
0.6794368624687195
0.6732537150382996
0.6748232245445251
0.6713926196098328
0.6722598075866699
0.6809160709381104
0.6714121103286743
0.6773363947868347
0.6661707162857056
0.6702651977539062
0.674010694026947
0.6683236956596375
0.6764801144599915
0.683610200881958
0.674077033996582
0.6803606748580933
0.6797155737876892
0.669552743434906
0.6755186319351196
0.676045298576355
0.6714449524879456
0.6728964447975159
0.6732290387153625
0.674410879611969
0.6760711669921875
0.6704055666923523
0.6736849546432495
0.6810255646705627
0.6735789775848389
0.6723349094390869
0.6679470539093018
0.6786167025566101
0.6749430894851685
0.6693291068077087
0.6667985916137695
0.6734492778778076
0.6778823137283325
0.6726681590080261
0.6787269711494446
0.6707878708839417
0.667837381362915
0.674608588218689
0.6759114265441895
0.6680962443351746
0.667616605758667
0.6763584613800049
0.67165607213974
0.6779206395149231
0.6697021722793579
0.6761819124221802
0.6726741194725037
0.6751583218574524
0.6748641729354858
0.6824986338615417
0.6679970622062683
0.6813544631004333
0.6770548224449158
0.6782228946685791
0.679235577583313
0.6778849363327026
0.676091194152832
0.6736119985580444
0.6709311604499817
0.6784148216247559
0.6735812425613403
0.6753538846969604
0.6773634552955627
0.6799266338348389
0.6678361296653748
0.6750972867012024
0.6744048595428467
0.6747691035270691
0.6735251545906067
0.6781221032142639
0.6747732162475586
0.6719112396240234
0.6729227304458618
0.6804512143135071
0.6671717762947083
0.6776348352432251
0.6734897494316101
0.666469156742096
0.6736167669296265
0.6782196760177612
0.6718098521232605
0.6706499457359314
0.6827191114425659
0.6732162237167358
0.6768680214881897
0.6740707755088806
0.6655725240707397
0.6751431226730347
0.6639073491096497
0.6843066811561584
0.6733132004737854
0.6701428890228271
0.6876773834228516
0.6678242087364197
0.6754302978515625
0.6750171184539795
0.6745920777320862
0.672912061214447
0.6762550473213196
0.6692383885383606
0.6797260046005249
0.6783963441848755
0.6746231317520142
0.670535147190094
0.6696186065673828
0.6653348803520203
0.6699093580245972
0.681106686592102
0.6693814992904663
0.6681526303291321
0.6785061955451965
0.672357439994812
0.6796589493751526
0.6641282439231873
0.6688944697380066
0.6720718145370483
0.674414336681366
0.671084463596344
0.6823216676712036
0.6733386516571045
0.6785517334938049
0.6783668994903564
0.6767937541007996
0.6686360239982605
0.6698622107505798
0.6761502027511597
0.6670305728912354
0.6721453666687012
0.6712142825126648
0.6798157095909119
0.6700610518455505
0.6739514470100403
0.672321081161499
0.6794270873069763
0.6762121319770813
0.6707101464271545
0.6675409078598022
0.6754541397094727
0.6718723773956299
0.6658939123153687
0.6757944226264954
0.6777371168136597
0.6754599809646606
0.6767966747283936
0.6736575365066528
0.6777969598770142
0.6672345399856567
0.6740832924842834
0.6788586974143982
0.690928041934967
0.6734192967414856
0.6764847040176392
0.6832389831542969
0.6746543645858765
0.6764897704124451
0.6751369833946228
0.6636148691177368
0.6737102270126343
0.668523371219635
0.6669830083847046
0.6678324937820435
0.6724684834480286
0.6763830184936523
0.6784582734107971
0.6613391041755676
0.6725029945373535
0.680921733379364
0.6751083135604858
0.6787480115890503
0.6770182847976685
0.6765069961547852
0.6722615361213684
0.6699395775794983
0.6701678037643433
0.6741670966148376
0.6751021146774292
0.6687372922897339
0.6712977290153503
0.6748290657997131
0.6666261553764343
0.6740853786468506
0.6779799461364746
0.6799978613853455
0.6841855645179749
0.6751599311828613
0.6625109314918518
0.6633719205856323
0.6655811667442322
0.6708424687385559
0.6757640242576599
0.6808243989944458
0.6678104400634766
0.6728878021240234
0.6674793362617493
0.6795763373374939
0.6657845377922058
0.6761546730995178
0.6751566529273987
0.677085280418396
0.6743001937866211
0.6787064075469971
0.6787979006767273
0.6688748002052307
0.6716823577880859
0.6723999977111816
0.6733534336090088
0.6852258443832397
0.6773113012313843
0.6776647567749023
0.6806594729423523
0.6690307259559631
0.6708983182907104
0.6664047241210938
0.6689035296440125
0.6698489785194397
0.6738815307617188
0.6657209992408752
0.6712431907653809
0.6744571328163147
0.6696265339851379
0.679263174533844
0.6711724996566772
0.6739632487297058
0.6730970740318298
0.678280770778656
0.6808086633682251
0.6702293753623962
0.6715528964996338
0.6679567098617554
0.6729070544242859
0.6667885780334473
0.669747531414032
0.6796448826789856
0.6772522926330566
0.6627553701400757
0.6711577773094177
0.6795152425765991
0.6793718338012695
0.6732396483421326
0.6741087436676025
0.6866257190704346
0.6766186952590942
0.6733940243721008
0.6729623675346375
0.6698037385940552
0.6721075773239136
0.6756941080093384
0.6729084849357605
0.6727200150489807
0.6821349859237671
0.6782204508781433
0.6844625473022461
0.66665118932724
0.6720584630966187
0.677047610282898
0.6772866249084473
0.6712849736213684
0.6801207065582275
0.6784408092498779
0.6783511638641357
0.6804116368293762
0.670049786567688
0.6720669269561768
0.6680012345314026
0.6644384264945984
0.674543023109436
0.6676269173622131
0.6753619909286499
0.6744793057441711
0.6737417578697205
0.6640536189079285
0.6720680594444275
0.6824536323547363
0.672382116317749
0.6754178404808044
0.6589983105659485
0.6708243489265442
0.6787475943565369
0.6725375652313232
0.6734344363212585
0.6719200611114502
0.6771262884140015
0.6779361367225647
0.6724896430969238
0.6717953681945801
0.6701692938804626
0.6681275963783264
0.6663246154785156
0.6748322248458862
0.673160970211029
0.6695339679718018
0.6820624470710754
0.6661142110824585
0.6793314814567566
0.6694391369819641
0.6670615673065186
0.6668448448181152
0.6726354956626892
0.6680817008018494
0.6762629747390747
0.6680740118026733
0.6735998392105103
0.6793117523193359
0.680634617805481
0.67270827293396
0.6679477095603943
0.6776328086853027
0.6723943948745728
0.6740690469741821
0.6750283241271973
0.6720010638237
0.6813215017318726
0.6813310384750366
0.6686699390411377
0.6735771298408508
0.6690922975540161
0.6835219860076904
0.6699172854423523
0.6673834323883057
0.6691501140594482
0.6798573136329651
0.6761530041694641
0.6650719046592712
0.6818022727966309
0.6732262969017029
0.6738090515136719
0.6663878560066223
0.6627681255340576
0.674060583114624
0.6725285649299622
0.6758309006690979
0.6758232712745667
0.6701740026473999
0.6734283566474915
0.6679889559745789
0.6754435300827026
0.6670883297920227
0.6742368936538696
0.6750503778457642
0.6862567663192749
0.677615225315094
0.6730161905288696
0.6703673005104065
0.6663373708724976
0.6786140203475952
0.6750908493995667
0.684585690498352
0.6709920763969421
0.6666204333305359
0.68099045753479
0.672791063785553
0.6715482473373413
0.6739516258239746
0.6731076240539551
0.6797223091125488
0.6689437627792358
0.6747437715530396
0.6726932525634766
0.6771969199180603
0.6674350500106812
0.6747490763664246
0.6594752669334412
0.676925003528595
0.676159143447876
0.6734226942062378
0.6769561171531677
0.6809237003326416
0.6748204231262207
0.6744357347488403
0.6722491383552551
0.6702649593353271
0.6754159927368164
0.674552857875824
0.6730455756187439
0.678591787815094
0.678337037563324
0.6706705093383789
0.6659504771232605
0.6714463829994202
0.6691893935203552
0.674893856048584
0.6816534996032715
0.68253093957901
0.6700522303581238
0.6803696751594543
0.673470675945282
0.6692848205566406
0.6821494698524475
0.6705782413482666
0.6765261292457581
0.6832315921783447
0.6736496090888977
0.6713218092918396
0.6718159914016724
0.6765367984771729
0.6683278679847717
0.6819198131561279
0.6796092391014099
0.6727476119995117
0.6817151308059692
0.671858549118042
0.6749071478843689
0.6774453520774841
0.671100378036499
0.6725995540618896
0.6723164319992065
0.6782973408699036
0.6862306594848633
0.6794860363006592
0.6692680716514587
0.6849057078361511
0.6640351414680481
0.6786122918128967
0.6802507042884827
0.6724846959114075
0.6722758412361145
0.6779823303222656
0.6808841228485107
0.6793869137763977
0.6743096709251404
0.6759049296379089
0.6714082956314087
0.6801742315292358
0.6704432368278503
0.6753926277160645
0.6739808320999146
0.6772047281265259
0.672213613986969
0.6770828366279602
0.6747257113456726
0.6844165325164795
0.6766682863235474
0.6753609776496887
0.6656189560890198
0.6882504820823669
0.6736252307891846
0.673700749874115
0.669645369052887
0.6763016581535339
0.6686650514602661
0.673194169998169
0.6805461049079895
0.671440839767456
0.6743524074554443
0.668181836605072
0.6728948950767517
0.6833267211914062
0.6740918755531311
0.675029993057251
0.6675989627838135
0.6752369999885559
0.6786596775054932
0.6712921261787415
0.6726747751235962
0.6743460893630981
0.6802011728286743
0.6675094366073608
0.6753365397453308
0.6738128066062927
0.682558536529541
0.6709133386611938
0.6685355305671692
0.6755305528640747
0.6683157682418823
0.6790857315063477
0.6759254932403564
0.6739711761474609
0.6703307032585144
0.6702633500099182
0.685208797454834
0.6668962836265564
0.6765713095664978
0.675878643989563
0.6755003929138184
0.6754952073097229
0.6756361126899719
0.6762109398841858
0.6745569705963135
0.674921989440918
0.6738236546516418
0.6685400009155273
0.6719659566879272
0.676526665687561
0.6718438863754272
0.671954870223999
0.6702854037284851
0.6775712370872498
0.6760579943656921
0.6718547940254211
0.6720381379127502
0.6664624810218811
0.6706379055976868
0.6776048541069031
0.6777869462966919
0.6754547953605652
0.6822805404663086
0.6728404760360718
0.6767542958259583
0.6713566780090332
0.6717172861099243
0.6739084720611572
0.6690406203269958
0.6685925126075745
0.6721632480621338
0.670765221118927
0.6706253290176392
0.6755982637405396
0.6690783500671387
0.6718947887420654
0.6774318814277649
0.6694861054420471
0.6729389429092407
0.6727802157402039
0.6740089654922485
0.6740477085113525
0.6765473484992981
0.6806052327156067
0.6734972596168518
0.6812677383422852
0.6746414303779602
0.6687397360801697
0.6691832542419434
0.6679931282997131
0.6739450097084045
0.672095537185669
0.6692156195640564
0.6693461537361145
0.6711742877960205
0.6775946021080017
0.6761341691017151
0.6714240908622742
0.6729741096496582
0.6800994277000427
0.6726144552230835
0.6700272560119629
0.680056095123291
0.6720552444458008
0.676742434501648
0.6782014966011047
0.6679129600524902
0.6776092648506165
0.6841616630554199
0.6812552809715271
0.6669807434082031
0.6694720983505249
0.6780673861503601
0.6747332215309143
0.6738228797912598
0.6696656346321106
0.679198682308197
0.6729019284248352
0.6754385232925415
0.6790634393692017
0.6764057278633118
0.6689250469207764
0.6705579161643982
0.6701241135597229
0.6711567640304565
0.6735054850578308
0.6713510751724243
0.6814741492271423
0.6729829907417297
0.6724058985710144
0.6789146065711975
0.6667636036872864
0.6665669083595276
0.6698349118232727
0.6706180572509766
0.6716579794883728
0.6686199307441711
0.6712659597396851
0.6811295747756958
0.6720404028892517
0.6685386300086975
0.660877525806427
0.6776394844055176
0.6726878881454468
0.6777471303939819
0.6777166724205017
0.6770973205566406
0.6831716895103455
0.67486572265625
0.6765437722206116
0.6687809228897095
0.6695287823677063
0.6767802238464355
0.6724088788032532
0.6708823442459106
0.676537036895752
0.6757071614265442
0.6762792468070984
0.6736747026443481
0.6714966893196106
0.6677879095077515
0.6788430213928223
0.6699021458625793
0.6776057481765747
0.6731884479522705
0.6713714599609375
0.6725607514381409
0.6795446276664734
0.6696045398712158
0.672105073928833
0.6852428913116455
0.6790599822998047
0.6779351830482483
0.6763947606086731
0.669365406036377
0.6731355786323547
0.675701379776001
0.6808384656906128
0.6697161197662354
0.6737669110298157
0.6782206892967224
0.6744503378868103
0.6788800954818726
0.6739871501922607
0.6860945820808411
0.6744657754898071
0.6723194718360901
0.6665590405464172
0.6773389577865601
0.6711445450782776
0.6777900457382202
0.6709681749343872
0.6799147129058838
0.6678409576416016
0.6719436645507812
0.6753268837928772
0.6746504306793213
0.6675866842269897
0.6768437623977661
0.6814393401145935
0.6755554676055908
0.6699812412261963
0.6714768409729004
0.6754149198532104
0.6745092868804932
0.6798279881477356
0.6792620420455933
0.6812195777893066
0.6751167178153992
0.6786430478096008
0.6721856594085693
0.6744028925895691
0.6784168481826782
0.6713996529579163
0.6806932687759399
0.6728041172027588
0.6691514253616333
0.6806185245513916
0.6825540065765381
0.6731752753257751
0.6787989735603333
0.6698650121688843
0.6748110055923462
0.6818689703941345
0.6778984069824219
0.6749699711799622
0.6742791533470154
0.6784188151359558
0.671309232711792
0.6698445081710815
0.6792001128196716
0.6722736954689026
0.679963231086731
0.673582136631012
0.6813568472862244
0.6789380311965942
0.6895747780799866
0.6671361923217773
0.6772105097770691
0.6691775918006897
0.6755150556564331
0.6677806973457336
0.671570360660553
0.6755524277687073
0.6795279383659363
0.6778084635734558
0.6713544130325317
0.663908064365387
0.6795864105224609
0.6765236854553223
0.6703137159347534
0.6751691102981567
0.672293484210968
0.6755427122116089
0.672542929649353
0.6727738976478577
0.678844153881073
0.6729316711425781
0.6717337965965271
0.6706690192222595
0.6779051423072815
0.6780602931976318
0.6784369349479675
0.6665385365486145
0.6755557656288147
0.6731305718421936
0.6803401112556458
0.67628413438797
0.6775661706924438
0.6747434139251709
0.6691761612892151
0.678329586982727
0.6728696227073669
0.6785279512405396
0.6769060492515564
0.6705350279808044
0.6750919818878174
0.6696651577949524
0.6617110967636108
0.6674111485481262
0.6735714077949524
0.673119843006134
0.6773061156272888
0.6826522350311279
0.6808008551597595
0.6759595274925232
0.6713247895240784
0.678801417350769
0.6705230474472046
0.6663987040519714
0.6727800965309143
0.6781308054924011
0.6794751882553101
0.6729884743690491
0.6618096232414246
0.6837615370750427
0.6766659021377563
0.6713232398033142
0.6785953044891357
0.6792352199554443
0.6813916563987732
0.6757733821868896
0.6649422645568848
0.6709921956062317
0.6777382493019104
0.6660816669464111
0.6761780977249146
0.677595853805542
0.6618106365203857
0.6787734627723694
0.6664899587631226
0.6584218144416809
0.6800366640090942
0.6716852784156799
0.6708941459655762
0.6806802749633789
0.6836132407188416
0.6722730398178101
0.6682862043380737
0.6748980283737183
0.6719370484352112
0.6741089224815369
0.6907893419265747
0.676413357257843
0.6783319115638733
0.6644319295883179
0.6763468980789185
0.6736660003662109
0.6728988289833069
0.6688401699066162
0.6706620454788208
0.6745685338973999
0.6787898540496826
0.6753106713294983
0.675041913986206
0.6717677116394043
0.666789710521698
0.6716476678848267
0.6651357412338257
0.6726775169372559
0.6710627675056458
0.6750088930130005
0.6823865175247192
0.6803560853004456
0.6709603667259216
0.6690500378608704
0.6789382696151733
0.670901358127594
0.6781240701675415
0.6670466065406799
0.6744928359985352
0.6769722700119019
0.6700356006622314
0.6740998029708862
0.6649080514907837
0.6685301065444946
0.6731846332550049
0.6801639199256897
0.6702473163604736
0.6729434728622437
0.6652262806892395
0.6748771071434021
0.6701333522796631
0.679545521736145
0.6727080345153809
0.681698203086853
0.6758771538734436
0.6751176118850708
0.6657341718673706
0.6721270680427551
0.6681883335113525
0.667409360408783
0.6769946813583374
0.6703429818153381
0.6795827746391296
0.6695823073387146
0.6743137836456299
0.6690189242362976
0.6757304072380066
0.6701853275299072
0.6763960123062134
0.6718952059745789
0.6734461188316345
0.6640257835388184
0.6729456782341003
0.6678068041801453
0.6677482724189758
0.6665143370628357
0.6728526949882507
0.684371829032898
0.6797532439231873
0.67011958360672
0.6728959083557129
0.6764072775840759
0.6882169842720032
0.675851583480835
0.6796286106109619
0.675649881362915
0.6755116581916809
0.6750174760818481
0.6672903299331665
0.6700902581214905
0.6774715781211853
0.6731549501419067
0.6782742142677307
0.6645855903625488
0.6808918714523315
0.683521568775177
0.6814844608306885
0.6764584183692932
0.6736108660697937
0.669173002243042
0.6736626029014587
0.674242377281189
0.6809069514274597
0.6816731095314026
0.6711826920509338
0.6772933602333069
0.6742529273033142
0.676089346408844
0.6656383872032166
0.6741539239883423
0.6725075244903564
0.6768860220909119
0.6775155067443848
0.6753777861595154
0.6652643084526062
0.674500048160553
0.6679303646087646
0.670096218585968
0.6731976866722107
0.6782081127166748
0.6682953834533691
0.6728438138961792
0.6827287077903748
0.6720302700996399
0.6717920899391174
0.6718552708625793
0.6707194447517395
0.6725836396217346
0.6823680400848389
0.6772268414497375
0.680088222026825
0.680627167224884
0.6657522320747375
0.6777146458625793
0.6767464876174927
0.6775400042533875
0.6721210479736328
0.6745665669441223
0.6728606224060059
0.6712332367897034
0.6778591275215149
0.6721705794334412
0.6782330870628357
0.6741628050804138
0.6783005595207214
0.6751718521118164
0.6712424755096436
0.6733128428459167
0.6777395606040955
0.666199803352356
0.6730674505233765
0.6812793016433716
0.6699292659759521
0.674079418182373
0.6703448295593262
0.6766040325164795
0.671633780002594
0.6809880137443542
0.6732272505760193
0.6646300554275513
0.6758405566215515
0.6740140318870544
0.6777280569076538
0.6698362231254578
0.6751251220703125
0.6752479076385498
0.6712677478790283
0.6732584238052368
0.6661027669906616
0.6654238104820251
0.6812154650688171
0.6791999340057373
0.6624761819839478
0.684172511100769
0.6762277483940125
0.6783626675605774
0.6823195815086365
0.6788926720619202
0.6732476949691772
0.6759459376335144
0.6746963858604431
0.6773521900177002
0.6670565009117126
0.6830871105194092
0.6709638237953186
0.6718571782112122
0.6742918491363525
0.6808671951293945
0.6719443798065186
0.6728600263595581
0.6716561913490295
0.6685397028923035
0.6695353388786316
0.667314887046814
0.6646018624305725
0.6721553206443787
0.674446165561676
0.6744139194488525
0.6794660091400146
0.6763434410095215
0.6780375242233276
0.6763800978660583
0.6775429248809814
0.6714426279067993
0.6782800555229187
0.6671068072319031
0.6805287003517151
0.6764996647834778
0.678109884262085
0.6735979914665222
0.6674070954322815
0.6795974373817444
0.6755352020263672
0.6747433543205261
0.6837680339813232
0.673102617263794
0.6789613366127014
0.6896924376487732
0.6703320145606995
0.6798405647277832
0.6778489947319031
0.6686446666717529
0.6826584935188293
0.6798830032348633
0.6718021631240845
0.674496591091156
0.6741102933883667
0.6758953332901001
0.673454761505127
0.6772104501724243
0.6668526530265808
0.6676989793777466
0.6692123413085938
0.6799393892288208
0.6657288670539856
0.6683416962623596
0.6733993291854858
0.6758999228477478
0.6721833944320679
0.6737500429153442
0.6785718202590942
0.670760989189148
0.6756702661514282
0.6742992997169495
0.6726378798484802
0.6718634963035583
0.6793142557144165
0.6778989434242249
0.6696057915687561
0.6675730347633362
0.6743229627609253
0.6683647632598877
0.678260087966919
0.6853699684143066
0.6716840267181396
0.6694762110710144
0.6708630323410034
0.6745089888572693
0.6678221821784973
0.6700741648674011
0.6697046756744385
0.6741793751716614
0.6757638454437256
0.6721819043159485
0.6764087080955505
0.6676886677742004
0.6751202940940857
0.6716920137405396
0.681019127368927
0.6764586567878723
0.6707518100738525
0.6692479848861694
0.6686146259307861
0.67135089635849
0.672015905380249
0.6778971552848816
0.6724579334259033
0.6685848832130432
0.6813268661499023
0.6718025803565979
0.6703128814697266
0.67292720079422
0.6739665865898132
0.6895752549171448
0.671845555305481
0.6728743314743042
0.6700627207756042
0.6694830656051636
0.6670407056808472
0.6770105361938477
0.6770049929618835
0.6708298921585083
0.6655924916267395
0.6701274514198303
0.6730362176895142
0.6814291477203369
0.6691559553146362
0.6818017363548279
0.6673603653907776
0.671868085861206
0.6778835654258728
0.6748275756835938
0.6721026301383972
0.6728786826133728
0.6632238626480103
0.6800035834312439
0.6758762001991272
0.6729394793510437
0.673144519329071
0.6766875982284546
0.6735702753067017
0.6752189993858337
0.6745383739471436
0.6757726669311523
0.6767026782035828
0.6700474619865417
0.6751606464385986
0.6596790552139282
0.6747787594795227
0.6796629428863525
0.6741606593132019
0.6741093397140503
0.6803931593894958
0.6742125153541565
0.6711521744728088
0.6810882091522217
0.680621325969696
0.6696916818618774
0.6776524186134338
0.6716721057891846
0.676537036895752
0.6676434874534607
0.6738470196723938
0.6722826957702637
0.6732350587844849
0.6779767870903015
0.671440839767456
0.6745654344558716
0.6725441217422485
0.6725493669509888
0.6760428547859192
0.6766921877861023
0.6685544848442078
0.6842234134674072
0.676226019859314
0.6738289594650269
0.677466630935669
0.6836856007575989
0.6752252578735352
0.6835749745368958
0.6797916293144226
0.6715578436851501
0.6765917539596558
0.6705915927886963
0.6774337887763977
0.6686309576034546
0.6740036606788635
0.6705657839775085
0.6786174774169922
0.6742627024650574
0.6764603853225708
0.667540431022644
0.6780855655670166
0.684319794178009
0.6748403906822205
0.6828161478042603
0.6769993901252747
0.6693477034568787
0.6783806085586548
0.6767708659172058
0.6757705807685852
0.6760895848274231
0.6661567091941833
0.6738051176071167
0.676785409450531
0.6691968441009521
0.6719163060188293
0.6810452342033386
0.6803681254386902
0.6708487868309021
0.6739821434020996
0.6836817860603333
0.6801264882087708
0.6701241135597229
0.6714175939559937
0.6768223643302917
0.6736260056495667
0.6652395129203796
0.6717758178710938
0.6772763133049011
0.6667159795761108
0.6717489361763
0.6675200462341309
0.676402747631073
0.6778152585029602
0.6765368580818176
0.6821435689926147
0.6797235012054443
0.670722246170044
0.6722986698150635
0.6760454773902893
0.6780255436897278
0.6680230498313904
0.6738044023513794
0.6769607663154602
0.6797207593917847
0.6703682541847229
0.6705632209777832
0.6660336256027222
0.6770099401473999
0.674807071685791
0.6717508435249329
0.6661593914031982
0.6757388710975647
0.6728178858757019
0.6766440272331238
0.6684750914573669
0.6816631555557251
0.6708046793937683
0.679608941078186
0.6707327961921692
0.6703875064849854
0.6730049848556519
0.6698270440101624
0.6729329228401184
0.6793484091758728
0.6720172762870789
0.6681746244430542
0.6696121692657471
0.6646449565887451
0.6818947196006775
0.6734931468963623
0.6768469214439392
0.6739474534988403
0.672313392162323
0.6740146279335022
0.6682122349739075
0.6716960668563843
0.6723603010177612
0.6771436929702759
0.6760537028312683
0.6728010773658752
0.6760399341583252
0.6718993782997131
0.6838514804840088
0.6745935082435608
0.6731494665145874
0.6709619164466858
0.6747717261314392
0.6794328689575195
0.6772981882095337
0.6595709323883057
0.6664822697639465
0.6778258085250854
0.6768431067466736
0.6811776161193848
0.6783969402313232
0.671196699142456
0.6711128354072571
0.6700835824012756
0.6748118996620178
0.6690923571586609
0.6742218732833862
0.6740501523017883
0.6716153621673584
0.6678846478462219
0.6729023456573486
0.6767098307609558
0.6780771017074585
0.681306004524231
0.671276867389679
0.6691302061080933
0.6695305109024048
0.6798071265220642
0.6673563122749329
0.666631281375885
0.6701818108558655
0.68068528175354
0.6749818325042725
0.6674187779426575
0.6722310185432434
0.6814759969711304
0.6643285155296326
0.6699545979499817
0.6740980744361877
0.6752583980560303
0.6779108047485352
0.6771286129951477
0.6764691472053528
0.6794695258140564
0.6646727323532104
0.6717034578323364
0.6752258539199829
0.6599524617195129
0.6766325831413269
0.6826700568199158
0.6756031513214111
0.6848122477531433
0.6780347228050232
0.6707624793052673
0.6784636378288269
0.6773430705070496
0.675270140171051
0.6832693219184875
0.6725680828094482
0.6773926615715027
0.6720002293586731
0.6838912963867188
0.6881266236305237
0.6671252250671387
0.6774541735649109
0.668781578540802
0.6675909161567688
0.6760425567626953
0.6681569218635559
0.6839452981948853
0.6712706089019775
0.6794643998146057
0.6804338693618774
0.673964262008667
0.6674771904945374
0.679431140422821
0.6740918755531311
0.6706283688545227
0.6834287643432617
0.6687579154968262
0.677014172077179
0.6687299013137817
0.673528254032135
0.6692788600921631
0.6663317084312439
0.6689975261688232
0.6750973463058472
0.6726558804512024
0.6734399199485779
0.6675663590431213
0.6655464768409729
0.6810101866722107
0.6769408583641052
0.6688287258148193
0.6742739677429199
0.6749738454818726
0.6787000298500061
0.6860007047653198
0.6734362244606018
0.6745196580886841
0.6766154170036316
0.6709276437759399
0.6800369620323181
0.6718504428863525
0.6670196652412415
0.672372579574585
0.6790071725845337
0.6780805587768555
0.673050045967102
0.6687042713165283
0.6703884601593018
0.6591785550117493
0.6730369925498962
0.667707622051239
0.678862452507019
0.6701472997665405
0.6836012601852417
0.6726942658424377
0.6750801801681519
0.6678743958473206
0.6680693030357361
0.6754971146583557
0.6650223731994629
0.6834438443183899
0.6646242737770081
0.6629806756973267
0.6746416687965393
0.6802390813827515
0.6787168979644775
0.6736223101615906
0.670362114906311
0.6727417707443237
0.6740971207618713
0.680141806602478
0.6696425676345825
0.6712837815284729
0.6758759617805481
0.6806895136833191
0.6686195731163025
0.6721636056900024
0.6761778593063354
0.6710273027420044
0.6684375405311584
0.6796753406524658
0.6715196967124939
0.6770330667495728
0.6786198616027832
0.6653606295585632
0.6731353402137756
0.6732376217842102
0.6662596464157104
0.6731840372085571
0.6689932942390442
0.6810377240180969
0.6692966818809509
0.6684538722038269
0.6807719469070435
0.6798431873321533
0.6709937453269958
0.6691230535507202
0.6733035445213318
0.671256422996521
0.6695883274078369
0.6748023629188538
0.6803405284881592
0.6731287837028503
0.6750885844230652
0.6691948175430298
0.6825979948043823
0.673102080821991
0.6793283224105835
0.6742187142372131
0.6748024821281433
0.6752284169197083
0.6834465861320496
0.6723977327346802
0.6745030879974365
0.6630034446716309
0.6716007590293884
0.6779844164848328
0.6719123125076294
0.6726958155632019
0.6688104867935181
0.6735953092575073
0.6626577973365784
0.6763591170310974
0.6711271405220032
0.6744818091392517
0.6738828420639038
0.675091564655304
0.6732591390609741
0.669838011264801
0.674972414970398
0.6733033061027527
0.6752824187278748
0.67637038230896
0.6796320080757141
0.6747996211051941
0.6724979281425476
0.6679182648658752
0.6759966015815735
0.6730770468711853
0.6702144742012024
0.6744132041931152
0.6724112629890442
0.6808983683586121
0.6783794164657593
0.6750761866569519
0.6730920672416687
0.673781156539917
0.667245626449585
0.6658464074134827
0.6786642074584961
0.6794477105140686
0.671965479850769
0.6622583270072937
0.6729390621185303
0.6705076694488525
0.669295608997345
0.6705743670463562
0.6700496673583984
0.673730194568634
0.6696131825447083
0.675521731376648
0.6758272051811218
0.6681627631187439
0.6832995414733887
0.6701870560646057
0.6637177467346191
0.6763785481452942
0.6741602420806885
0.6798421144485474
0.6703037023544312
0.6749698519706726
0.6775900721549988
0.6752942800521851
0.6744669675827026
0.676250159740448
0.6701720952987671
0.678747832775116
0.6757997870445251
0.6755196452140808
0.6722150444984436
0.6733704805374146
0.6804141402244568
0.6730168461799622
0.6751590371131897
0.6669249534606934
0.6789146065711975
0.6744523644447327
0.6699175834655762
0.6718676090240479
0.6664313673973083
0.6791514754295349
0.6726460456848145
0.6697190403938293
0.6617341637611389
0.6687368154525757
0.673942506313324
0.6765206456184387
0.6737452745437622
0.6786080002784729
0.6775953769683838
0.6722649335861206
0.6858303546905518
0.6743118166923523
0.6732735633850098
0.6671924591064453
0.6731776595115662
0.6797206997871399
0.6681419014930725
0.6729134917259216
0.679916501045227
0.6664658784866333
0.6819672584533691
0.678560197353363
0.6817690134048462
0.6684442758560181
0.6750859618186951
0.6747356057167053
0.6760088801383972
0.6675663590431213
0.6723974943161011
0.6812067627906799
0.6717709302902222
0.6696217060089111
0.6740947365760803
0.6760454773902893
0.671784520149231
0.6725331544876099
0.6822147369384766
0.6833800077438354
0.67203688621521
0.6774376034736633
0.6797879338264465
0.676077127456665
0.666779637336731
0.6779807209968567
0.670777440071106
0.6715390086174011
0.6690731048583984
0.6786282062530518
0.6746348142623901
0.679056704044342
0.6723486185073853
0.6753256916999817
0.6767712831497192
0.6842889785766602
0.6706297397613525
0.6718195080757141
0.673698902130127
0.6740363240242004
0.6736671924591064
0.6686651706695557
0.6724998354911804
0.6761557459831238
0.6682909727096558
0.6718408465385437
0.6727819442749023
0.6692652702331543
0.6712711453437805
0.6701153516769409
0.6764493584632874
0.67513507604599
0.670282781124115
0.6780300140380859
0.6771212816238403
0.6745965480804443
0.6739070415496826
0.6666575074195862
0.6749491691589355
0.6722421050071716
0.6688399910926819
0.6594994068145752
0.6735972762107849
0.6730425357818604
0.6739991903305054
0.6752001047134399
0.6730335354804993
0.6772052049636841
0.6749141812324524
0.6673153042793274
0.6727741360664368
0.6640498042106628
0.6731224656105042
0.6746933460235596
0.6683580875396729
0.6721065640449524
0.6700538992881775
0.6756691932678223
0.674156904220581
0.6723662614822388
0.6748146414756775
0.6722772717475891
0.6743533611297607
0.6728746891021729
0.6751613616943359
0.6821415424346924
0.6700749397277832
0.6715019941329956
0.673064112663269
0.6693181395530701
0.6722288727760315
0.6765972971916199
0.6813817024230957
0.6668077111244202
0.6762843728065491
0.6772171258926392
0.6765057444572449
0.6727472543716431
0.6711877584457397
0.6682620048522949
0.671379566192627
0.6808217763900757
0.6760867834091187
0.6709579229354858
0.6696335077285767
0.6647807955741882
0.6714511513710022
0.669761061668396
0.6718559265136719
0.6770637035369873
0.6711946129798889
0.679833173751831
0.6815183758735657
0.6804648637771606
0.6718759536743164
0.6708269715309143
0.6744880676269531
0.6676519513130188
0.6738122701644897
0.6731399297714233
0.6779382228851318
0.6664736866950989
0.6695716381072998
0.668103039264679
0.6745173335075378
0.671156108379364
0.6826808452606201
0.6689529418945312
0.6711048483848572
0.6743050813674927
0.676971971988678
0.6734150648117065
0.6717038154602051
0.6658153533935547
0.6706961989402771
0.677006721496582
0.6782248616218567
0.6792057156562805
0.6756924986839294
0.6747833490371704
0.6711682081222534
0.68048095703125
0.6724095344543457
0.6840915679931641
0.6742587089538574
0.6733964085578918
0.6777999997138977
0.671180784702301
0.6851547360420227
0.6830844879150391
0.674752950668335
0.6682640910148621
0.6708530187606812
0.6733875870704651
0.6725892424583435
0.681911826133728
0.670448362827301
0.6697165369987488
0.6755231022834778
0.6754943132400513
0.6712194681167603
0.6720448732376099
0.6774852871894836
0.6687679886817932
0.6764252781867981
0.6709875464439392
0.6734851598739624
0.6738018989562988
0.6628757119178772
0.6814296841621399
0.6738777756690979
0.6685889959335327
0.6669722199440002
0.6737172603607178
0.672432005405426
0.6774821281433105
0.665879487991333
0.6790687441825867
0.6752635836601257
0.6780662536621094
0.6758551001548767
0.6722440123558044
0.6695300936698914
0.670214831829071
0.6774958372116089
0.6692785024642944
0.6749396920204163
0.675834059715271
0.67314612865448
0.6798317432403564
0.6761678457260132
0.677727222442627
0.6771513819694519
0.6756266951560974
0.6662977933883667
0.6717858910560608
0.6733236908912659
0.6723853945732117
0.6762431859970093
0.6672818660736084
0.6715610027313232
0.6714422106742859
0.6787133812904358
0.6767293810844421
0.6711181402206421
0.6734557151794434
0.6702953577041626
0.6738596558570862
0.672267496585846
0.6786081194877625
0.6745612621307373
0.6712719202041626
0.6783512830734253
0.6761602759361267
0.6761369705200195
0.6790986061096191
0.6748117208480835
0.6702457666397095
0.6766648888587952
0.6773517727851868
0.6609943509101868
0.6745266318321228
0.67255038022995
0.6648592352867126
0.6661476492881775
0.6803266406059265
0.6739395260810852
0.6816905736923218
0.6730480194091797
0.6681548357009888
0.6773314476013184
0.675839900970459
0.6707296967506409
0.682264506816864
0.6695895791053772
0.6744935512542725
0.6799197793006897
0.6755871176719666
0.6668392419815063
0.6776553988456726
0.6751804947853088
0.6803044676780701
0.6736568808555603
0.6686910390853882
0.6701809167861938
0.6743506789207458
0.6760622262954712
0.6637316346168518
0.672199547290802
0.6796877980232239
0.6761379241943359
0.6787187457084656
0.6762982606887817
0.6744555234909058
0.6934282779693604
0.6690055131912231
0.6812461018562317
0.6728233098983765
0.6753485798835754
0.6808010339736938
0.6670125126838684
0.6817335486412048
0.6767784357070923
0.6866118311882019
0.6740306615829468
0.6716738343238831
0.6841781139373779
0.6788827776908875
0.6691645383834839
0.67097407579422
0.6752322912216187
0.6727002263069153
0.681212306022644
0.6756008267402649
0.6716856956481934
0.6734190583229065
0.6661851406097412
0.6700900793075562
0.6914955377578735
0.6811137199401855
0.6699470281600952
0.677358865737915
0.6670336723327637
0.6700720191001892
0.6710879802703857
0.67507004737854
0.6886516213417053
0.66314697265625
0.6787887811660767
0.6863397359848022
0.6857309937477112
0.6734857559204102
0.6695170402526855
0.6772775053977966
0.6724240779876709
0.6762387156486511
0.6763774156570435
0.6663387417793274
0.6725723743438721
0.6717413067817688
0.6738089323043823
0.6802080869674683
0.6843304634094238
0.6694909930229187
0.6699066162109375
0.6743582487106323
0.6730343699455261
0.6711074709892273
0.6744850873947144
0.6799298524856567
0.6766378283500671
0.6619195342063904
0.6714838743209839
0.6764122247695923
0.661516547203064
0.6808968186378479
0.6680499911308289
0.6685879230499268
0.678882896900177
0.6731336116790771
0.6794371604919434
0.6649385690689087
0.6762401461601257
0.6797463297843933
0.6697896122932434
0.6764663457870483
0.6811323165893555
0.6780670881271362
0.6699937582015991
0.6695864796638489
0.6692788004875183
0.6789273619651794
0.6755083799362183
0.6741792559623718
0.6710232496261597
0.6721252799034119
0.6743118166923523
0.6628579497337341
0.6654935479164124
0.6747942566871643
0.6644558310508728
0.6757339835166931
0.675372302532196
0.6738700270652771
0.680415153503418
0.6717894673347473
0.677243709564209
0.6717626452445984
0.6785424947738647
0.6792814135551453
0.6760168671607971
0.6728385090827942
0.670484185218811
0.670433521270752
0.6804001331329346
0.6759498715400696
0.6845385432243347
0.6786340475082397
0.6717410683631897
0.6820760369300842
0.6611179709434509
0.6741926074028015
0.6721038222312927
0.6753970980644226
0.6858233213424683
0.6723470687866211
0.6763906478881836
0.6791878342628479
0.6782073974609375
0.6698217391967773
0.6728342771530151
0.6726390719413757
0.6734727025032043
0.6798329949378967
0.6719520092010498
0.6744785904884338
0.6794700026512146
0.6803848743438721
0.6756337285041809
0.6700790524482727
0.6693971753120422
0.6708480715751648
0.6762376427650452
0.6798183917999268
0.6741073727607727
0.6713192462921143
0.6733352541923523
0.6631643772125244
0.6718136072158813
0.6641791462898254
0.6853675246238708
0.6784436106681824
0.6708778738975525
0.6719239354133606
0.6695632934570312
0.6858354806900024
0.6737642884254456
0.6704325079917908
0.6746976375579834
0.673846960067749
0.6786060929298401
0.6726087331771851
0.6791300773620605
0.6717740297317505
0.6657211780548096
0.6770709156990051
0.679020881652832
0.6803532838821411
0.6696264147758484
0.6701583862304688
0.668926477432251
0.6803188323974609
0.6792516708374023
0.6732324361801147
0.6654163599014282
0.6721693873405457
0.6744284629821777
0.6704747676849365
0.6682462692260742
0.6713563203811646
0.6699873208999634
0.6664150357246399
0.6716023683547974
0.672383189201355
0.6730209589004517
0.6805430054664612
0.6740943193435669
0.6748371720314026
0.6736289262771606
0.6705809831619263
0.6715149879455566
0.6850745677947998
0.6716218590736389
0.676230251789093
0.6717721223831177
0.6709113717079163
0.6785300374031067
0.6795108318328857
0.6806839108467102
0.6794604659080505
0.6785528063774109
0.6771013736724854
0.6741811633110046
0.6771431565284729
0.6751665472984314
0.6767925024032593
0.6734142303466797
0.6793178915977478
0.6783595681190491
0.672978937625885
0.6748836636543274
0.6715996861457825
0.6770691275596619
0.6763290166854858
0.6792803406715393
0.673035204410553
0.6780332922935486
0.6719807386398315
0.6795839667320251
0.6751174926757812
0.672554075717926
0.673139750957489
0.6803216934204102
0.6778438687324524
0.6745061278343201
0.6730775237083435
0.6676000952720642
0.664319634437561
0.6819760799407959
0.6760779619216919
0.6648838520050049
0.6849725842475891
0.6765161156654358
0.6800678968429565
0.6738528609275818
0.6742415428161621
0.6848998665809631
0.6723746657371521
0.6694673895835876
0.6708781123161316
0.679896354675293
0.6738160252571106
0.6744734048843384
0.6738529205322266
0.6695535778999329
0.673252522945404
0.6713475584983826
0.685012936592102
0.6753585934638977
0.6773871779441833
0.6694927215576172
0.6729980707168579
0.6840989589691162
0.6708716154098511
0.6727885603904724
0.6689658164978027
0.6739917993545532
0.6660580039024353
0.6739065647125244
0.6743679046630859
0.6794874668121338
0.6627224683761597
0.670312762260437
0.6785128116607666
0.6723709106445312
0.6682968139648438
0.6722593903541565
0.6733837127685547
0.6661238074302673
0.6740606427192688
0.6661420464515686
0.6691892147064209
0.6690834164619446
0.6722517013549805
0.677554190158844
0.6780900359153748
0.6600965857505798
0.6666767597198486
0.6796159148216248
0.6749480366706848
0.6833287477493286
0.6727979183197021
0.6721789240837097
0.669346272945404
0.6780052185058594
0.668806254863739
0.675320565700531
0.6736684441566467
0.671880304813385
0.6714198589324951
0.6758070588111877
0.6728785634040833
0.680397093296051
0.6753491759300232
0.6708889603614807
0.666886568069458
0.6770825982093811
0.6699116230010986
0.6638844609260559
0.677338719367981
0.6695681810379028
0.6791995763778687
0.6685078740119934
0.6772966384887695
0.668167233467102
0.6767027378082275
0.6701515913009644
0.6764692068099976
0.6747294664382935
0.6793864965438843
0.6747106909751892
0.6732136011123657
0.680489718914032
0.674400269985199
0.6723693609237671
0.6845888495445251
0.664887547492981
0.6714643239974976
0.6783645749092102
0.6802306175231934
0.6710465550422668
0.6743128895759583
0.6721707582473755
0.6668809056282043
0.6691456437110901
0.6722781658172607
0.6738227009773254
0.675046980381012
0.6778109073638916
0.6692980527877808
0.6830899119377136
0.6662378311157227
0.6834082007408142
0.6795251965522766
0.6756632924079895
0.6693822145462036
0.6703705787658691
0.6789814829826355
0.6722355484962463
0.6695905923843384
0.6823785305023193
0.6726183295249939
0.6733941435813904
0.672691285610199
0.6733609437942505
0.671400249004364
0.6788309812545776
0.678299069404602
0.6754888296127319
0.6730634570121765
0.6674683094024658
0.6724761128425598
0.6713460683822632
0.6751115918159485
0.6652419567108154
0.6682909727096558
0.6681958436965942
0.6676194071769714
0.6684960126876831
0.6725216507911682
0.6737644076347351
0.6687679886817932
0.668135404586792
0.6734880805015564
0.6642689108848572
0.6696671843528748
0.6834896206855774
0.66878342628479
0.67859947681427
0.6726778149604797
0.6664820313453674
0.6750147938728333
0.6692919135093689
0.6735373139381409
0.677096426486969
0.6734050512313843
0.6791486144065857
0.6738805174827576
0.6785939335823059
0.6794500350952148
0.6749573349952698
0.6704294085502625
0.6687254309654236
0.6761878728866577
0.6679735779762268
0.6742358207702637
0.6830061674118042
0.6686160564422607
0.6698892116546631
0.6724574565887451
0.6696139574050903
0.6680564284324646
0.6657159328460693
0.666053831577301
0.6752587556838989
0.6662855744361877
0.6729166507720947
0.6770235896110535
0.6732248067855835
0.6721699833869934
0.6730401515960693
0.6752533912658691
0.6711039543151855
0.6786474585533142
0.6766414046287537
0.6722327470779419
0.6629818081855774
0.6687536239624023
0.6724182367324829
0.6746236681938171
0.6790022850036621
0.677762508392334
0.6657046675682068
0.6703318357467651
0.6772632002830505
0.6741846799850464
0.6793040037155151
0.6748107075691223
0.6767950057983398
0.6738531589508057
0.6810994744300842
0.6744705438613892
0.6773821115493774
0.671797513961792
0.6741163730621338
0.6670900583267212
0.6816123127937317
0.6636878252029419
0.681343674659729
0.669623613357544
0.6767963767051697
0.6650742888450623
0.6763724088668823
0.6724026799201965
0.6751744747161865
0.6771929860115051
0.6727069020271301
0.6720260977745056
0.6742407083511353
0.6758993268013
0.6718065738677979
0.672641396522522
0.6894000172615051
0.6685172319412231
0.6722938418388367
0.676737368106842
0.6763607263565063
0.6754307746887207
0.6837295293807983
0.6693838834762573
0.6757107377052307
0.6690464615821838
0.6784001588821411
0.6766999959945679
0.6730899810791016
0.6660639047622681
0.6792888045310974
0.6706453561782837
0.6708124876022339
0.6752736568450928
0.6764825582504272
0.6673506498336792
0.6797521114349365
0.6685558557510376
0.6779699325561523
0.6738064289093018
0.6686071157455444
0.6762791872024536
0.6806775331497192
0.6817548274993896
0.6766523122787476
0.6777990460395813
0.6777997612953186
0.66762775182724
0.6715244054794312
0.6783758401870728
0.6778892278671265
0.6635353565216064
0.6703291535377502
0.681387722492218
0.6826491951942444
0.6713785529136658
0.6755603551864624
0.6726902723312378
0.672675609588623
0.6750050187110901
0.6747023463249207
0.6798089146614075
0.6797147989273071
0.673424243927002
0.6730940341949463
0.664966344833374
0.6864715814590454
0.6596898436546326
0.6755974888801575
0.6780232787132263
0.6722739338874817
0.6775175333023071
0.6702744364738464
0.6761344075202942
0.6716837882995605
0.6760622262954712
0.6774048209190369
0.6842031478881836
0.6752118468284607
0.675024688243866
0.6776734590530396
0.6803369522094727
0.6662420034408569
0.6743242144584656
0.6682963371276855
0.6646865010261536
0.6682689189910889
0.6685445308685303
0.672189474105835
0.6705169677734375
0.673456072807312
0.6721434593200684
0.6716194748878479
0.6717517375946045
0.6726559996604919
0.6714320182800293
0.6721547245979309
0.6744500398635864
0.6779265403747559
0.671145498752594
0.6676328182220459
0.679478645324707
0.680817723274231
0.6669929623603821
0.6795247793197632
0.6738992929458618
0.674277126789093
0.6682575941085815
0.6720100045204163
0.6726875901222229
0.6659570336341858
0.6666383743286133
0.6781176328659058
0.6748369336128235
0.6758114099502563
0.6749735474586487
0.6711865663528442
0.6800516843795776
0.6784787178039551
0.6758098602294922
0.6766629815101624
0.6727817058563232
0.6836800575256348
0.6700391173362732
0.67449551820755
0.6781060099601746
0.6727533340454102
0.6696708798408508
0.6746011972427368
0.6744825839996338
0.6790054440498352
0.6739553213119507
0.6733465790748596
0.6767604947090149
0.6772068738937378
0.6778687834739685
0.6744692921638489
0.6765667796134949
0.6873334646224976
0.6685518622398376
0.672954261302948
0.6776303052902222
0.6801506280899048
0.6832219362258911
0.6747376918792725
0.6716499924659729
0.6744604110717773
0.676223635673523
0.672558605670929
0.6710817217826843
0.6803675293922424
0.6686413288116455
0.6743256449699402
0.6708590984344482
0.6760314702987671
0.6780712008476257
0.6802453398704529
0.6812788844108582
0.6727300882339478
0.6644091010093689
0.6734293103218079
0.6807728409767151
0.6836369037628174
0.6770702600479126
0.6734407544136047
0.6658099293708801
0.6764320135116577
0.6770175695419312
0.6609561443328857
0.6716980934143066
0.6809375882148743
0.6729276776313782
0.6675503253936768
0.6677923202514648
0.6638593077659607
0.6713485717773438
0.6777988076210022
0.6747022271156311
0.6653945446014404
0.6652339696884155
0.675593912601471
0.6697185635566711
0.6658779978752136
0.6701332926750183
0.6776046752929688
0.6746606230735779
0.6684669256210327
0.6770287752151489
0.6644111275672913
0.6679362654685974
0.6709726452827454
0.6777086853981018
0.6740957498550415
0.677658200263977
0.6758936047554016
0.6765332221984863
0.6699188351631165
0.6706627607345581
0.6806876063346863
0.6790457963943481
0.670317530632019
0.6768295168876648
0.6742561459541321
0.6614052057266235
0.6747423410415649
0.6682611107826233
0.6694452166557312
0.6650328636169434
0.6744779944419861
0.6732701659202576
0.6707331538200378
0.672661304473877
0.6670019030570984
0.6619668006896973
0.6714061498641968
0.6773328185081482
0.6809935569763184
0.6719034910202026
0.6678688526153564
0.6754472255706787
0.6695881485939026
0.6753670573234558
0.6849040389060974
0.6755226254463196
0.6686538457870483
0.674480676651001
0.6789295673370361
0.651504635810852
0.6699989438056946
0.6754477620124817
0.6742576360702515
0.6676872968673706
0.6747550368309021
0.6716527342796326
0.6666792631149292
0.6674295663833618
0.677955150604248
0.6797674298286438
0.6765576004981995
0.676406741142273
0.6842036843299866
0.6695209741592407
0.6875831484794617
0.6679444313049316
0.6788794994354248
0.6696626543998718
0.6728816628456116
0.6831063032150269
0.6751348972320557
0.6753057837486267
0.676982045173645
0.67950439453125
0.676898181438446
0.6702580451965332
0.6826379895210266
0.6753345131874084
0.6756457686424255
0.6787131428718567
0.6763156652450562
0.6728013157844543
0.6727426052093506
0.6699184775352478
0.6781243085861206
0.6695674657821655
0.6693465709686279
0.6636720299720764
0.6772884130477905
0.6790449023246765
0.6714522242546082
0.6658725142478943
0.6745352149009705
0.6833317875862122
0.6785834431648254
0.6738777756690979
0.6725443601608276
0.6753206253051758
0.683610200881958
0.6671066284179688
0.6778340339660645
0.674689769744873
0.6751917004585266
0.6730103492736816
0.6752966046333313
0.6674829125404358
0.672913134098053
0.6731460094451904
0.6726073026657104
0.6867705583572388
0.664588451385498
0.6807283163070679
0.6714597344398499
0.6715866327285767
0.6748315691947937
0.6797415614128113
0.6703463792800903
0.6733921766281128
0.6679850816726685
0.6755346655845642
0.6864539384841919
0.6744343638420105
0.6825186014175415
0.6754215955734253
0.6786466836929321
0.675161600112915
0.6734129786491394
0.6673804521560669
0.675201952457428
0.6786021590232849
0.6853670477867126
0.677080512046814
0.6753156185150146
0.6734100580215454
0.6687625646591187
0.6702632308006287
0.6755609512329102
0.6738192439079285
0.6748402714729309
0.6745240092277527
0.6724737882614136
0.6676969528198242
0.6685349941253662
0.6754118204116821
0.672002375125885
0.6765178442001343
0.6709318161010742
0.6776520013809204
0.6737392544746399
0.670164942741394
0.6668810248374939
0.6750651597976685
0.6725913286209106
0.6692612171173096
0.6667702198028564
0.6682972311973572
0.673071563243866
0.6761054992675781
0.6681294441223145
0.6668015122413635
0.666976273059845
0.6736131906509399
0.6788506507873535
0.6721909642219543
0.6775514483451843
0.6691606640815735
0.6742181181907654
0.6738037467002869
0.6780638694763184
0.6706212759017944
0.6703732013702393
0.680866539478302
0.6759830117225647
0.6603366732597351
0.6679927706718445
0.6720624566078186
0.6805902719497681
0.6791427135467529
0.6784363389015198
0.6820727586746216
0.6618418097496033
0.6730852723121643
0.6687067151069641
0.6722403168678284
0.6677799820899963
0.6663370728492737
0.6687190532684326
0.6828832626342773
0.6790928840637207
0.6654578447341919
0.6756328344345093
0.6749504208564758
0.6736426949501038
0.6746842265129089
0.6680416464805603
0.6676770448684692
0.6735804677009583
0.6690325140953064
0.6691536903381348
0.6723070740699768
0.6790968179702759
0.6774128079414368
0.6686405539512634
0.6814854145050049
0.6794819831848145
0.6728059649467468
0.6763454675674438
0.6913459300994873
0.6705875992774963
0.6759499907493591
0.6728982925415039
0.6698421835899353
0.6853075623512268
0.6736582517623901
0.6741762757301331
0.677070677280426
0.6660282015800476
0.6764750480651855
0.6687157154083252
0.682349681854248
0.668111264705658
0.6783967018127441
0.6783841252326965
0.6760947704315186
0.6759785413742065
0.6725605130195618
0.6732307076454163
0.6847353577613831
0.6646441221237183
0.6777318716049194
0.6743837594985962
0.6792586445808411
0.681509256362915
0.6836628913879395
0.675272524356842
0.6781441569328308
0.6797029376029968
0.6777713298797607
0.6806005835533142
0.6753331422805786
0.6835842132568359
0.6740962862968445
0.6796877384185791
0.6696862578392029
0.6653925180435181
0.6772382855415344
0.6720414161682129
0.6791895031929016
0.680570125579834
0.6722557544708252
0.6750110387802124
0.6826909780502319
0.6774542331695557
0.6743908524513245
0.6699704527854919
0.6706931591033936
0.6675229072570801
0.6717298030853271
0.6618833541870117
0.6768316030502319
0.6729708909988403
0.6689479947090149
0.6691907644271851
0.6844631433486938
0.6746076345443726
0.6646701693534851
0.6708057522773743
0.6706830859184265
0.668395459651947
0.6719568371772766
0.6694413423538208
0.6679106950759888
0.675642728805542
0.678582489490509
0.6787326335906982
0.6805217266082764
0.6847657561302185
0.671768069267273
0.6772571206092834
0.6746069192886353
0.6816166043281555
0.6723670959472656
0.6760900616645813
0.6733095049858093
0.67230224609375
0.6642712950706482
0.6722425222396851
0.6740455627441406
0.6736119389533997
0.6687325835227966
0.6710948348045349
0.6733754277229309
0.6840006113052368
0.6742770671844482
0.6809613704681396
0.6701259613037109
0.6742610335350037
0.6827074289321899
0.667790412902832
0.6736509799957275
0.6827735900878906
0.677020788192749
0.6783583164215088
0.6741533875465393
0.6733847856521606
0.6804662942886353
0.6763186454772949
0.6668301224708557
0.6762325763702393
0.6692878007888794
0.6767647862434387
0.6657418608665466
0.6706498861312866
0.6677160859107971
0.6759369373321533
0.6685661673545837
0.6781774163246155
0.6646043658256531
0.6703648567199707
0.6840240955352783
0.6853500604629517
0.667563796043396
0.6710992455482483
0.6651407480239868
0.6731811761856079
0.6752732396125793
0.6683465242385864
0.6710708737373352
0.6738486886024475
0.6737960577011108
0.6790110468864441
0.6778739094734192
0.6789262294769287
0.679032564163208
0.676177442073822
0.6744217276573181
0.6848440766334534
0.6703764796257019
0.6670994162559509
0.6747875809669495
0.6715981364250183
0.6787198781967163
0.6746658086776733
0.670124351978302
0.6851293444633484
0.6761751174926758
0.6762683987617493
0.6681748628616333
0.6733593940734863
0.674929141998291
0.6714301109313965
0.6711572408676147
0.6669272780418396
0.6760132312774658
0.6721146702766418
0.6640549898147583
0.6582792401313782
0.6788088083267212
0.6658918857574463
0.6720080375671387
0.6633742451667786
0.6678488850593567
0.674407422542572
0.672385573387146
0.6682195663452148
0.6762170791625977
0.6709537506103516
0.6790949106216431
0.6774221658706665
0.6764782071113586
0.6684406399726868
0.6722745299339294
0.6753259301185608
0.6743296980857849
0.6748329401016235
0.6766015887260437
0.6727880239486694
0.6739328503608704
0.6764986515045166
0.6839370727539062
0.6786553263664246
0.6780178546905518
0.6771354675292969
0.66717529296875
0.6720515489578247
0.6665617823600769
0.6732367873191833
0.666243314743042
0.6792049407958984
0.6711474657058716
0.6807552576065063
0.6663650870323181
0.6759533882141113
0.6780872344970703
0.6696080565452576
0.6774588227272034
0.6752028465270996
0.6718568205833435
0.6763913631439209
0.6754255890846252
0.6768549084663391
0.6677243113517761
0.677626371383667
0.6826183199882507
0.6765926480293274
0.6686610579490662
0.6696797013282776
0.6773127913475037
0.6727646589279175
0.6760395765304565
0.674248218536377
0.6768339276313782
0.673656165599823
0.679938793182373
0.6761499047279358
0.6767846941947937
0.6734535694122314
0.6780363321304321
0.6675214171409607
0.670745849609375
0.6653361916542053
0.6633689403533936
0.6759902834892273
0.6653783917427063
0.6735160946846008
0.6747099757194519
0.6771069765090942
0.6686052083969116
0.668777585029602
0.6746931076049805
0.672947883605957
0.674368679523468
0.6699418425559998
0.6823418736457825
0.6708044409751892
0.6688634753227234
0.6686286926269531
0.680958092212677
0.674406886100769
0.6758241653442383
0.6734858751296997
0.6693111658096313
0.6635645627975464
0.6678574085235596
0.6737873554229736
0.6666454076766968
0.6764246225357056
0.6735053658485413
0.6757814288139343
0.6744566559791565
0.6728891134262085
0.6780673265457153
0.6766598224639893
0.6803998351097107
0.6686069369316101
0.6603116989135742
0.6813077330589294
0.6819223165512085
0.6742935180664062
0.6712670922279358
0.6728442907333374
0.6781826615333557
0.6739059090614319
0.6740416884422302
0.6768484711647034
0.6829323172569275
0.6636055707931519
0.6827325820922852
0.673839807510376
0.6712830066680908
0.6779643297195435
0.6736200451850891
0.6738466024398804
0.6683999300003052
0.6760631203651428
0.6646811962127686
0.6789456605911255
0.6682614684104919
0.6801207661628723
0.672231912612915
0.6672253608703613
0.6705995202064514
0.6728000044822693
0.6740977168083191
0.6743074655532837
0.6658109426498413
0.6734347939491272
0.671540379524231
0.6780941486358643
0.6697852611541748
0.6795327067375183
0.6787017583847046
0.6787821650505066
0.6646292805671692
0.669727087020874
0.6741319894790649
0.6697630882263184
0.6845406293869019
0.6697973608970642
0.6693242788314819
0.6717560291290283
0.6734458804130554
0.6738265752792358
0.6645185947418213
0.6724357008934021
0.6713250875473022
0.6775298118591309
0.6638016700744629
0.6772631406784058
0.6692454218864441
0.6794162392616272
0.6781811118125916
0.6694302558898926
0.6741421222686768
0.6724023818969727
0.677254319190979
0.6741796135902405
0.6752377152442932
0.6680859923362732
0.6672754883766174
0.6810336709022522
0.6795851588249207
0.6749086976051331
0.6732363104820251
0.6710312366485596
0.666592538356781
0.6679133176803589
0.6612227559089661
0.6782619953155518
0.6668305397033691
0.6730036735534668
0.6756674647331238
0.6723654866218567
0.6724257469177246
0.6795767545700073
0.6742532253265381
0.6780859231948853
0.6806031465530396
0.6756252646446228
0.6676493287086487
0.6737242341041565
0.6755091547966003
0.6784728169441223
0.676731288433075
0.6763032078742981
0.6766186952590942
0.6683902740478516
0.6629932522773743
0.6762898564338684
0.6739398837089539
0.6763468384742737
0.6757189631462097
0.6788812279701233
0.679837703704834
0.6751561760902405
0.6752854585647583
0.6792974472045898
0.6817366480827332
0.6679832935333252
0.6732631921768188
0.6749624609947205
0.6824330687522888
0.671729326248169
0.6786424517631531
0.6810013055801392
0.6717225313186646
0.6749203205108643
0.6724941730499268
0.6769039034843445
0.6685287952423096
0.6692140102386475
0.6773995161056519
0.6705650687217712
0.6707658171653748
0.672433614730835
0.6798420548439026
0.6815312504768372
0.678763747215271
0.6813346743583679
0.680202841758728
0.666154682636261
0.6703917980194092
0.6718686819076538
0.674052894115448
0.673493504524231
0.6745198369026184
0.6760326027870178
0.6786903738975525
0.6689352989196777
0.6728823184967041
0.6780220866203308
0.6698846220970154
0.6718562245368958
0.6654419898986816
0.6764459013938904
0.6702854037284851
0.6714751124382019
0.6756274104118347
0.6685710549354553
0.6777347326278687
0.6708757281303406
0.6711021661758423
0.6643151044845581
0.6715094447135925
0.6656002998352051
0.674958348274231
0.6733044981956482
0.6711975932121277
0.675534725189209
0.6619806289672852
0.680518388748169
0.679050862789154
0.6753175258636475
0.6689537763595581
0.6659699082374573
0.6702412366867065
0.6665939092636108
0.6781448125839233
0.657869279384613
0.6748954653739929
0.6703169345855713
0.662659227848053
0.670271098613739
0.6648139953613281
0.6784568428993225
0.6743188500404358
0.6709620952606201
0.6746368408203125
0.6683248281478882
0.6722568869590759
0.6751399040222168
0.6728096604347229
0.6675085425376892
0.6780281662940979
0.6778725385665894
0.679855465888977
0.6731113195419312
0.6683439016342163
0.676142156124115
0.6825853586196899
0.6753727793693542
0.6743054389953613
0.6808767318725586
0.6757705807685852
0.6752069592475891
0.6754373908042908
0.6687009930610657
0.6677334308624268
0.6683311462402344
0.6725882291793823
0.6626625061035156
0.6595840454101562
0.669776976108551
0.6762281060218811
0.6726152896881104
0.6702175140380859
0.6801777482032776
0.6748226284980774
0.6766526103019714
0.6816096305847168
0.6765746474266052
0.6691555380821228
0.675043523311615
0.6829907894134521
0.6857826709747314
0.6760852932929993
0.6725074052810669
0.6708936095237732
0.675981342792511
0.6715713739395142
0.674869954586029
0.6725552082061768
0.6780140995979309
0.6731560230255127
0.6826255917549133
0.6768234372138977
0.6685064435005188
0.6698638796806335
0.6727965474128723
0.6704097986221313
0.6762792468070984
0.6725226640701294
0.6717041730880737
0.666656494140625
0.6796101927757263
0.6735590100288391
0.6678285598754883
0.6762096881866455
0.6606930494308472
0.6714001893997192
0.6752628087997437
0.6784186363220215
0.6749703884124756
0.6738249063491821
0.6744393706321716
0.6760357022285461
0.6741017699241638
0.6787000298500061
0.6816931962966919
0.6747226715087891
0.6782001852989197
0.6799195408821106
0.6680330038070679
0.6773576140403748
0.6747864484786987
0.6696246862411499
0.6696922779083252
0.6757344007492065
0.6760111451148987
0.6700402498245239
0.6753921508789062
0.6691001057624817
0.6754738688468933
0.6695032715797424
0.6779829263687134
0.6729425191879272
0.66879802942276
0.6728624701499939
0.6726691722869873
0.6736307740211487
0.6700323820114136
0.6759383678436279
0.6703883409500122
0.6839133501052856
0.685147225856781
0.6711623668670654
0.6712624430656433
0.6710459589958191
0.6724092960357666
0.676520824432373
0.6764028668403625
0.6684624552726746
0.6701385378837585
0.6692460179328918
0.6730477213859558
0.6741026639938354
0.6824312210083008
0.673143208026886
0.6766558289527893
0.6744373440742493
0.6734251976013184
0.6697449684143066
0.676824152469635
0.6765143275260925
0.675391674041748
0.6695877909660339
0.6718348264694214
0.6695870161056519
0.6868331432342529
0.676177442073822
0.6727355718612671
0.6714447736740112
0.6741963028907776
0.6774964928627014
0.6787469983100891
0.6708680987358093
0.6743893623352051
0.6795519590377808
0.6696287989616394
0.6656760573387146
0.6678412556648254
0.6770983338356018
0.6720424890518188
0.6730482578277588
0.668846070766449
0.6659820079803467
0.6801183819770813
0.6704452633857727
0.6713197827339172
0.6669533252716064
0.6666316986083984
0.6759907007217407
0.6708939075469971
0.6693074107170105
0.6718081831932068
0.6762414574623108
0.6669481992721558
0.6686344146728516
0.6777847409248352
0.6722574234008789
0.674836277961731
0.686105489730835
0.6803871989250183
0.6665607690811157
0.6745400428771973
0.6671737432479858
0.6837791204452515
0.6611148715019226
0.6708173155784607
0.6735673546791077
0.6693916320800781
0.6703857779502869
0.6754701137542725
0.6669713258743286
0.6723750829696655
0.6703311204910278
0.6773251295089722
0.6755263209342957
0.6727485060691833
0.674040675163269
0.6793354153633118
0.6752160787582397
0.6720870137214661
0.673102617263794
0.6775869727134705
0.6671180129051208
0.6768617033958435
0.6716825366020203
0.67186039686203
0.6689931750297546
0.6741782426834106
0.6797868609428406
0.6876386404037476
0.6772348880767822
0.6776111721992493
0.6672801971435547
0.6757275462150574
0.6728664636611938
0.6738029718399048
0.6804219484329224
0.6824056506156921
0.6704878807067871
0.6673663258552551
0.6716444492340088
0.6764837503433228
0.6745494604110718
0.6781981587409973
0.6739873886108398
0.6772431135177612
0.6728302836418152
0.6700948476791382
0.6702329516410828
0.6772553324699402
0.6736571192741394
0.6780543327331543
0.6710253953933716
0.6729150414466858
0.6740724444389343
0.6793292164802551
0.6681652069091797
0.6792184114456177
0.6767604351043701
0.6769945025444031
0.6653246283531189
0.6775591373443604
0.6785662174224854
0.6756669878959656
0.6690444350242615
0.6735605597496033
0.6722150444984436
0.6752358675003052
0.6732296347618103
0.6727566719055176
0.6698517203330994
0.671485960483551
0.6708080172538757
0.6777476668357849
0.6749338507652283
0.6750327944755554
0.6658149361610413
0.6682558059692383
0.6654680371284485
0.669143557548523
0.6728495955467224
0.6662293672561646
0.6699126958847046
0.6693481206893921
0.6771191954612732
0.6755525469779968
0.6775600910186768
0.6652108430862427
0.6765769720077515
0.6710160374641418
0.6736942529678345
0.6682824492454529
0.6763285994529724
0.6688767075538635
0.6682778000831604
0.6709292531013489
0.6719240546226501
0.6726341247558594
0.6770979762077332
0.6775521039962769
0.6739745140075684
0.6674230098724365
0.6719689965248108
0.6687464714050293
0.6731720566749573
0.6697337031364441
0.6720908284187317
0.6705093383789062
0.6744046211242676
0.6785719990730286
0.676563560962677
0.6679524183273315
0.679527997970581
0.6735153198242188
0.6685501337051392
0.6851341128349304
0.670685350894928
0.6746619343757629
0.6718940138816833
0.6755226254463196
0.674271821975708
0.6719329357147217
0.6737565398216248
0.6628372073173523
0.6678482294082642
0.6740817427635193
0.6671941876411438
0.6810514330863953
0.6678130030632019
0.6674154996871948
0.6701620221138
0.6683005690574646
0.680054783821106
0.6735953688621521
0.6683216094970703
0.6789714097976685
0.6731815934181213
0.6697520613670349
0.6710160374641418
0.6795848608016968
0.6837775707244873
0.6819631457328796
0.6698564291000366
0.6696383953094482
0.6716098785400391
0.6835809946060181
0.6687982678413391
0.6753301024436951
0.6722897291183472
0.6720421314239502
0.6734323501586914
0.6786521673202515
0.6746788620948792
0.6760298013687134
0.6736723780632019
0.6683303117752075
0.67807936668396
0.6749364137649536
0.6666684150695801
0.6646462678909302
0.6727923154830933
0.675344705581665
0.6750661730766296
0.6754590272903442
0.6762039661407471
0.6866297721862793
0.6790263652801514
0.6763497591018677
0.6793034672737122
0.6672975420951843
0.679558277130127
0.678825855255127
0.673140823841095
0.6688409447669983
0.6859951019287109
0.6704834699630737
0.6668572425842285
0.6762943267822266
0.6679653525352478
0.6701204776763916
0.6750584840774536
0.6710571050643921
0.6667841672897339
0.6735457181930542
0.6764907240867615
0.6714038848876953
0.669429361820221
0.6768304109573364
0.6681399345397949
0.6684821248054504
0.682244598865509
0.6777224540710449
0.6877846717834473
0.6596189141273499
0.6691914796829224
0.6659602522850037
0.6722583174705505
0.681613564491272
0.6764925718307495
0.6768022179603577
0.6804373860359192
0.6770437955856323
0.6618424654006958
0.6714876294136047
0.6724611520767212
0.671912431716919
0.6762344837188721
0.67183917760849
0.6731957793235779
0.6751508116722107
0.6762776970863342
0.6707667112350464
0.6708245277404785
0.6698701977729797
0.6830828785896301
0.673330545425415
0.6791499853134155
0.6786044239997864
0.6799319386482239
0.6669018864631653
0.6771578788757324
0.6697332262992859
0.6730474233627319
0.6706478595733643
0.6681876182556152
0.665286123752594
0.6823570132255554
0.6823210120201111
0.6759461760520935
0.6774067878723145
0.6744277477264404
0.6670247912406921
0.6877488493919373
0.6707908511161804
0.6828569769859314
0.6716434955596924
0.679227352142334
0.6659865975379944
0.6745796203613281
0.6672092080116272
0.6760491728782654
0.6759535074234009
0.6738681793212891
0.6752928495407104
0.6737082004547119
0.6843757629394531
0.6706115007400513
0.6765230298042297
0.6745671033859253
0.6698731780052185
0.6699637174606323
0.6698594093322754
0.6743861436843872
0.6780565977096558
0.6738913655281067
0.6788715720176697
0.6719356775283813
0.665489912033081
0.6713979840278625
0.677211582660675
0.6763180494308472
0.6781167984008789
0.6673399806022644
0.6768614649772644
0.675962507724762
0.6742509007453918
0.6825623512268066
0.6711257696151733
0.6900765895843506
0.6756469011306763
0.6779460310935974
0.6726178526878357
0.6759939789772034
0.6721150875091553
0.6678293943405151
0.6748440861701965
0.6775846481323242
0.67906653881073
0.6753079891204834
0.687110960483551
0.683670163154602
0.6791855096817017
0.6660100817680359
0.6730554699897766
0.6628932356834412
0.670717179775238
0.6809585690498352
0.6763650178909302
0.661803126335144
0.6806511282920837
0.6720762848854065
0.6624449491500854
0.676203191280365
0.6675436496734619
0.6793843507766724
0.6746373772621155
0.6844876408576965
0.6753143072128296
0.6594852209091187
0.6729835867881775
0.6753455400466919
0.6832077503204346
0.6709238290786743
0.6716505289077759
0.6755703091621399
0.6685829758644104
0.6817761659622192
0.6821709275245667
0.6672177314758301
0.6734558343887329
0.682108461856842
0.6727102994918823
0.6753314733505249
0.6712138056755066
0.6751437187194824
0.6727198958396912
0.6731350421905518
0.6707322597503662
0.6778078079223633
0.6601853966712952
0.6668461561203003
0.6827517747879028
0.6756842732429504
0.6734364032745361
0.6670703291893005
0.6736409068107605
0.6685024499893188
0.6732080578804016
0.6728131771087646
0.6748480796813965
0.6845302581787109
0.668272852897644
0.6680352091789246
0.6835026741027832
0.684966504573822
0.6703906655311584
0.6695886254310608
0.6672951579093933
0.6679821014404297
0.6784493923187256
0.6762992739677429
0.6707741618156433
0.6687890887260437
0.6668826937675476
0.6660930514335632
0.6684677600860596
0.6746310591697693
0.6727624535560608
0.6692046523094177
0.6820650100708008
0.669399082660675
0.668602705001831
0.6690236330032349
0.6826627254486084
0.6734523773193359
0.6671597361564636
0.6661841869354248
0.6706461906433105
0.6721268892288208
0.6762478351593018
0.6771066188812256
0.6770394444465637
0.6803843379020691
0.679452657699585
0.6799755692481995
0.6715513467788696
0.6703897714614868
0.6784751415252686
0.679004430770874
0.6712480783462524
0.6871799230575562
0.6817233562469482
0.6765079498291016
0.6755573153495789
0.6740626692771912
0.6698858141899109
0.675254762172699
0.6837709546089172
0.6742372512817383
0.6690906286239624
0.6718940138816833
0.6704466938972473
0.6769422292709351
0.679489254951477
0.6748456358909607
0.6718987226486206
0.6644041538238525
0.6658266186714172
0.6732216477394104
0.6679951548576355
0.6616005897521973
0.6655533909797668
0.6770521998405457
0.6787814497947693
0.6719455718994141
0.6780554056167603
0.6778678297996521
0.6783623099327087
0.6600618362426758
0.668429434299469
0.6765912175178528
0.6761048436164856
0.6688736081123352
0.672468900680542
0.6754062175750732
0.6776692867279053
0.6759445667266846
0.6690704226493835
0.675361692905426
0.6684662699699402
0.6783661246299744
0.6746540665626526
0.6717187762260437
0.6775821447372437
0.6759987473487854
0.6728601455688477
0.6767810583114624
0.6786898374557495
0.6858258843421936
0.6753630042076111
0.6706973314285278
0.6764086484909058
0.6786512732505798
0.6727902293205261
0.6844950914382935
0.6712358593940735
0.6676574945449829
0.6697811484336853
0.6687494516372681
0.672616720199585
0.6740899085998535
0.6747753620147705
0.6770755648612976
0.6718945503234863
0.6843463778495789
0.6769497990608215
0.680138111114502
0.6784848570823669
0.6690250039100647
0.6739385724067688
0.6720070838928223
0.6740399599075317
0.6684525012969971
0.6753389835357666
0.6738764643669128
0.673516571521759
0.667275071144104
0.6753655076026917
0.6712484359741211
0.675530731678009
0.6801117658615112
0.6760773062705994
0.6710847020149231
0.6800801157951355
0.6744573712348938
0.6755087971687317
0.670903742313385
0.6725106835365295
0.6804563403129578
0.6841045618057251
0.6802858114242554
0.6819621324539185
0.6721615195274353
0.6734254360198975
0.6641907691955566
0.6701224446296692
0.6732715964317322
0.6740102171897888
0.663749635219574
0.6726199984550476
0.667710542678833
0.6692623496055603
0.6713990569114685
0.6730355024337769
0.6756710410118103
0.6696339845657349
0.6727288365364075
0.6773408055305481
0.6662521362304688
0.6734838485717773
0.6769911646842957
0.6774312853813171
0.6768994927406311
0.67207932472229
0.6722317934036255
0.6739396452903748
0.6690505743026733
0.673058271408081
0.6728031039237976
0.6723007559776306
0.6837921738624573
0.6808264851570129
0.659392237663269
0.6593568325042725
0.6689812541007996
0.6815165281295776
0.6720097661018372
0.6710467338562012
0.6764629483222961
0.6631208062171936
0.6736306548118591
0.6709851622581482
0.6704953908920288
0.6789164543151855
0.6629663109779358
0.6691129803657532
0.680152177810669
0.6730077862739563
0.6752015352249146
0.6743459701538086
0.6747919917106628
0.6690313816070557
0.671110212802887
0.6643934845924377
0.6766224503517151
0.6764395833015442
0.6738660931587219
0.6803540587425232
0.672939658164978
0.6750884056091309
0.6761291027069092
0.6668282747268677
0.6745949387550354
0.6808891892433167
0.6688033938407898
0.6712592244148254
0.6711906790733337
0.673583984375
0.6680359244346619
0.68166184425354
0.6771981120109558
0.6747822761535645
0.661152184009552
0.6732937693595886
0.670354962348938
0.6717177629470825
0.673542857170105
0.6799243688583374
0.6862313151359558
0.6786544919013977
0.6692240834236145
0.6767964363098145
0.6804025173187256
0.6660255789756775
0.6777400970458984
0.6707799434661865
0.6824058294296265
0.6655421257019043
0.6698564887046814
0.6756020188331604
0.6798747181892395
0.6700951457023621
0.6711989045143127
0.6847105622291565
0.6763830184936523
0.6715325117111206
0.6756309270858765
0.6747918128967285
0.6670556664466858
0.6661522388458252
0.6689434051513672
0.6693686842918396
0.669321596622467
0.6741249561309814
0.6736295223236084
0.6757726669311523
0.6728488802909851
0.6721004247665405
0.6648845076560974
0.6742344498634338
0.6698212623596191
0.6711728572845459
0.6735411286354065
0.68429034948349
0.6752979159355164
0.6769875288009644
0.6753143072128296
0.6677903532981873
0.670322835445404
0.6729926466941833
0.6678359508514404
0.6727538108825684
0.6743832230567932
0.6797317266464233
0.6736432909965515
0.6806848645210266
0.6781049370765686
0.678526759147644
0.6710260510444641
0.6679956316947937
0.6747567057609558
0.6742113828659058
0.67783123254776
0.669273316860199
0.673897385597229
0.6690371036529541
0.6748902797698975
0.6785915493965149
0.6648885607719421
0.6690405607223511
0.6712193489074707
0.6695268750190735
0.6728812456130981
0.6850336194038391
0.6647442579269409
0.6784690618515015
0.677293598651886
0.6725927591323853
0.6744080781936646
0.6727675199508667
0.6707103848457336
0.6805951595306396
0.6695905327796936
0.6758914589881897
0.664444088935852
0.6721794009208679
0.6715730428695679
0.6715444326400757
0.6736789345741272
0.6789854764938354
0.6768776178359985
0.6708236932754517
0.6625791192054749
0.6767357587814331
0.6687648296356201
0.6717022061347961
0.6730729937553406
0.6773470044136047
0.6666053533554077
0.6784298419952393
0.679658830165863
0.6715003848075867
0.6732486486434937
0.6780716776847839
0.6687098145484924
0.6777279376983643
0.6689722537994385
0.6769037246704102
0.6748156547546387
0.6739725470542908
0.6714070439338684
0.6778577566146851
0.6689699292182922
0.663192629814148
0.6707623600959778
0.6713801622390747
0.6750524640083313
0.6770964860916138
0.6714380383491516
0.6732304096221924
0.6715144515037537
0.6787183880805969
0.6687204837799072
0.6597975492477417
0.6662304401397705
0.6701392531394958
0.6713942289352417
0.6694034337997437
0.6735342144966125
0.6755307912826538
0.6745520234107971
0.6808667778968811
0.6783639788627625
0.672999918460846
0.6655839085578918
0.6789082288742065
0.6797658801078796
0.6632986664772034
0.6789979338645935
0.6754716038703918
0.673751175403595
0.6710923910140991
0.6731075048446655
0.6667718291282654
0.6755287051200867
0.6684322357177734
0.6656838059425354
0.6692100763320923
0.6748127937316895
0.6790340542793274
0.67519611120224
0.6758489608764648
0.6709448099136353
0.6713287234306335
0.674156665802002
0.6717764139175415
0.6778379082679749
0.6727195382118225
0.6615141034126282
0.677183210849762
0.6764543056488037
0.6719298362731934
0.6686173677444458
0.675879716873169
0.6722758412361145
0.6732200980186462
0.6716312170028687
0.6728267669677734
0.6753731369972229
0.6741026639938354
0.6613224148750305
0.6741611361503601
0.6712899804115295
0.672465980052948
0.6793681383132935
0.6654930114746094
0.6781624555587769
0.6787362098693848
0.6767035126686096
0.6754431128501892
0.6850999593734741
0.6768143773078918
0.6767918467521667
0.6810184717178345
0.6736013293266296
0.672353982925415
0.675041139125824
0.6695069670677185
0.6741530299186707
0.6708203554153442
0.674930214881897
0.6779485940933228
0.6626501679420471
0.6765962243080139
0.668323814868927
0.6718195080757141
0.6689602136611938
0.6680883765220642
0.6688741445541382
0.6735880970954895
0.6791478395462036
0.6677348017692566
0.6671589612960815
0.6813692450523376
0.6649361252784729
0.6677252054214478
0.6752907633781433
0.6687793731689453
0.6777663230895996
0.6667129397392273
0.6839213967323303
0.6760410070419312
0.6806954145431519
0.6745131611824036
0.6745756268501282
0.6784127950668335
0.6775255799293518
0.6706006526947021
0.6747432947158813
0.6805742383003235
0.682898223400116
0.6746540665626526
0.6675726175308228
0.6696519255638123
0.6777157783508301
0.6771677732467651
0.6711006760597229
0.6713706851005554
0.679451048374176
0.6667042374610901
0.6731920838356018
0.6720238924026489
0.6771370768547058
0.6755144000053406
0.6728969216346741
0.6751054525375366
0.6723000407218933
0.6740737557411194
0.6785202026367188
0.6720110177993774
0.6692888736724854
0.6776853799819946
0.6657478213310242
0.6748042106628418
0.6670258641242981
0.6619458794593811
0.6714239716529846
0.6699173450469971
0.6728852391242981
0.6747047305107117
0.66422438621521
0.6623966097831726
0.6687997579574585
0.6786268353462219
0.6756272315979004
0.6734680533409119
0.6821407675743103
0.6742042303085327
0.6683444976806641
0.6638694405555725
0.673076331615448
0.6725659966468811
0.6749228835105896
0.6743033528327942
0.6757651567459106
0.6817770004272461
0.6701188087463379
0.6760380268096924
0.6679345965385437
0.6737798452377319
0.6772501468658447
0.6750897765159607
0.6711752414703369
0.668587327003479
0.6724798083305359
0.675255298614502
0.6712605357170105
0.6737488508224487
0.6692134141921997
0.6643506288528442
0.680870771408081
0.6794431209564209
0.6750885248184204
0.6685658097267151
0.6669594645500183
0.6696042418479919
0.6736848950386047
0.6727325916290283
0.6790267825126648
0.6757519841194153
0.6700713038444519
0.6719961166381836
0.6675403118133545
0.6809868216514587
0.6698346734046936
0.6855100393295288
0.6737536191940308
0.6718249320983887
0.6805634498596191
0.6684823632240295
0.6733208298683167
0.6727755665779114
0.6695305705070496
0.6657581329345703
0.6612706184387207
0.6683967709541321
0.6730201840400696
0.6785342693328857
0.6699527502059937
0.6663960218429565
0.671380877494812
0.6807428002357483
0.6785603165626526
0.670769453048706
0.6710218191146851
0.6719955801963806
0.6695290207862854
0.6642560362815857
0.6679636836051941
0.6763393878936768
0.6673058867454529
0.6806306838989258
0.6783059239387512
0.6646502614021301
0.6652030944824219
0.6785681843757629
0.6790482401847839
0.6721029281616211
0.6741652488708496
0.6746344566345215
0.6668012142181396
0.6716778874397278
0.6755192279815674
0.673838198184967
0.6743721961975098
0.6677536368370056
0.6680834889411926
0.6859604716300964
0.6758096814155579
0.6758571267127991
0.6757247447967529
0.6696065068244934
0.6772292852401733
0.6754084825515747
0.6698980331420898
0.6727760434150696
0.6783478260040283
0.6731145977973938
0.6708774566650391
0.6709932684898376
0.6783830523490906
0.6847023367881775
0.6757998466491699
0.6753992438316345
0.677254319190979
0.6736004948616028
0.6762064695358276
0.6654146313667297
0.6720159649848938
0.6783891916275024
0.6737784147262573
0.672524094581604
0.6909036040306091
0.6854726076126099
0.6665688157081604
0.6772236227989197
0.6787078380584717
0.6807864904403687
0.6772708296775818
0.6817184686660767
0.6714615821838379
0.6869433522224426
0.6705735325813293
0.6760168075561523
0.6780614852905273
0.6762388944625854
0.6789026856422424
0.6760842204093933
0.6661957502365112
0.6766073107719421
0.6747472286224365
0.6696845293045044
0.6686393022537231
0.6727975010871887
0.6653496026992798
0.6777112483978271
0.6652837991714478
0.6803880333900452
0.6809024214744568
0.6743139624595642
0.6714314818382263
0.6764464974403381
0.6718775629997253
0.674720823764801
0.6766082644462585
0.6691542863845825
0.6781128644943237
0.6763599514961243
0.6645947694778442
0.6752091646194458
0.6695145964622498
0.6721856594085693
0.6730735898017883
0.6763272881507874
0.6662506461143494
0.6723065376281738
0.6723314523696899
0.6719321012496948
0.6720483303070068
0.6710370779037476
0.6721826195716858
0.6714140772819519
0.6712513566017151
0.6740797758102417
0.6808560490608215
0.6796915531158447
0.6639411449432373
0.6641449928283691
0.6851640939712524
0.6776373386383057
0.6659504175186157
0.6746764183044434
0.6705353260040283
0.6812250018119812
0.6758236885070801
0.6684055328369141
0.6781100034713745
0.6730002164840698
0.6722728610038757
0.6705626249313354
0.674338161945343
0.675565779209137
0.6677784323692322
0.6764029860496521
0.6680818200111389
0.6673144102096558
0.665284276008606
0.6846292018890381
0.671423614025116
0.6751139760017395
0.6593530178070068
0.67367023229599
0.665583074092865
0.6713433265686035
0.6716765761375427
0.6701276302337646
0.678705096244812
0.6750019788742065
0.6655709147453308
0.6724520921707153
0.6819924116134644
0.6753883361816406
0.6740572452545166
0.6773753762245178
0.6799047589302063
0.6709606051445007
0.6747277975082397
0.6723657250404358
0.6682627201080322
0.677860677242279
0.6710219383239746
0.6718514561653137
0.6753681898117065
0.6750245690345764
0.6739905476570129
0.670927882194519
0.6603354215621948
0.6824549436569214
0.6750965118408203
0.6731939315795898
0.6653020977973938
0.6713760495185852
0.6816231608390808
0.6814552545547485
0.6660037636756897
0.6688029170036316
0.6656144261360168
0.6744458079338074
0.6784027218818665
0.6788694858551025
0.6731631755828857
0.6710309982299805
0.6739219427108765
0.6761994361877441
0.6680011749267578
0.6688863635063171
0.6692190766334534
0.6781694889068604
0.6743940711021423
0.6694212555885315
0.6783550977706909
0.6769638061523438
0.6708663105964661
0.6786010265350342
0.6776003241539001
0.6740901470184326
0.6795696020126343
0.679668664932251
0.674892246723175
0.6680552363395691
0.6690045595169067
0.671406090259552
0.6690840721130371
0.6771914958953857
0.669432520866394
0.6731060743331909
0.6814048290252686
0.6779220700263977
0.6804894804954529
0.66671222448349
0.6631731390953064
0.6753369569778442
0.6614968180656433
0.6759047508239746
0.6836869120597839
0.6739090085029602
0.6778215169906616
0.6751694083213806
0.6756136417388916
0.6735297441482544
0.6682369709014893
0.6705297231674194
0.6728772521018982
0.6713858842849731
0.6711605191230774
0.6728149056434631
0.6695762872695923
0.6809508800506592
0.6736611127853394
0.6768291592597961
0.6771116852760315
0.6694920659065247
0.6835814714431763
0.6652531623840332
0.6776347756385803
0.6722291707992554
0.6821253895759583
0.6684650778770447
0.670272946357727
0.6750562787055969
0.6728155016899109
0.6734364628791809
0.679214596748352
0.6745831966400146
0.66808021068573
0.6775726079940796
0.6676038503646851
0.6715778112411499
0.6691296696662903
0.6689354777336121
0.6726469993591309
0.6744145750999451
0.6722027659416199
0.6747930645942688
0.667087197303772
0.668620765209198
0.6724013686180115
0.6722960472106934
0.6698305606842041
0.6748046875
0.6804748177528381
0.6674811244010925
0.6648362874984741
0.6740087866783142
0.6673575639724731
0.6757028698921204
0.6825307011604309
0.6825835108757019
0.668570339679718
0.6720636487007141
0.6695069074630737
0.6697186231613159
0.671442449092865
0.678720235824585
0.6767379641532898
0.6750743389129639
0.6773601174354553
0.6805847883224487
0.6637997627258301
0.6721906065940857
0.6723875999450684
0.6728317141532898
0.6666632294654846
0.6794720888137817
0.6720974445343018
0.682112455368042
0.6635195016860962
0.6739286184310913
0.6765148639678955
0.6684616804122925
0.6724793314933777
0.6737804412841797
0.6681562662124634
0.6635976433753967
0.6709210872650146
0.6734418272972107
0.671981155872345
0.6740846633911133
0.6783953309059143
0.6678174138069153
0.6711874008178711
0.6782413125038147
0.6756657361984253
0.6728326678276062
0.6687151193618774
0.6734222769737244
0.673539936542511
0.6710096597671509
0.6736220717430115
0.6680795550346375
0.6683946847915649
0.6780990362167358
0.6833802461624146
0.6748189330101013
0.669727623462677
0.6716324687004089
0.6763845682144165
0.6739376187324524
0.6821634769439697
0.6743659973144531
0.6722277402877808
0.6676327586174011
0.6724166870117188
0.6755687594413757
0.6796820163726807
0.6771398186683655
0.6790490746498108
0.6731290221214294
0.680682361125946
0.6809430718421936
0.6706419587135315
0.6744365096092224
0.6696926951408386
0.6780551671981812
0.6680868864059448
0.6705226302146912
0.669182300567627
0.6733981966972351
0.6751098036766052
0.6777005791664124
0.6743087768554688
0.6694284677505493
0.6597061157226562
0.6698599457740784
0.6741960048675537
0.6745099425315857
0.6737250685691833
0.6682595014572144
0.6752678751945496
0.6724734306335449
0.663191020488739
0.6778577566146851
0.6809812188148499
0.6681225299835205
0.6679469347000122
0.6661902666091919
0.6751155257225037
0.6778285503387451
0.6665371656417847
0.6671769618988037
0.6761170625686646
0.6790978312492371
0.673762857913971
0.6650593280792236
0.6758419275283813
0.6718313097953796
0.6761054992675781
0.6696776151657104
0.6752792596817017
0.6751978397369385
0.6750151515007019
0.6734523773193359
0.6704744696617126
0.6683974862098694
0.6697769165039062
0.6776432394981384
0.6798595190048218
0.6798043251037598
0.6730388402938843
0.6726219058036804
0.6799996495246887
0.6653422713279724
0.6763076782226562
0.6745784282684326
0.6739999055862427
0.6713953018188477
0.6777409911155701
0.673480749130249
0.6780104637145996
0.685784101486206
0.6674171090126038
0.6764386892318726
0.6784014701843262
0.6700679063796997
0.6741580367088318
0.6701164841651917
0.6736082434654236
0.6750704646110535
0.6737764477729797
0.6782298684120178
0.6710687279701233
0.6685171723365784
0.676446795463562
0.6789058446884155
0.6806991100311279
0.6776126623153687
0.667252242565155
0.6685632467269897
0.671680748462677
0.6709967255592346
0.6774352192878723
0.668097734451294
0.6793457865715027
0.6768192052841187
0.672369658946991
0.6774646043777466
0.6684700846672058
0.6797733306884766
0.677191972732544
0.6801503896713257
0.6726474761962891
0.6841141581535339
0.6735265254974365
0.6729183793067932
0.6665523648262024
0.6710342168807983
0.6699159145355225
0.6716310977935791
0.684137761592865
0.6716440916061401
0.6726027131080627
0.6754224300384521
0.6746876835823059
0.6751733422279358
0.6804630160331726
0.6726054549217224
0.6639917492866516
0.6678891777992249
0.6774669885635376
0.6710607409477234
0.6712695360183716
0.6724838018417358
0.6704931259155273
0.6760847568511963
0.6759518384933472
0.670864462852478
0.6750715970993042
0.6634048223495483
0.6713634729385376
0.6699613332748413
0.6815475225448608
0.6770415902137756
0.6745063066482544
0.6795393228530884
0.6772841215133667
0.677783727645874
0.6715114712715149
0.6761556267738342
0.6686211824417114
0.6731731295585632
0.6760047078132629
0.6661558747291565
0.6735028624534607
0.6744023561477661
0.67046058177948
0.6655384302139282
0.6712703704833984
0.6668916344642639
0.6831163167953491
0.677374541759491
0.6707960963249207
0.6737385988235474
0.6737606525421143
0.6736406683921814
0.6698032021522522
0.6712301969528198
0.6718952655792236
0.6836183071136475
0.6747198104858398
0.6785561442375183
0.6727284789085388
0.6792319416999817
0.6690874695777893
0.6697857975959778
0.6735446453094482
0.6776666641235352
0.6753261685371399
0.6805002689361572
0.6640782952308655
0.6731315851211548
0.6648920178413391
0.669766366481781
0.6827884316444397
0.6793397068977356
0.6770586371421814
0.6667801737785339
0.6729137897491455
0.6675703525543213
0.6644789576530457
0.6757662296295166
0.6810510158538818
0.6835654377937317
0.6799538135528564
0.6683549284934998
0.6678749918937683
0.6717602610588074
0.6668195128440857
0.6783755421638489
0.6766098141670227
0.674888014793396
0.6834595203399658
0.6789789795875549
0.6728196144104004
0.6747274994850159
0.6783701181411743
0.677300751209259
0.6776042580604553
0.6742073893547058
0.6832696199417114
0.679059624671936
0.6766906976699829
0.6705281138420105
0.6707227230072021
0.6811404228210449
0.6736188530921936
0.6845981478691101
0.6788288950920105
0.6666096448898315
0.6736841201782227
0.683247447013855
0.667132556438446
0.6758964657783508
0.6690797805786133
0.6719762086868286
0.6711750626564026
0.6680384874343872
0.672893226146698
0.6787073016166687
0.6788061261177063
0.670453667640686
0.6685473322868347
0.6719451546669006
0.6737814545631409
0.6714285612106323
0.6699740886688232
0.666657567024231
0.6722218990325928
0.6704375147819519
0.6762024164199829
0.6769832372665405
0.6718198657035828
0.6792535185813904
0.6783711910247803
0.6750005483627319
0.6769288182258606
0.6701919436454773
0.6690729260444641
0.6692387461662292
0.6721715927124023
0.6775744557380676
0.6726433038711548
0.6800949573516846
0.6801640391349792
0.6744430661201477
0.6722195148468018
0.6783365607261658
0.6705480813980103
0.6800400018692017
0.6750501990318298
0.6707078218460083
0.6857037544250488
0.6720028519630432
0.66933673620224
0.6776769757270813
0.6756706237792969
0.6727972626686096
0.6732175946235657
0.6784681677818298
0.6647575497627258
0.6714950203895569
0.6723442077636719
0.6731336712837219
0.6692123413085938
0.6803789734840393
0.6755242347717285
0.672807514667511
0.6629657745361328
0.6770781874656677
0.6718039512634277
0.6696308851242065
0.6715741753578186
0.6670852899551392
0.6766154170036316
0.6615636348724365
0.6598670482635498
0.6691598296165466
0.670247495174408
0.6741460561752319
0.6683639287948608
0.673809289932251
0.6739289164543152
0.6758041977882385
0.6735835075378418
0.6712321639060974
0.677394688129425
0.6798272728919983
0.6764879822731018
0.6707192063331604
0.6717135310173035
0.6720281839370728
0.672825038433075
0.6759611964225769
0.6716116666793823
0.6717063188552856
0.6636509895324707
0.6716802716255188
0.6712213158607483
0.6740562915802002
0.6750461459159851
0.6775885820388794
0.6666615605354309
0.6679357290267944
0.6763671636581421
0.6726649403572083
0.6725301146507263
0.676591157913208
0.6635831594467163
0.669613778591156
0.6730995774269104
0.6625423431396484
0.6726239919662476
0.6672850251197815
0.6701735854148865
0.6699059009552002
0.6711620092391968
0.6813284754753113
0.6661643385887146
0.6709266304969788
0.6754162311553955
0.6694297194480896
0.6717649698257446
0.6712884902954102
0.6701846718788147
0.6740481853485107
0.6761946082115173
0.6770534515380859
0.6694666147232056
0.6715012788772583
0.6746069192886353
0.6747962236404419
0.6723436713218689
0.6695554256439209
0.6688726544380188
0.6769670844078064
0.6775314807891846
0.6674193143844604
0.6733730435371399
0.6749288439750671
0.6691058278083801
0.6758463978767395
0.673310399055481
0.6819904446601868
0.6720964312553406
0.670731782913208
0.6781624555587769
0.6691916584968567
0.6779564619064331
0.6735283732414246
0.6787800788879395
0.6722561717033386
0.6719746589660645
0.6831108331680298
0.6774161458015442
0.6673237681388855
0.6704928874969482
0.6769771575927734
0.67417973279953
0.6711834073066711
0.6699816584587097
0.6611575484275818
0.6634635329246521
0.6679859757423401
0.6778382658958435
0.6794661283493042
0.6745334267616272
0.6787259578704834
0.6782472133636475
0.6737019419670105
0.6719179153442383
0.6755345463752747
0.6726366877555847
0.6682482361793518
0.6720807552337646
0.6822953820228577
0.6712181568145752
0.6678545475006104
0.6828393936157227
0.6804318428039551
0.6663777828216553
0.6708149313926697
0.6746854186058044
0.6798312664031982
0.6707398295402527
0.6757196187973022
0.67580646276474
0.6751917600631714
0.6652617454528809
0.6713205575942993
0.6695996522903442
0.6683548092842102
0.6682564616203308
0.67276531457901
0.6687218546867371
0.6722066402435303
0.6796963810920715
0.6727707386016846
0.6788840889930725
0.6675629019737244
0.6726198196411133
0.6678175926208496
0.6789712905883789
0.6786496639251709
0.6732712388038635
0.6767696142196655
0.6745414733886719
0.6707499623298645
0.6654224991798401
0.6741475462913513
0.6714949011802673
0.6719847917556763
0.672734797000885
0.668901801109314
0.6680777668952942
0.6643481850624084
0.6834517121315002
0.665850818157196
0.6706295609474182
0.6771432161331177
0.6694130897521973
0.6781740188598633
0.669303834438324
0.6760152578353882
0.6717978715896606
0.6785750985145569
0.6723040342330933
0.6792944073677063
0.6686156988143921
0.6739552617073059
0.6718990206718445
0.6710387468338013
0.6774834990501404
0.6750789880752563
0.6805443167686462
0.6688308119773865
0.6723428964614868
0.6755468249320984
0.6716504693031311
0.6775657534599304
0.6756941676139832
0.6812815070152283
0.6771947741508484
0.6745922565460205
0.670204758644104
0.670434832572937
0.6807113289833069
0.6656171083450317
0.6837509274482727
0.6708982586860657
0.6622263789176941
0.6840609908103943
0.6817483305931091
0.675625741481781
0.6681653261184692
0.6719316244125366
0.6720094680786133
0.6673451066017151
0.6746442914009094
0.668397843837738
0.6812722086906433
0.6661221385002136
0.6743321418762207
0.6710214614868164
0.6656210422515869
0.6723576188087463
0.6727986335754395
0.6769566535949707
0.6767821311950684
0.6765846610069275
0.665890634059906
0.6776168942451477
0.6699062585830688
0.6686429381370544
0.6672493815422058
0.6722843050956726
0.6812553405761719
0.6760618686676025
0.6792669296264648
0.6738966107368469
0.6761597990989685
0.6863201856613159
0.6742798089981079
0.6749331951141357
0.6613062620162964
0.6782584190368652
0.6604225039482117
0.6690847873687744
0.6815043091773987
0.6754952073097229
0.6725767850875854
0.6666770577430725
0.6729660630226135
0.6762655973434448
0.6833417415618896
0.6811273694038391
0.6704084873199463
0.6693567633628845
0.6763131022453308
0.674474835395813
0.670988142490387
0.6745365858078003
0.6818193197250366
0.6774587631225586
0.6746562123298645
0.6692768335342407
0.6728497743606567
0.6690227389335632
0.6740386486053467
0.6703969240188599
0.6738927960395813
0.6689465045928955
0.6683256030082703
0.6684884428977966
0.671722948551178
0.6660322546958923
0.6702882051467896
0.6714228391647339
0.6648257374763489
0.6796620488166809
0.6710088849067688
0.6722758412361145
0.6726956367492676
0.6711203455924988
0.6635541319847107
0.6683870553970337
0.6717610359191895
0.6841035485267639
0.6806066632270813
0.6679195761680603
0.6772647500038147
0.6718833446502686
0.6746496558189392
0.673966646194458
0.6736021637916565
0.6723847389221191
0.6820993423461914
0.6639717817306519
0.6801174283027649
0.6710623502731323
0.6675530076026917
0.6693345904350281
0.6681534051895142
0.6736213564872742
0.682098388671875
0.6775150895118713
0.6693336367607117
0.672846257686615
0.6701280474662781
0.6774206757545471
0.6752064824104309
0.6843504905700684
0.6702191829681396
0.677211582660675
0.6758846044540405
0.6650313138961792
0.682960569858551
0.6754306554794312
0.670861005783081
0.6698081493377686
0.6732486486434937
0.6815775632858276
0.6712710857391357
0.6780572533607483
0.6904082894325256
0.682318389415741
0.6794906258583069
0.675639271736145
0.6818915605545044
0.6717497706413269
0.6637683510780334
0.6701931953430176
0.6817797422409058
0.6726075410842896
0.6713537573814392
0.6718279123306274
0.6783773899078369
0.6742547750473022
0.6697194576263428
0.6725345253944397
0.6641504168510437
0.6810199022293091
0.6817454695701599
0.6712853312492371
0.675979733467102
0.6719980835914612
0.6747323870658875
0.6749458909034729
0.6757515668869019
0.6658539175987244
0.6684038639068604
0.6792736649513245
0.664780855178833
0.6750125885009766
0.6777228713035583
0.6656911969184875
0.6675567030906677
0.6836370825767517
0.680050253868103
0.6772772073745728
0.672240138053894
0.6734856963157654
0.6638076901435852
0.6731346845626831
0.6756224632263184
0.67207932472229
0.6770020723342896
0.6704035401344299
0.6698439717292786
0.6706145405769348
0.6729382872581482
0.6783550381660461
0.6773278713226318
0.6740493774414062
0.6750775575637817
0.675762414932251
0.685610294342041
0.6723598837852478
0.670010507106781
0.6770702600479126
0.6749630570411682
0.6736444234848022
0.6812141537666321
0.6733697652816772
0.6683202385902405
0.6718273162841797
0.6780264973640442
0.6721190214157104
0.6685723662376404
0.665091872215271
0.6726148724555969
0.6751374006271362
0.6738080382347107
0.6704145073890686
0.6756292581558228
0.6741669178009033
0.6611387133598328
0.6699347496032715
0.6751520037651062
0.6689031720161438
0.6700582504272461
0.6775694489479065
0.6658545136451721
0.666494607925415
0.6696106195449829
0.678421139717102
0.6728969812393188
0.68572598695755
0.6783924102783203
0.675105631351471
0.6699943542480469
0.6729883551597595
0.683918833732605
0.6796431541442871
0.6703595519065857
0.678675651550293
0.6716529130935669
0.6669392585754395
0.6758516430854797
0.6727726459503174
0.6723291873931885
0.6660800576210022
0.6823723912239075
0.6766021251678467
0.6714481711387634
0.6727249026298523
0.6784148216247559
0.6774044036865234
0.6697422862052917
0.6774486899375916
0.6666661500930786
0.6731621623039246
0.6707169413566589
0.6731876730918884
0.6756917238235474
0.6693535447120667
0.6766583919525146
0.6706322431564331
0.6554186940193176
0.6680088043212891
0.6678436994552612
0.674443781375885
0.6659384965896606
0.6741150617599487
0.6712908744812012
0.6696350574493408
0.6719995141029358
0.6747779250144958
0.6677709221839905
0.6743726134300232
0.6824529767036438
0.6746501326560974
0.669357419013977
0.6738122701644897
0.6720932126045227
0.6651688814163208
0.6849542260169983
0.6680517196655273
0.6664384603500366
0.6658700108528137
0.6722805500030518
0.6705650687217712
0.6735081672668457
0.6769704222679138
0.6755488514900208
0.6738786101341248
0.6760198473930359
0.6777629256248474
0.6920252442359924
0.6739473342895508
0.6778847575187683
0.6713653206825256
0.6775773763656616
0.6793462038040161
0.6736984848976135
0.6746522784233093
0.6828312873840332
0.6773499250411987
0.6837750673294067
0.6791625618934631
0.6699382066726685
0.6767502427101135
0.6697337031364441
0.6793016791343689
0.6721144914627075
0.6593460440635681
0.674045979976654
0.6749411225318909
0.6772102117538452
0.6746903657913208
0.6727200150489807
0.6798053979873657
0.6719864010810852
0.6723410487174988
0.6716335415840149
0.6704406142234802
0.6784989237785339
0.6652949452400208
0.6732754707336426
0.6639368534088135
0.683025062084198
0.6731069087982178
0.6575946807861328
0.66923588514328
0.656922459602356
0.6777439713478088
0.679366946220398
0.6678548455238342
0.6770081520080566
0.6763354539871216
0.6725755333900452
0.6804505586624146
0.6725977659225464
0.6642991900444031
0.6674760580062866
0.6669371724128723
0.6680092215538025
0.671579897403717
0.6738482117652893
0.6831787824630737
0.6616432666778564
0.6655380129814148
0.6731414794921875
0.6751580238342285
0.6745425462722778
0.6703031063079834
0.6710310578346252
0.6693214178085327
0.6707146167755127
0.6656972169876099
0.6705024242401123
0.6731919050216675
0.6742013096809387
0.6762892603874207
0.6693452000617981
0.6826240420341492
0.6680371761322021
0.6709197759628296
0.6742804050445557
0.6757025122642517
0.6654152870178223
0.6620556116104126
0.6827585697174072
0.6757712364196777
0.6676570177078247
0.6757717132568359
0.6755062341690063
0.6687425374984741
0.6696653366088867
0.6738904714584351
0.6720561981201172
0.674865186214447
0.6756616234779358
0.6726230382919312
0.6725974082946777
0.6756311655044556
0.6841159462928772
0.6692398190498352
0.6715973019599915
0.6760754585266113
0.6778024435043335
0.6648438572883606
0.6706342697143555
0.6747467517852783
0.6779506206512451
0.6757366061210632
0.6763827204704285
0.6685055494308472
0.6701856255531311
0.6779325604438782
0.6749224662780762
0.6757407784461975
0.6679250001907349
0.6760239601135254
0.6769386529922485
0.6682298183441162
0.6694570183753967
0.6649919748306274
0.6701130867004395
0.6700931787490845
0.6694739460945129
0.6748775839805603
0.6702582240104675
0.6702927947044373
0.6797854900360107
0.6663826107978821
0.6761894226074219
0.6724944710731506
0.6740199327468872
0.6741440892219543
0.669128954410553
0.6722619533538818
0.6741867661476135
0.6624162793159485
0.6754906177520752
0.6726047396659851
0.6707126498222351
0.6673175692558289
0.6748208403587341
0.6699720621109009
0.6755737662315369
0.6707171201705933
0.6812976598739624
0.675823986530304
0.6741961240768433
0.6661697030067444
0.6650703549385071
0.6632901430130005
0.6785225868225098
0.6767922043800354
0.6798186898231506
0.6749973893165588
0.680225670337677
0.6701304316520691
0.6728100180625916
0.6648727655410767
0.6748878359794617
0.6762815117835999
0.6694656610488892
0.67544025182724
0.6759212613105774
0.672999382019043
0.664301335811615
0.6728948354721069
0.6805500984191895
0.6743998527526855
0.6656171083450317
0.6730875372886658
0.6694444417953491
0.6762778759002686
0.6763025522232056
0.6638835072517395
0.6754196286201477
0.6787272691726685
0.6694231629371643
0.6701226234436035
0.6709815263748169
0.6763632893562317
0.6707250475883484
0.6669837236404419
0.6763120293617249
0.684500515460968
0.6703420877456665
0.6705846786499023
0.6685546040534973
0.67429119348526
0.6744750142097473
0.6732027530670166
0.6668217182159424
0.6731328964233398
0.6718946099281311
0.6775826215744019
0.6759885549545288
0.6702582836151123
0.6688276529312134
0.6815600395202637
0.6808122992515564
0.6804003715515137
0.6729363799095154
0.6718167662620544
0.6738736033439636
0.6656697392463684
0.6723019480705261
0.6695798635482788
0.6744263768196106
0.674045979976654
0.6718763113021851
0.6761412620544434
0.6681504249572754
0.6695161461830139
0.6748897433280945
0.6765537261962891
0.6768258213996887
0.674900233745575
0.6658506393432617
0.6714326739311218
0.6687092781066895
0.6633387804031372
0.6669138669967651
0.6784981489181519
0.6731082201004028
0.6740965247154236
0.6781505942344666
0.6703318953514099
0.669201672077179
0.6758245825767517
0.6692003011703491
0.673507571220398
0.6726713180541992
0.6735110878944397
0.6583002805709839
0.6745018362998962
0.6670240163803101
0.6772220134735107
0.6689429879188538
0.6703831553459167
0.6753090023994446
0.6649487614631653
0.6728025078773499
0.6659669876098633
0.6687122583389282
0.6737145781517029
0.6717067956924438
0.6622782945632935
0.6713976860046387
0.6643768548965454
0.6770839691162109
0.677776038646698
0.671915590763092
0.6776813268661499
0.6781588196754456
0.6723713874816895
0.6823110580444336
0.6646690964698792
0.674606204032898
0.6755562424659729
0.6747422814369202
0.671185314655304
0.6735696196556091
0.6668987274169922
0.6728343367576599
0.6719225645065308
0.6756302714347839
0.67317795753479
0.6705605983734131
0.6676990389823914
0.6734044551849365
0.6725513935089111
0.6718333959579468
0.6766307950019836
0.6707133054733276
0.662043035030365
0.673568069934845
0.6648344993591309
0.6691144704818726
0.6726349592208862
0.6711694598197937
0.6729810237884521
0.673297107219696
0.667833685874939
0.6642189025878906
0.6720250844955444
0.6762552261352539
0.6726193428039551
0.6712146401405334
0.672650933265686
0.6745389103889465
0.6828745603561401
0.6686639189720154
0.6705459356307983
0.6751852631568909
0.6730887293815613
0.6758203506469727
0.6761595010757446
0.6786915063858032
0.673851728439331
0.6867135763168335
0.6690809726715088
0.6717403531074524
0.672899603843689
0.6692832112312317
0.6739805936813354
0.6741601228713989
0.6749650835990906
0.676456868648529
0.6760068535804749
0.6750245094299316
0.667746365070343
0.6716321706771851
0.6773526668548584
0.6799464821815491
0.666016697883606
0.6714720726013184
0.6797174215316772
0.6700186133384705
0.6633399128913879
0.6697659492492676
0.6763253211975098
0.6763143539428711
0.6712568402290344
0.6698657870292664
0.6655603051185608
0.6749246120452881
0.6723548173904419
0.6810933947563171
0.6678804159164429
0.6715376973152161
0.6776532530784607
0.6681134104728699
0.6690735816955566
0.6809524297714233
0.6659529805183411
0.667935311794281
0.6732547283172607
0.6705924272537231
0.6744210720062256
0.6691067814826965
0.6742282509803772
0.672313392162323
0.6731722950935364
0.6629565954208374
0.672363817691803
0.6783267855644226
0.6710181832313538
0.6767315864562988
0.6752564311027527
0.6664072871208191
0.6714209914207458
0.6777872443199158
0.6825464963912964
0.674072802066803
0.6706481575965881
0.6693549156188965
0.6704192757606506
0.6796276569366455
0.6706804037094116
0.6719922423362732
0.6671655774116516
0.6677895188331604
0.6551568508148193
0.6696320176124573
0.6861221194267273
0.6741043329238892
0.6732199192047119
0.6635919213294983
0.6717908382415771
0.6797131896018982
0.6689563393592834
0.6720821261405945
0.6826874017715454
0.6702161431312561
0.6664556264877319
0.6694332361221313
0.6793746948242188
0.6716100573539734
0.6718253493309021
0.6756088733673096
0.6705791354179382
0.6715843677520752
0.6822141408920288
0.6760076880455017
0.6702350974082947
0.671301543712616
0.6722777485847473
0.673667311668396
0.6651718020439148
0.667605459690094
0.6672192811965942
0.6787717938423157
0.6732099652290344
0.6760074496269226
0.6733944416046143
0.6783535480499268
0.6724733114242554
0.6678137183189392
0.672866702079773
0.6752511858940125
0.6793984174728394
0.676541805267334
0.6739861965179443
0.6664019227027893
0.6722511649131775
0.6709659695625305
0.6762102842330933
0.6730278730392456
0.6764283776283264
0.6793834567070007
0.6718553900718689
0.669400691986084
0.673316240310669
0.6735859513282776
0.6699977517127991
0.668627917766571
0.6812050938606262
0.6695797443389893
0.6723093390464783
0.6763023138046265
0.6736530065536499
0.6681118011474609
0.6817707419395447
0.6647155284881592
0.6707424521446228
0.6759212613105774
0.676129162311554
0.6803543567657471
0.6702062487602234
0.6668701171875
0.6580518484115601
0.6700426340103149
0.6679431796073914
0.6779861450195312
0.674666166305542
0.6617143154144287
0.6614023447036743
0.6699281930923462
0.6694077253341675
0.6675357222557068
0.6722909808158875
0.6707319021224976
0.6833599805831909
0.6762055158615112
0.6728399395942688
0.6728081107139587
0.6701001524925232
0.6716472506523132
0.6761490702629089
0.6752695441246033
0.6726347804069519
0.6732740998268127
0.6691954731941223
0.6653259992599487
0.6703241467475891
0.6724424958229065
0.6756334900856018
0.6699579954147339
0.6692555546760559
0.6682329773902893
0.6689306497573853
0.6739871501922607
0.677498459815979
0.6718236804008484
0.6697103381156921
0.6695984601974487
0.6801459789276123
0.6780076026916504
0.6651549935340881
0.6846084594726562
0.674131453037262
0.6794663667678833
0.671469509601593
0.6832646131515503
0.6654171943664551
0.6711746454238892
0.6658342480659485
0.6772664189338684
0.6688176393508911
0.6721295714378357
0.676092267036438
0.6767196655273438
0.6728566288948059
0.6687942743301392
0.6745250821113586
0.674725353717804
0.668243408203125
0.6765872836112976
0.6693368554115295
0.6673542857170105
0.669515073299408
0.6778133511543274
0.6661635041236877
0.6730995178222656
0.6633541584014893
0.677605152130127
0.6690374612808228
0.677006721496582
0.6803019046783447
0.6765150427818298
0.671257495880127
0.6677085161209106
0.6743125915527344
0.6666861772537231
0.6599282622337341
0.6768658757209778
0.6715053915977478
0.6753745675086975
0.6751949191093445
0.6798093318939209
0.6653043627738953
0.6749970316886902
0.6747089624404907
0.6711613535881042
0.6814714670181274
0.6769315600395203
0.6760792136192322
0.6829477548599243
0.6728770732879639
0.6659561395645142
0.6701834201812744
0.6649656891822815
0.6754616498947144
0.6724123358726501
0.6723427772521973
0.6685526371002197
0.6789324879646301
0.6770697832107544
0.6787613034248352
0.6715939044952393
0.6613101959228516
0.6672427654266357
0.6745726466178894
0.6661869883537292
0.6790908575057983
0.678561806678772
0.6759917736053467
0.6655453443527222
0.6740329265594482
0.6729292869567871
0.6714543104171753
0.6794473528862
0.6662922501564026
0.6794724464416504
0.6782271862030029
0.6691381335258484
0.677578866481781
0.6673741936683655
0.6668885350227356
0.6705756187438965
0.6665233969688416
0.6797583103179932
0.6812224388122559
0.6744833588600159
0.6741249561309814
0.6759453415870667
0.6674723625183105
0.6687974333763123
0.6731045246124268
0.6767717599868774
0.6705576777458191
0.6639972925186157
0.6716281175613403
0.6768209338188171
0.6795597672462463
0.6757175326347351
0.6707288026809692
0.6806505918502808
0.676365852355957
0.6735969185829163
0.6830775141716003
0.6648048162460327
0.6673643589019775
0.6685170531272888
0.6729950904846191
0.6669329404830933
0.6666990518569946
0.669619083404541
0.674677312374115
0.6778215765953064
0.6772387623786926
0.6678332090377808
0.6745787858963013
0.6799242496490479
0.6644886136054993
0.6685625910758972
0.6754656434059143
0.6719985604286194
0.6742720603942871
0.6826246976852417
0.6708999872207642
0.6710748076438904
0.6757224798202515
0.6596359014511108
0.6794822216033936
0.6638824343681335
0.6764366030693054
0.6651774644851685
0.6762243509292603
0.6746730208396912
0.6719499230384827
0.6706036329269409
0.6666779518127441
0.6846230030059814
0.673621416091919
0.6704124808311462
0.6702893972396851
0.6711513996124268
0.6671279668807983
0.6746559739112854
0.6691980361938477
0.6785758137702942
0.6743685603141785
0.66941237449646
0.6804205775260925
0.671598494052887
0.6705755591392517
0.6723330616950989
0.6692245602607727
0.6633008122444153
0.6786297559738159
0.6632161140441895
0.6752784252166748
0.6775379776954651
0.6654955148696899
0.6719246506690979
0.6710109710693359
0.6770411133766174
0.6697892546653748
0.6714131236076355
0.6786868572235107
0.6728363633155823
0.6765738725662231
0.670870840549469
0.6646557450294495
0.6831238269805908
0.6626107096672058
0.6731398701667786
0.670214056968689
0.6654410362243652
0.676437258720398
0.6706327795982361
0.6724770665168762
0.6767945289611816
0.670400857925415
0.6714848279953003
0.6711854934692383
0.6663647294044495
0.6590700149536133
0.6787434816360474
0.6765855550765991
0.6725243926048279
0.670975923538208
0.6690930724143982
0.6797646284103394
0.6734837293624878
0.6686909794807434
0.6678557991981506
0.6737523078918457
0.6691022515296936
0.6654479503631592
0.6855751872062683
0.6769763827323914
0.670299232006073
0.6760074496269226
0.6775274872779846
0.675670862197876
0.6716141104698181
0.6711997389793396
0.6693959832191467
0.6795353889465332
0.6863301396369934
0.6802386045455933
0.6716843843460083
0.6818555593490601
0.6775344610214233
0.6701465249061584
0.6671955585479736
0.6694870591163635
0.6678721308708191
0.6670730113983154
0.6745043396949768
0.6797783970832825
0.6657022833824158
0.665507972240448
0.6679927110671997
0.6683054566383362
0.6734432578086853
0.6674542427062988
0.6753544211387634
0.678888738155365
0.6620001792907715
0.6734952926635742
0.6748626232147217
0.6758029460906982
0.6785033345222473
0.6771753430366516
0.6634911298751831
0.673080563545227
0.6709555983543396
0.6629934310913086
0.6744524836540222
0.6776818037033081
0.6749585866928101
0.68196702003479
0.6678930521011353
0.6731608510017395
0.6694088578224182
0.6725323796272278
0.6780844926834106
0.6631659865379333
0.6673251986503601
0.6714106202125549
0.6719633936882019
0.6756553053855896
0.6719681620597839
0.6735889911651611
0.6702459454536438
0.680945873260498
0.6770497560501099
0.6747286319732666
0.6728986501693726
0.6765072345733643
0.6715360879898071
0.6811151504516602
0.6723171472549438
0.6663339734077454
0.6647147536277771
0.6711611151695251
0.6780534386634827
0.6638873815536499
0.6599743962287903
0.6761963367462158
0.6771178245544434
0.6739724278450012
0.683684766292572
0.6796238422393799
0.6658562421798706
0.6699962019920349
0.6710478663444519
0.6796326637268066
0.67304527759552
0.670470654964447
0.6689782738685608
0.6698291301727295
0.6648915410041809
0.6780185699462891
0.6805390119552612
0.6757572293281555
0.6682351231575012
0.674022376537323
0.6702297925949097
0.6680040955543518
0.6729788184165955
0.6674808859825134
0.663935661315918
0.65892094373703
0.6699511408805847
0.6649225950241089
0.6725755929946899
0.6725425124168396
0.6674537062644958
0.672195315361023
0.6734262704849243
0.6641961932182312
0.671402633190155
0.6741747856140137
0.6737868189811707
0.6699658036231995
0.670231282711029
0.6707825660705566
0.6738719344139099
0.6828426718711853
0.6739336252212524
0.6613125205039978
0.6637634634971619
0.6805623173713684
0.6782564520835876
0.6657013893127441
0.6688536405563354
0.6677590608596802
0.6775340437889099
0.6765576004981995
0.6705105304718018
0.6697031855583191
0.6854145526885986
0.6824385523796082
0.6662108302116394
0.6707178354263306
0.6734160780906677
0.6708497405052185
0.6734722852706909
0.6770353317260742
0.6687813401222229
0.6768671870231628
0.6752944588661194
0.6664528250694275
0.6750414371490479
0.6722097992897034
0.668014407157898
0.6723390221595764
0.6763641834259033
0.6693634390830994
0.6778082847595215
0.6676796674728394
0.6719474196434021
0.6654924750328064
0.6722809076309204
0.6616835594177246
0.6813012361526489
0.677022397518158
0.663855254650116
0.6766965389251709
0.6754976511001587
0.6720819473266602
0.6725471019744873
0.6788125038146973
0.6774815917015076
0.6700975894927979
0.6723573207855225
0.6715139746665955
0.6823993921279907
0.6753823161125183
0.6697367429733276
0.6627882122993469
0.6795482039451599
0.6696839332580566
0.6698694229125977
0.6750038862228394
0.671898603439331
0.6718478798866272
0.6642554402351379
0.6621981859207153
0.6730901598930359
0.6706306338310242
0.6714848279953003
0.6636531949043274
0.6720058917999268
0.6795303225517273
0.6795099377632141
0.6693071722984314
0.6732694506645203
0.6697256565093994
0.6691375374794006
0.671346127986908
0.6632983684539795
0.6607653498649597
0.6721702814102173
0.6653971672058105
0.664124071598053
0.6733366847038269
0.6743849515914917
0.6794454455375671
0.6750034093856812
0.6716756224632263
0.6732465028762817
0.6795686483383179
0.6763726472854614
0.6718291640281677
0.6677801012992859
0.681022584438324
0.6672756671905518
0.6702021360397339
0.6649593710899353
0.6735401749610901
0.6729180812835693
0.6644284129142761
0.6824394464492798
0.668393611907959
0.6727066040039062
0.6770983934402466
0.6691238284111023
0.6743324995040894
0.6735475063323975
0.6770201921463013
0.6711133718490601
0.6748906970024109
0.6668300628662109
0.6724926233291626
0.6687660813331604
0.6726072430610657
0.6695454716682434
0.66438227891922
0.680461049079895
0.6688672304153442
0.6798470616340637
0.6699891686439514
0.662277102470398
0.6709645390510559
0.6727519035339355
0.6788694262504578
0.6676309704780579
0.6691337823867798
0.6702496409416199
0.6736828088760376
0.6780021786689758
0.6729439496994019
0.6791322231292725
0.6655092239379883
0.679695725440979
0.678654670715332
0.6750102043151855
0.6708268523216248
0.6669307947158813
0.6758567094802856
0.6747719645500183
0.6739911437034607
0.6719220280647278
0.6667587757110596
0.6651342511177063
0.6681149005889893
0.6639083623886108
0.6741775274276733
0.6725878119468689
0.6738647222518921
0.6770301461219788
0.6709182858467102
0.6774070262908936
0.6697269082069397
0.6747480034828186
0.6811318397521973
0.679934024810791
0.6603373885154724
0.6759889125823975
0.6754021048545837
0.6743603944778442
0.6687212586402893
0.6699975728988647
0.6723939776420593
0.6806625127792358
0.6659471392631531
0.6596505641937256
0.6758379340171814
0.6737982034683228
0.6751460433006287
0.6777616739273071
0.6764879822731018
0.6759803295135498
0.6698328256607056
0.6697257161140442
0.6779837012290955
0.6729031801223755
0.6762967705726624
0.6673155426979065
0.6837134957313538
0.6689628958702087
0.6674209833145142
0.6727430820465088
0.681601881980896
0.6742522120475769
0.6644997596740723
0.6706299781799316
0.6701096892356873
0.6763768792152405
0.666246771812439
0.67218416929245
0.6697885990142822
0.6690452098846436
0.6795762777328491
0.6683580875396729
0.6720078587532043
0.6721402406692505
0.6791819334030151
0.6696195602416992
0.677806556224823
0.679043710231781
0.6737729907035828
0.6635127663612366
0.6634182333946228
0.6785063743591309
0.6696832776069641
0.6744465827941895
0.668101966381073
0.6627407670021057
0.6682136654853821
0.6711137294769287
0.6739607453346252
0.6668381094932556
0.6778386831283569
0.6708385348320007
0.6754528284072876
0.6667124629020691
0.6733202338218689
0.6702671051025391
0.6811142563819885
0.6676837205886841
0.6728160381317139
0.6656469702720642
0.6646003127098083
0.6676866412162781
0.6735308170318604
0.6712692975997925
0.6633585095405579
0.6749631762504578
0.679580569267273
0.6726620197296143
0.6684620976448059
0.6738287210464478
0.6634385585784912
0.6809379458427429
0.6710690855979919
0.6748545169830322
0.6656213402748108
0.6758831143379211
0.671214759349823
0.6681467890739441
0.6738478541374207
0.6686602234840393
0.6677062511444092
0.6760501861572266
0.6673615574836731
0.6655038595199585
0.6665893197059631
0.6718640923500061
0.6715204119682312
0.6772927045822144
0.6728824973106384
0.6659021377563477
0.6718924641609192
0.6702898144721985
0.6803018450737
0.6735397577285767
0.6765486001968384
0.6683124303817749
0.6746817827224731
0.6697828769683838
0.6778121590614319
0.6760205626487732
0.6680526733398438
0.6717705130577087
0.6758362054824829
0.6757887601852417
0.6739240884780884
0.6731248497962952
0.6836270093917847
0.672978937625885
0.6795362234115601
0.6751782298088074
0.6707242727279663
0.6689677238464355
0.6777224540710449
0.6736636161804199
0.6714506149291992
0.6784816980361938
0.6796016693115234
0.675836980342865
0.6659231185913086
0.6764283180236816
0.6739764213562012
0.6762020587921143
0.679151713848114
0.6831681728363037
0.6695305705070496
0.6716792583465576
0.6649308204650879
0.6775345206260681
0.6761149764060974
0.677651047706604
0.6733628511428833
0.6718211770057678
0.6748684048652649
0.6739707589149475
0.6783815026283264
0.6702707409858704
0.6728603839874268
0.6682766079902649
0.6731240749359131
0.6724776029586792
0.6754132509231567
0.6746124029159546
0.6731669306755066
0.66948002576828
0.6770776510238647
0.6756215691566467
0.6707816123962402
0.6733826994895935
0.668016791343689
0.6787323951721191
0.6741065382957458
0.668152391910553
0.6692485213279724
0.6639232635498047
0.677708625793457
0.6706204414367676
0.6704471111297607
0.6716199517250061
0.6726734638214111
0.6713205575942993
0.6761691570281982
0.6788195371627808
0.6671914458274841
0.6624078154563904
0.6811692714691162
0.6702168583869934
0.6703013181686401
0.6713318824768066
0.6775793433189392
0.6667922735214233
0.6711293458938599
0.6682387590408325
0.6720842123031616
0.6704411506652832
0.6777949929237366
0.6685707569122314
0.6703283190727234
0.6772780418395996
0.6707063317298889
0.6712384819984436
0.6796439290046692
0.6749320030212402
0.6741119027137756
0.6745545864105225
0.673847496509552
0.6710185408592224
0.6709824800491333
0.6711710095405579
0.6675902009010315
0.6689953207969666
0.670316755771637
0.671424150466919
0.6690384149551392
0.6704526543617249
0.6681737899780273
0.6778365969657898
0.6677656769752502
0.6653028130531311
0.6722277402877808
0.6749266386032104
0.6623877286911011
0.669994056224823
0.6708951592445374
0.6697449684143066
0.6673134565353394
0.6728906631469727
0.6731770038604736
0.6727712154388428
0.6733332872390747
0.6759732961654663
0.6836708784103394
0.6680294871330261
0.673984944820404
0.6685036420822144
0.6683840155601501
0.6675176620483398
0.673002302646637
0.669951319694519
0.6629658937454224
0.6764593124389648
0.6779130697250366
0.6672186255455017
0.6778150200843811
0.6763447523117065
0.6813576817512512
0.6710366606712341
0.6744522452354431
0.6727614402770996
0.6717056632041931
0.6699999570846558
0.6771478056907654
0.6702290177345276
0.6665753722190857
0.6661040186882019
0.6708520650863647
0.6796478629112244
0.6722764372825623
0.6737000942230225
0.6796582937240601
0.6729552745819092
0.6705837249755859
0.665360689163208
0.6720169186592102
0.6700209379196167
0.6757487654685974
0.6659361124038696
0.6730116009712219
0.67075115442276
0.6737728714942932
0.6711285710334778
0.6664129495620728
0.6709328293800354
0.678180992603302
0.6645408272743225
0.6671628952026367
0.6743316054344177
0.6620854139328003
0.6786556243896484
0.6743271946907043
0.6634714007377625
0.6752313375473022
0.6821443438529968
0.6589927673339844
0.6764937043190002
0.6757482290267944
0.670701801776886
0.6670858860015869
0.6782864928245544
0.6710116267204285
0.6796663999557495
0.6631873250007629
0.6684018969535828
0.6754757165908813
0.6781989336013794
0.6733615398406982
0.6738723516464233
0.6658379435539246
0.6661590933799744
0.6703934669494629
0.6728887557983398
0.6699711084365845
0.6665307283401489
0.6636148691177368
0.6731661558151245
0.6799432039260864
0.674750804901123
0.675128161907196
0.6656572818756104
0.6712347269058228
0.6733781695365906
0.6721475720405579
0.6764156818389893
0.672434389591217
0.6783138513565063
0.6652814745903015
0.6753610968589783
0.6724161505699158
0.6812247037887573
0.6696028113365173
0.6704891324043274
0.6751695871353149
0.6763773560523987
0.6757100224494934
0.6795530319213867
0.6676260828971863
0.6661145687103271
0.6709412932395935
0.6736779808998108
0.6755892038345337
0.6620931625366211
0.6755677461624146
0.6756775975227356
0.682571530342102
0.6662445664405823
0.6669871211051941
0.6689050793647766
0.6752256155014038
0.6706770658493042
0.666172444820404
0.6727651953697205
0.6659625172615051
0.6657623648643494
0.6809993982315063
0.6708762049674988
0.6778697967529297
0.6743081212043762
0.6863298416137695
0.6835490465164185
0.6735316514968872
0.6749030351638794
0.6820725202560425
0.6709253787994385
0.6611598134040833
0.6728498935699463
0.6726412177085876
0.6721000075340271
0.6650730967521667
0.6653928160667419
0.6834499835968018
0.676982581615448
0.6675515174865723
0.6730152368545532
0.6694474816322327
0.6736894845962524
0.6684738397598267
0.6647412180900574
0.6650856137275696
0.6731802225112915
0.6671252250671387
0.6687520146369934
0.6767279505729675
0.6779435276985168
0.6653534770011902
0.679277241230011
0.66615891456604
0.6717475652694702
0.6667054891586304
0.6730796098709106
0.6729730367660522
0.6703546047210693
0.6757482886314392
0.6742466688156128
0.6779967546463013
0.6671476364135742
0.6730735898017883
0.6718665957450867
0.6722592115402222
0.6758867502212524
0.6805372834205627
0.6664798855781555
0.6784523725509644
0.6739679574966431
0.6702722311019897
0.6680371165275574
0.6635805368423462
0.6727616190910339
0.6754283905029297
0.6722976565361023
0.6800103187561035
0.6712896227836609
0.6633846759796143
0.6829209923744202
0.6724199056625366
0.6671359539031982
0.6741864681243896
0.6798527836799622
0.6880471110343933
0.6710516214370728
0.6833323836326599
0.6859537959098816
0.6726280450820923
0.67286616563797
0.6785836219787598
0.6718215942382812
0.6644405722618103
0.6823023557662964
0.6765750050544739
0.6657600998878479
0.6690903902053833
0.6722866296768188
0.6712567806243896
0.6761806607246399
0.6786073446273804
0.6747434735298157
0.6697553396224976
0.6723946332931519
0.6680718660354614
0.6738638281822205
0.6714675426483154
0.6674060225486755
0.6723375916481018
0.6581257581710815
0.665400505065918
0.6791898012161255
0.6670855283737183
0.6716218590736389
0.674537181854248
0.6668335795402527
0.669693648815155
0.6741797924041748
0.6749669909477234
0.6720708608627319
0.6629090309143066
0.6686539649963379
0.671576738357544
0.6765335202217102
0.6688380241394043
0.6782389879226685
0.6639838218688965
0.6687732338905334
0.6734579801559448
0.68309086561203
0.6708505749702454
0.6746774315834045
0.66892409324646
0.6740238070487976
0.6820201277732849
0.6696256399154663
0.6718973517417908
0.6671521663665771
0.6720596551895142
0.6795636415481567
0.6694658994674683
0.6726115942001343
0.6743415594100952
0.6825964450836182
0.6634847521781921
0.6604145765304565
0.6696959137916565
0.6670182347297668
0.6647053360939026
0.6624372005462646
0.6705935001373291
0.6645480990409851
0.6701149344444275
0.6775587797164917
0.6735261678695679
0.6767042279243469
0.6813191175460815
0.6763089895248413
0.6777597665786743
0.6757275462150574
0.6705922484397888
0.6740198135375977
0.6749264001846313
0.6752116084098816
0.6678664684295654
0.6734021902084351
0.6700043082237244
0.6767445206642151
0.6749984622001648
0.6698394417762756
0.6754633188247681
0.6712471842765808
0.6730023622512817
0.6798085570335388
0.6688623428344727
0.6709063053131104
0.6713895797729492
0.6745688319206238
0.6653242707252502
0.6756061911582947
0.6711268424987793
0.6748293042182922
0.6673540472984314
0.6752011775970459
0.6762966513633728
0.6701593399047852
0.6720218062400818
0.6725023984909058
0.6737136840820312
0.669975996017456
0.6720167398452759
0.6712562441825867
0.6787493228912354
0.6723597645759583
0.6724112629890442
0.6665772795677185
0.6678959727287292
0.6660230159759521
0.6831345558166504
0.6783310770988464
0.678868293762207
0.6689095497131348
0.6843394637107849
0.6771835684776306
0.6691158413887024
0.6763646006584167
0.6712889671325684
0.6686036586761475
0.6671280860900879
0.673080325126648
0.6793732643127441
0.6731310486793518
0.6680636405944824
0.6743773221969604
0.6736021637916565
0.6728523969650269
0.6779232025146484
0.6787680983543396
0.6762020587921143
0.6708536148071289
0.6730193495750427
0.6736139059066772
0.674065113067627
0.6723687648773193
0.6715326309204102
0.6772729754447937
0.6667553782463074
0.6790520548820496
0.6844323873519897
0.6670677661895752
0.6716484427452087
0.6812108755111694
0.6743296980857849
0.6707299947738647
0.6784902215003967
0.6704407930374146
0.6717164516448975
0.6709343791007996
0.6662122011184692
0.6707836985588074
0.6726239323616028
0.6685305237770081
0.6742277145385742
0.6767840385437012
0.677880048751831
0.6727268099784851
0.6693497896194458
0.6786733865737915
0.679090678691864
0.6593497395515442
0.6737587451934814
0.6623923778533936
0.673247218132019
0.6647177934646606
0.66666579246521
0.6678395867347717
0.6743792295455933
0.6620061993598938
0.6771244406700134
0.6642010807991028
0.6675271987915039
0.6712159514427185
0.6726943850517273
0.6747928857803345
0.6736286878585815
0.6654875874519348
0.6718403697013855
0.6691854596138
0.668546199798584
0.6801692843437195
0.6742003560066223
0.6776741743087769
0.6735929846763611
0.678093671798706
0.6647536754608154
0.676153838634491
0.6740341186523438
0.6675775647163391
0.6700114607810974
0.6650449633598328
0.6705926060676575
0.675184965133667
0.6770179271697998
0.6831537485122681
0.6714513301849365
0.6797389984130859
0.672940194606781
0.6706677079200745
0.6663353443145752
0.6689937710762024
0.6688095927238464
0.6717573404312134
0.6755203008651733
0.6729068756103516
0.6681792140007019
0.673117458820343
0.6828231811523438
0.666515052318573
0.6626625657081604
0.6726219654083252
0.6768476366996765
0.6678388118743896
0.6709288358688354
0.6710075736045837
0.6676644682884216
0.6764752268791199
0.6649759411811829
0.6673494577407837
0.6757513284683228
0.6739457845687866
0.6706712245941162
0.6611576676368713
0.6649512052536011
0.6663117408752441
0.67513507604599
0.6638855338096619
0.6607616543769836
0.6685804128646851
0.6664793491363525
0.6700567603111267
0.6669896245002747
0.6777414083480835
0.6704300045967102
0.6704384684562683
0.661850094795227
0.6728557348251343
0.6707955598831177
0.6691805720329285
0.6584409475326538
0.6738418936729431
0.6682504415512085
0.6731615662574768
0.6664880514144897
0.670645534992218
0.6649617552757263
0.6757091283798218
0.673533022403717
0.6738810539245605
0.6708663702011108
0.6660518050193787
0.6700445413589478
0.6786983013153076
0.6683489084243774
0.6752185821533203
0.6783024668693542
0.6689227223396301
0.6744635701179504
0.6734336018562317
0.6788221597671509
0.6650055646896362
0.6637089252471924
0.6773505210876465
0.6669294238090515
0.6746723055839539
0.674038827419281
0.6783779859542847
0.6618700623512268
0.661064088344574
0.6695467233657837
0.6769698858261108
0.6668768525123596
0.6602553725242615
0.6704545021057129
0.6736660599708557
0.6741716265678406
0.664536714553833
0.676778256893158
0.6700220704078674
0.6642679572105408
0.6792324185371399
0.6762902140617371
0.6718158721923828
0.6654769778251648
0.6721577644348145
0.6739606261253357
0.6793096661567688
0.6690433025360107
0.6711128950119019
0.664068341255188
0.676288366317749
0.6734051704406738
0.6717645525932312
0.6649715900421143
0.6706523895263672
0.6678585410118103
0.6721652150154114
0.6669140458106995
0.6736283302307129
0.6742143630981445
0.6707168221473694
0.667007327079773
0.6673756241798401
0.6678344011306763
0.6665456295013428
0.6694173812866211
0.6732352375984192
0.6728938221931458
0.6818187236785889
0.6753472089767456
0.6628771424293518
0.6657521724700928
0.6635408997535706
0.6675869226455688
0.6703908443450928
0.6748760342597961
0.674683153629303
0.6747440099716187
0.6679098606109619
0.6742767691612244
0.67340487241745
0.6749883890151978
0.6613147258758545
0.6709709167480469
0.6687804460525513
0.6709973216056824
0.663162112236023
0.6673316359519958
0.6696081161499023
0.6669804453849792
0.6745387315750122
0.668860137462616
0.6718920469284058
0.6627438068389893
0.6764429211616516
0.6654982566833496
0.6705440878868103
0.665324330329895
0.6702307462692261
0.6697816252708435
0.6733320355415344
0.6762048602104187
0.6695165634155273
0.6815618872642517
0.6626566648483276
0.6664093732833862
0.6661807894706726
0.6789916157722473
0.6733670234680176
0.6769378185272217
0.6685858964920044
0.6879669427871704
0.6726557612419128
0.6694512367248535
0.6718619465827942
0.6677292585372925
0.6708799600601196
0.665745735168457
0.6680691242218018
0.6635461449623108
0.6689361333847046
0.6737192273139954
0.6665589213371277
0.6658161878585815
0.6655069589614868
0.6621834635734558
0.6684525609016418
0.6755009889602661
0.6786985397338867
0.6702442169189453
0.6718166470527649
0.666085958480835
0.6777769327163696
0.667291522026062
0.6585620641708374
0.6899408102035522
0.67305588722229
0.6646159887313843
0.6767479777336121
0.6722216010093689
0.6669718623161316
0.6632688045501709
0.680540919303894
0.6672725081443787
0.6758377552032471
0.671505868434906
0.6697072982788086
0.6652342677116394
0.6758741140365601
0.6649025678634644
0.6705033183097839
0.6719418168067932
0.676892101764679
0.6750807762145996
0.6704177856445312
0.6714285016059875
0.6626978516578674
0.6701902747154236
0.6705356240272522
0.6771103143692017
0.6777465343475342
0.6677246689796448
0.6754342913627625
0.6682885885238647
0.6728935241699219
0.6667627692222595
0.6685947179794312
0.6688198447227478
0.6752886176109314
0.6684045195579529
0.6713101863861084
0.6740162372589111
0.6665648221969604
0.6662880182266235
0.6659350991249084
0.6789637804031372
0.6728389859199524
0.6707355976104736
0.665272057056427
0.6791406869888306
0.6754827499389648
0.6675300598144531
0.6712074279785156
0.6718788743019104
0.6652446389198303
0.67063969373703
0.6653862595558167
0.6729984283447266
0.670285165309906
0.6763551235198975
0.6723763346672058
0.6769233345985413
0.6704036593437195
0.6709508895874023
0.6721023321151733
0.6661007404327393
0.6728898882865906
0.6727345585823059
0.6790704727172852
0.6684765219688416
0.6642802953720093
0.6701720952987671
0.6728227138519287
0.6663264632225037
0.6770920753479004
0.6646968722343445
0.6715705394744873
0.6707209348678589
0.6768175363540649
0.6726495623588562
0.6809505820274353
0.6725329160690308
0.6715057492256165
0.6775160431861877
0.6676527857780457
0.6749065518379211
0.6695001721382141
0.6696217656135559
0.6647283434867859
0.6663380861282349
0.6821473240852356
0.6701242327690125
0.6773995161056519
0.6698042750358582
0.6634277105331421
0.67063307762146
0.6763370037078857
0.6915699243545532
0.6798474192619324
0.6654382348060608
0.6720067262649536
0.6816766858100891
0.6645189523696899
0.6726422905921936
0.6692034006118774
0.6835945248603821
0.6759758591651917
0.6728929877281189
0.6708223819732666
0.6725807189941406
0.6618314385414124
0.6640072464942932
0.6758138537406921
0.6755841970443726
0.6645402312278748
0.6656912565231323
0.6727290749549866
0.6732348799705505
0.6887264847755432
0.668014407157898
0.6771612167358398
0.672015905380249
0.6636594533920288
0.6706415414810181
0.6759506464004517
0.6723828911781311
0.6718335151672363
0.6794342994689941
0.6636438965797424
0.6672742366790771
0.6801623106002808
0.6728556752204895
0.6754498481750488
0.6786261796951294
0.6723847389221191
0.6738648414611816
0.671684741973877
0.6701599955558777
0.6746053099632263
0.6588538885116577
0.6679738163948059
0.6752773523330688
0.666752278804779
0.6803363561630249
0.6651542782783508
0.6790712475776672
0.6691710352897644
0.6699601411819458
0.6665415167808533
0.6675519347190857
0.6750637292861938
0.6822950839996338
0.6673130989074707
0.6612622737884521
0.6632792353630066
0.6746470332145691
0.6705629229545593
0.6720929741859436
0.6739495992660522
0.67612624168396
0.671070396900177
0.6716570258140564
0.6637177467346191
0.6757134795188904
0.6777011752128601
0.6745830774307251
0.6689386367797852
0.6720783710479736
0.6707427501678467
0.6764456033706665
0.6721056699752808
0.6748146414756775
0.6669223308563232
0.6680176258087158
0.6647832989692688
0.6686991453170776
0.678089439868927
0.6734890341758728
0.6730491518974304
0.670110285282135
0.6786141991615295
0.6707563400268555
0.6599571108818054
0.6735340356826782
0.670894205570221
0.6684949398040771
0.6659917235374451
0.6721800565719604
0.6698190569877625
0.6650347113609314
0.6701276302337646
0.6758418083190918
0.6651663184165955
0.6659093499183655
0.6735042333602905
0.6778070330619812
0.6709079146385193
0.6728431582450867
0.6717044711112976
0.673865556716919
0.6668422818183899
0.6749465465545654
0.6692546606063843
0.6798818111419678
0.6702950596809387
0.6614899635314941
0.6785366535186768
0.6782819032669067
0.6646149754524231
0.6729627847671509
0.6738540530204773
0.67557692527771
0.6755637526512146
0.6753210425376892
0.6658671498298645
0.6708165407180786
0.6628732681274414
0.671486496925354
0.6681525111198425
0.6662633419036865
0.6635807156562805
0.675143301486969
0.6711224913597107
0.6657457947731018
0.6719036102294922
0.6757813692092896
0.667977511882782
0.6803403496742249
0.6689856052398682
0.6677303910255432
0.6727082133293152
0.6770391464233398
0.6776023507118225
0.6706315875053406
0.670866847038269
0.6638103127479553
0.66652512550354
0.6722694039344788
0.6662788987159729
0.6608694195747375
0.6667155027389526
0.6680706739425659
0.6750282049179077
0.6747390031814575
0.6722798943519592
0.6659774780273438
0.6725238561630249
0.6694319248199463
0.6751529574394226
0.6731391549110413
0.6676298379898071
0.6781730055809021
0.6656931042671204
0.673138439655304
0.6758593320846558
0.666305661201477
0.6750475764274597
0.6738028526306152
0.6688932180404663
0.674389123916626
0.6810097098350525
0.6834102272987366
0.6719249486923218
0.6719340682029724
0.6767695546150208
0.6667919158935547
0.6834309101104736
0.6734887957572937
0.6775882244110107
0.6721941828727722
0.6725780367851257
0.666127622127533
0.6763352155685425
0.6769717335700989
0.6632738709449768
0.6738899350166321
0.6765611171722412
0.6717983484268188
0.6674520373344421
0.6861577033996582
0.6627870798110962
0.6620808839797974
0.6703124642372131
0.6698409914970398
0.6677935719490051
0.67625892162323
0.6801808476448059
0.6675799489021301
0.6765966415405273
0.6629127264022827
0.6629224419593811
0.6722774505615234
0.6720567345619202
0.669272780418396
0.6562963128089905
0.6663640737533569
0.6634506583213806
0.6765978336334229
0.6696963906288147
0.6680580973625183
0.6673040986061096
0.6679903268814087
0.6710006594657898
0.6630503535270691
0.6704674959182739
0.6701324582099915
0.6836399435997009
0.663273811340332
0.6698769330978394
0.666621744632721
0.6638255715370178
0.6646704077720642
0.6721451878547668
0.6745238900184631
0.662936270236969
0.6651131510734558
0.667857825756073
0.6774952411651611
0.668235719203949
0.677950382232666
0.6664624810218811
0.6704784035682678
0.678389847278595
0.6589954495429993
0.6755990982055664
0.661703884601593
0.6672547459602356
0.684994637966156
0.6727293729782104
0.6636550426483154
0.6753407120704651
0.6720713973045349
0.666074812412262
0.6808483600616455
0.6780331134796143
0.6718823909759521
0.6689034104347229
0.6783735156059265
0.6729119420051575
0.671660304069519
0.6736266016960144
0.6674528121948242
0.6724299192428589
0.6643986701965332
0.6777361631393433
0.6745026707649231
0.6676617860794067
0.6695948839187622
0.6696709394454956
0.6661723256111145
0.6647628545761108
0.6733770370483398
0.6730800271034241
0.6742123365402222
0.6675474643707275
0.6741066575050354
0.6710281372070312
0.6796098351478577
0.6770340204238892
0.6838705539703369
0.6648439764976501
0.6721913814544678
0.6742029190063477
0.6730881333351135
0.6683940887451172
0.67061448097229
0.675968587398529
0.6667320728302002
0.6680665612220764
0.6777544617652893
0.663810670375824
0.6733623147010803
0.6735103726387024
0.6661484837532043
0.6713765263557434
0.6719924211502075
0.6697473526000977
0.6721615791320801
0.6734867095947266
0.6702755093574524
0.6719121932983398
0.6631912589073181
0.6722150444984436
0.6748949289321899
0.6617493033409119
0.6756956577301025
0.6659136414527893
0.6760417222976685
0.6826858520507812
0.672965407371521
0.6690763831138611
0.6723657846450806
0.6637124419212341
0.6696279048919678
0.6702677607536316
0.6639668345451355
0.6766973733901978
0.6717392206192017
0.6725932955741882
0.6655191779136658
0.6778945922851562
0.676612377166748
0.6617718935012817
0.6773558855056763
0.6669653058052063
0.6727352142333984
0.6729689836502075
0.6711081862449646
0.6727678775787354
0.666877269744873
0.6701386570930481
0.6671680212020874
0.6706845164299011
0.6739584803581238
0.6669586896896362
0.669029951095581
0.6646694540977478
0.6741740107536316
0.6690577864646912
0.6558961868286133
0.6745127439498901
0.6676489114761353
0.6630896329879761
0.6726710200309753
0.6713100075721741
0.6894607543945312
0.6790310740470886
0.6756166219711304
0.6709452271461487
0.6677144169807434
0.6722658276557922
0.6723924279212952
0.6600316166877747
0.6704689860343933
0.6667078137397766
0.6744857430458069
0.6703092455863953
0.6711286306381226
0.6791179776191711
0.6731805801391602
0.668860673904419
0.6646809577941895
0.6692385077476501
0.664222240447998
0.683215856552124
0.6677044034004211
0.666623055934906
0.6711075901985168
0.6737276315689087
0.6796844601631165
0.6720349192619324
0.6668636798858643
0.6814886927604675
0.6647774577140808
0.6695696115493774
0.6703426837921143
0.6709975004196167
0.6665074229240417
0.6614704132080078
0.6721698641777039
0.6788175106048584
0.6681840419769287
0.6689019799232483
0.6705136895179749
0.6769182085990906
0.672212541103363
0.6729411482810974
0.6669577360153198
0.6732884645462036
0.6797916293144226
0.6723363995552063
0.6781408786773682
0.6730167269706726
0.6705269813537598
0.6709504127502441
0.670832633972168
0.6682303547859192
0.6704028844833374
0.674162745475769
0.6772902607917786
0.6707336902618408
0.668502151966095
0.6711239218711853
0.6729153990745544
0.678185760974884
0.665846586227417
0.6800346970558167
0.6688387393951416
0.669247567653656
0.6701833605766296
0.6794025897979736
0.65864098072052
0.6841519474983215
0.6684512495994568
0.6642095446586609
0.6747080683708191
0.6732165217399597
0.671794593334198
0.6705951690673828
0.6594226956367493
0.6784340739250183
0.6766143441200256
0.6741801500320435
0.6681484580039978
0.6724957227706909
0.6714618802070618
0.6640043258666992
0.6752707362174988
0.6771039962768555
0.6686307191848755
0.6704156994819641
0.664626955986023
0.6756489872932434
0.6757295727729797
0.6723780035972595
0.6691071391105652
0.6760649085044861
0.676246702671051
0.6811528205871582
0.6632830500602722
0.6698846817016602
0.662222683429718
0.6740899682044983
0.6716774702072144
0.6710046529769897
0.6760603189468384
0.670139491558075
0.6711605191230774
0.6681525111198425
0.6761212944984436
0.6725231409072876
0.6666954755783081
0.6638072729110718
0.6761327385902405
0.675480306148529
0.6668853759765625
0.6696970462799072
0.6730566024780273
0.6796899437904358
0.6630562543869019
0.6729885935783386
0.667308509349823
0.6770085096359253
0.6669891476631165
0.6637454628944397
0.6751818060874939
0.6734186410903931
0.6767482757568359
0.6725810170173645
0.6720101833343506
0.6695683598518372
0.673480749130249
0.6740421652793884
0.6751096248626709
0.6754583716392517
0.6757965087890625
0.672508955001831
0.6747298836708069
0.6709518432617188
0.6662893295288086
0.6639643311500549
0.6772342920303345
0.6737889647483826
0.6691755652427673
0.665764331817627
0.667168378829956
0.6659507155418396
0.6713813543319702
0.6661859154701233
0.6748860478401184
0.6670143008232117
0.6679566502571106
0.6754719614982605
0.6709392666816711
0.6686001420021057
0.682738184928894
0.6624782681465149
0.6748841404914856
0.6747574210166931
0.6746618151664734
0.6656474471092224
0.6739395260810852
0.6698083281517029
0.6761203408241272
0.6671655178070068
0.6768452525138855
0.6717550754547119
0.6704390048980713
0.6710602641105652
0.6736871600151062
0.6683966517448425
0.6633017063140869
0.6728942394256592
0.6721858978271484
0.6714315414428711
0.666104257106781
0.6867932081222534
0.6680012345314026
0.6761507987976074
0.6710254549980164
0.6716497540473938
0.6636753678321838
0.6761893630027771
0.6725801825523376
0.6704062819480896
0.6767558455467224
0.6729146242141724
0.6687521934509277
0.6736131310462952
0.6703040599822998
0.6706931591033936
0.6634989976882935
0.6831139326095581
0.6742934584617615
0.6703683137893677
0.6729294061660767
0.6756570935249329
0.6641883254051208
0.6710599660873413
0.6669306755065918
0.674854576587677
0.6701696515083313
0.6706228256225586
0.6742216348648071
0.6625853776931763
0.6677737832069397
0.6670696139335632
0.6657711267471313
0.6640980839729309
0.6659866571426392
0.6659589409828186
0.673248291015625
0.6705833077430725
0.6657251715660095
0.6726342439651489
0.6585464477539062
0.6687490940093994
0.6722897291183472
0.6801929473876953
0.6648349165916443
0.6650292277336121
0.6703706979751587
0.6705554723739624
0.669036865234375
0.6785598397254944
0.6819374561309814
0.6769818663597107
0.6693429350852966
0.6650874614715576
0.6738032698631287
0.6720553040504456
0.6725435853004456
0.6782785058021545
0.6724495887756348
0.6731323599815369
0.6678895354270935
0.675688624382019
0.6660347580909729
0.6777580976486206
0.6694508194923401
0.6696105599403381
0.6740218997001648
0.6763702630996704
0.6683114171028137
0.6748043298721313
0.6573749780654907
0.6822068095207214
0.6686465740203857
0.6745826601982117
0.6719587445259094
0.6672504544258118
0.6751046776771545
0.673755407333374
0.6772845387458801
0.6841278076171875
0.6719064116477966
0.6697652339935303
0.6658467054367065
0.6828069686889648
0.6701576113700867
0.672198474407196
0.6775714159011841
0.6728731989860535
0.6722967028617859
0.6714134216308594
0.6641654968261719
0.6760321855545044
0.6737267971038818
0.6792821288108826
0.677007794380188
0.6732715964317322
0.6695124506950378
0.6697018146514893
0.6706624031066895
0.6638053059577942
0.6808862090110779
0.6770938634872437
0.6706928014755249
0.6675180792808533
0.6694023013114929
0.6723337769508362
0.6603962779045105
0.675452470779419
0.6744498014450073
0.6634513139724731
0.6696211695671082
0.6829995512962341
0.6754627227783203
0.6805022954940796
0.6620302200317383
0.682510256767273
0.6747045516967773
0.6689687967300415
0.6772003769874573
0.6627979278564453
0.6633486747741699
0.6733995676040649
0.6707520484924316
0.6695990562438965
0.6665796041488647
0.6793352365493774
0.6625007390975952
0.6607407331466675
0.6702916622161865
0.66755610704422
0.6652741432189941
0.6680541634559631
0.6666913628578186
0.6654359698295593
0.6753580570220947
0.6623430252075195
0.6619541049003601
0.6788282990455627
0.6679465174674988
0.6701880693435669
0.6715565323829651
0.6777365803718567
0.6745662689208984
0.6738702654838562
0.6617960929870605
0.6688597798347473
0.6766766905784607
0.6733090281486511
0.6733585000038147
0.664069414138794
0.671625554561615
0.6721368432044983
0.6749132871627808
0.674461841583252
0.6756030917167664
0.6706351041793823
0.6725816130638123
0.6704540848731995
0.6703335642814636
0.6712285876274109
0.6748517155647278
0.6725829839706421
0.6758676171302795
0.6693702936172485
0.6656666398048401
0.6727202534675598
0.6703037023544312
0.6729661226272583
0.6682261228561401
0.6747050881385803
0.6612808108329773
0.668361246585846
0.6685036420822144
0.6715758442878723
0.6716985106468201
0.6680914759635925
0.6731455326080322
0.6525211930274963
0.675642192363739
0.6744411587715149
0.6731347441673279
0.6629543304443359
0.6686124205589294
0.6760634183883667
0.6763566732406616
0.6713199615478516
0.6707942485809326
0.6682907938957214
0.6739325523376465
0.6709750890731812
0.670746922492981
0.6713953018188477
0.6614791750907898
0.6675549745559692
0.671890377998352
0.6656777858734131
0.6681869029998779
0.6675430536270142
0.6708996295928955
0.6758464574813843
0.6673864722251892
0.669028103351593
0.6727220416069031
0.6710700988769531
0.6784370541572571
0.6716371178627014
0.6710863709449768
0.6654037237167358
0.6758738160133362
0.6668262481689453
0.68011873960495
0.6690698266029358
0.6696629524230957
0.6734669804573059
0.6702269911766052
0.6804990768432617
0.6743318438529968
0.6668700575828552
0.6684451699256897
0.6762356162071228
0.6702032089233398
0.675994336605072
0.6651198267936707
0.6682761907577515
0.6702321767807007
0.6725678443908691
0.681716799736023
0.6688088774681091
0.6717458963394165
0.6639037728309631
0.6718342900276184
0.6660622358322144
0.6693809032440186
0.6659753918647766
0.6760882139205933
0.6690331697463989
0.6650194525718689
0.6619871258735657
0.6653503775596619
0.6800079345703125
0.6695490479469299
0.669751763343811
0.6670976281166077
0.672053337097168
0.6668075323104858
0.6763812303543091
0.6708461046218872
0.6697322130203247
0.6691269874572754
0.6758384108543396
0.6674827933311462
0.6723949909210205
0.6693776249885559
0.6688548922538757
0.6690036654472351
0.6674058437347412
0.664608895778656
0.6687068939208984
0.6697614789009094
0.6733874082565308
0.6702532768249512
0.6671521663665771
0.6709111332893372
0.6755069494247437
0.6746482849121094
0.6723231077194214
0.6759681105613708
0.6695035696029663
0.6825307011604309
0.6750710010528564
0.6691118478775024
0.6668427586555481
0.6823001503944397
0.6768699884414673
0.6671478152275085
0.6714206337928772
0.6691428422927856
0.6762800812721252
0.6665124893188477
0.6793164610862732
0.6739897727966309
0.6751077175140381
0.6698874235153198
0.661618173122406
0.670853853225708
0.6804038286209106
0.6821410059928894
0.6715509295463562
0.6744599342346191
0.668212354183197
0.6704238653182983
0.6662798523902893
0.6711440086364746
0.6643723845481873
0.6678035855293274
0.6731423139572144
0.6711369156837463
0.6776518225669861
0.669602632522583
0.6776424646377563
0.6759731769561768
0.6669154763221741
0.685001015663147
0.671916663646698
0.6768277883529663
0.6639235615730286
0.6711602807044983
0.6702101826667786
0.6620773077011108
0.6814562082290649
0.6681099534034729
0.6746049523353577
0.6639367341995239
0.6643204689025879
0.6732451319694519
0.6716166138648987
0.6676169633865356
0.6770222187042236
0.6659432053565979
0.6699970960617065
0.6752170920372009
0.6622462272644043
0.6703189015388489
0.6579084396362305
0.6718738675117493
0.6705248951911926
0.66690593957901
0.6800060272216797
0.6746505498886108
0.6703656911849976
0.675626814365387
0.6792604327201843
0.6673964858055115
0.672222375869751
0.6709778904914856
0.6749612092971802
0.6697434186935425
0.6675043106079102
0.6701269745826721
0.671289324760437
0.6815515160560608
0.6713098287582397
0.671565055847168
0.6644255518913269
0.6695820689201355
0.6761645674705505
0.6782814860343933
0.6746234893798828
0.6690309643745422
0.6734519004821777
0.6694653034210205
0.6825390458106995
0.6689867377281189
0.6631792187690735
0.673205554485321
0.660555899143219
0.6768863201141357
0.6616312265396118
0.66514652967453
0.6718311309814453
0.6762142777442932
0.6720619797706604
0.667910099029541
0.6715452671051025
0.661323070526123
0.667309582233429
0.6826639771461487
0.6688387989997864
0.6614726185798645
0.6715628504753113
0.6656805276870728
0.6747584939002991
0.6626657247543335
0.6721238493919373
0.6683834195137024
0.6772745847702026
0.6666255593299866
0.6681734323501587
0.6694220304489136
0.6798336505889893
0.6780028343200684
0.6792657971382141
0.6769689321517944
0.6713483333587646
0.6651137471199036
0.6686429977416992
0.6648527383804321
0.6700562834739685
0.6696653962135315
0.6666883230209351
0.6694229245185852
0.6706541776657104
0.6791093945503235
0.6711573600769043
0.6667624115943909
0.6738905310630798
0.6683031320571899
0.6738000512123108
0.6772880554199219
0.6644211411476135
0.6746681928634644
0.6645993590354919
0.6781081557273865
0.6644879579544067
0.6748651266098022
0.6688184142112732
0.6694928407669067
0.6700735092163086
0.6719661355018616
0.6702584028244019
0.6765003800392151
0.6720133423805237
0.6693320274353027
0.6736993789672852
0.6751810908317566
0.6631954908370972
0.6778720617294312
0.6733120083808899
0.6726856827735901
0.6697820425033569
0.6727617979049683
0.6743590235710144
0.668332040309906
0.6672179102897644
0.6740933060646057
0.6765177249908447
0.6662020683288574
0.6764189600944519
0.677452802658081
0.6703229546546936
0.6722503900527954
0.6779268980026245
0.6732497215270996
0.6667383313179016
0.6772478818893433
0.67538982629776
0.6686787605285645
0.6736084222793579
0.6764483451843262
0.6710116863250732
0.6797061562538147
0.6848500370979309
0.6704663634300232
0.6672991514205933
0.6678795218467712
0.67081618309021
0.6728280782699585
0.6594862341880798
0.6776455044746399
0.6662551760673523
0.6753295063972473
0.6705090999603271
0.6655306220054626
0.668817937374115
0.6718505024909973
0.6709102988243103
0.6682566404342651
0.6696105599403381
0.6705476641654968
0.6784130334854126
0.6750398874282837
0.6724944710731506
0.6714957356452942
0.6715997457504272
0.6771225929260254
0.6687711477279663
0.6639342308044434
0.672854483127594
0.6797793507575989
0.6653871536254883
0.6684657335281372
0.6748223900794983
0.6737537384033203
0.6673455834388733
0.6683651208877563
0.6683177947998047
0.6656699776649475
0.6702386736869812
0.6729723215103149
0.6738204956054688
0.6669865250587463
0.6680565476417542
0.6729082465171814
0.6881048679351807
0.6670979261398315
0.6729223132133484
0.6690381169319153
0.6663535237312317
0.6789947748184204
0.6838409900665283
0.6704860925674438
0.6671829223632812
0.6653304696083069
0.6660349369049072
0.6708431243896484
0.6745496392250061
0.6785279512405396
0.6712265014648438
0.6686212420463562
0.6705484986305237
0.6688198447227478
0.6725723147392273
0.6715776920318604
0.677166223526001
0.676410436630249
0.6780120134353638
0.6710302233695984
0.6697050929069519
0.6660782098770142
0.681426465511322
0.661853015422821
0.6640691161155701
0.6691850423812866
0.6779531240463257
0.6677446961402893
0.6722676157951355
0.6770746111869812
0.6750006079673767
0.6848452091217041
0.686031699180603
0.6710236668586731
0.6698658466339111
0.6656555533409119
0.6617550253868103
0.6668331623077393
0.6699988842010498
0.6659317016601562
0.6770007610321045
0.6762186884880066
0.6700692176818848
0.6755125522613525
0.662259042263031
0.667914628982544
0.6764560341835022
0.6616002917289734
0.6752467751502991
0.6728147268295288
0.6695966720581055
0.6696285605430603
0.6591509580612183
0.667116105556488
0.672353982925415
0.6760599613189697
0.6697256565093994
0.6657342910766602
0.6699250340461731
0.6685552597045898
0.670434832572937
0.6919357180595398
0.6714034676551819
0.6641961336135864
0.6781708598136902
0.6728745698928833
0.6591777801513672
0.6674820184707642
0.6764872670173645
0.6722537875175476
0.6747474670410156
0.6713991761207581
0.6707717180252075
0.6810685396194458
0.6633087992668152
0.673175573348999
0.6680545806884766
0.6696131825447083
0.671898603439331
0.672394335269928
0.6726535558700562
0.6617262959480286
0.6702541708946228
0.6701069474220276
0.6662554144859314
0.6571170687675476
0.6677256226539612
0.667178750038147
0.6687150597572327
0.6698298454284668
0.6702986359596252
0.6621906161308289
0.6647220253944397
0.6696053147315979
0.6650665402412415
0.6706177592277527
0.6672854423522949
0.6696579456329346
0.6676503419876099
0.6730532646179199
0.6682572960853577
0.6685463786125183
0.6809026002883911
0.6679256558418274
0.6691780686378479
0.6701653003692627
0.6721662878990173
0.6761653423309326
0.6632920503616333
0.6684474349021912
0.6781460046768188
0.6665817499160767
0.6672171950340271
0.6712164878845215
0.6847206950187683
0.6646290421485901
0.6685694456100464
0.671053409576416
0.6677533984184265
0.6637975573539734
0.6722265481948853
0.6676905751228333
0.6688796281814575
0.6660899519920349
0.6750081181526184
0.6770468950271606
0.6726400256156921
0.6759151220321655
0.6639118790626526
0.6672120690345764
0.6733051538467407
0.6758788824081421
0.6625134348869324
0.6664993762969971
0.6759157180786133
0.667047381401062
0.6688795685768127
0.6762053966522217
0.676909327507019
0.6636946201324463
0.6750157475471497
0.6671292185783386
0.6693203449249268
0.6565824151039124
0.6818072199821472
0.6736786961555481
0.6664496660232544
0.6700666546821594
0.6663362383842468
0.6719059348106384
0.6787294745445251
0.6725406050682068
0.6664679050445557
0.6760764718055725
0.6730908751487732
0.6624667048454285
0.6652823090553284
0.6787885427474976
0.66957688331604
0.667083203792572
0.6733366847038269
0.6868137121200562
0.6681357622146606
0.6634967923164368
0.6711993217468262
0.6760497093200684
0.6670622825622559
0.6764711141586304
0.6824236512184143
0.6760921478271484
0.6659603714942932
0.6778163909912109
0.6738637685775757
0.6756694316864014
0.6692312359809875
0.6682798862457275
0.6718692779541016
0.6679607629776001
0.6707579493522644
0.6748257875442505
0.6706616878509521
0.6822158098220825
0.6736573576927185
0.6719133853912354
0.6663077473640442
0.6696308851242065
0.6776947975158691
0.6661138534545898
0.6713700294494629
0.6686511635780334
0.668259859085083
0.6726558804512024
0.6783918738365173
0.6735185980796814
0.6829326152801514
0.6713742613792419
0.6738603711128235
0.6818249821662903
0.6764911413192749
0.6770530939102173
0.6705885529518127
0.658380389213562
0.6743201613426208
0.6725026965141296
0.6728848814964294
0.6725306510925293
0.6775813102722168
0.6767462491989136
0.6659179329872131
0.6696820259094238
0.6738768219947815
0.67165207862854
0.6660506129264832
0.6640790700912476
0.6614859700202942
0.672706663608551
0.6698175072669983
0.6796739101409912
0.670019268989563
0.6833363771438599
0.6772071719169617
0.6730777621269226
0.6772659420967102
0.6588626503944397
0.6802977323532104
0.6738284826278687
0.6756592392921448
0.6679977178573608
0.6667885780334473
0.670312762260437
0.6709132790565491
0.6703663468360901
0.672732949256897
0.6731094121932983
0.6775092482566833
0.6674113869667053
0.6770414710044861
0.674910843372345
0.6785876750946045
0.6789959073066711
0.6694003939628601
0.6716838479042053
0.6709179282188416
0.6709041595458984
0.66768878698349
0.6680507063865662
0.664696455001831
0.6640368103981018
0.6759526133537292
0.6769158244132996
0.6734941601753235
0.6761547923088074
0.6694588661193848
0.6690191626548767
0.672372043132782
0.6747249960899353
0.6713588833808899
0.6676551699638367
0.687112033367157
0.6743054986000061
0.663170337677002
0.6760340929031372
0.6780592203140259
0.6699413657188416
0.666808009147644
0.6783543825149536
0.6709159016609192
0.6735286116600037
0.6742547750473022
0.661766767501831
0.6638016104698181
0.6760520339012146
0.6733540296554565
0.6682775616645813
0.6710144281387329
0.6750703454017639
0.6718969345092773
0.6834145188331604
0.6714373826980591
0.6741576194763184
0.6571042537689209
0.677912175655365
0.675693154335022
0.6600033640861511
0.6827873587608337
0.6696139574050903
0.6817171573638916
0.6676358580589294
0.6695561408996582
0.6758018732070923
0.6794071197509766
0.6659579873085022
0.6707736849784851
0.6749162077903748
0.6722027063369751
0.6745155453681946
0.6657702922821045
0.6622700691223145
0.6700292825698853
0.6775043606758118
0.6701499223709106
0.6697555780410767
0.6767962574958801
0.6690643429756165
0.681333065032959
0.6713818907737732
0.6742976903915405
0.6727231740951538
0.6708076000213623
0.672422468662262
0.6617135405540466
0.66939377784729
0.6695084571838379
0.6701486706733704
0.6728066205978394
0.6715642809867859
0.666038990020752
0.6773048639297485
0.6728311777114868
0.6709686517715454
0.6735973358154297
0.6653773784637451
0.6676210761070251
0.6727684736251831
0.6729145646095276
0.6809698343276978
0.6670334935188293
0.6679462790489197
0.6756516098976135
0.6743495464324951
0.6682674288749695
0.662523627281189
0.666819155216217
0.6695564985275269
0.6795756816864014
0.6612376570701599
0.6810771226882935
0.6698285341262817
0.6737939715385437
0.6783456802368164
0.6792325377464294
0.6681711673736572
0.669712483882904
0.6798345446586609
0.6753178238868713
0.6724745631217957
0.6639766693115234
0.6722191572189331
0.6695236563682556
0.6698567271232605
0.6606351733207703
0.6738530397415161
0.6677030324935913
0.6669195890426636
0.6724672317504883
0.6642674207687378
0.6717931032180786
0.6741249561309814
0.6690965294837952
0.6654818058013916
0.6679041385650635
0.6847389936447144
0.6708375215530396
0.6687105298042297
0.673425018787384
0.6724300384521484
0.6721421480178833
0.6672549247741699
0.6855138540267944
0.66182941198349
0.6722177863121033
0.6666549444198608
0.6754842400550842
0.6721640229225159
0.6831052303314209
0.6741322875022888
0.6813459992408752
0.6751753687858582
0.670154869556427
0.6733037829399109
0.6777516007423401
0.6680514216423035
0.671436607837677
0.6697952151298523
0.6693444848060608
0.6690263152122498
0.6779508590698242
0.6717312932014465
0.674273669719696
0.6743963956832886
0.6715911030769348
0.6878027319908142
0.6788525581359863
0.6745771765708923
0.6662676930427551
0.685214102268219
0.6639326214790344
0.6699348092079163
0.6694234609603882
0.675440788269043
0.6727213859558105
0.671290397644043
0.6714145541191101
0.665630042552948
0.6585360765457153
0.6701874732971191
0.6636346578598022
0.6657552719116211
0.6752552390098572
0.6698232293128967
0.6667956709861755
0.6733098030090332
0.6706802845001221
0.672500729560852
0.6741923093795776
0.6825326681137085
0.6678911447525024
0.6733312606811523
0.6722183227539062
0.6709144711494446
0.664664089679718
0.6690075993537903
0.6709573268890381
0.6678388118743896
0.6701314449310303
0.6607803702354431
0.6677819490432739
0.6708405613899231
0.672307550907135
0.664721667766571
0.673735499382019
0.6680777668952942
0.6637164950370789
0.66483074426651
0.674312949180603
0.6683396100997925
0.6796550154685974
0.6625269055366516
0.6713894605636597
0.6693705320358276
0.6685874462127686
0.6656746864318848
0.6689352989196777
0.6822316646575928
0.6725433468818665
0.6698557138442993
0.6680698394775391
0.6748827695846558
0.6733190417289734
0.6707088947296143
0.6710649728775024
0.6745245456695557
0.6648408770561218
0.6774547100067139
0.6680161356925964
0.6731583476066589
0.6714816689491272
0.6661195158958435
0.6707485318183899
0.6662392616271973
0.6689956784248352
0.6658519506454468
0.673090934753418
0.6671531796455383
0.6651378870010376
0.665493369102478
0.670829713344574
0.6726927757263184
0.6727995276451111
0.6709363460540771
0.6658065915107727
0.6824095845222473
0.676947832107544
0.6699795722961426
0.6778338551521301
0.6766286492347717
0.6701866984367371
0.6687643527984619
0.6739575862884521
0.6691631078720093
0.6770607829093933
0.6665009260177612
0.6674644947052002
0.6646039485931396
0.6706128716468811
0.6641674637794495
0.6690846085548401
0.6673763990402222
0.6716862320899963
0.6666988730430603
0.6707742214202881
0.6634281873703003
0.6592753529548645
0.6713579297065735
0.6681217551231384
0.666978120803833
0.675081193447113
0.6724352240562439
0.6754920482635498
0.6626042127609253
0.6736037731170654
0.6800169944763184
0.6693457365036011
0.6742374300956726
0.6673991084098816
0.6640101671218872
0.6658211350440979
0.6825058460235596
0.676409125328064
0.6730607151985168
0.6694715023040771
0.6644560694694519
0.6773598194122314
0.6787434220314026
0.6612850427627563
0.6751216053962708
0.6705641150474548
0.6630799770355225
0.6565455794334412
0.6657001376152039
0.6658579707145691
0.6790192723274231
0.6721135377883911
0.6633021235466003
0.6746495962142944
0.671623706817627
0.6620588302612305
0.6557451486587524
0.6648926138877869
0.6713401079177856
0.6702821254730225
0.6701902151107788
0.6752210855484009
0.6762943863868713
0.6659756898880005
0.676259458065033
0.669013261795044
0.68047696352005
0.6677172183990479
0.6760174036026001
0.6664524078369141
0.6775111556053162
0.6730782389640808
0.6704263687133789
0.6687993407249451
0.6673813462257385
0.6783096194267273
0.6643979549407959
0.6641791462898254
0.6791617274284363
0.6722594499588013
0.6834898591041565
0.6783831119537354
0.6679706573486328
0.673232913017273
0.6743835806846619
0.6745073199272156
0.6696049571037292
0.6752099990844727
0.666299045085907
0.6756654977798462
0.6691797375679016
0.6656542420387268
0.6731908917427063
0.6681531071662903
0.6698629856109619
0.6714096665382385
0.6701050996780396
0.676450252532959
0.6676652431488037
0.673262357711792
0.6618735194206238
0.6656343340873718
0.6673913598060608
0.6796566247940063
0.671153724193573
0.6700443029403687
0.6719199419021606
0.6758163571357727
0.670837938785553
0.6698313355445862
0.680618941783905
0.6736441254615784
0.6736528873443604
0.6660720705986023
0.6732153296470642
0.6764072179794312
0.6681827306747437
0.6699718236923218
0.6647523045539856
0.6757010221481323
0.6766870021820068
0.6725173592567444
0.6694228649139404
0.6709092259407043
0.6663033366203308
0.6676223874092102
0.675178587436676
0.6643753051757812
0.6665181517601013
0.6677920818328857
0.6729158163070679
0.6709898710250854
0.6677464246749878
0.6677485704421997
0.6724215745925903
0.6653242707252502
0.6631629467010498
0.6737076044082642
0.668751060962677
0.6637745499610901
0.6829710602760315
0.6671687364578247
0.6731690168380737
0.6726673245429993
0.6718804240226746
0.6753543615341187
0.6830857992172241
0.6838061213493347
0.6649327874183655
0.6664068102836609
0.6739981770515442
0.6688430309295654
0.6650617122650146
0.6692703366279602
0.6797114610671997
0.6755415797233582
0.6644527912139893
0.668038010597229
0.6649962663650513
0.6650406718254089
0.6702379584312439
0.6742691397666931
0.6674251556396484
0.6782529950141907
0.6711408495903015
0.6737043261528015
0.678124189376831
0.6691994071006775
0.669338047504425
0.6640844345092773
0.6633175015449524
0.6735669374465942
0.671772301197052
0.666609525680542
0.6807170510292053
0.6747671365737915
0.6767809391021729
0.6714453101158142
0.6685805320739746
0.6723633408546448
0.6681675314903259
0.6681525707244873
0.6732162833213806
0.6732951402664185
0.6738889813423157
0.6738085150718689
0.663206934928894
0.6687389016151428
0.6700248718261719
0.6728061437606812
0.6723828911781311
0.6798773407936096
0.6641616821289062
0.6727038025856018
0.660126805305481
0.662831723690033
0.6762030124664307
0.6613866686820984
0.6673498153686523
0.6722996830940247
0.6750821471214294
0.6727434992790222
0.6666540503501892
0.6541149020195007
0.677566409111023
0.6723965406417847
0.663353443145752
0.6731258034706116
0.673811137676239
0.6744861006736755
0.6721909642219543
0.6739407777786255
0.6801662445068359
0.6725755929946899
0.6654654741287231
0.66805499792099
0.6812906861305237
0.6675400137901306
0.6696681380271912
0.6701478362083435
0.6668744087219238
0.6705710291862488
0.6652871966362
0.6693509817123413
0.663179337978363
0.6673506498336792
0.6728826761245728
0.6723204255104065
0.6616705656051636
0.671642005443573
0.6729123592376709
0.6770607829093933
0.6735135316848755
0.6636552810668945
0.6669641733169556
0.6665791273117065
0.6745304465293884
0.67074054479599
0.6687255501747131
0.6739476919174194
0.6704293489456177
0.668992817401886
0.679262101650238
0.6627326607704163
0.6623907089233398
0.6672829389572144
0.6798821091651917
0.6668636798858643
0.6686906814575195
0.6681262254714966
0.6759041547775269
0.6702754497528076
0.6701560020446777
0.6584905982017517
0.675053596496582
0.6753880977630615
0.6698787808418274
0.6763980388641357
0.6942956447601318
0.6694808006286621
0.67598557472229
0.6726128458976746
0.6698170304298401
0.671351969242096
0.6748898029327393
0.6664958000183105
0.6686968207359314
0.6725572943687439
0.670098066329956
0.6789692640304565
0.6659172177314758
0.6743390560150146
0.6801300048828125
0.675883412361145
0.6729084253311157
0.6694079637527466
0.6638818383216858
0.6748510599136353
0.6767112612724304
0.671165406703949
0.6787269115447998
0.6724768877029419
0.67372727394104
0.6777352094650269
0.6795671582221985
0.6672316193580627
0.6673242449760437
0.6708042025566101
0.6685545444488525
0.6722188591957092
0.6609999537467957
0.6692104935646057
0.6662124395370483
0.6722749471664429
0.6749193668365479
0.669617772102356
0.6699731945991516
0.6804710626602173
0.6645022630691528
0.6742752194404602
0.678860604763031
0.6631895899772644
0.6669199466705322
0.6801673173904419
0.6781828999519348
0.6702717542648315
0.6691904067993164
0.6744738221168518
0.6677136421203613
0.6807264089584351
0.6658516526222229
0.6684277057647705
0.670339822769165
0.6744808554649353
0.6792609095573425
0.6751548647880554
0.6733558177947998
0.6723849773406982
0.6723459362983704
0.679528534412384
0.6672800183296204
0.6694664359092712
0.6801450252532959
0.6684161424636841
0.6686374545097351
0.6690081357955933
0.6839315295219421
0.6622782945632935
0.6673962473869324
0.6754522919654846
0.673742413520813
0.66304612159729
0.6694357395172119
0.675521969795227
0.6639302372932434
0.6795780658721924
0.6707839965820312
0.6761471629142761
0.6697828769683838
0.6737334132194519
0.6733806133270264
0.6749022006988525
0.6649021506309509
0.6761607527732849
0.6741754412651062
0.6611765027046204
0.6678698062896729
0.6777586936950684
0.6777144074440002
0.6718028783798218
0.6680538654327393
0.6671452522277832
0.6745432019233704
0.6720747351646423
0.6787489056587219
0.6737864017486572
0.6727357506752014
0.6696275472640991
0.6612411141395569
0.6772579550743103
0.6684225797653198
0.676937997341156
0.662286102771759
0.676684558391571
0.6691061854362488
0.6719720959663391
0.6757317781448364
0.6603637933731079
0.6647456288337708
0.66976398229599
0.6656008362770081
0.6787117123603821
0.6611897349357605
0.6749943494796753
0.6619104146957397
0.6673792004585266
0.6760994791984558
0.6635906100273132
0.67384934425354
0.6806978583335876
0.6710964441299438
0.6767357587814331
0.6703752875328064
0.6697947382926941
0.6710836291313171
0.6691350936889648
0.6665608882904053
0.6662091016769409
0.6807474493980408
0.6703100800514221
0.6713430285453796
0.6612318158149719
0.6707497239112854
0.6657305359840393
0.6692426800727844
0.6821082830429077
0.6737803220748901
0.6750380992889404
0.6710080504417419
0.6601123809814453
0.674526035785675
0.6717655658721924
0.6698397994041443
0.6777437925338745
0.6775983572006226
0.6659212112426758
0.678628146648407
0.6685185432434082
0.6683416962623596
0.6765488982200623
0.676655650138855
0.6756137609481812
0.6648592352867126
0.6808260083198547
0.6697567105293274
0.6701815724372864
0.6705088019371033
0.6664369702339172
0.6683125495910645
0.6678495407104492
0.6722375750541687
0.6711991429328918
0.6705255508422852
0.6761584877967834
0.6615972518920898
0.6707555651664734
0.6792253851890564
0.6772575378417969
0.6721327900886536
0.6739524006843567
0.6734047532081604
0.673721432685852
0.6620599627494812
0.6721183657646179
0.6839509010314941
0.668358325958252
0.6637457013130188
0.6624428629875183
0.6731463074684143
0.6684792041778564
0.6632476449012756
0.6636234521865845
0.67093825340271
0.6597241759300232
0.6751278638839722
0.6717129349708557
0.6564018726348877
0.6706353425979614
0.6702327728271484
0.6747762560844421
0.6723295450210571
0.6776098608970642
0.6739919781684875
0.6748104095458984
0.6652826070785522
0.6650566458702087
0.6688011288642883
0.6779281497001648
0.6721828579902649
0.6781252026557922
0.675898551940918
0.6619524359703064
0.6676357388496399
0.6703804731369019
0.6726723313331604
0.6807268857955933
0.6643900871276855
0.6699726581573486
0.6681493520736694
0.6656890511512756
0.6710947155952454
0.6642234921455383
0.6686830520629883
0.6813995242118835
0.6682015657424927
0.6779024004936218
0.6707034707069397
0.6688863635063171
0.6725161671638489
0.6722352504730225
0.6789047718048096
0.6752458810806274
0.6713238954544067
0.6675717830657959
0.6712689995765686
0.66758793592453
0.6661995053291321
0.676757276058197
0.6698801517486572
0.671432614326477
0.6672534942626953
0.6680100560188293
0.6651772260665894
0.6698799729347229
0.6760958433151245
0.6676710844039917
0.6674802303314209
0.6697047352790833
0.6781879663467407
0.6746609210968018
0.6698938012123108
0.6666494011878967
0.6733837127685547
0.6624162793159485
0.6644169688224792
0.6714156866073608
0.6707313060760498
0.6689764857292175
0.6641881465911865
0.6746763586997986
0.6614577770233154
0.6728039383888245
0.667664647102356
0.6705835461616516
0.6725051999092102
0.6662655472755432
0.6763654351234436
0.6716151237487793
0.667587161064148
0.6682226061820984
0.6678025126457214
0.6739017367362976
0.6766806840896606
0.6702075600624084
0.6772666573524475
0.6698445677757263
0.6649901270866394
0.6733858585357666
0.6719536781311035
0.6609574556350708
0.6637807488441467
0.6760844588279724
0.672905445098877
0.6695837378501892
0.6660482287406921
0.6633672714233398
0.6709081530570984
0.6637367606163025
0.6705381274223328
0.6611343026161194
0.6684752106666565
0.6797845959663391
0.6794784069061279
0.6726954579353333
0.6665430665016174
0.6641337275505066
0.6704394817352295
0.669924259185791
0.6769832968711853
0.6715423464775085
0.6757797002792358
0.673194944858551
0.6673399209976196
0.667694091796875
0.669679582118988
0.6661908030509949
0.6781017780303955
0.6753228902816772
0.6738811731338501
0.6615666747093201
0.67091304063797
0.6665418744087219
0.6676168441772461
0.6710861921310425
0.6640658974647522
0.6715181469917297
0.6727654337882996
0.667595624923706
0.6678994297981262
0.6719033718109131
0.6631795763969421
0.6647655963897705
0.672355592250824
0.6659149527549744
0.6720014214515686
0.6706756353378296
0.6772929430007935
0.6706300973892212
0.6775643229484558
0.667564332485199
0.6693198680877686
0.6659240126609802
0.6671974062919617
0.6681064963340759
0.6756663918495178
0.6698879599571228
0.6751101613044739
0.6770433783531189
0.6669920682907104
0.6697442531585693
0.6753386855125427
0.6780071258544922
0.6663410663604736
0.6685729622840881
0.6755963563919067
0.6742246747016907
0.6808657646179199
0.6718289852142334
0.674463152885437
0.6695160865783691
0.6785553097724915
0.6803658604621887
0.6738982200622559
0.6725267767906189
0.6664068102836609
0.672423243522644
0.6652612090110779
0.6682582497596741
0.6669760942459106
0.6778988242149353
0.665250837802887
0.6706186532974243
0.6712319850921631
0.6689310073852539
0.6634576320648193
0.6676018834114075
0.6672777533531189
0.6720969676971436
0.6638877987861633
0.6782903671264648
0.6746161580085754
0.6652922630310059
0.6745777726173401
0.668829083442688
0.674566388130188
0.6700881719589233
0.664135217666626
0.6695548295974731
0.6643698811531067
0.6774609684944153
0.6741329431533813
0.6688331961631775
0.6678943037986755
0.6633139848709106
0.6742668151855469
0.6730808019638062
0.6742974519729614
0.6693626642227173
0.6778535842895508
0.6765717267990112
0.6729825735092163
0.6747734546661377
0.6710070967674255
0.6680935025215149
0.6720204949378967
0.6718990802764893
0.6736036539077759
0.680508553981781
0.6764158606529236
0.6616885662078857
0.6748251914978027
0.6712509989738464
0.6701288223266602
0.6646732091903687
0.677585780620575
0.6694636344909668
0.6715173721313477
0.6768667697906494
0.6675620079040527
0.6724714636802673
0.6777768135070801
0.6721633076667786
0.6682277917861938
0.6690478920936584
0.6710633039474487
0.6721341013908386
0.6672095060348511
0.6714563369750977
0.6779541969299316
0.680938184261322
0.6633366942405701
0.6775553226470947
0.6865782141685486
0.6683482527732849
0.6694830656051636
0.6721135377883911
0.6680240035057068
0.666788637638092
0.6713194847106934
0.6781739592552185
0.6708688735961914
0.6673873662948608
0.6686828136444092
0.6772381663322449
0.6657126545906067
0.6762151718139648
0.6721524000167847
0.670287013053894
0.6616109013557434
0.6659663915634155
0.6649304628372192
0.6640602946281433
0.6670260429382324
0.6688364744186401
0.6646182537078857
0.6718238592147827
0.6747031807899475
0.6749066114425659
0.6724995374679565
0.66856449842453
0.6688427925109863
0.6726189851760864
0.6663257479667664
0.6676241159439087
0.6667120456695557
0.6661588549613953
0.6702133417129517
0.670738935470581
0.6750281453132629
0.6746248602867126
0.6703946590423584
0.6705878376960754
0.6699935793876648
0.6711499094963074
0.6662638783454895
0.6770754456520081
0.6837427020072937
0.6697701215744019
0.6679530739784241
0.6745629906654358
0.6621758937835693
0.6683183908462524
0.6689675450325012
0.6805582046508789
0.673523485660553
0.670153021812439
0.6664602160453796
0.6630434989929199
0.6873573660850525
0.6710100173950195
0.6696239709854126
0.6682208180427551
0.6696522235870361
0.6690024733543396
0.6671239733695984
0.6606804728507996
0.6651585698127747
0.6697760820388794
0.6671741008758545
0.6732706427574158
0.6758173704147339
0.6683827042579651
0.6720011830329895
0.6776100993156433
0.6732642650604248
0.6671929955482483
0.6766968965530396
0.6767459511756897
0.6709075570106506
0.6663597822189331
0.6621206998825073
0.6675176620483398
0.6738174557685852
0.6703931093215942
0.6731162667274475
0.6718536615371704
0.6730720400810242
0.6729326248168945
0.6729787588119507
0.6691552996635437
0.6703365445137024
0.6776121854782104
0.6802794337272644
0.6685547232627869
0.6725667715072632
0.6741411089897156
0.6632676124572754
0.6697845458984375
0.6692750453948975
0.6772779226303101
0.6683523654937744
0.6758155226707458
0.6674578189849854
0.6735879182815552
0.6707791090011597
0.6667709350585938
0.6706372499465942
0.6744871735572815
0.6650148630142212
0.6784635186195374
0.6683235168457031
0.6604048013687134
0.6707004308700562
0.6736942529678345
0.6791516542434692
0.6771548986434937
0.6639710664749146
0.6656614542007446
0.6672999858856201
0.6774904131889343
0.6615503430366516
0.676649808883667
0.6748655438423157
0.6703668236732483
0.6748235821723938
0.6756731271743774
0.6653213500976562
0.6691245436668396
0.6726794838905334
0.6673451066017151
0.6739163398742676
0.6741200089454651
0.665556788444519
0.664940357208252
0.6750224828720093
0.6664202213287354
0.669508695602417
0.6705201268196106
0.6748409271240234
0.6692285537719727
0.6809411644935608
0.6671553254127502
0.6636847257614136
0.6633156538009644
0.6726465821266174
0.6697999835014343
0.6735416054725647
0.6721540093421936
0.6733244061470032
0.6788953542709351
0.6656326651573181
0.6720929145812988
0.6557761430740356
0.6803770065307617
0.6641009449958801
0.673594057559967
0.6717259883880615
0.6713755130767822
0.6756905913352966
0.6728636622428894
0.6770370602607727
0.6727535128593445
0.6685575842857361
0.6800535321235657
0.6670666933059692
0.6707894802093506
0.663891613483429
0.6658707857131958
0.6707126498222351
0.6622542142868042
0.6661289930343628
0.6641123294830322
0.6679561734199524
0.6678217649459839
0.6827418208122253
0.665077269077301
0.665700376033783
0.6667318344116211
0.669721245765686
0.6722589135169983
0.6691989302635193
0.6687094569206238
0.6637079119682312
0.6672700643539429
0.6626366376876831
0.670701801776886
0.6641332507133484
0.6771301031112671
0.6725445985794067
0.6735413670539856
0.6678478121757507
0.67139732837677
0.674386739730835
0.6647486090660095
0.6740399599075317
0.667066216468811
0.6710766553878784
0.6736533641815186
0.670048177242279
0.6667425632476807
0.6713667511940002
0.6722913980484009
0.6670567989349365
0.6668429374694824
0.664117693901062
0.6641783714294434
0.6700071692466736
0.6637744903564453
0.6717697978019714
0.6565243005752563
0.6649340987205505
0.6692352890968323
0.6714805960655212
0.6845229864120483
0.6765689253807068
0.6681161522865295
0.6793354153633118
0.6622917056083679
0.6763226389884949
0.6690623164176941
0.6643394231796265
0.6792938709259033
0.6617122292518616
0.675403356552124
0.6801449060440063
0.6740221381187439
0.6687353253364563
0.6700469255447388
0.6741328239440918
0.6692110896110535
0.6696544885635376
0.6799613237380981
0.6771888136863708
0.6716927289962769
0.6724432110786438
0.6762194633483887
0.6701295375823975
0.6726035475730896
0.6724002957344055
0.6692217588424683
0.6725449562072754
0.6677260994911194
0.6675743460655212
0.6716096997261047
0.6713255047798157
0.6686880588531494
0.6651063561439514
0.6715672016143799
0.6739264130592346
0.6807141900062561
0.67141193151474
0.6729977130889893
0.6656529903411865
0.6720317602157593
0.6760926842689514
0.6724444031715393
0.6723499894142151
0.665451169013977
0.6673116087913513
0.674843430519104
0.6799522638320923
0.6771416664123535
0.6725531220436096
0.6715869903564453
0.6681151390075684
0.6606079339981079
0.6753160357475281
0.6728286743164062
0.6672946214675903
0.6750704646110535
0.6782035827636719
0.6615892648696899
0.6701696515083313
0.6737778782844543
0.6725528240203857
0.6644167304039001
0.66871577501297
0.6688970923423767
0.67401522397995
0.6687391996383667
0.6610444188117981
0.6664493083953857
0.673744261264801
0.6677018404006958
0.6610013842582703
0.6726791858673096
0.671835720539093
0.666562557220459
0.6708253622055054
0.6675533652305603
0.6636395454406738
0.6640447974205017
0.6758276224136353
0.6778240203857422
0.6756238341331482
0.6708595752716064
0.6643342971801758
0.6719918847084045
0.6694332361221313
0.6732237935066223
0.6681500673294067
0.6740120053291321
0.6607315540313721
0.6750047206878662
0.6699512004852295
0.6719823479652405
0.6810367107391357
0.674866259098053
0.6691860556602478
0.6772290468215942
0.6716898083686829
0.6747845411300659
0.6712571978569031
0.6653260588645935
0.670343816280365
0.6677725911140442
0.6647987961769104
0.671893298625946
0.6702906489372253
0.68248450756073
0.674264132976532
0.6634426116943359
0.6704685091972351
0.6711586713790894
0.6699286699295044
0.6666272878646851
0.6606866121292114
0.6665077209472656
0.6708033680915833
0.6684043407440186
0.6705220341682434
0.663462221622467
0.6666412949562073
0.667853593826294
0.6642442345619202
0.6750141382217407
0.666386604309082
0.6731641888618469
0.6727753281593323
0.6679846048355103
0.6754800081253052
0.6789453625679016
0.6821092367172241
0.6662946343421936
0.6679090261459351
0.6684839129447937
0.663618266582489
0.6706249117851257
0.674969494342804
0.6699039340019226
0.6687222123146057
0.6737409830093384
0.6743354201316833
0.6787245869636536
0.6693452000617981
0.6643328070640564
0.6742491722106934
0.6723302006721497
0.6736000776290894
0.6696582436561584
0.678234338760376
0.6670931577682495
0.6720309853553772
0.6680322289466858
0.6727192401885986
0.676641047000885
0.6743226647377014
0.6725320219993591
0.6762464642524719
0.6759951114654541
0.6706690192222595
0.6749975681304932
0.6691308617591858
0.6651288866996765
0.6645487546920776
0.6729702353477478
0.6739376783370972
0.6702630519866943
0.6662061214447021
0.6598818898200989
0.6827638149261475
0.673111617565155
0.6722669005393982
0.6722350120544434
0.6715527772903442
0.6712225079536438
0.6687867641448975
0.6757247447967529
0.6621500849723816
0.6621420383453369
0.6831309199333191
0.6759740710258484
0.6729389429092407
0.678350031375885
0.6746282577514648
0.6669127345085144
0.6733585596084595
0.6687808632850647
0.6656306982040405
0.6662399172782898
0.6670449376106262
0.6732216477394104
0.676097571849823
0.6671808362007141
0.6763243675231934
0.6650949120521545
0.667727530002594
0.6715232133865356
0.6766839027404785
0.6764683723449707
0.6781302690505981
0.6725037097930908
0.6723513007164001
0.6746091842651367
0.6724153161048889
0.6791262030601501
0.665277898311615
0.6775133609771729
0.6744215488433838
0.668246328830719
0.6754981875419617
0.6657671928405762
0.6766031384468079
0.672776997089386
0.6735533475875854
0.6636465191841125
0.66916424036026
0.6700325608253479
0.6705517768859863
0.6713396310806274
0.674615204334259
0.6704573631286621
0.6682337522506714
0.6625495553016663
0.6693268418312073
0.6695027351379395
0.6716985702514648
0.678389310836792
0.6650028228759766
0.6686838269233704
0.6659755706787109
0.6648856401443481
0.6835364699363708
0.6630259156227112
0.6751596927642822
0.6695845127105713
0.6669938564300537
0.6741903424263
0.6790128946304321
0.6669980883598328
0.6629185676574707
0.6731885671615601
0.6582496762275696
0.6629815101623535
0.6708675622940063
0.6771470308303833
0.6713347434997559
0.673209547996521
0.6654979586601257
0.6815633177757263
0.6675310730934143
0.6699865460395813
0.6760641932487488
0.6734129786491394
0.6625196933746338
0.6602482795715332
0.6729544997215271
0.6773483157157898
0.6772088408470154
0.673910915851593
0.6606886386871338
0.6766595840454102
0.6693419218063354
0.6672791838645935
0.6635414958000183
0.6669885516166687
0.6713916659355164
0.6585239768028259
0.6710519194602966
0.6791211366653442
0.6737104654312134
0.6758099794387817
0.667850136756897
0.670377254486084
0.6639050245285034
0.681769609451294
0.6653035879135132
0.663203239440918
0.6709428429603577
0.6695996522903442
0.6635363101959229
0.675041139125824
0.6767987608909607
0.6794366836547852
0.6670196652412415
0.6698999404907227
0.6793226599693298
0.664701521396637
0.6625231504440308
0.6667155623435974
0.6768403053283691
0.6721420288085938
0.6676020622253418
0.67903071641922
0.6666786074638367
0.6764423251152039
0.6656609177589417
0.6575759649276733
0.6765023469924927
0.6700223088264465
0.6654505133628845
0.6626288890838623
0.6884006857872009
0.6627141833305359
0.6756308674812317
0.674327552318573
0.6802819967269897
0.6801801323890686
0.658208429813385
0.6667572855949402
0.6703447699546814
0.6722296476364136
0.663712739944458
0.6635194420814514
0.664533257484436
0.6693198680877686
0.6707051396369934
0.6677768230438232
0.6641769409179688
0.6724302768707275
0.6660671830177307
0.6677328944206238
0.6739583015441895
0.6711457371711731
0.6668559312820435
0.6762334704399109
0.6628413200378418
0.672322690486908
0.6749505996704102
0.6717403531074524
0.6681312918663025
0.6776719093322754
0.6721612811088562
0.6627748608589172
0.6778849959373474
0.6670135855674744
0.6781765222549438
0.6683864593505859
0.6703757643699646
0.6714587211608887
0.676110565662384
0.6655144691467285
0.6785727739334106
0.6758949756622314
0.6677249073982239
0.6810745000839233
0.6645294427871704
0.6762716174125671
0.672760009765625
0.6701862215995789
0.6613460183143616
0.6779637932777405
0.6705724596977234
0.6655300855636597
0.6722019910812378
0.671284019947052
0.6625334024429321
0.6671385169029236
0.6699954271316528
0.6664864420890808
0.6749345064163208
0.6608911752700806
0.6766658425331116
0.6585595607757568
0.6792500615119934
0.6753345131874084
0.6738477945327759
0.6666829586029053
0.6709232330322266
0.6733405590057373
0.6752492189407349
0.6692976355552673
0.6681315898895264
0.6704158782958984
0.6716821789741516
0.6629304885864258
0.6768550872802734
0.6750971078872681
0.6789419651031494
0.6713456511497498
0.6710901260375977
0.6746364831924438
0.6735162734985352
0.67454993724823
0.6712990403175354
0.6698440313339233
0.6640858054161072
0.6735972762107849
0.6713286638259888
0.6672378778457642
0.6810106635093689
0.6734980344772339
0.6716528534889221
0.667645275592804
0.6685905456542969
0.6658458113670349
0.6659256219863892
0.6665270924568176
0.6666119694709778
0.6728171110153198
0.671270489692688
0.6626485586166382
0.6734344363212585
0.6700127720832825
0.6743941307067871
0.6687138080596924
0.6730131506919861
0.6761211156845093
0.6734896898269653
0.6695695519447327
0.6755347847938538
0.6604408621788025
0.673560619354248
0.6647558212280273
0.6706361174583435
0.6740785241127014
0.6697512269020081
0.6600013971328735
0.674666702747345
0.6599072813987732
0.6592826247215271
0.6745439767837524
0.6759071946144104
0.667677104473114
0.6675587296485901
0.6734432578086853
0.6664287447929382
0.6714270114898682
0.6614381670951843
0.6676133871078491
0.6747630834579468
0.6705257892608643
0.6639280319213867
0.6695951223373413
0.6796980500221252
0.6794410347938538
0.6669890284538269
0.6669846773147583
0.6732022166252136
0.6636437177658081
0.6640875339508057
0.6636542081832886
0.6815387010574341
0.6657624244689941
0.6807771921157837
0.6728271245956421
0.670995831489563
0.6695595383644104
0.6709588170051575
0.6738947033882141
0.6719668507575989
0.6732832789421082
0.6776992678642273
0.6758014559745789
0.6760360598564148
0.6661825776100159
0.6685711741447449
0.669249951839447
0.6660418510437012
0.6688477396965027
0.6671273708343506
0.6651443243026733
0.6670446991920471
0.658543050289154
0.66322261095047
0.6717784404754639
0.6680329442024231
0.6719338297843933
0.6670432686805725
0.6728255748748779
0.6759766936302185
0.6759586930274963
0.6702743172645569
0.6734679341316223
0.6705686450004578
0.6654565334320068
0.6699296832084656
0.6783831119537354
0.6644680500030518
0.6637910008430481
0.6720685362815857
0.6769172549247742
0.6695855855941772
0.6669369339942932
0.6688405275344849
0.6760245561599731
0.6699538230895996
0.6645421981811523
0.6710271835327148
0.6793110370635986
0.675605058670044
0.6796598434448242
0.6618371605873108
0.6649582982063293
0.666802167892456
0.6674497127532959
0.6745392084121704
0.6660918593406677
0.6686932444572449
0.6778892874717712
0.6692154407501221
0.6667748689651489
0.6715471148490906
0.6727890968322754
0.6717550158500671
0.6597897410392761
0.6655375361442566
0.6791326999664307
0.6810103058815002
0.6815903782844543
0.6762905120849609
0.6710867285728455
0.6667604446411133
0.669580340385437
0.6589584350585938
0.6703268885612488
0.6756832599639893
0.6648131012916565
0.6706396341323853
0.6775867342948914
0.6646563410758972
0.6715741753578186
0.6729198098182678
0.6668394207954407
0.6770774722099304
0.6685046553611755
0.6757512092590332
0.6645404696464539
0.6670921444892883
0.6736456751823425
0.6699913144111633
0.6802226305007935
0.6614087820053101
0.6632258296012878
0.6739122867584229
0.6757978796958923
0.6661707162857056
0.6666955947875977
0.665198564529419
0.6763370633125305
0.6687201261520386
0.671956479549408
0.6655078530311584
0.666928768157959
0.6746751666069031
0.6736754179000854
0.6698585748672485
0.6792223453521729
0.6714890003204346
0.6787347793579102
0.6722105145454407
0.6740167140960693
0.6677963137626648
0.6675366759300232
0.6668310165405273
0.6708704233169556
0.6652118563652039
0.6798132061958313
0.6711286306381226
0.6640141606330872
0.6635919213294983
0.6755698919296265
0.6760593056678772
0.6649309992790222
0.6740688681602478
0.6684613227844238
0.6726812720298767
0.6720330119132996
0.6708118319511414
0.6789790391921997
0.6702750325202942
0.6695709824562073
0.6703357100486755
0.6703166365623474
0.6674098968505859
0.6652767062187195
0.6803763508796692
0.6653754711151123
0.6707507967948914
0.666315495967865
0.6709043979644775
0.6754909753799438
0.6737761497497559
0.6715596914291382
0.6791665554046631
0.6721126437187195
0.6680501103401184
0.6756680607795715
0.6651182770729065
0.664832592010498
0.6686093807220459
0.6637954711914062
0.6756150126457214
0.674972653388977
0.6681833863258362
0.6715567111968994
0.6698597073554993
0.676332414150238
0.6744288206100464
0.6568471789360046
0.6698760390281677
0.674645721912384
0.6773293018341064
0.6761415004730225
0.6646431684494019
0.6650373339653015
0.6728735566139221
0.6696916222572327
0.6736400127410889
0.6722022294998169
0.6699656844139099
0.6708602905273438
0.6665075421333313
0.661793053150177
0.6721943616867065
0.6793454885482788
0.673043966293335
0.6605818271636963
0.6821351051330566
0.6657143235206604
0.685922384262085
0.6706370115280151
0.670537531375885
0.6737571954727173
0.6642568111419678
0.6708550453186035
0.6787815093994141
0.668205201625824
0.6605938673019409
0.6787089705467224
0.6649013757705688
0.6711042523384094
0.6778655052185059
0.6733000874519348
0.6678111553192139
0.6644591093063354
0.6714745759963989
0.6767392158508301
0.6711764931678772
0.666114091873169
0.6686777472496033
0.6730855107307434
0.6637417674064636
0.6648813486099243
0.6631933450698853
0.66292405128479
0.6677824854850769
0.6728339791297913
0.6679671406745911
0.6701220273971558
0.6815634369850159
0.6787826418876648
0.6766743659973145
0.6652520895004272
0.6684802770614624
0.6794067025184631
0.6539245843887329
0.6819003820419312
0.6724013686180115
0.678870677947998
0.6734418272972107
0.6711849570274353
0.6739885210990906
0.6632978320121765
0.6754003167152405
0.6723718643188477
0.6681933999061584
0.6597027778625488
0.6674531698226929
0.6683359146118164
0.6689684391021729
0.6640936136245728
0.6847182512283325
0.6703544855117798
0.6687372326850891
0.6639414429664612
0.6845607161521912
0.6691834926605225
0.6611639261245728
0.6691274046897888
0.6833657026290894
0.6661145687103271
0.6759776473045349
0.6747640371322632
0.67170649766922
0.6698207259178162
0.6750179529190063
0.6621303558349609
0.6620731353759766
0.6718922257423401
0.6685174107551575
0.6698447465896606
0.6736075282096863
0.6641818881034851
0.6740049123764038
0.6658624410629272
0.6682190895080566
0.6716437935829163
0.6697665452957153
0.6661806702613831
0.6763877272605896
0.665194571018219
0.6700569987297058
0.665606677532196
0.6741889119148254
0.6740590929985046
0.6766425371170044
0.6696188449859619
0.6671527624130249
0.6699438095092773
0.6687727570533752
0.6768286824226379
0.6718311905860901
0.6747846007347107
0.6746476888656616
0.6666199564933777
0.6679660677909851
0.6741047501564026
0.6698790192604065
0.6797372698783875
0.6726731657981873
0.6674398183822632
0.669248104095459
0.6775290966033936
0.669735848903656
0.6676860451698303
0.6767093539237976
0.6691265106201172
0.6696516275405884
0.67005455493927
0.6673619747161865
0.6760603189468384
0.6683443188667297
0.6728876233100891
0.6664096713066101
0.6741858720779419
0.662575900554657
0.6716241240501404
0.6744329333305359
0.6678346395492554
0.6579710245132446
0.66734379529953
0.6664784550666809
0.6656495332717896
0.6729655265808105
0.6711352467536926
0.6744349002838135
0.6719465851783752
0.6683991551399231
0.674824059009552
0.6703230142593384
0.6769120097160339
0.6737414598464966
0.6711682677268982
0.6700047850608826
0.6653461456298828
0.6727856993675232
0.6725543737411499
0.6635180115699768
0.6676021814346313
0.6753986477851868
0.6666259169578552
0.6758692860603333
0.6784369945526123
0.6738981604576111
0.6705520749092102
0.6608772277832031
0.6719592809677124
0.6713237762451172
0.67302006483078
0.67940753698349
0.6682403683662415
0.6743224263191223
0.6643021702766418
0.674506664276123
0.6636269092559814
0.6694622039794922
0.6646655797958374
0.6747598052024841
0.6726826429367065
0.6664780378341675
0.6654790639877319
0.6748678684234619
0.6678454279899597
0.6644951105117798
0.6764580607414246
0.670848548412323
0.6640318036079407
0.6614832282066345
0.675179660320282
0.6724256277084351
0.6745755076408386
0.66407710313797
0.6739571690559387
0.6705483198165894
0.6682223677635193
0.6689321398735046
0.6679040789604187
0.6677336692810059
0.6704195737838745
0.6738002300262451
0.6678319573402405
0.6714619994163513
0.6857336759567261
0.6655207276344299
0.6859683394432068
0.680968701839447
0.6675801873207092
0.6599122285842896
0.6694048643112183
0.6713874936103821
0.676006019115448
0.669181764125824
0.6749605536460876
0.6688334345817566
0.6657926440238953
0.6713454127311707
0.6745408773422241
0.6739400029182434
0.6676319241523743
0.6652629375457764
0.6773414611816406
0.6743188500404358
0.6776192784309387
0.671499490737915
0.6760427951812744
0.676306426525116
0.6718584299087524
0.6704424619674683
0.6618329882621765
0.6749957203865051
0.6642413139343262
0.6743254065513611
0.6725491881370544
0.671025812625885
0.6694965362548828
0.6590149998664856
0.6801965236663818
0.6625401973724365
0.6674392819404602
0.6630321741104126
0.6717261672019958
0.6758174300193787
0.6733627915382385
0.6770603060722351
0.6705012321472168
0.6689943671226501
0.6743977665901184
0.6716139316558838
0.6781864762306213
0.6780261993408203
0.6666857004165649
0.6641166806221008
0.6657396554946899
0.6635616421699524
0.6672641038894653
0.6758473515510559
0.6645108461380005
0.668036162853241
0.6666591763496399
0.6638759970664978
0.6633566617965698
0.6667978167533875
0.6727977395057678
0.6767387390136719
0.6743546724319458
0.6613675951957703
0.6743259429931641
0.6637964248657227
0.6740590929985046
0.6718420386314392
0.671568751335144
0.6767393946647644
0.6665236949920654
0.6702841520309448
0.6654409766197205
0.6677696108818054
0.663120687007904
0.6665124893188477
0.682235062122345
0.6646034717559814
0.6653795838356018
0.6673960089683533
0.669640064239502
0.6796512007713318
0.6765713095664978
0.6602579951286316
0.6637867093086243
0.6639350652694702
0.6713941693305969
0.6755767464637756
0.6664525866508484
0.6632158756256104
0.6752145290374756
0.6807977557182312
0.6703905463218689
0.6727436780929565
0.6604939103126526
0.6789242029190063
0.671275794506073
0.6687957644462585
0.6755223870277405
0.6614728569984436
0.674423098564148
0.6610059142112732
0.669365644454956
0.6636459231376648
0.68345046043396
0.6721318960189819
0.6757276654243469
0.6714370250701904
0.6643984913825989
0.6700512766838074
0.6641243696212769
0.6671358942985535
0.6584415435791016
0.6737908124923706
0.6709115505218506
0.6754182577133179
0.6649600863456726
0.6712146401405334
0.666222870349884
0.6762235760688782
0.6633152961730957
0.6689731478691101
0.6658419370651245
0.673811137676239
0.6727779507637024
0.6729472279548645
0.6694160103797913
0.6836868524551392
0.6650254726409912
0.6770419478416443
0.6683440208435059
0.6695328950881958
0.6699398159980774
0.6827841401100159
0.6740138530731201
0.6657983660697937
0.6589862704277039
0.6737299561500549
0.6679782271385193
0.66902756690979
0.6620402336120605
0.6679559350013733
0.6720497012138367
0.6696401834487915
0.6689465045928955
0.6619539260864258
0.6660688519477844
0.6732099056243896
0.6722162961959839
0.669853150844574
0.6786373257637024
0.6820708513259888
0.671496570110321
0.6645956635475159
0.6825495362281799
0.6589750051498413
0.6743778586387634
0.6705506443977356
0.6706768870353699
0.6794701218605042
0.668685793876648
0.6739237904548645
0.6674561500549316
0.6818588376045227
0.6814272999763489
0.6673223376274109
0.6755176782608032
0.6695995330810547
0.6746042966842651
0.6760358214378357
0.6617804765701294
0.66665118932724
0.6832305788993835
0.6657184958457947
0.6624579429626465
0.6724908947944641
0.6648144721984863
0.6717977523803711
0.670159101486206
0.6797770857810974
0.6702494621276855
0.6725772023200989
0.6736696362495422
0.6727389693260193
0.6703001260757446
0.6691869497299194
0.6771839261054993
0.6697622537612915
0.6693647503852844
0.6621981263160706
0.6782916188240051
0.6717672944068909
0.6707437038421631
0.664283812046051
0.672699511051178
0.6658995151519775
0.6687839031219482
0.6690219640731812
0.6748111248016357
0.6788166761398315
0.6853611469268799
0.6739775538444519
0.6679057478904724
0.664397656917572
0.6719537377357483
0.6744056940078735
0.6802815198898315
0.6777708530426025
0.6542001366615295
0.6744335293769836
0.6578179597854614
0.6746398210525513
0.6676412224769592
0.6680737733840942
0.6767666339874268
0.6634548306465149
0.6813669800758362
0.6694806814193726
0.6679467558860779
0.6753823757171631
0.6608649492263794
0.669527530670166
0.6703448295593262
0.6689449548721313
0.6683878302574158
0.6738518476486206
0.6696740984916687
0.6738401651382446
0.6650354266166687
0.6624600887298584
0.6674497723579407
0.672789454460144
0.6655671000480652
0.6718382835388184
0.6695596575737
0.6759331822395325
0.6726291179656982
0.6600387692451477
0.6730696558952332
0.677060604095459
0.67020183801651
0.6764819025993347
0.6678237318992615
0.665468692779541
0.6744400262832642
0.659552276134491
0.6688928604125977
0.6731504201889038
0.671308159828186
0.6736392974853516
0.6672089695930481
0.6637684106826782
0.6586288213729858
0.6621861457824707
0.6720016002655029
0.6713047027587891
0.6689063906669617
0.6621407270431519
0.6773834228515625
0.6705882549285889
0.6657204031944275
0.6766568422317505
0.6642053723335266
0.6659786105155945
0.66799396276474
0.661116898059845
0.678175687789917
0.6742203831672668
0.6788093447685242
0.6661068797111511
0.6720948219299316
0.6699843406677246
0.6690306663513184
0.6697368025779724
0.6657333374023438
0.6751019358634949
0.6770184636116028
0.6740971207618713
0.6645486354827881
0.6665132641792297
0.66367506980896
0.6759048700332642
0.6778006553649902
0.6596921682357788
0.6694016456604004
0.6728482842445374
0.6667779684066772
0.6606720089912415
0.6735206842422485
0.6679649949073792
0.6627835035324097
0.6727998852729797
0.6706690788269043
0.6632657647132874
0.6643766164779663
0.6655089855194092
0.6749855279922485
0.6695607304573059
0.6762079000473022
0.6725444793701172
0.6645504832267761
0.6771875023841858
0.6687238812446594
0.6622719168663025
0.6770535707473755
0.6839871406555176
0.6664678454399109
0.6643971800804138
0.6739570498466492
0.6764114499092102
0.6652061343193054
0.678058922290802
0.6722831726074219
0.6737819910049438
0.6787495613098145
0.6662030816078186
0.6605654954910278
0.6712201237678528
0.6734914779663086
0.6734673380851746
0.6723566651344299
0.6615762710571289
0.6663286685943604
0.6702751517295837
0.6789970993995667
0.6719174385070801
0.66673344373703
0.6756033897399902
0.6684308052062988
0.6709285378456116
0.6714104413986206
0.6610469818115234
0.6549374461174011
0.6750789880752563
0.6668699979782104
0.6727586984634399
0.6671211123466492
0.6689289212226868
0.6738753318786621
0.6731103658676147
0.6732089519500732
0.668003261089325
0.6730168461799622
0.6663739085197449
0.6641663908958435
0.6694705486297607
0.6710070967674255
0.6619454026222229
0.6690908074378967
0.6702037453651428
0.672720193862915
0.6733524799346924
0.6677089929580688
0.6731463074684143
0.6750026345252991
0.6699935793876648
0.6753465533256531
0.668164849281311
0.6733953356742859
0.6649765968322754
0.6665711402893066
0.667322039604187
0.6761761903762817
0.6738784313201904
0.6736458539962769
0.670781135559082
0.6706233024597168
0.6711689233779907
0.6630899310112
0.6648973226547241
0.6785767078399658
0.6735787391662598
0.6539933085441589
0.6696222424507141
0.6710573434829712
0.6720015406608582
0.6752545833587646
0.6684079170227051
0.6713749766349792
0.6672759056091309
0.6746789813041687
0.6842622756958008
0.6742949485778809
0.6732669472694397
0.6717856526374817
0.6746059656143188
0.6683008670806885
0.6697374582290649
0.6704745292663574
0.6681614518165588
0.6734638810157776
0.676866352558136
0.6705802083015442
0.667224109172821
0.6609101295471191
0.6771959662437439
0.6705346703529358
0.6796807646751404
0.6678500175476074
0.6656255722045898
0.6666378974914551
0.6687029600143433
0.6684455275535583
0.6760948896408081
0.6769274473190308
0.6674996018409729
0.6658778786659241
0.6630285382270813
0.6674748659133911
0.6837540864944458
0.6781373023986816
0.673395037651062
0.6640249490737915
0.6737989187240601
0.6596575379371643
0.6721919178962708
0.664669394493103
0.6657273173332214
0.6726598739624023
0.6709936261177063
0.6711224913597107
0.6745781302452087
0.6652278900146484
0.6719152331352234
0.6750057339668274
0.6753424406051636
0.66930091381073
0.6720883250236511
0.6648114919662476
0.6625024080276489
0.6654966473579407
0.6681032776832581
0.6623395085334778
0.6744844317436218
0.6640140414237976
0.6645292639732361
0.6687757968902588
0.6668027639389038
0.664679765701294
0.6751497387886047
0.6631739139556885
0.6685653328895569
0.6795024275779724
0.6758934855461121
0.6743493676185608
0.6671689748764038
0.6708456873893738
0.678105890750885
0.6690163612365723
0.6625170707702637
0.6693254113197327
0.680396318435669
0.668472409248352
0.666580080986023
0.6727692484855652
0.6619316935539246
0.6595468521118164
0.6691935658454895
0.67420494556427
0.67192542552948
0.6718911528587341
0.6726569533348083
0.6774924993515015
0.6684914231300354
0.6630600690841675
0.6694822311401367
0.6687888503074646
0.6707131266593933
0.6711398959159851
0.6761419773101807
0.6755462884902954
0.6699355840682983
0.666599690914154
0.6714850068092346
0.6708822250366211
0.6714076399803162
0.6620796322822571
0.6791358590126038
0.6708087921142578
0.6679026484489441
0.6709190011024475
0.6716601252555847
0.6641412973403931
0.6749811172485352
0.66860431432724
0.6704760789871216
0.668755829334259
0.6650503873825073
0.6675155758857727
0.6704736351966858
0.6707772016525269
0.6774492859840393
0.6671282052993774
0.6676681637763977
0.6767551302909851
0.6763937473297119
0.6716218590736389
0.6752594113349915
0.668890655040741
0.6684831380844116
0.661811351776123
0.675332248210907
0.6719889044761658
0.676136314868927
0.6706693172454834
0.6649253964424133
0.6646802425384521
0.6759792566299438
0.6833139657974243
0.6644914150238037
0.6657917499542236
0.6719626784324646
0.6683313846588135
0.6652033925056458
0.6712943911552429
0.6707884669303894
0.6679026484489441
0.6694517135620117
0.6768071055412292
0.6800376176834106
0.6657757759094238
0.6651422381401062
0.6728426218032837
0.6644089221954346
0.6757017970085144
0.6623411774635315
0.670874834060669
0.6822778582572937
0.6788891553878784
0.6797096729278564
0.6757117509841919
0.6729432344436646
0.6654316782951355
0.6632595658302307
0.6676836013793945
0.6716071963310242
0.6717303395271301
0.6753290295600891
0.6675833463668823
0.6689253449440002
0.6687846779823303
0.6674227118492126
0.6735283136367798
0.669544517993927
0.6696324348449707
0.6675580739974976
0.6633978486061096
0.6647709608078003
0.6660735607147217
0.6697994470596313
0.6705604195594788
0.6691908240318298
0.6689669489860535
0.668635368347168
0.6674571633338928
0.674786388874054
0.6690928339958191
0.6696217656135559
0.6823694109916687
0.6801841259002686
0.6690826416015625
0.6679773330688477
0.6740117073059082
0.6700995564460754
0.6705950498580933
0.6843127608299255
0.667047917842865
0.6587250828742981
0.6730904579162598
0.669509768486023
0.6713027358055115
0.6746273636817932
0.673026978969574
0.663639485836029
0.6717792749404907
0.6683825254440308
0.6666107177734375
0.6771231293678284
0.6752498745918274
0.669693112373352
0.6734214425086975
0.6791267991065979
0.6666414141654968
0.672848641872406
0.6656285524368286
0.6710633635520935
0.66744065284729
0.668545663356781
0.673907458782196
0.6538459658622742
0.6756748557090759
0.6618773937225342
0.6755149960517883
0.6651527881622314
0.6633476614952087
0.6740718483924866
0.6623390913009644
0.6736254096031189
0.6712708473205566
0.6685768961906433
0.6749505996704102
0.6847209930419922
0.6736165285110474
0.6672723889350891
0.6715129017829895
0.6699246764183044
0.6720787882804871
0.6741856932640076
0.6771096587181091
0.6740183234214783
0.6705657243728638
0.6647422313690186
0.6870259046554565
0.6719127893447876
0.6715633869171143
0.6715432405471802
0.6704371571540833
0.6601784825325012
0.65753573179245
0.6751101613044739
0.6679770350456238
0.6678659915924072
0.6796384453773499
0.6641606092453003
0.6808418035507202
0.6717528104782104
0.6720181703567505
0.6776697635650635
0.6855848431587219
0.668763279914856
0.670796811580658
0.6674390435218811
0.6732402443885803
0.6681869626045227
0.6638593077659607
0.660197913646698
0.6704037189483643
0.6666646003723145
0.6747182011604309
0.6634238362312317
0.6735162734985352
0.6536828875541687
0.6715020537376404
0.6650647521018982
0.6714499592781067
0.6593935489654541
0.6752002835273743
0.6737847924232483
0.6617957353591919
0.6680716872215271
0.6764597296714783
0.6627334952354431
0.6700457334518433
0.6632076501846313
0.6820261478424072
0.6647841334342957
0.6838366985321045
0.6708840131759644
0.6738881468772888
0.6643347144126892
0.6764479279518127
0.6715117692947388
0.6668171286582947
0.6648346185684204
0.6718966960906982
0.6688006520271301
0.6638208031654358
0.6705640554428101
0.6734234094619751
0.6697829961776733
0.6643201112747192
0.6847173571586609
0.6575475335121155
0.6696292757987976
0.6711302995681763
0.6707842350006104
0.6746766567230225
0.6702274084091187
0.6655939221382141
0.668267011642456
0.6737883687019348
0.6774593591690063
0.6702818274497986
0.6810253262519836
0.6753101348876953
0.6683855652809143
0.6651336550712585
0.6749891042709351
0.6680519580841064
0.6752797365188599
0.671252965927124
0.6637621521949768
0.6764525771141052
0.6759412288665771
0.6669079661369324
0.6743932962417603
0.6695789694786072
0.6727144718170166
0.6780189275741577
0.6692417860031128
0.6675628423690796
0.6659790277481079
0.6748378872871399
0.6653440594673157
0.6629823446273804
0.6745530962944031
0.6735334992408752
0.667564332485199
0.6687816977500916
0.6728847026824951
0.6710523366928101
0.6657406091690063
0.6653484106063843
0.668160080909729
0.6627089977264404
0.6760458946228027
0.6684050559997559
0.6653934121131897
0.6720185875892639
0.6654856204986572
0.6719467639923096
0.6629353165626526
0.671151876449585
0.6783105731010437
0.6687647104263306
0.668510913848877
0.6733779907226562
0.6688540577888489
0.6793084740638733
0.6542578935623169
0.669265866279602
0.6723289489746094
0.6717292070388794
0.6759623885154724
0.6681191325187683
0.6653445363044739
0.6682106256484985
0.6642894148826599
0.6722983121871948
0.6786100268363953
0.6671152710914612
0.677570641040802
0.6622788310050964
0.6694992184638977
0.673499345779419
0.6741740107536316
0.6655780076980591
0.6664281487464905
0.6656858921051025
0.6741306781768799
0.6716629266738892
0.6632656455039978
0.668681800365448
0.6610144376754761
0.6693163514137268
0.6698667407035828
0.6621935963630676
0.6796109080314636
0.66880202293396
0.6620562076568604
0.6615771651268005
0.6758348941802979
0.6732257604598999
0.6689428091049194
0.6744756698608398
0.6656318306922913
0.6655563116073608
0.6685677170753479
0.6690074801445007
0.6626261472702026
0.6762466430664062
0.6614542603492737
0.6644845604896545
0.6709213256835938
0.6664444208145142
0.668122410774231
0.6731888055801392
0.6789504289627075
0.6691222786903381
0.6560329794883728
0.6785212159156799
0.67722088098526
0.6691693663597107
0.6708216667175293
0.6674435138702393
0.6629598140716553
0.6748809814453125
0.6754451990127563
0.6695261597633362
0.6682234406471252
0.6730145812034607
0.6783058643341064
0.6716209650039673
0.6759828329086304
0.6744651198387146
0.673428475856781
0.6727049350738525
0.6758580803871155
0.6577814221382141
0.6778808832168579
0.6797007918357849
0.674354612827301
0.6669238805770874
0.6681357622146606
0.6685217618942261
0.6727030873298645
0.672602653503418
0.672723114490509
0.668734610080719
0.6727443933486938
0.6681139469146729
0.6662218570709229
0.6692623496055603
0.6702170968055725
0.6742949485778809
0.6639219522476196
0.6729859113693237
0.6638585925102234
0.6764204502105713
0.6705722808837891
0.6663017272949219
0.662109911441803
0.6779150366783142
0.6752374768257141
0.6736237406730652
0.6748843789100647
0.6610692143440247
0.6748217344284058
0.6716147065162659
0.6766402125358582
0.6628081202507019
0.6656657457351685
0.6665563583374023
0.6740729212760925
0.6612323522567749
0.6832175254821777
0.6660616397857666
0.6722983717918396
0.6645845770835876
0.6814507246017456
0.6627709269523621
0.6684293746948242
0.6641055941581726
0.6718453168869019
0.668800413608551
0.6739855408668518
0.6611175537109375
0.6702873110771179
0.673560380935669
0.6744613647460938
0.6751274466514587
0.6752485036849976
0.6691650152206421
0.6831777691841125
0.6648121476173401
0.6761874556541443
0.6723553538322449
0.670905590057373
0.6670581102371216
0.6597594022750854
0.675267219543457
0.6670371294021606
0.6679869294166565
0.679007351398468
0.6725552082061768
0.6764402985572815
0.660965621471405
0.6717332005500793
0.669745683670044
0.6752806305885315
0.6687349081039429
0.6755057573318481
0.6738285422325134
0.6711090803146362
0.6783068776130676
0.6841166615486145
0.6688092947006226
0.6727514266967773
0.670599102973938
0.6726445555686951
0.6698564887046814
0.6717426180839539
0.6577068567276001
0.6703588366508484
0.672540545463562
0.6676285266876221
0.6691609025001526
0.6688245534896851
0.6692928671836853
0.664789617061615
0.6695822477340698
0.6737295985221863
0.6739482879638672
0.6786370873451233
0.6818166971206665
0.6697301268577576
0.670280933380127
0.6720722913742065
0.6647939085960388
0.6598387956619263
0.6722092628479004
0.666767418384552
0.6806570291519165
0.6735094785690308
0.672086775302887
0.6587792038917542
0.6672101616859436
0.6630632877349854
0.6717707514762878
0.6682604551315308
0.6659889817237854
0.67124342918396
0.665886402130127
0.674979567527771
0.6650466918945312
0.6668651103973389
0.6720377206802368
0.6646943092346191
0.6667753458023071
0.6742458343505859
0.6632823944091797
0.6714935898780823
0.6651495099067688
0.673557460308075
0.6740186214447021
0.6719150543212891
0.6697266697883606
0.6753252148628235
0.6710147857666016
0.6592147946357727
0.6651074886322021
0.6696455478668213
0.669589102268219
0.6760002374649048
0.6673399806022644
0.671760618686676
0.6705119013786316
0.661791980266571
0.6747278571128845
0.6686955094337463
0.6582369804382324
0.672934353351593
0.6566910743713379
0.6647331714630127
0.6894232034683228
0.6727593541145325
0.6733859777450562
0.6780080199241638
0.6742942333221436
0.6621361374855042
0.6679810881614685
0.6715788245201111
0.6676608920097351
0.6758279204368591
0.6717230677604675
0.6652131080627441
0.6705504059791565
0.6743367314338684
0.6673406958580017
0.6694958209991455
0.6739851832389832
0.6666256189346313
0.6661926507949829
0.6571494340896606
0.6696587800979614
0.674763560295105
0.6732572317123413
0.6659929156303406
0.6678248047828674
0.669123649597168
0.6712080836296082
0.6643818616867065
0.6666626930236816
0.6769887804985046
0.6673219203948975
0.6708505153656006
0.671298086643219
0.6642396450042725
0.6681709885597229
0.6753456592559814
0.670226514339447
0.6666204333305359
0.6676954030990601
0.6707711219787598
0.6614308953285217
0.663428783416748
0.6860571503639221
0.6698527932167053
0.6808257699012756
0.6741434931755066
0.6717531681060791
0.6704198718070984
0.6705488562583923
0.6687684059143066
0.6631947159767151
0.6723368167877197
0.6721723079681396
0.6746320128440857
0.6730993390083313
0.6714181900024414
0.6615442037582397
0.6656160354614258
0.676527738571167
0.6680411696434021
0.6727502346038818
0.672598659992218
0.6690467000007629
0.6685922145843506
0.6595138311386108
0.6707534193992615
0.6714602708816528
0.6646955013275146
0.6635387539863586
0.6709945201873779
0.6686776876449585
0.6705803871154785
0.6680471301078796
0.6722286343574524
0.6592293381690979
0.6782665252685547
0.6745570302009583
0.6652612090110779
0.6764131784439087
0.6719267964363098
0.6700121760368347
0.6722917556762695
0.674166202545166
0.6648672223091125
0.6718772053718567
0.67049640417099
0.6705769896507263
0.6678120493888855
0.67184978723526
0.6748847961425781
0.668861448764801
0.6585142612457275
0.6720789074897766
0.6693633794784546
0.6649575233459473
0.6743578314781189
0.6719364523887634
0.6699807047843933
0.6756162643432617
0.6694034934043884
0.6745701432228088
0.6645285487174988
0.6641598343849182
0.6752136945724487
0.6775009036064148
0.6792182326316833
0.6679694652557373
0.6663446426391602
0.6718169450759888
0.6745538711547852
0.6663334965705872
0.6692787408828735
0.6718683838844299
0.6694630980491638
0.6806013584136963
0.6625632643699646
0.6726000308990479
0.6606459021568298
0.6789751052856445
0.6539385318756104
0.6773579716682434
0.6638634204864502
0.674436628818512
0.6668121218681335
0.6706952452659607
0.6805400848388672
0.6629167795181274
0.6728282570838928
0.6727328300476074
0.6754213571548462
0.6605308055877686
0.6751968264579773
0.678368866443634
0.6744548082351685
0.6680881381034851
0.6653833389282227
0.6679558753967285
0.6692165732383728
0.6635972261428833
0.669813334941864
0.6615638732910156
0.6766500473022461
0.6681848764419556
0.6692175269126892
0.6706404685974121
0.6685819625854492
0.668597400188446
0.6677907109260559
0.6686547994613647
0.6753381490707397
0.6679902672767639
0.6615527272224426
0.6576644778251648
0.6648260354995728
0.6719768643379211
0.673481285572052
0.6654465198516846
0.68820720911026
0.6760746240615845
0.6681320667266846
0.671374499797821
0.6651114225387573
0.6658168435096741
0.6701409816741943
0.6691040992736816
0.6517987847328186
0.6760287880897522
0.6641883850097656
0.6680569648742676
0.6676849126815796
0.6751896142959595
0.6649722456932068
0.6702764630317688
0.6701871156692505
0.6768734455108643
0.6612615585327148
0.670955240726471
0.6733556389808655
0.6662953495979309
0.6676033735275269
0.66722172498703
0.6784645915031433
0.6709344387054443
0.6677930355072021
0.6682328581809998
0.6670594215393066
0.6698487401008606
0.6764310598373413
0.6682806015014648
0.6735507845878601
0.6655856966972351
0.6716599464416504
0.6632027626037598
0.6740867495536804
0.6616876721382141
0.680196225643158
0.6689785718917847
0.677427351474762
0.6708617210388184
0.6656979918479919
0.6651477217674255
0.6733848452568054
0.6667704582214355
0.6748082637786865
0.6714919209480286
0.6650296449661255
0.6685132384300232
0.665480375289917
0.6697025895118713
0.6721075773239136
0.6667507886886597
0.6751443147659302
0.6617071628570557
0.6668768525123596
0.6609861850738525
0.6648391485214233
0.6738139390945435
0.6601455807685852
0.664009690284729
0.6639710664749146
0.6695168614387512
0.6571972370147705
0.6658312082290649
0.6658549308776855
0.6681742668151855
0.6776921153068542
0.6682320237159729
0.6694985032081604
0.6675227880477905
0.6721039414405823
0.6686131358146667
0.6641057133674622
0.6695325970649719
0.6692278385162354
0.6696042418479919
0.659230649471283
0.6611353158950806
0.677065372467041
0.6793702244758606
0.6696065664291382
0.6785483956336975
0.6702088713645935
0.6686466932296753
0.6661388874053955
0.6751348972320557
0.6674973368644714
0.6607750058174133
0.6594049334526062
0.6710858941078186
0.6700582504272461
0.6637417078018188
0.6757497191429138
0.6744205951690674
0.6574298143386841
0.6637894511222839
0.6630419492721558
0.6702654957771301
0.6633400917053223
0.6700801849365234
0.6596053838729858
0.6596899628639221
0.6776768565177917
0.6679366827011108
0.6710127592086792
0.6741307377815247
0.6728282570838928
0.6675229668617249
0.6782073378562927
0.6728084683418274
0.6730325222015381
0.6732485890388489
0.6726795434951782
0.6698468327522278
0.6921801567077637
0.6687125563621521
0.6598098874092102
0.661905825138092
0.6705859899520874
0.6729242205619812
0.6836771965026855
0.6670125126838684
0.6631210446357727
0.6720134615898132
0.6736641526222229
0.6844460964202881
0.6673681139945984
0.6693859100341797
0.6740283966064453
0.6698929667472839
0.6670052409172058
0.6674727201461792
0.6622182130813599
0.6772234439849854
0.6669719815254211
0.6628018617630005
0.6697781682014465
0.6722039580345154
0.6769460439682007
0.6716068983078003
0.67539381980896
0.6652190089225769
0.6721345782279968
0.6658851504325867
0.6724368333816528
0.6582443714141846
0.6640301942825317
0.6662049889564514
0.6715831756591797
0.6660946607589722
0.6694132089614868
0.6653079986572266
0.6646154522895813
0.6645861268043518
0.6660629510879517
0.6602744460105896
0.6601815223693848
0.6733558773994446
0.6676923036575317
0.6792158484458923
0.6651929616928101
0.6615429520606995
0.6685590147972107
0.6720108389854431
0.6679098010063171
0.6691920161247253
0.6722557544708252
0.6746683120727539
0.6787042617797852
0.6733898520469666
0.6844670176506042
0.6617997288703918
0.6659029722213745
0.6673136949539185
0.6721742749214172
0.6729730367660522
0.6789637804031372
0.6764715909957886
0.6712228059768677
0.6730523705482483
0.6808110475540161
0.6698848605155945
0.6678960919380188
0.6641215085983276
0.6624429225921631
0.6678178906440735
0.6706286072731018
0.6685777306556702
0.6700536608695984
0.6682857275009155
0.6661754250526428
0.6747980117797852
0.670893669128418
0.6680619120597839
0.6690418124198914
0.673507809638977
0.68413907289505
0.6765806078910828
0.6674863696098328
0.6710987687110901
0.6686409711837769
0.676547110080719
0.6657491326332092
0.666101336479187
0.6763617992401123
0.6716892123222351
0.6647502183914185
0.6687672734260559
0.6720945835113525
0.662157416343689
0.6817125678062439
0.6725619435310364
0.6688501834869385
0.6730517745018005
0.6769968867301941
0.6813496351242065
0.6636318564414978
0.6614753007888794
0.6717977523803711
0.6586819887161255
0.6738418936729431
0.6720972657203674
0.6628842353820801
0.6727057099342346
0.6673464775085449
0.6681275367736816
0.6787427663803101
0.6596328616142273
0.6761773228645325
0.6645717620849609
0.6636457443237305
0.6705828309059143
0.6696399450302124
0.6709267497062683
0.665375828742981
0.6648921966552734
0.660281777381897
0.6797019243240356
0.6684921979904175
0.6761823296546936
0.6742545366287231
0.6719736456871033
0.666073739528656
0.671453595161438
0.6608442068099976
0.6752737760543823
0.6664374470710754
0.6727668046951294
0.6700482368469238
0.6724218130111694
0.6615423560142517
0.6706985235214233
0.6668351292610168
0.6614808440208435
0.6630129218101501
0.6715987324714661
0.667063295841217
0.6809555888175964
0.676021158695221
0.6692752838134766
0.6763083934783936
0.6718767881393433
0.6598730683326721
0.6639449000358582
0.6602150797843933
0.6723201870918274
0.6748453378677368
0.6739168167114258
0.6676000356674194
0.6761171221733093
0.6649411916732788
0.6756873726844788
0.6715226173400879
0.6746364831924438
0.6678577661514282
0.6669639348983765
0.6746510863304138
0.6701065897941589
0.6744713187217712
0.6675089597702026
0.6703588366508484
0.6716492772102356
0.6729466915130615
0.6683195233345032
0.6682878732681274
0.669058084487915
0.6710687875747681
0.6690935492515564
0.6636894345283508
0.6738108396530151
0.6696263551712036
0.6777783036231995
0.6775622367858887
0.6660600900650024
0.6694383025169373
0.6592335104942322
0.6692520380020142
0.6642583012580872
0.6720833778381348
0.6625730991363525
0.666183352470398
0.6713665723800659
0.6627273559570312
0.6613165140151978
0.66066575050354
0.6725100874900818
0.6711940169334412
0.6780276894569397
0.66866534948349
0.6582488417625427
0.6755343675613403
0.6540995240211487
0.6736819744110107
0.6614521741867065
0.6595798134803772
0.677707314491272
0.6616500020027161
0.6705129146575928
0.6705362796783447
0.6610541939735413
0.6738293766975403
0.6660974621772766
0.6733789443969727
0.6744300723075867
0.6619468331336975
0.6650493144989014
0.6736809611320496
0.6706039905548096
0.672577440738678
0.6681304574012756
0.6717989444732666
0.6711671352386475
0.6787223815917969
0.6714301109313965
0.6724733710289001
0.664388120174408
0.6726678013801575
0.6650665998458862
0.6732413172721863
0.6665798425674438
0.6761401295661926
0.6758801937103271
0.675736129283905
0.6697989702224731
0.6665346026420593
0.6578607559204102
0.6675533652305603
0.6695637106895447
0.6660637259483337
0.6666848063468933
0.6661572456359863
0.6631690859794617
0.6700565218925476
0.6575353145599365
0.670395016670227
0.6763057708740234
0.6673752665519714
0.6780651211738586
0.6686865091323853
0.6679096817970276
0.6702572703361511
0.6642554402351379
0.6645897030830383
0.6732439398765564
0.6668960452079773
0.6573842167854309
0.66752690076828
0.6635480523109436
0.6617467403411865
0.6625396013259888
0.6657981276512146
0.678439199924469
0.6632452607154846
0.6625043749809265
0.6749849915504456
0.6627740263938904
0.6753379106521606
0.6703860759735107
0.6686826944351196
0.6716335415840149
0.6690914630889893
0.6763252019882202
0.6706671118736267
0.6721681952476501
0.6655462980270386
0.6632323265075684
0.6627385020256042
0.6681365370750427
0.6718476414680481
0.6726235151290894
0.6827000975608826
0.6688528656959534
0.6677412986755371
0.6660709381103516
0.6705530285835266
0.663847029209137
0.6709781289100647
0.6730956435203552
0.6700539588928223
0.6764029860496521
0.6773224472999573
0.6726289987564087
0.6685502529144287
0.6736840605735779
0.6693333387374878
0.671410083770752
0.6650586724281311
0.671100914478302
0.6668305397033691
0.6624352931976318
0.6664987206459045
0.6610000133514404
0.6700128316879272
0.6722145080566406
0.6648995876312256
0.6767030954360962
0.6719439029693604
0.6723806262016296
0.665664553642273
0.665900468826294
0.6776059865951538
0.6693361401557922
0.6678537130355835
0.6628749966621399
0.6741868853569031
0.6791357398033142
0.6738122701644897
0.670059323310852
0.6798840761184692
0.6707515716552734
0.667576253414154
0.6629371643066406
0.6617065072059631
0.6656351089477539
0.6614526510238647
0.6792396903038025
0.6640459299087524
0.6710590720176697
0.6747360229492188
0.6698898077011108
0.6672675609588623
0.6637555360794067
0.6680076122283936
0.6611632108688354
0.6789915561676025
0.6725708246231079
0.6708917021751404
0.6744820475578308
0.661794126033783
0.6696738600730896
0.6666742563247681
0.6720864176750183
0.6664010286331177
0.6675902605056763
0.6785594820976257
0.6698585748672485
0.6739568710327148
0.664803147315979
0.6701241135597229
0.6683477759361267
0.6750057935714722
0.6739017367362976
0.67816561460495
0.6687213778495789
0.6720631122589111
0.6667758226394653
0.6817345023155212
0.6597943902015686
0.6693111062049866
0.6622714996337891
0.673900306224823
0.6705262660980225
0.6691785454750061
0.6725977659225464
0.6785840392112732
0.6690969467163086
0.6747803688049316
0.6702881455421448
0.6682854294776917
0.6786683201789856
0.6722506284713745
0.6725679039955139
0.6682398319244385
0.6713638305664062
0.6711063385009766
0.6713278889656067
0.6651650071144104
0.667640745639801
0.6632322669029236
0.6723792552947998
0.664646565914154
0.6743215918540955
0.6591875553131104
0.6601004600524902
0.6665666103363037
0.6705640554428101
0.6657426357269287
0.6722838282585144
0.666707456111908
0.6607898473739624
0.6693378686904907
0.6781185865402222
0.664014458656311
0.6739397644996643
0.6657418608665466
0.6681900024414062
0.6789429187774658
0.6710771322250366
0.6654080152511597
0.6602712273597717
0.6699419617652893
0.6704018115997314
0.6694966554641724
0.6780539751052856
0.6725793480873108
0.6668503284454346
0.6640628576278687
0.663193941116333
0.6655855774879456
0.6745803952217102
0.6767473816871643
0.6666977405548096
0.6706296801567078
0.6715549826622009
0.6784687042236328
0.6736544370651245
0.6751607060432434
0.6722800731658936
0.6713905334472656
0.6676168441772461
0.6669904589653015
0.663328230381012
0.6645215749740601
0.6785395741462708
0.6784604787826538
0.668960452079773
0.672190248966217
0.6701399087905884
0.6781983971595764
0.6599874496459961
0.6735576391220093
0.6702613234519958
0.6700692176818848
0.6765115261077881
0.6686373949050903
0.6703780889511108
0.6701185703277588
0.6655723452568054
0.6727197766304016
0.6807827949523926
0.6753379106521606
0.6691704392433167
0.6772584319114685
0.6620061993598938
0.6696633100509644
0.6657648682594299
0.6837537884712219
0.6675780415534973
0.6623389720916748
0.6706240177154541
0.6707266569137573
0.6721281409263611
0.6719744801521301
0.6717028021812439
0.6753054261207581
0.6699821352958679
0.6581125855445862
0.6724812388420105
0.6795569658279419
0.6657494306564331
0.66762775182724
0.6775280833244324
0.6630694270133972
0.6684009432792664
0.6707277297973633
0.6665252447128296
0.6653992533683777
0.6724281907081604
0.6691193580627441
0.6715754270553589
0.6705715656280518
0.6670354008674622
0.6808301210403442
0.666682243347168
0.6608357429504395
0.6725757718086243
0.66574627161026
0.6703172922134399
0.6709844470024109
0.6616070866584778
0.666056215763092
0.6752322912216187
0.6640360951423645
0.6660116910934448
0.6734932065010071
0.6669053435325623
0.6678895354270935
0.6644479036331177
0.6742679476737976
0.6758654713630676
0.6714226007461548
0.6814287304878235
0.6701736450195312
0.6558389663696289
0.6688445806503296
0.677657425403595
0.6677407026290894
0.6669119596481323
0.669607400894165
0.6715583801269531
0.6551222205162048
0.6648497581481934
0.6616353988647461
0.6663087010383606
0.6673275232315063
0.6695532202720642
0.6698158979415894
0.6717361807823181
0.6671651601791382
0.6666220426559448
0.6544342041015625
0.6634267568588257
0.6656833291053772
0.6783950924873352
0.669531524181366
0.6704491972923279
0.6715500354766846
0.6791625022888184
0.6694142818450928
0.6707293391227722
0.6645179986953735
0.6754002571105957
0.6770032644271851
0.6658135652542114
0.6700751781463623
0.6775741577148438
0.6582117676734924
0.6700238585472107
0.661211371421814
0.6767207384109497
0.6636654138565063
0.6642647385597229
0.6610679030418396
0.6804035902023315
0.6710246205329895
0.6667596697807312
0.6652694344520569
0.6804320812225342
0.6751061081886292
0.6700177788734436
0.6609550714492798
0.6784512400627136
0.6649916172027588
0.6622735857963562
0.6666987538337708
0.6766643524169922
0.6634053587913513
0.665339469909668
0.6643208265304565
0.6675325632095337
0.6781508326530457
0.6668040156364441
0.6629136204719543
0.6681613922119141
0.67132967710495
0.667417049407959
0.6820307970046997
0.6769685745239258
0.6656859517097473
0.6772811412811279
0.6719094514846802
0.6720166802406311
0.6736275553703308
0.6678647398948669
0.666344404220581
0.6617685556411743
0.6659275889396667
0.6621557474136353
0.6741200089454651
0.6599610447883606
0.6704798936843872
0.6548869013786316
0.6735662817955017
0.6740981936454773
0.6681747436523438
0.6627637147903442
0.6700248122215271
0.6715606451034546
0.6597422361373901
0.6670569777488708
0.6696818470954895
0.6704197525978088
0.6734616756439209
0.6794108748435974
0.6738508343696594
0.6844281554222107
0.67427659034729
0.678133487701416
0.6709073185920715
0.6698588728904724
0.6775297522544861
0.6749127507209778
0.6708717942237854
0.6788420081138611
0.6679374575614929
0.6659699082374573
0.6790667772293091
0.6599599123001099
0.675792396068573
0.6665269732475281
0.665126383304596
0.6765623688697815
0.677335262298584
0.6693391799926758
0.6725574135780334
0.6733473539352417
0.6681127548217773
0.6711329817771912
0.674867570400238
0.6765682101249695
0.6628341674804688
0.6669068336486816
0.6732167601585388
0.6684573888778687
0.6738240122795105
0.6685317754745483
0.6731929183006287
0.6662566065788269
0.6743540167808533
0.673521101474762
0.6678664088249207
0.6700984239578247
0.6742209792137146
0.6745298504829407
0.670320987701416
0.6700586676597595
0.6621153354644775
0.6590746641159058
0.6684063673019409
0.662013053894043
0.6718884706497192
0.6768973469734192
0.6654047966003418
0.66585373878479
0.6628299355506897
0.6678711771965027
0.676180899143219
0.6656481027603149
0.6625877022743225
0.6726763248443604
0.6674796342849731
0.6667916178703308
0.6654190421104431
0.6658778786659241
0.6701703071594238
0.6740272641181946
0.6789358854293823
0.6728977560997009
0.6706125140190125
0.6758669018745422
0.6734700202941895
0.6668151617050171
