248.39646911621094
229.89259338378906
189.707763671875
135.18045043945312
121.94165802001953
97.7905502319336
81.37982940673828
59.65771484375
58.557655334472656
43.1074104309082
39.07584762573242
29.588815689086914
22.956287384033203
12.301207542419434
6.675803184509277
3.6677043437957764
3.3114140033721924
2.5330135822296143
2.9148521423339844
2.168789863586426
2.223362445831299
2.0811262130737305
1.9557440280914307
1.6620287895202637
1.562153935432434
1.6324506998062134
1.2845871448516846
1.2544089555740356
1.4105702638626099
1.2879990339279175
1.2919203042984009
1.2182728052139282
1.0772502422332764
1.2084105014801025
1.0652453899383545
1.0328630208969116
1.110022783279419
1.2559493780136108
0.9986773729324341
1.0309346914291382
0.9721747040748596
0.9125190377235413
1.054052710533142
1.154021978378296
0.9213624000549316
0.954157292842865
0.8773924708366394
0.9752865433692932
0.8623303771018982
1.014550805091858
0.9049485921859741
1.016680121421814
0.9441120624542236
0.9528465270996094
0.9122965931892395
0.8467980623245239
0.9645286798477173
0.8539281487464905
0.9086952209472656
0.9418667554855347
0.8482180237770081
0.9187026023864746
0.7964321374893188
0.8430101871490479
0.8303341269493103
0.8177772760391235
0.8383641839027405
0.8972495794296265
0.8732646107673645
0.8889600038528442
0.8207781314849854
0.8599811792373657
0.8084942102432251
0.8387386798858643
0.9535742998123169
0.8038068413734436
0.8020292520523071
0.8385316729545593
0.874417245388031
0.8058145642280579
0.8926796317100525
0.8017929792404175
0.8165979385375977
0.8736681342124939
0.7636891603469849
0.7903619408607483
0.8578180074691772
0.7973814606666565
0.8057247996330261
0.7912145256996155
0.8372994065284729
0.7814591526985168
0.8507881760597229
0.7636823058128357
0.7893601655960083
0.8058860301971436
0.8041524291038513
0.7046741247177124
0.7905586957931519
0.7536371946334839
0.8224915862083435
0.7235862016677856
0.7840837836265564
0.8523603081703186
0.7821981906890869
0.8320707082748413
0.7505935430526733
0.7730404138565063
0.7771703600883484
0.7309331893920898
0.7857592105865479
0.7802923917770386
0.7531166076660156
0.792717456817627
0.7332929372787476
0.741801381111145
0.7317987680435181
0.7482159733772278
0.7445612549781799
0.7426765561103821
0.726538896560669
0.7561101317405701
0.7297917604446411
0.7660055756568909
0.7679362893104553
0.7594950199127197
0.7170423865318298
0.7195655107498169
0.7040528655052185
0.7777685523033142
0.7143696546554565
0.7113012671470642
0.7617092728614807
0.7026143074035645
0.7795111536979675
0.70234614610672
0.7346586585044861
0.7604071497917175
0.7344074845314026
0.731792151927948
0.7210482358932495
0.7577791810035706
0.7512340545654297
0.7447156310081482
0.7229393124580383
0.7300320267677307
0.7571585178375244
0.7190683484077454
0.7070834636688232
0.7145446538925171
0.7141109704971313
0.7343788743019104
0.714224100112915
0.7059023976325989
0.7209481000900269
0.718392014503479
0.6933279633522034
0.7296257615089417
0.7501808404922485
0.729430079460144
0.754646897315979
0.7387785911560059
0.7168477177619934
0.7218654751777649
0.7388469576835632
0.7296228408813477
0.7027239203453064
0.7688198089599609
0.7085555791854858
0.7440516948699951
0.7361648678779602
0.7371620535850525
0.7422967553138733
0.7007675170898438
0.7141984105110168
0.7368465662002563
0.7248004078865051
0.744638204574585
0.7487313747406006
0.7297579646110535
0.7421078681945801
0.7305564284324646
0.7241212129592896
0.704073965549469
0.7246060371398926
0.713040292263031
0.7461832165718079
0.7524843215942383
0.7106427550315857
0.7367995977401733
0.714275598526001
0.7418195605278015
0.7390547394752502
0.7303692698478699
0.735762894153595
0.7074220180511475
0.7274073958396912
0.7013542652130127
0.718052864074707
0.7132744789123535
0.7182827591896057
0.7363243103027344
0.7285075187683105
0.7335452437400818
0.7274666428565979
0.6963244080543518
0.7213612794876099
0.7064759135246277
0.6950540542602539
0.7000228762626648
0.6973687410354614
0.729499876499176
0.707400918006897
0.69875568151474
0.737684428691864
0.7082503437995911
0.6955434679985046
0.6952389478683472
0.7149341702461243
0.7305145263671875
0.6998714804649353
0.7067217230796814
0.7060614824295044
0.7156862020492554
0.7242422103881836
0.7112782001495361
0.717522919178009
0.6938173174858093
0.6987193822860718
0.6997572779655457
0.711663007736206
0.7371294498443604
0.7051854133605957
0.683820903301239
0.7159099578857422
0.7046904563903809
0.6965160369873047
0.7125165462493896
0.6891520619392395
0.7105687260627747
0.6972345113754272
0.7045867443084717
0.6850632429122925
0.6965929269790649
0.7064977288246155
0.7056148648262024
0.6894177794456482
0.6944381594657898
0.6952783465385437
0.7393991351127625
0.6986667513847351
0.7208328247070312
0.7002395391464233
0.7196536660194397
0.6988040804862976
0.7212564945220947
0.6932755708694458
0.7059040665626526
0.7040915489196777
0.6953245401382446
0.693902850151062
0.7084491848945618
0.7086033821105957
0.693623423576355
0.6934008598327637
0.7021852135658264
0.69936203956604
0.7020268440246582
0.6912542581558228
0.6990123391151428
0.7215250730514526
0.7126341462135315
0.6920786499977112
0.6923822164535522
0.6963077187538147
0.7056583166122437
0.6928726434707642
0.726327121257782
0.6946808099746704
0.6990514397621155
0.6906877756118774
0.6972339749336243
0.7095643281936646
0.7077502608299255
0.7045445442199707
0.695332407951355
0.717340886592865
0.7030596137046814
0.7222009301185608
0.697365403175354
0.7080321311950684
0.6905151605606079
0.69905024766922
0.6790680885314941
0.7167150378227234
0.6911331415176392
0.701400876045227
0.6933222413063049
0.6889898180961609
0.7008541822433472
0.7184903621673584
0.68359375
0.7014874219894409
0.6877925992012024
0.7106298804283142
0.6945818066596985
0.7131623029708862
0.6986053586006165
0.696291983127594
0.6978609561920166
0.6875065565109253
0.6956503987312317
0.6930753588676453
0.6981793642044067
0.7017090916633606
0.6967087984085083
0.7032453417778015
0.6976782083511353
0.6956319808959961
0.6940109729766846
0.7186069488525391
0.6940945982933044
0.7109275460243225
0.6919776201248169
0.6940606832504272
0.7036271691322327
0.6924221515655518
0.7171939611434937
0.6931326389312744
0.6974373459815979
0.6885635852813721
0.6882771253585815
0.6917995810508728
0.7114628553390503
0.7086825966835022
0.701627790927887
0.6880553960800171
0.6885606646537781
0.6981265544891357
0.688929557800293
0.6898863911628723
0.6963783502578735
0.6944208741188049
0.7044503092765808
0.6945972442626953
0.6998785138130188
0.7100824117660522
0.7056269645690918
0.6763232946395874
0.7138102054595947
0.7052754759788513
0.6941618919372559
0.6933270692825317
0.709607720375061
0.689630925655365
0.6885271668434143
0.6999335289001465
0.7071039080619812
0.6952433586120605
0.6981942057609558
0.6960232257843018
0.6899356245994568
0.6984400749206543
0.6931708455085754
0.6926923394203186
0.7189081311225891
0.6741495728492737
0.6881136298179626
0.6959744691848755
0.6867575645446777
0.695722222328186
0.7178409695625305
0.6864318251609802
0.7042103409767151
0.7058156132698059
0.6894344687461853
0.6905098557472229
0.69802325963974
0.676342785358429
0.6825111508369446
0.6973303556442261
0.7065351605415344
0.6954984664916992
0.7106678485870361
0.6906135678291321
0.6907647848129272
0.6927955746650696
0.6747239232063293
0.6851052045822144
0.684644341468811
0.6931604743003845
0.7053041458129883
0.6960964202880859
0.714324951171875
0.7080065608024597
0.6898941993713379
0.7047784924507141
0.7028332948684692
0.6892501711845398
0.690072774887085
0.7112634778022766
0.6872334480285645
0.6878917813301086
0.7007946372032166
0.6860369443893433
0.7103891968727112
0.6684845089912415
0.6886870265007019
0.69856858253479
0.682522714138031
0.6923037767410278
0.6938267350196838
0.6864369511604309
0.7163891196250916
0.687168300151825
0.6950070858001709
0.6945722103118896
0.7004421353340149
0.6800922751426697
0.69212406873703
0.7023041248321533
0.6967591047286987
0.7206445932388306
0.6906517148017883
0.6957119107246399
0.7025555968284607
0.7019609808921814
0.6929141879081726
0.7005151510238647
0.701644241809845
0.6934226155281067
0.6884105801582336
0.7082065939903259
0.6976456642150879
0.6977391242980957
0.6926829814910889
0.6977658867835999
0.7085835933685303
0.6899658441543579
0.6864358186721802
0.6933134198188782
0.6958581209182739
0.701522707939148
0.6964837908744812
0.6955990195274353
0.6975312829017639
0.6851763725280762
0.6817962527275085
0.7025058269500732
0.7210809588432312
0.6894744634628296
0.68760085105896
0.6894072890281677
0.6877337694168091
0.6854860186576843
0.6894358396530151
0.6953174471855164
0.698948085308075
0.6860030293464661
0.6900704503059387
0.7010809779167175
0.6829298734664917
0.6912243962287903
0.6769415736198425
0.6958504319190979
0.693547785282135
0.6870758533477783
0.6921745538711548
0.6932053565979004
0.679943859577179
0.6853408813476562
0.6949126124382019
0.6969133615493774
0.69667649269104
0.6965795159339905
0.6887626051902771
0.6920045018196106
0.6920260787010193
0.6957952380180359
0.7064229846000671
0.6820630431175232
0.6922409534454346
0.6941080093383789
0.6875447034835815
0.6989238262176514
0.6834477186203003
0.6928966045379639
0.6847047209739685
0.6980668902397156
0.6859056949615479
0.68071049451828
0.688079297542572
0.6856986284255981
0.6831304430961609
0.6891994476318359
0.6957167983055115
0.6769099235534668
0.6816479563713074
0.6804177165031433
0.6815019845962524
0.6958021521568298
0.6931627988815308
0.688318133354187
0.7021809816360474
0.6952165961265564
0.7051197290420532
0.692428469657898
0.6966826915740967
0.6862877607345581
0.6965605616569519
0.6960994601249695
0.6893872022628784
0.696638822555542
0.6916917562484741
0.6858223676681519
0.6927646398544312
0.686495304107666
0.6931548714637756
0.680724024772644
0.6841939091682434
0.6835684180259705
0.6835076212882996
0.7004375457763672
0.6902204155921936
0.6775175929069519
0.6891344785690308
0.6964049935340881
0.68816077709198
0.7044817805290222
0.6821011900901794
0.6938909888267517
0.6886250376701355
0.6956717371940613
0.6968826055526733
0.6869822144508362
0.6929410696029663
0.6979014873504639
0.6877536773681641
0.6904443502426147
0.6862848997116089
0.6981815099716187
0.6899241209030151
0.6909788846969604
0.683151125907898
0.6819679737091064
0.7019773721694946
0.6908990144729614
0.6997427940368652
0.6841192245483398
0.6864833235740662
0.6814377307891846
0.7005475163459778
0.6920520663261414
0.6792843341827393
0.7042974233627319
0.6943895816802979
0.6934161186218262
0.6874333024024963
0.6847994327545166
0.6784815788269043
0.692798376083374
0.6851293444633484
0.6925011277198792
0.6981993913650513
0.6887014508247375
0.7128555774688721
0.6920478343963623
0.6901633739471436
0.686770498752594
0.6871724724769592
0.6861910223960876
0.6914175748825073
0.696614146232605
0.6856902241706848
0.7133567929267883
0.6966495513916016
0.69156813621521
0.6911941766738892
0.701034426689148
0.6838065385818481
0.6887164115905762
0.6843557953834534
0.6935824155807495
0.6841709017753601
0.688836395740509
0.6873778104782104
0.6950913071632385
0.6867084503173828
0.6874069571495056
0.6929664015769958
0.6894872784614563
0.6895527243614197
0.6849561333656311
0.6770468354225159
0.7041398286819458
0.6884985566139221
0.6792381405830383
0.6854644417762756
0.6891269087791443
0.6927065849304199
0.6935210824012756
0.674299955368042
0.6850479245185852
0.690165638923645
0.6866449117660522
0.6969768404960632
0.7029178738594055
0.6777779459953308
0.6904078125953674
0.6894413232803345
0.6971347332000732
0.6819231510162354
0.7063605189323425
0.6799429059028625
0.6771910190582275
0.6917480826377869
0.686101496219635
0.7169075012207031
0.6982343792915344
0.6863076090812683
0.6968480944633484
0.6869834065437317
0.6875321865081787
0.6857461333274841
0.6889863014221191
0.6961438655853271
0.7085596919059753
0.6974241137504578
0.6877580285072327
0.6891095638275146
0.6767238974571228
0.6838593482971191
0.7019484639167786
0.6935925483703613
0.6925181150436401
0.6957470178604126
0.6923723220825195
0.6943881511688232
0.6853479146957397
0.6786569952964783
0.6775668859481812
0.7027896642684937
0.6927936673164368
0.7124117016792297
0.6971667408943176
0.7038481831550598
0.6836450099945068
0.6794707775115967
0.6811046600341797
0.6876770853996277
0.6774664521217346
0.7020699381828308
0.6864764094352722
0.6882413625717163
0.6910109519958496
0.6920825839042664
0.7030532360076904
0.6917902231216431
0.6882210969924927
0.6842365860939026
0.6875152587890625
0.6929258704185486
0.6888522505760193
0.694703996181488
0.6892591118812561
0.6866808533668518
0.692935585975647
0.686689019203186
0.6915675401687622
0.6809574961662292
0.6902065277099609
0.6786615252494812
0.703127920627594
0.6914804577827454
0.6913877129554749
0.6935572624206543
0.6886496543884277
0.6986455321311951
0.6785438656806946
0.6826879382133484
0.6793462038040161
0.6944939494132996
0.6863547563552856
0.7019066214561462
0.6869277954101562
0.711027979850769
0.6927747130393982
0.6806979775428772
0.6854800581932068
0.6967153549194336
0.6825198531150818
0.6942195892333984
0.6871731281280518
0.6854813098907471
0.6958975791931152
0.6763440370559692
0.6899285912513733
0.7011475563049316
0.6829429268836975
0.6877676248550415
0.6912469863891602
0.6845486760139465
0.6812751293182373
0.6832135915756226
0.687987208366394
0.6847962141036987
0.6912723779678345
0.6915333867073059
0.6804797053337097
0.6995158195495605
0.6961723566055298
0.675957202911377
0.6987203359603882
0.6886840462684631
0.6937433481216431
0.677950918674469
0.6802087426185608
0.6895642876625061
0.6797981858253479
0.6967966556549072
0.6938745975494385
0.6788603663444519
0.6878750920295715
0.6939662098884583
0.6857949495315552
0.6882519125938416
0.6858223080635071
0.697324812412262
0.6865377426147461
0.6783082485198975
0.6891789436340332
0.6862085461616516
0.6804596185684204
0.6894713044166565
0.7052455544471741
0.6935378909111023
0.7003100514411926
0.7026140689849854
0.6816353797912598
0.682311475276947
0.6816275715827942
0.6882132291793823
0.6950722336769104
0.6888259649276733
0.6914178133010864
0.6821803450584412
0.6877426505088806
0.6963775157928467
0.6939724087715149
0.6902738213539124
0.6895648241043091
0.6878769993782043
0.678281843662262
0.6919186115264893
0.6865236759185791
0.6807740330696106
0.6916686296463013
0.6883803606033325
0.686835527420044
0.7026002407073975
0.6864527463912964
0.6809482574462891
0.6844097375869751
0.6885054707527161
0.6944989562034607
0.700920581817627
0.6841558814048767
0.6814945340156555
0.6885167956352234
0.7026270031929016
0.6842168569564819
0.6841161251068115
0.6903735995292664
0.7043220400810242
0.6760929822921753
0.6803317666053772
0.6898497939109802
0.6873390078544617
0.6863073706626892
0.6969639658927917
0.6813778281211853
0.6818081736564636
0.6848040223121643
0.6855104565620422
0.6963875889778137
0.6867266297340393
0.698351263999939
0.6810929775238037
0.6802874803543091
0.7026678323745728
0.6875325441360474
0.6860036253929138
0.6767184138298035
0.6885614395141602
0.68177729845047
0.6927199363708496
0.6884185671806335
0.679534375667572
0.6826436519622803
0.6850812435150146
0.675957202911377
0.695154070854187
0.6955022811889648
0.6844292283058167
0.6860054731369019
0.6824925541877747
0.6833717226982117
0.6803829669952393
0.6870648860931396
0.7098997235298157
0.6808653473854065
0.6869580745697021
0.6870466470718384
0.6816818714141846
0.6954814791679382
0.6969028115272522
0.6956875324249268
0.68607097864151
0.6893195509910583
0.6846825480461121
0.7000852227210999
0.6934067010879517
0.6772407293319702
0.6824038624763489
0.6857673525810242
0.6779724955558777
0.6916057467460632
0.6801159977912903
0.6760750412940979
0.6882683038711548
0.6797124147415161
0.6793914437294006
0.6990348696708679
0.7048641443252563
0.6817868947982788
0.7041852474212646
0.68173748254776
0.6848906874656677
0.6817032694816589
0.6812071800231934
0.6869511604309082
0.6747266054153442
0.6871037483215332
0.6707668304443359
0.6909336447715759
0.6851388216018677
0.699800968170166
0.6812923550605774
0.6858565211296082
0.6875935792922974
0.6882632374763489
0.6828922629356384
0.680698573589325
0.6887179017066956
0.6780884861946106
0.6797530651092529
0.6762267351150513
0.6908823847770691
0.6912248730659485
0.6965070366859436
0.6844190359115601
0.6754497289657593
0.7037738561630249
0.679504930973053
0.6892690062522888
0.6806684732437134
0.6823863983154297
0.6905839443206787
0.6970177888870239
0.6773884296417236
0.6841744780540466
0.6892898678779602
0.6888114213943481
0.6901604533195496
0.6829149723052979
0.6829507946968079
0.6787603497505188
0.6936100721359253
0.6883657574653625
0.6832862496376038
0.6916918754577637
0.6823030710220337
0.6898444294929504
0.6908612847328186
0.6857659220695496
0.6805206537246704
0.6844555139541626
0.6954300999641418
0.6857007741928101
0.6829204559326172
0.6926313638687134
0.696375846862793
0.681279718875885
0.6879159808158875
0.6874606609344482
0.6981787085533142
0.6870108842849731
0.6865994930267334
0.6862741708755493
0.6928679347038269
0.6950830221176147
0.6881885528564453
0.6997314095497131
0.6965203881263733
0.6831192970275879
0.6999325752258301
0.6795879006385803
0.6924702525138855
0.7031561732292175
0.6795002818107605
0.6851465106010437
0.6896610260009766
0.6871820092201233
0.6865258812904358
0.6843339204788208
0.6936781406402588
0.6919369697570801
0.6778174042701721
0.7030918598175049
0.6802330017089844
0.695604145526886
0.6970704197883606
0.7130658030509949
0.697925329208374
0.6914142966270447
0.6809165477752686
0.6864046454429626
0.6940857172012329
0.6909847855567932
0.6922481060028076
0.6986686587333679
0.6831048727035522
0.688357949256897
0.6872692704200745
0.6998043060302734
0.6853597164154053
0.684415340423584
0.6859792470932007
0.6850692629814148
0.6873447299003601
0.6904103755950928
0.6850979328155518
0.6832687258720398
0.6900026798248291
0.6755648851394653
0.6806308627128601
0.6818698644638062
0.6866226196289062
0.6911054253578186
0.6754192113876343
0.7250853180885315
0.7022221684455872
0.6759188175201416
0.690783679485321
0.6829346418380737
0.6912873387336731
0.6911676526069641
0.683504045009613
0.6790663003921509
0.7007836699485779
0.6865835785865784
0.6835046410560608
0.6931505799293518
0.68620765209198
0.7179744243621826
0.685177206993103
0.6978981494903564
0.6902511715888977
0.6871097087860107
0.7113139033317566
0.6869658827781677
0.6800451874732971
0.6903544664382935
0.6942563652992249
0.6800228357315063
0.6966572999954224
0.7024503946304321
0.6909759044647217
0.687690258026123
0.6871565580368042
0.6745033860206604
0.6895225644111633
0.6882777810096741
0.6744118332862854
0.6838684678077698
0.6856174468994141
0.6916656494140625
0.6837525367736816
0.6949788331985474
0.6852096319198608
0.7034344673156738
0.6999765634536743
0.6900959610939026
0.6879692673683167
0.6921467781066895
0.6841005682945251
0.6825841665267944
0.7039408683776855
0.6793050765991211
0.6880747079849243
0.6825811266899109
0.681894063949585
0.6955019235610962
0.6885783076286316
0.6930689215660095
0.6910412311553955
0.6914681792259216
0.6795634031295776
0.6877344250679016
0.6937940120697021
0.6864794492721558
0.6931771636009216
0.6830055117607117
0.6831490397453308
0.7007442712783813
0.6925774216651917
0.6815851330757141
0.6850348114967346
0.6908644437789917
0.6751312017440796
0.6771059036254883
0.6956610083580017
0.6829772591590881
0.7028713226318359
0.6779311895370483
0.7026131749153137
0.6947120428085327
0.6927696466445923
0.6968265175819397
0.6748157739639282
0.6845518350601196
0.6924185156822205
0.6819698810577393
0.6865387558937073
0.6987444162368774
0.6912658214569092
0.7018861174583435
0.6895176768302917
0.6841036081314087
0.6773145198822021
0.6978887915611267
0.6791098713874817
0.703191339969635
0.6876060366630554
0.680114209651947
0.7093719244003296
0.6861975193023682
0.6845727562904358
0.6901552081108093
0.6958189010620117
0.6833195090293884
0.6859638690948486
0.6878795623779297
0.6880324482917786
0.6970973610877991
0.6921966075897217
0.6847864985466003
0.6815136075019836
0.6830251216888428
0.6938731074333191
0.6800216436386108
0.6854955554008484
0.6814025044441223
0.6781254410743713
0.6787173748016357
0.6855005621910095
0.6894255876541138
0.6951950192451477
0.7001094818115234
0.6776806712150574
0.6798176765441895
0.6847664713859558
0.6855019927024841
0.6918240785598755
0.6840420961380005
0.6828979253768921
0.6794375777244568
0.6961938738822937
0.6839367747306824
0.6893875002861023
0.6876848936080933
0.6826168894767761
0.6849150657653809
0.6939940452575684
0.6857031583786011
0.696692943572998
0.6753414869308472
0.6883254647254944
0.6819729804992676
0.6849218606948853
0.7006651163101196
0.6915856599807739
0.6784458160400391
0.6891028881072998
0.6902287006378174
0.6945642232894897
0.6863772869110107
0.6866336464881897
0.6849020719528198
0.6835293769836426
0.6780943870544434
0.6866560578346252
0.6932862997055054
0.6843106150627136
0.6929484009742737
0.6979308724403381
0.6939979195594788
0.6848519444465637
0.6771937608718872
0.6810409426689148
0.6983926296234131
0.6974530816078186
0.6943315863609314
0.698179304599762
0.6955809593200684
0.690501868724823
0.6795960664749146
0.6941344141960144
0.6851572394371033
0.6870691180229187
0.6889857053756714
0.6816615462303162
0.6903489232063293
0.6881123781204224
0.6891622543334961
0.6856161952018738
0.684104323387146
0.6843776106834412
0.6895974278450012
0.6852860450744629
0.6891855001449585
0.686400294303894
0.6875543594360352
0.6940645575523376
0.6836568117141724
0.6933420896530151
0.6845104694366455
0.6837066411972046
0.6774134635925293
0.6800165176391602
0.6866713762283325
0.6942698359489441
0.6791019439697266
0.6954503059387207
0.6815659403800964
0.6753711104393005
0.6909002661705017
0.6819049715995789
0.6845163702964783
0.6927326321601868
0.6904556751251221
0.6904750466346741
0.6838743090629578
0.6836206912994385
0.6873328685760498
0.6829493641853333
0.6940849423408508
0.6860772967338562
0.6931701898574829
0.6958563923835754
0.6879478096961975
0.6859256625175476
0.6816599369049072
0.6873048543930054
0.685335636138916
0.6789739727973938
0.6859952807426453
0.6843393445014954
0.6944295763969421
0.6906836032867432
0.6893021464347839
0.6864868402481079
0.6823316216468811
0.6846614480018616
0.6892293691635132
0.6836245059967041
0.6851252913475037
0.6849346160888672
0.6919792294502258
0.6831164956092834
0.6790707111358643
0.6832892894744873
0.700867772102356
0.6905718445777893
0.6858617067337036
0.7060129046440125
0.6856898665428162
0.6900951862335205
0.6801672577857971
0.6906880140304565
0.687895655632019
0.6946951746940613
0.6843425035476685
0.6922531723976135
0.67596036195755
0.679806649684906
0.681216835975647
0.6916377544403076
0.6891210675239563
0.6941872239112854
0.6968495845794678
0.6972506046295166
0.6836857199668884
0.6916080117225647
0.6790236234664917
0.6847215890884399
0.681206226348877
0.6877868175506592
0.6868230104446411
0.6756129264831543
0.6934287548065186
0.6858439445495605
0.69014573097229
0.6874445080757141
0.678185224533081
0.6705760359764099
0.6769500374794006
0.6845581531524658
0.6784995198249817
0.6892170906066895
0.684765636920929
0.6768249869346619
0.6758810877799988
0.6871621012687683
0.6887892484664917
0.6789562106132507
0.694614052772522
0.6864687204360962
0.6868884563446045
0.6967912316322327
0.6816891431808472
0.6852411031723022
0.68602454662323
0.6836609840393066
0.689597487449646
0.6924404501914978
0.6854376196861267
0.6811683177947998
0.6836749315261841
0.6898755431175232
0.6864002346992493
0.6827215552330017
0.694873034954071
0.6771882772445679
0.6776231527328491
0.6932455897331238
0.6858900189399719
0.6887492537498474
0.6849396824836731
0.6801965236663818
0.6851892471313477
0.6935496926307678
0.6841300129890442
0.6793951392173767
0.6782373189926147
0.6944853067398071
0.6840613484382629
0.6880800127983093
0.6864575147628784
0.6799837350845337
0.687214195728302
0.6856052875518799
0.7076116800308228
0.6837306618690491
0.6930193305015564
0.6752971410751343
0.6916888952255249
0.6847198009490967
0.6920984387397766
0.6793307065963745
0.6829911470413208
0.6857346892356873
0.6837818622589111
0.6806994676589966
0.6854435801506042
0.6840988397598267
0.6805356740951538
0.6880017518997192
0.6870656609535217
0.6811301708221436
0.67667555809021
0.6748495101928711
0.6787088513374329
0.6828715801239014
0.6875506043434143
0.6831098198890686
0.6863702535629272
0.7002074718475342
0.6834416389465332
0.6943951845169067
0.6836168169975281
0.6934073567390442
0.6994252800941467
0.6814274191856384
0.6827099323272705
0.6799550652503967
0.6841797828674316
0.6757655143737793
0.6843628883361816
0.6796219348907471
0.6810371279716492
0.6879984140396118
0.6889687180519104
0.6933572888374329
0.679145336151123
0.6871416568756104
0.6832317113876343
0.6901450753211975
0.6885572075843811
0.6897329092025757
0.683393657207489
0.6829997897148132
0.6773932576179504
0.686661958694458
0.6847205758094788
0.6859542727470398
0.6912550926208496
0.6825194358825684
0.6797181367874146
0.6954507231712341
0.6837150454521179
0.6902271509170532
0.6855506300926208
0.6802929639816284
0.6817757487297058
0.6897774338722229
0.6835050582885742
0.6858353614807129
0.6809072494506836
0.694758951663971
0.6833890080451965
0.6857059001922607
0.6823964715003967
0.6823777556419373
0.6838667392730713
0.6815094351768494
0.6922347545623779
0.6844071745872498
0.6765023469924927
0.6905771493911743
0.6823186874389648
0.7007566094398499
0.6922631859779358
0.6812790036201477
0.6918640732765198
0.6917522549629211
0.6846016645431519
0.6900030970573425
0.6908572316169739
0.6788747906684875
0.6866866946220398
0.6836251020431519
0.698981761932373
0.6886810660362244
0.6806353330612183
0.6896347403526306
0.6877386569976807
0.6883825659751892
0.6855214834213257
0.6794595718383789
0.6746637225151062
0.6960410475730896
0.6800910234451294
0.6830213069915771
0.6758536696434021
0.6976585388183594
0.6788719296455383
0.6891868114471436
0.7146572470664978
0.6806960701942444
0.6839966773986816
0.6942022442817688
0.6843085289001465
0.6835849285125732
0.687165379524231
0.6821378469467163
0.6809876561164856
0.6779653429985046
0.7069588899612427
0.6935017704963684
0.6899704337120056
0.6961533427238464
0.6927211880683899
0.6973340511322021
0.6723061203956604
0.675804615020752
0.6859404444694519
0.6887975931167603
0.6951718926429749
0.6825646758079529
0.6847643852233887
0.6868553161621094
0.6880325078964233
0.6874618530273438
0.690919816493988
0.6877266764640808
0.6785281300544739
0.6859604716300964
0.6805629730224609
0.6808879375457764
0.6880602836608887
0.681148111820221
0.6943928599357605
0.6798007488250732
0.6854661703109741
0.691842794418335
0.6886776089668274
0.6820070743560791
0.6802839040756226
0.6924073696136475
0.6866453886032104
0.6873190999031067
0.6890377402305603
0.6860476136207581
0.6817456483840942
0.6784746646881104
0.6815248131752014
0.6856216192245483
0.68289715051651
0.6892561316490173
0.7036520838737488
0.6931664943695068
0.6879839897155762
0.6859013438224792
0.6968053579330444
0.6876943111419678
0.6878936290740967
0.6809850931167603
0.6790897846221924
0.6874536275863647
0.7005127668380737
0.6886388659477234
0.68556809425354
0.7002632021903992
0.6774030327796936
0.683869481086731
0.6786923408508301
0.6795817613601685
0.6847840547561646
0.6900074481964111
0.6914379000663757
0.6835007071495056
0.6770848631858826
0.6868571639060974
0.6834136247634888
0.6882438063621521
0.6883898973464966
0.6924705505371094
0.688888430595398
0.6930829286575317
0.6925225853919983
0.6926418542861938
0.6946549415588379
0.6951189637184143
0.6863856911659241
0.6827908754348755
0.6905285120010376
0.6773558259010315
0.6885586380958557
0.6891049146652222
0.678948163986206
0.6840886473655701
0.6847673058509827
0.7025679349899292
0.697421133518219
0.6773058176040649
0.6906746625900269
0.6882068514823914
0.6898258328437805
0.6753459572792053
0.675613522529602
0.679439127445221
0.7371395826339722
0.6937440037727356
0.6889811158180237
0.6939771771430969
0.6825057864189148
0.6857418417930603
0.6726094484329224
0.6816279888153076
0.6807128190994263
0.6879821419715881
0.6895579695701599
0.6767621040344238
0.6871886253356934
0.6913123726844788
0.6803162693977356
0.6877747774124146
0.7019158005714417
0.6846824288368225
0.682400107383728
0.6902865171432495
0.6816933155059814
0.6920885443687439
0.6812943816184998
0.6775574088096619
0.6870301365852356
0.6954590082168579
0.6800115704536438
0.686504065990448
0.6909795999526978
0.6881725192070007
0.6850764751434326
0.6829690933227539
0.6900061964988708
0.6927112936973572
0.6835916638374329
0.680587887763977
0.6909492015838623
0.6983144879341125
0.6983849406242371
0.6894484162330627
0.6773086786270142
0.69834965467453
0.6977008581161499
0.6889421939849854
0.6908928155899048
0.6941546201705933
0.6875386238098145
0.6922950744628906
0.6876553297042847
0.6846929788589478
0.688426673412323
0.6809818148612976
0.6804634928703308
0.686202883720398
0.6853947043418884
0.6815477013587952
0.6881812214851379
0.6958821415901184
0.6769406795501709
0.6792001128196716
0.6824498772621155
0.6896468997001648
0.6863443851470947
0.6871437430381775
0.679052472114563
0.6831433773040771
0.6895532608032227
0.6925148963928223
0.6822872161865234
0.6952980756759644
0.6903943419456482
0.6703472137451172
0.6922366619110107
0.6936501860618591
0.6851678490638733
0.6914426684379578
0.6896846890449524
0.6812537908554077
0.6921508312225342
0.6803116798400879
0.6956024765968323
0.6755382418632507
0.6886131763458252
0.6966121792793274
0.6956394910812378
0.6848975419998169
0.67922043800354
0.6797909140586853
0.6894795298576355
0.6949095129966736
0.6906837821006775
0.6883986592292786
0.6859153509140015
0.6806539297103882
0.7101839184761047
0.7008450031280518
0.6833325028419495
0.6818262338638306
0.684999406337738
0.6727790236473083
0.6874768733978271
0.6896970272064209
0.6776837110519409
0.683791995048523
0.6818689107894897
0.6896508932113647
0.6862381100654602
0.6913533210754395
0.6903213262557983
0.6816105246543884
0.6773084998130798
0.6996230483055115
0.6811915636062622
0.6805019378662109
0.6987940669059753
0.6887689828872681
0.6910147666931152
0.6850165128707886
0.6816327571868896
0.6933788061141968
0.6861358284950256
0.6886357665061951
0.6874880194664001
0.6863370537757874
0.6989560127258301
0.7044376134872437
0.6855741739273071
0.6821132302284241
0.6956573128700256
0.6810890436172485
0.688915491104126
0.6812926530838013
0.684564471244812
0.6849575638771057
0.6726624965667725
0.696485161781311
0.6822841167449951
0.6877881288528442
0.682506263256073
0.6825682520866394
0.6727866530418396
0.6928097009658813
0.6775606870651245
0.6814902424812317
0.7005309462547302
0.6937244534492493
0.6910030841827393
0.6877080202102661
0.680482029914856
0.6969202756881714
0.6858360171318054
0.6773133873939514
0.6913343071937561
0.6909152269363403
0.6876093149185181
0.6861859560012817
0.6772727966308594
0.6761672496795654
0.6875895261764526
0.6818555593490601
0.682191789150238
0.6828010678291321
0.687896192073822
0.6771630644798279
0.6792864203453064
0.6900632381439209
0.6783906817436218
0.6924105286598206
0.6792393326759338
0.6843734979629517
0.680364727973938
0.6868133544921875
0.6782615184783936
0.7008265256881714
0.6963822245597839
0.6813907027244568
0.686650812625885
0.6833292841911316
0.7061246633529663
0.6863139271736145
0.686557948589325
0.6850271821022034
0.7157862782478333
0.6839966773986816
0.6912078261375427
0.6934866309165955
0.6813039779663086
0.6816806793212891
0.6755267977714539
0.7028532028198242
0.6720090508460999
0.6794081330299377
0.6767526865005493
0.6806737780570984
0.6847324371337891
0.6847620010375977
0.6834673285484314
0.6785100102424622
0.6809241771697998
0.6901696920394897
0.681189239025116
0.6896622180938721
0.6805785298347473
0.6894936561584473
0.6867765188217163
0.6915423274040222
0.6787159442901611
0.6909642815589905
0.6946125030517578
0.695818305015564
0.6938345432281494
0.6789100766181946
0.6802302002906799
0.6806174516677856
0.6807873845100403
0.68105548620224
0.6811102032661438
0.6812750101089478
0.6863491535186768
0.6853500604629517
0.6768455505371094
0.6917019486427307
0.6927582621574402
0.6861821413040161
0.6855714321136475
0.7115526795387268
0.6767529249191284
0.6832640171051025
0.6937505602836609
0.6820313930511475
0.6848962903022766
0.6812832355499268
0.6890076398849487
0.690466582775116
0.6846262812614441
0.6799089908599854
0.6755618453025818
0.6851804256439209
0.6789407730102539
0.6715744733810425
0.6890320777893066
0.6786032319068909
0.6920354962348938
0.6806734204292297
0.6775786876678467
0.6792688369750977
0.6929613351821899
0.6836329698562622
0.6875879764556885
0.7001891732215881
0.6869276762008667
0.6754860281944275
0.6831870079040527
0.6888977885246277
0.6894826889038086
0.6857516765594482
0.6801877021789551
0.6928457617759705
0.6997013092041016
0.6961175799369812
0.6953169703483582
0.688904881477356
0.6829560995101929
0.6880723237991333
0.6901249885559082
0.69420325756073
0.6861706972122192
0.6917210221290588
0.6953564882278442
0.6855359673500061
0.6980767250061035
0.684615969657898
0.6967496871948242
0.6868404150009155
0.6872047185897827
0.6867261528968811
0.6791874170303345
0.6914888620376587
0.6911458373069763
0.684457540512085
0.6859946250915527
0.6735203862190247
0.7063360214233398
0.6740341186523438
0.7042788863182068
0.6846985816955566
0.6858139038085938
0.6782925724983215
0.69454425573349
0.6883823275566101
0.694212019443512
0.6890592575073242
0.6838564276695251
0.6910150647163391
0.6918874979019165
0.6921396255493164
0.6913960576057434
0.68398118019104
0.6916844844818115
0.6884111762046814
0.6833104491233826
0.6872796416282654
0.687902569770813
0.6848356127738953
0.6867051720619202
0.6839188933372498
0.6813529133796692
0.6974890232086182
0.6884017586708069
0.689079761505127
0.6836702227592468
0.6805509924888611
0.6849828362464905
0.6830952763557434
0.6875710487365723
0.6854232549667358
0.6866275072097778
0.6846369504928589
0.6835719347000122
0.6845277547836304
0.6725731492042542
0.6841769814491272
0.6767211556434631
0.6852378249168396
0.679654598236084
0.6895520687103271
0.6824347376823425
0.6879635453224182
0.696256697177887
0.6748971343040466
0.6843869090080261
0.6907974481582642
0.6787105798721313
0.6817866563796997
0.6868782639503479
0.7103297114372253
0.7038045525550842
0.6895780563354492
0.6876800656318665
0.6833350658416748
0.6868570446968079
0.6820414066314697
0.6874808073043823
0.6826475858688354
0.6849035620689392
0.6930493712425232
0.6932782530784607
0.6881182193756104
0.6945136785507202
0.6859767436981201
0.6933004260063171
0.6833235621452332
0.6882236003875732
0.7076876163482666
0.697067141532898
0.6910556554794312
0.7081708312034607
0.6891170144081116
0.6861994862556458
0.6819773316383362
0.6934261322021484
0.6878950595855713
0.6870673894882202
0.68235844373703
0.6893211007118225
0.6934393048286438
0.6974765062332153
0.6861941814422607
0.6776393055915833
0.6861028075218201
0.6929910778999329
0.6740703582763672
0.6842754483222961
0.6826633214950562
0.6823768019676208
0.6858723759651184
0.6825293302536011
0.6793399453163147
0.6885175108909607
0.6788137555122375
0.6819071769714355
0.690381646156311
0.6831958293914795
0.688252866268158
0.6909518241882324
0.6861609816551208
0.692310094833374
0.6795825958251953
0.6686640381813049
0.6948900818824768
0.7007898092269897
0.679315984249115
0.6840612292289734
0.6863136887550354
0.694953978061676
0.6911556720733643
0.6795594692230225
0.679419219493866
0.6908414363861084
0.6813600063323975
0.6796934604644775
0.6756364703178406
0.6952638626098633
0.7313317060470581
0.6800325512886047
0.7364592552185059
0.6828100085258484
0.6865358352661133
0.6921805739402771
0.6840295791625977
0.6957135796546936
0.6843849420547485
0.6888328790664673
0.6844127178192139
0.7013768553733826
0.6921846866607666
0.6772523522377014
0.6948784589767456
0.6819936037063599
0.679810106754303
0.6810897588729858
0.6843692660331726
0.6918068528175354
0.6854061484336853
0.6851601004600525
0.6814290881156921
0.6867284774780273
0.6855939030647278
0.6865767240524292
0.683830976486206
0.6852990984916687
0.6826303601264954
0.6931247115135193
0.6827236413955688
0.6844809055328369
0.6924497485160828
0.6712677478790283
0.6841641068458557
0.6868374347686768
0.6724432110786438
0.6867133975028992
0.6851419806480408
0.6812283992767334
0.6813085079193115
0.6858533620834351
0.67447429895401
0.6890916228294373
0.6927170753479004
0.6938790082931519
0.692131757736206
0.6910718679428101
0.6843515634536743
0.6916101574897766
0.6963312029838562
0.6843461990356445
0.6924655437469482
0.6820322871208191
0.6836593747138977
0.685177743434906
0.6869396567344666
0.6732234954833984
0.683828592300415
0.684805154800415
0.700435221195221
0.6859396696090698
0.6864845752716064
0.6769477128982544
0.6742299199104309
0.6822514533996582
0.6873792409896851
0.6775277853012085
0.6807807087898254
0.6931503415107727
0.6867271065711975
0.6954108476638794
0.6787395477294922
0.7181491851806641
0.6911557912826538
0.6886929869651794
0.686456561088562
0.6856210231781006
0.673708975315094
0.6792046427726746
0.6791507601737976
0.6862604022026062
0.6895760297775269
0.6846963167190552
0.6870452165603638
0.6924707293510437
0.6966265439987183
0.683876633644104
0.6873520612716675
0.6948777437210083
0.682013750076294
0.6902953386306763
0.6766960024833679
0.6932312846183777
0.6966058611869812
0.69895339012146
0.6820637583732605
0.6916183233261108
0.6893447637557983
0.6985052227973938
0.6848877668380737
0.673444926738739
0.674022376537323
0.6786847710609436
0.683765709400177
0.6837420463562012
0.6814132332801819
0.6836330890655518
0.683082640171051
0.6917245388031006
0.6892080307006836
0.6919950246810913
0.68295818567276
0.6921508312225342
0.6892709732055664
0.6914109587669373
0.6898830533027649
0.6864669919013977
0.6894823312759399
0.6856800317764282
0.6827259063720703
0.6978990435600281
0.6860913634300232
0.6872855424880981
0.684926450252533
0.6889398694038391
0.6794666051864624
0.696686863899231
0.6742163896560669
0.681011438369751
0.6833064556121826
0.6902119517326355
0.6895849108695984
0.6906681060791016
0.6795960664749146
0.6930501461029053
0.6838093400001526
0.6892254948616028
0.6849388480186462
0.6894350051879883
0.682074785232544
0.6746204495429993
0.6755867004394531
0.6972372531890869
0.6776680946350098
0.6930685043334961
0.6882350444793701
0.6816790699958801
0.6983535885810852
0.6849524974822998
0.6715316772460938
0.6940457820892334
0.6913464665412903
0.6869193315505981
0.7184033989906311
0.6867407560348511
0.6776053309440613
0.6813473105430603
0.6794137358665466
0.6834570169448853
0.6968201994895935
0.6884297728538513
0.6901069283485413
0.7002798318862915
0.686414361000061
0.6854414939880371
0.6860479116439819
0.685909628868103
0.6795304417610168
0.6874127984046936
0.6884233951568604
0.6767448782920837
0.6894139051437378
0.6764336824417114
0.6944775581359863
0.6806566715240479
0.6919350028038025
0.6805312037467957
0.6875372529029846
0.6858919262886047
0.6919482350349426
0.6850854754447937
0.698162853717804
0.6928566098213196
0.6766268610954285
0.6830115914344788
0.6914837956428528
0.6869457960128784
0.6898149847984314
0.6894841194152832
0.6785967946052551
0.6942768096923828
0.68382328748703
0.6855853796005249
0.681327223777771
0.6880490779876709
0.6810945868492126
0.6852868795394897
0.6859058737754822
0.6885340213775635
0.6783246397972107
0.6919893026351929
0.6779300570487976
0.686312735080719
0.6987576484680176
0.6961450576782227
0.681369423866272
0.6881828308105469
0.6775104403495789
0.6894122362136841
0.6860992312431335
0.6902287602424622
0.6951777935028076
0.6894081234931946
0.6869176626205444
0.68402498960495
0.6972807049751282
0.6914078593254089
0.6902700066566467
0.6838354468345642
0.6938105225563049
0.6833027005195618
0.6966633796691895
0.6903885006904602
0.6872553825378418
0.6988133192062378
0.6870919466018677
0.6843770742416382
0.6917699575424194
0.7016085386276245
0.6941302418708801
0.6852434277534485
0.6815195679664612
0.6852765679359436
0.678905725479126
0.6792792081832886
0.6817305088043213
0.6918075680732727
0.6792021989822388
0.6850165724754333
0.6960430145263672
0.6910179257392883
0.6847086548805237
0.6878789067268372
0.6814988255500793
0.6859179735183716
0.6841858625411987
0.6844406127929688
0.6919831037521362
0.6877288222312927
0.6924181580543518
0.7019292712211609
0.6937354803085327
0.6871317028999329
0.6925012469291687
0.6933435201644897
0.6931151151657104
0.6753334403038025
0.6760599613189697
0.6923834681510925
0.6837329268455505
0.6843067407608032
0.6931732892990112
0.6989458799362183
0.6842555999755859
0.6937041878700256
0.6740726232528687
0.6875377297401428
0.6866550445556641
0.686994731426239
0.688886821269989
0.7010433673858643
0.6839378476142883
0.6865960955619812
0.6929175853729248
0.6781711578369141
0.6933146715164185
0.6941917538642883
0.6806688904762268
0.6922895312309265
0.7041552066802979
0.6909112930297852
0.6901278495788574
0.6849995255470276
0.7129107713699341
0.6923444271087646
0.6842559576034546
0.6842919588088989
0.6873090267181396
0.6862655878067017
0.6810221672058105
0.6953047513961792
0.6838128566741943
0.679000735282898
0.6795419454574585
0.6914647221565247
0.7013983130455017
0.6733317375183105
0.6829526424407959
0.6948221325874329
0.6879515647888184
0.6808087825775146
0.6801012754440308
0.7001327276229858
0.6848189830780029
0.6916376352310181
0.6938494443893433
0.6990625262260437
0.6842835545539856
0.6844685077667236
0.6783924102783203
0.6825847029685974
0.703364908695221
0.6830126047134399
0.6988991498947144
0.6788382530212402
0.7065542340278625
0.695258378982544
0.6847244501113892
0.6765700578689575
0.680704653263092
0.6815199255943298
0.6864365935325623
0.6899921894073486
0.6768581867218018
0.6865215301513672
0.6877251863479614
0.6834774613380432
0.692302942276001
0.6957464814186096
0.6840972304344177
0.6800158023834229
0.6863406896591187
0.6812806725502014
0.6832964420318604
0.6825917363166809
0.6841768026351929
0.6967787146568298
0.6851012110710144
0.6908408403396606
0.6942369937896729
0.676825761795044
0.678551971912384
0.6872366666793823
0.697213888168335
0.6872110962867737
0.6752334833145142
0.6806399822235107
0.6719486713409424
0.7038707137107849
0.6928201913833618
0.6857665777206421
0.6873044967651367
0.6818116307258606
0.6828156113624573
0.6863965392112732
0.6742948889732361
0.7062153816223145
0.691989541053772
0.6936437487602234
0.6784610152244568
0.7034726142883301
0.6827680468559265
0.6888015270233154
0.6808236837387085
0.6800013184547424
0.6835548877716064
0.6807551383972168
0.6805486083030701
0.689698338508606
0.6848642826080322
0.6870740056037903
0.6965506672859192
0.6843157410621643
0.6882815361022949
0.6952742338180542
0.686866819858551
0.6854420900344849
0.699611485004425
0.6829758882522583
0.6913115978240967
0.6898434162139893
0.6979623436927795
0.6780016422271729
0.6891699433326721
0.6823405027389526
0.6833575963973999
0.688437819480896
0.6801011562347412
0.6899265050888062
0.6852407455444336
0.704102635383606
0.6752294301986694
0.6839590668678284
0.6831015348434448
0.6855024099349976
0.7007784843444824
0.6951717734336853
0.6809390783309937
0.6929638385772705
0.6935155391693115
0.6839778423309326
0.6957436800003052
0.6903262734413147
0.681111216545105
0.6850423216819763
0.6769924163818359
0.6786133050918579
0.6932612061500549
0.6882836818695068
0.6754664778709412
0.686870276927948
0.6985765695571899
0.6904939413070679
0.6776264905929565
0.6893372535705566
0.6872766613960266
0.6836004853248596
0.6735188961029053
0.689500093460083
0.6815650463104248
0.6859294176101685
0.6877130270004272
0.6804007887840271
0.6769828200340271
0.6924363374710083
0.6870811581611633
0.6922756433486938
0.6827971339225769
0.6794866919517517
0.6880899667739868
0.6832175254821777
0.6782976388931274
0.6875684261322021
0.6848472356796265
0.6958640217781067
0.6894301772117615
0.701388955116272
0.6918798089027405
0.6890230178833008
0.6824626326560974
0.6824426651000977
0.6905502080917358
0.692986786365509
0.6869896650314331
0.6874237656593323
0.6887027621269226
0.6937294006347656
0.6872057318687439
0.6976448893547058
0.6932364106178284
0.6863692402839661
0.6850885152816772
0.6867198348045349
0.6935556530952454
0.6851983666419983
0.7241324782371521
0.6984065175056458
0.6824722290039062
0.6852068305015564
0.6890120506286621
0.6915584802627563
0.695862352848053
0.6855003237724304
0.6904851794242859
0.6929197311401367
0.684475302696228
0.6762412190437317
0.6890059113502502
0.6832125782966614
0.6892523169517517
0.6799796223640442
0.6860299110412598
0.6843045949935913
0.685234546661377
0.6885319352149963
0.6903447508811951
0.6824028491973877
0.6853576302528381
0.6841098070144653
0.6822093725204468
0.6876379251480103
0.6794606447219849
0.690585196018219
0.6845930218696594
0.6814137101173401
0.6811541318893433
0.6741255521774292
0.6907100677490234
0.6852072477340698
0.6804603934288025
0.6869936585426331
0.6933301091194153
0.6867834329605103
0.6943007111549377
0.6887403130531311
0.6808653473854065
0.6806493997573853
0.6964776515960693
0.6886720061302185
0.6971137523651123
0.6832481622695923
0.6880888938903809
0.6856407523155212
0.6862970590591431
0.683425784111023
0.6838500499725342
0.6901708841323853
0.6956088542938232
0.6840457320213318
0.7022318840026855
0.689831018447876
0.6900529265403748
0.6809065341949463
0.6893432140350342
0.6859326362609863
0.6929342746734619
0.6843270659446716
0.6884906888008118
0.6811000108718872
0.6975570917129517
0.6861244440078735
0.688864529132843
0.6832662224769592
0.7012901902198792
0.6944259405136108
0.6854891777038574
0.6982070803642273
0.6843997836112976
0.6911218762397766
0.6879103183746338
0.7172337174415588
0.695318877696991
0.681979775428772
0.6876071691513062
0.678954005241394
0.6842268705368042
0.6847935318946838
0.6813563704490662
0.6901125907897949
0.6925120949745178
0.7023248076438904
0.680092453956604
0.6867477893829346
0.692384660243988
0.6837842464447021
0.695856511592865
0.6833149790763855
0.6871195435523987
0.6967371702194214
0.6783068180084229
0.6889342069625854
0.6859307885169983
0.6883811354637146
0.6776474118232727
0.6896491050720215
0.6971339583396912
0.6782206892967224
0.6895163655281067
0.6833770275115967
0.6900203227996826
0.6874001026153564
0.6786174774169922
0.6857370734214783
0.6818606853485107
0.6912559866905212
0.6777501702308655
0.6947649121284485
0.6934844255447388
0.6830213665962219
0.6878540515899658
0.6822848916053772
0.6847195029258728
0.6890271902084351
0.6894134283065796
0.6866640448570251
0.6876334547996521
0.6909303665161133
0.686203122138977
0.6878911256790161
0.6808581948280334
0.6850646138191223
0.6835228204727173
0.6931192278862
0.7015240788459778
0.6878697276115417
0.6947313547134399
0.6824581623077393
0.7257874608039856
0.6943692564964294
0.6858137845993042
0.6906599402427673
0.6779758334159851
0.6772264838218689
0.6833013892173767
0.6861468553543091
0.6879405975341797
0.6838566660881042
0.6811986565589905
0.6970159411430359
0.6861984133720398
0.6886674761772156
0.6899877786636353
0.6839330196380615
0.6801860928535461
0.6854817271232605
0.6984829306602478
0.6867937445640564
0.6804842352867126
0.6913777589797974
0.7035677433013916
0.6834161877632141
0.687438428401947
0.6837231516838074
0.6815226078033447
0.6900699138641357
0.6955690979957581
0.6825990080833435
0.6844464540481567
0.6842854022979736
0.6918929815292358
0.6729950904846191
0.6974328756332397
0.6822411417961121
0.693112850189209
0.6903698444366455
0.6837520599365234
0.7185335755348206
0.692698061466217
0.6740750670433044
0.6903659701347351
0.683536946773529
0.6890657544136047
0.6854909062385559
0.6880194544792175
0.6810093522071838
0.6944031119346619
0.6973252296447754
0.6915683746337891
0.6909745931625366
0.6844251155853271
0.6992560625076294
0.685711681842804
0.6918094754219055
0.6827691197395325
0.6850064992904663
0.6779034733772278
0.6754075884819031
0.6774089932441711
0.7005025148391724
0.6951513290405273
0.6885191798210144
0.6805314421653748
0.6850416660308838
0.6877459287643433
0.6912755966186523
0.68564772605896
0.68641597032547
0.6911704540252686
0.6835558414459229
0.6792373657226562
0.6932852864265442
0.6856377124786377
0.6777806878089905
0.6877390742301941
0.6889448761940002
0.6883414387702942
0.6817825436592102
0.6788821816444397
0.681867241859436
0.6829697489738464
0.6788013577461243
0.6799077391624451
0.6818642020225525
0.6853645443916321
0.6862573623657227
0.6788082122802734
0.6930493712425232
0.68161940574646
0.6851415038108826
0.6984993815422058
0.681953489780426
0.6885372400283813
0.6874438524246216
0.6967321038246155
0.6902026534080505
0.6844568252563477
0.6809290647506714
0.6781800389289856
0.6866739392280579
0.684073269367218
0.6959864497184753
0.6858599185943604
0.6875073313713074
0.6835460066795349
0.6828219294548035
0.6714918613433838
0.6989801526069641
0.6817052364349365
0.6832801699638367
0.6866818070411682
0.6877540946006775
0.6879774332046509
0.6854887008666992
0.7060752511024475
0.6873592138290405
0.6774373054504395
0.6800331473350525
0.7043284773826599
0.6991038918495178
0.676689088344574
0.6777865886688232
0.6849638819694519
0.6957711577415466
0.6890342831611633
0.6810985207557678
0.7015380859375
0.6773194074630737
0.6970945596694946
0.6787408590316772
0.6882015466690063
0.6974401473999023
0.6865607500076294
0.6880502700805664
0.7090907692909241
0.6883306503295898
0.6895633339881897
0.6895005106925964
0.6911277174949646
0.6979239583015442
0.6845245361328125
0.6811699867248535
0.6883903741836548
0.6843087077140808
0.6912409067153931
0.6917408108711243
0.6780859231948853
0.6862035989761353
0.6920198202133179
0.6836439371109009
0.683367133140564
0.6879600882530212
0.6839990019798279
0.6834542751312256
0.6908813714981079
0.686858057975769
0.6848682165145874
0.6896045207977295
0.6898842453956604
0.6904658079147339
0.7003639936447144
0.6778923869132996
0.6864315867424011
0.6938503384590149
0.7113100290298462
0.6840370893478394
0.6929147839546204
0.6949617266654968
0.6739466190338135
0.6776753067970276
0.6752985715866089
0.6871968507766724
0.6869308352470398
0.6891345977783203
0.6865928173065186
0.6841548085212708
0.6878661513328552
0.6943756341934204
0.6851627230644226
0.6835088729858398
0.6904628872871399
0.6893790364265442
0.686882734298706
0.6825188994407654
0.6823241114616394
0.6861853003501892
0.6944076418876648
0.6936784386634827
0.6823502779006958
0.6947409510612488
0.6874475479125977
0.6851967573165894
0.684418797492981
0.6800744533538818
0.6926191449165344
0.6776677966117859
0.6925420165061951
0.6850630044937134
0.6920543909072876
0.6818135976791382
0.6915273666381836
0.6847212314605713
0.6819688677787781
0.7017663717269897
0.6805227994918823
0.6716622114181519
0.6873560547828674
0.6918737292289734
0.6796401143074036
0.6846839785575867
0.6935099959373474
0.7060382962226868
0.691474199295044
0.6880823969841003
0.6972434520721436
0.67922043800354
0.6967217326164246
0.6996697187423706
0.7014712691307068
0.6843381524085999
0.6799734234809875
0.6878750324249268
0.6871066689491272
0.6788187623023987
0.6893128156661987
0.675832986831665
0.680668294429779
0.6816200613975525
0.6878083944320679
0.6879584193229675
0.688575804233551
0.683078408241272
0.6835194826126099
0.6817580461502075
0.6813454627990723
0.6932522058486938
0.6885348558425903
0.7132695913314819
0.6889681816101074
0.6950151920318604
0.6798126697540283
0.681012749671936
0.6882432103157043
0.692821204662323
0.6978568434715271
0.6890053153038025
0.6855864524841309
0.7005267143249512
0.6846710443496704
0.6902232766151428
0.6938818097114563
0.6840725541114807
0.6865590810775757
0.7042153477668762
0.6895057559013367
0.686349093914032
0.6971681118011475
0.6845163106918335
0.6863677501678467
0.703575611114502
0.6860719323158264
0.6878191828727722
0.677044153213501
0.6958726048469543
0.6848730444908142
0.6905486583709717
0.6881905198097229
0.6841884255409241
0.6837283968925476
0.6869876384735107
0.6855084300041199
0.695663571357727
0.6930715441703796
0.682073712348938
0.7016719579696655
0.69626384973526
0.7045807838439941
0.6970140337944031
0.6815823912620544
0.6821490526199341
0.6775012612342834
0.6879382729530334
0.6942968368530273
0.6932839155197144
0.6847020983695984
0.683510422706604
0.6901175379753113
0.6892528533935547
0.6868003606796265
0.6886177659034729
0.6926038861274719
0.6989746689796448
0.6935388445854187
0.6928021907806396
0.6815201044082642
0.678101122379303
0.6861444711685181
0.6956047415733337
0.6960065960884094
0.6875793933868408
0.6929081082344055
0.7027995586395264
0.6829746961593628
0.6857141256332397
0.7077091336250305
0.6922187805175781
0.6939984560012817
0.6877956390380859
0.6768578886985779
0.6903171539306641
0.6877679824829102
0.6974560618400574
0.6929645538330078
0.688191294670105
0.6956167221069336
0.6724035739898682
0.6904482245445251
0.6943873763084412
0.6817256808280945
0.6855669617652893
0.6834685206413269
0.6834420561790466
0.6791605949401855
0.6947607398033142
0.6950851082801819
0.6911817789077759
0.6867368221282959
0.684180736541748
0.6794807314872742
0.6786300539970398
0.68312007188797
0.6768471002578735
0.686106264591217
0.6882507801055908
0.70115065574646
0.6917362213134766
0.6799548864364624
0.6731374263763428
0.6929064393043518
0.6831884384155273
0.6864350438117981
0.6857652068138123
0.699500560760498
0.6900858283042908
0.690966784954071
0.6801851391792297
0.6971519589424133
0.6867364645004272
0.6795440316200256
0.6916998028755188
0.7035746574401855
0.6874681711196899
0.6857059001922607
0.6843400001525879
0.6838407516479492
0.689964771270752
0.6790707111358643
0.7096248269081116
0.6854543685913086
0.682995617389679
0.6913936734199524
0.6892404556274414
0.6806203722953796
0.694193959236145
0.6995635032653809
0.7067893147468567
0.6929945945739746
0.6834123134613037
0.6927444338798523
0.7019351720809937
0.6926149129867554
0.6942188739776611
0.7025066018104553
0.6834369897842407
0.6938846111297607
0.6779836416244507
0.6809998750686646
0.685523271560669
0.6843019723892212
0.686396062374115
0.6976110339164734
0.6919666528701782
0.679763913154602
0.6865278482437134
0.6984763741493225
0.6809296011924744
0.684825599193573
0.6881006360054016
0.6837226152420044
0.6839653849601746
0.6791462302207947
0.6848109364509583
0.6935714483261108
0.6839449405670166
0.6881353259086609
0.682966947555542
0.6864679455757141
0.6745848655700684
0.6825352311134338
0.6889441609382629
0.6881881952285767
0.7000871300697327
0.6807113885879517
0.6870805621147156
0.6872078776359558
0.6977931261062622
0.6938806176185608
0.693200945854187
0.6852877140045166
0.680417537689209
0.6955751180648804
0.6865434050559998
0.6797570586204529
0.6881917119026184
0.6944734454154968
0.691038191318512
0.6827569603919983
0.6789876222610474
0.6823797225952148
0.6894019842147827
0.687563955783844
0.6922053694725037
0.6895630955696106
0.6826192736625671
0.6835315823554993
0.6877070069313049
0.6937524676322937
0.6884951591491699
0.7063419222831726
0.6887796521186829
0.6894381642341614
0.6781655550003052
0.7047358751296997
0.6923984289169312
0.6933679580688477
0.6894816160202026
0.6856030821800232
0.6964015960693359
0.6884502172470093
0.6903911828994751
0.6903892755508423
0.6773106455802917
0.6928926706314087
0.6989524960517883
0.695280134677887
0.6800472736358643
0.6853548288345337
0.6790152788162231
0.6838541030883789
0.6836093664169312
0.6914772391319275
0.6976404786109924
0.6960815787315369
0.6863758563995361
0.6793211698532104
0.695988655090332
0.678882896900177
0.6743068695068359
0.6837431788444519
0.6893623471260071
0.6872139573097229
0.6838622093200684
0.6822521090507507
0.6835671663284302
0.6905842423439026
0.6862459182739258
0.6821774244308472
0.6904245615005493
0.6862800717353821
0.6834948062896729
0.6787081360816956
0.6834854483604431
0.6860528588294983
0.6897218227386475
0.691961407661438
0.7083389163017273
0.6818180084228516
0.6979404091835022
0.6840556263923645
0.6845535039901733
0.6828844547271729
0.6737287044525146
0.7045701146125793
0.6858093738555908
0.6919599175453186
0.7051646113395691
0.7031229734420776
0.6910732388496399
0.6826865673065186
0.6858324408531189
0.6737507581710815
0.6902930736541748
0.6844037175178528
0.6918051242828369
0.6980605125427246
0.6783143281936646
0.6844360828399658
0.6828901171684265
0.691443920135498
0.6894485354423523
0.6901829838752747
0.6979587078094482
0.6860663890838623
0.689063549041748
0.6860559582710266
0.7050895690917969
0.6864029169082642
0.6837164163589478
0.6836416125297546
0.6829538941383362
0.6969439387321472
0.6947881579399109
0.6904659271240234
0.6898893117904663
0.6911002993583679
0.6940472722053528
0.710858941078186
0.6730037927627563
0.6810827851295471
0.6866919994354248
0.6819422245025635
0.6933949589729309
0.6819280982017517
0.7028685212135315
0.6900237798690796
0.6787734031677246
0.6936872601509094
0.6781197786331177
0.6955938339233398
0.6854824423789978
0.695666491985321
0.6897894144058228
0.6766698956489563
0.6893422603607178
0.6976613402366638
0.6858240365982056
0.6843196749687195
0.6789501309394836
0.6875666975975037
0.6789660453796387
0.6957689523696899
0.6826655864715576
0.6819561123847961
0.6929442286491394
0.680747389793396
0.6906078457832336
0.6942457556724548
0.6855899691581726
0.6763121485710144
0.6839352250099182
0.6778342127799988
0.6825961470603943
0.6823291778564453
0.7006412148475647
0.6829347014427185
0.6917501091957092
0.689320981502533
0.6864810585975647
0.683266282081604
0.691301167011261
0.6845101118087769
0.6810367107391357
0.6948085427284241
0.6851445436477661
0.685667097568512
0.693839430809021
0.6738815307617188
0.6818222999572754
0.6909855604171753
0.6911559104919434
0.6839413046836853
0.6915211081504822
0.6813156604766846
0.6885176301002502
0.6881685853004456
0.678658664226532
0.6960994601249695
0.7001276016235352
0.6936074495315552
0.6890438199043274
0.6922460198402405
0.6885399222373962
0.6921498775482178
0.6860135197639465
0.6970998644828796
0.6880307197570801
0.6899082064628601
0.6859200596809387
0.68421870470047
0.6981173753738403
0.6905733942985535
0.6886847019195557
0.6838565468788147
0.6860515475273132
0.6862908601760864
0.6750839948654175
0.6827632784843445
0.6933947205543518
0.690338671207428
0.6918662190437317
0.6977217197418213
0.6796703338623047
0.6814997792243958
0.6972712278366089
0.688127338886261
0.6990975141525269
0.6837552189826965
0.6914116144180298
0.6898493766784668
0.681566596031189
0.694670557975769
0.688808262348175
0.6867802739143372
0.6952493190765381
0.6945011019706726
0.689838707447052
0.6792647242546082
0.6801108121871948
0.6896699666976929
0.6800039410591125
0.6910880208015442
0.6820492148399353
0.6839813590049744
0.6777574419975281
0.6888993978500366
0.6748483180999756
0.6843498945236206
0.6893337368965149
0.6945828199386597
0.6851620078086853
0.6861890554428101
0.6847068071365356
0.6912132501602173
0.6892353296279907
0.6916654109954834
0.6944250464439392
0.6797078251838684
0.6867337226867676
0.6813177466392517
0.6789350509643555
0.6896536350250244
0.6912208199501038
0.6818099021911621
0.6820175051689148
0.6771913170814514
0.6773136854171753
0.6891120076179504
0.6827890276908875
0.6950263977050781
0.683354914188385
0.6828163862228394
0.6915225982666016
0.7008925676345825
0.6894925832748413
0.6983043551445007
0.684221088886261
0.682083249092102
0.6754283308982849
0.6887415647506714
0.6803483963012695
0.6932766437530518
0.6869655251502991
0.6832413077354431
0.713215172290802
0.6870988011360168
0.6734671592712402
0.6801027059555054
0.6965598464012146
0.6852077841758728
0.6865583658218384
0.6781634092330933
0.6877440214157104
0.6900417804718018
0.6960751414299011
0.6889587640762329
0.6989051103591919
0.6869803667068481
0.6832359433174133
0.6929649710655212
0.671994149684906
0.6995136737823486
0.6865444779396057
0.6838175654411316
0.6778541803359985
0.6890581846237183
0.6992278099060059
0.6804653406143188
0.6926526427268982
0.6864216327667236
0.6832236647605896
0.6893522143363953
0.6880457997322083
0.6834203600883484
0.6869937777519226
0.6819272041320801
0.6793727874755859
0.6757760643959045
0.6823971271514893
0.6974039077758789
0.6751593947410583
0.6812730431556702
0.6923696994781494
0.6836374402046204
0.6877202391624451
0.694015383720398
0.6992930769920349
0.6950010061264038
0.678048312664032
0.6900880336761475
0.6822769045829773
0.7095333337783813
0.6848903298377991
0.6917469501495361
0.6984556913375854
0.6800562143325806
0.6872047781944275
0.6915811896324158
0.6764701008796692
0.6966418623924255
0.6814442276954651
0.6852555871009827
0.6778247952461243
0.6836016774177551
0.6940868496894836
0.6951186656951904
0.686431884765625
0.696052074432373
0.6896262168884277
0.690997838973999
0.6958819627761841
0.6900434494018555
0.6861103773117065
0.7020911574363708
0.686311662197113
0.6867798566818237
0.6921555399894714
0.6789311766624451
0.721308708190918
0.6966784596443176
0.6865156292915344
0.6837325692176819
0.6731669902801514
0.6898910999298096
0.6853646039962769
0.6855165958404541
0.7152177095413208
0.6844278573989868
0.6812413334846497
0.6989345550537109
0.6867656111717224
0.6877827048301697
0.6808306574821472
0.6866953372955322
0.688506543636322
0.6820266246795654
0.6856318712234497
0.6869675517082214
0.6788519024848938
0.6855258345603943
0.6782312393188477
0.6908472776412964
0.6880311369895935
0.7070165872573853
0.6894006729125977
0.6889159679412842
0.6733474135398865
0.6999073028564453
0.6930941343307495
0.6904662251472473
0.6966478824615479
0.6855870485305786
0.6886560916900635
0.6911608576774597
0.6900331974029541
0.6859708428382874
0.6900321245193481
0.685891330242157
0.6773008108139038
0.6851776838302612
0.6847096085548401
0.680079460144043
0.6896762847900391
0.6792026162147522
0.6956896185874939
0.6842025518417358
0.6925848126411438
0.6808524131774902
0.6808463335037231
0.6983718872070312
0.6705254316329956
0.6802541017532349
0.7113224267959595
0.6836035251617432
0.6758362650871277
0.6828569769859314
0.6833705902099609
0.6830834746360779
0.6733624339103699
0.6800839900970459
0.6890515685081482
0.6865317821502686
0.6769991517066956
0.6825081706047058
0.6925560832023621
0.6935503482818604
0.679683268070221
0.686327338218689
0.6871594786643982
0.6785817742347717
0.71201092004776
0.6903074383735657
0.681013822555542
0.6802085041999817
0.6772319078445435
0.6809215545654297
0.6931173205375671
0.700377345085144
0.684813380241394
0.6843893527984619
0.6875520944595337
0.6778003573417664
0.6832780241966248
0.6847816705703735
0.6872900128364563
0.690942108631134
0.6934348344802856
0.6930080652236938
0.6968584656715393
0.6813672184944153
0.6819319725036621
0.6892008781433105
0.6921178102493286
0.6882374882698059
0.6984803080558777
0.6845255494117737
0.6770281195640564
0.6815482378005981
0.6779000163078308
0.685641884803772
0.6857498288154602
0.6854307651519775
0.6775875091552734
0.6817952394485474
0.6870055198669434
0.6976248621940613
0.6885604858398438
0.681505024433136
0.6859431862831116
0.6812803149223328
0.6773350238800049
0.6829797029495239
0.6822569370269775
0.6904734969139099
0.6890604496002197
0.6940679550170898
0.6806641221046448
0.6850891709327698
0.6799451112747192
0.6884903907775879
0.6807020306587219
0.67573082447052
0.6855970025062561
0.6784135699272156
0.6844562888145447
0.6762497425079346
0.6755511164665222
0.6902790069580078
0.6839615106582642
0.6899880170822144
0.6996604800224304
0.6943140625953674
0.6905745267868042
0.6823982000350952
0.6843483448028564
0.6870880126953125
0.6875417828559875
0.6875336766242981
0.6915637850761414
0.6797736287117004
0.6764241456985474
0.6817660927772522
0.6787425875663757
0.6859707832336426
0.6919196844100952
0.6939698457717896
0.6974748969078064
0.6888683438301086
0.6760847568511963
0.6780490875244141
0.6742882132530212
0.6949951648712158
0.6827285885810852
0.6842483878135681
0.6776101589202881
0.6839846968650818
0.6833126544952393
0.6752987504005432
0.681773841381073
0.678668200969696
0.6954452991485596
0.6848664283752441
0.6916637420654297
0.6962081789970398
0.686915397644043
0.6918156147003174
0.6749513149261475
0.6955306529998779
0.6832346320152283
0.6855385303497314
0.6901966333389282
0.6838971972465515
0.6849631667137146
0.6830397248268127
0.6751689314842224
0.6749349236488342
0.6897992491722107
0.6953769326210022
0.6934780478477478
0.6842273473739624
0.7028881907463074
0.6820096373558044
0.6801563501358032
0.6788453459739685
0.6901788711547852
0.6907697319984436
0.6875514984130859
0.6885300874710083
0.6883424520492554
0.7030380368232727
0.6903864741325378
0.6822973489761353
0.6813432574272156
0.6990571022033691
0.6762435436248779
0.689637303352356
0.6831889152526855
0.6924474835395813
0.6837541460990906
0.7088861465454102
0.6834338903427124
0.6900438666343689
0.6788985729217529
0.6966108679771423
0.737891435623169
0.6911624073982239
0.6985390782356262
0.6838160753250122
0.6908725500106812
0.6802836656570435
0.6914575695991516
0.681699275970459
0.6905010938644409
0.6964622735977173
0.6891818642616272
0.70040363073349
0.6877378225326538
0.7292289137840271
0.6831862926483154
0.6842585802078247
0.6855663657188416
0.683427095413208
0.6775825023651123
0.6912610530853271
0.6733172535896301
0.6837525367736816
0.6828257441520691
0.690041720867157
0.6812667846679688
0.6761741042137146
0.6832613945007324
0.7142271399497986
0.6908538937568665
0.6848306059837341
0.6984424591064453
0.6768854260444641
0.6870435476303101
0.682750403881073
0.679067850112915
0.685339093208313
0.6844228506088257
0.6784836053848267
0.6850878596305847
0.6938157081604004
0.6789126396179199
0.6747748255729675
0.6779899001121521
0.6851001977920532
0.6934441328048706
0.6904135942459106
0.687753438949585
0.6877202987670898
0.6892032623291016
0.6793880462646484
0.6843510270118713
0.6870762705802917
0.6827154755592346
0.6856406331062317
0.6803359985351562
0.6819928288459778
0.6872226595878601
0.6885353922843933
0.6882928609848022
0.6825417280197144
0.6946290135383606
0.6894330978393555
0.6913986206054688
0.6840561628341675
0.6851183772087097
0.6846086978912354
0.6831382513046265
0.6850644946098328
0.6792547106742859
0.6857203245162964
0.6922643184661865
0.6775956749916077
0.6908556222915649
0.6829865574836731
0.6835447549819946
0.6914544701576233
0.6884560585021973
0.697009265422821
0.6876726746559143
0.6924664974212646
0.693760335445404
0.6821340322494507
0.6989563703536987
0.6824038028717041
0.6972099542617798
0.6833733916282654
0.6846731305122375
0.6746841073036194
0.687343180179596
0.6898072957992554
0.6807411313056946
0.6855044960975647
0.6767306923866272
0.6835877895355225
0.6836668252944946
0.687737762928009
0.684800386428833
0.7041993737220764
0.6835236549377441
0.6851189732551575
0.6814764142036438
0.6781396269798279
0.6892163753509521
0.6838769316673279
0.6843681335449219
0.7060208320617676
0.6963138580322266
0.683356761932373
0.6919422745704651
0.687204122543335
0.6821539402008057
0.7031423449516296
0.7163004875183105
0.6856470108032227
0.7114288806915283
0.675705075263977
0.6893501281738281
0.6828577518463135
0.6865459084510803
0.6842511892318726
0.6848121881484985
0.6759214401245117
0.6825627088546753
0.6783918142318726
0.6895724534988403
0.6740233302116394
0.6838579773902893
0.6897931694984436
0.6805986166000366
0.6966307759284973
0.6893978118896484
0.6895198822021484
0.6899457573890686
0.683112382888794
0.683833122253418
0.6830031275749207
0.6958263516426086
0.6802642941474915
0.6866497993469238
0.6976879239082336
0.6915873289108276
0.6978545188903809
0.6880484819412231
0.686970055103302
0.6765157580375671
0.6793211698532104
0.6837438344955444
0.6925320029258728
0.6882622838020325
0.6803289651870728
0.685570240020752
0.7173389792442322
0.6978561282157898
0.6797889471054077
0.6835317015647888
0.6835684776306152
0.6826439499855042
0.7024232149124146
0.6767302751541138
0.6926292777061462
0.6814588308334351
0.6842359900474548
0.677691638469696
0.7005721926689148
0.6774476170539856
0.6899556517601013
0.6862967610359192
0.6831455230712891
0.6901708245277405
0.6818590760231018
0.682563066482544
0.6853417158126831
0.6866991519927979
0.6822099685668945
0.6805479526519775
0.6810886859893799
0.6854647994041443
0.6771393418312073
0.6822367906570435
0.6793649196624756
0.68194180727005
0.6869099140167236
0.6873382329940796
0.6991663575172424
0.6851043105125427
0.6802547574043274
0.6844871044158936
0.689685583114624
0.6843057870864868
0.6944841742515564
0.6963202357292175
0.6935219168663025
0.6758908629417419
0.6790237426757812
0.6838417053222656
0.6880024075508118
0.6753082871437073
0.6740458607673645
0.6808949708938599
0.682937741279602
0.6811741590499878
0.6814097166061401
0.6795256733894348
0.6962589621543884
0.7029714584350586
0.6916173696517944
0.7014613747596741
0.6849606037139893
0.6946079134941101
0.6931112408638
0.6971725225448608
0.6875163912773132
0.6923741102218628
0.6776745915412903
0.6881861686706543
0.6906937956809998
0.687429666519165
0.690351128578186
0.6800490021705627
0.681937038898468
0.6872088313102722
0.6921173930168152
0.6983534097671509
0.685796856880188
0.6902521252632141
0.6864133477210999
0.7008398175239563
0.6951226592063904
0.6865407824516296
0.6869919896125793
0.6855650544166565
0.6823148727416992
0.6756220459938049
0.6908294558525085
0.6881009936332703
0.6900853514671326
0.6782035231590271
0.69717937707901
0.6942590475082397
0.6828612089157104
0.6847206950187683
0.6848930716514587
0.6719012260437012
0.6916070580482483
0.6828020215034485
0.6892855167388916
0.6737998127937317
0.6984550356864929
0.6863742470741272
0.6921170949935913
0.69642174243927
0.6980132460594177
0.6899319291114807
0.681198239326477
0.6812841296195984
0.7008692026138306
0.6814914345741272
0.6826643347740173
0.6975311040878296
0.6802416443824768
0.6795587539672852
0.6873062252998352
0.6804019808769226
0.6871181726455688
0.7063429355621338
0.6978699564933777
0.6748990416526794
0.686186671257019
0.6929031014442444
0.6885702610015869
0.6802255511283875
0.7097885012626648
0.6890001893043518
0.6888433694839478
0.6969908475875854
0.6831715703010559
0.6798518896102905
0.685638427734375
0.6875876784324646
0.6775938272476196
0.685769259929657
0.6877994537353516
0.6902146935462952
0.6738789081573486
0.6767734885215759
0.6919820308685303
0.7017417550086975
0.6794227361679077
0.6888898015022278
0.6801900267601013
0.6919877529144287
0.6936091780662537
0.6857937574386597
0.6871830224990845
0.7037067413330078
0.6881583333015442
0.6972354650497437
0.6876689195632935
0.6735427975654602
0.6817677617073059
0.6918888688087463
0.7124994993209839
0.696579098701477
0.6792647242546082
0.6956020593643188
0.6997339129447937
0.6771746873855591
0.6930733323097229
0.6952247619628906
0.6831609606742859
0.6745631694793701
0.6740240454673767
0.6823834776878357
0.6847593188285828
0.6892383694648743
0.6877810955047607
0.6892492175102234
0.6928930282592773
0.6807007193565369
0.6846307516098022
0.6901013255119324
0.6883680820465088
0.6881458163261414
0.6858960390090942
0.6814619302749634
0.6768819689750671
0.6894174218177795
0.6888659596443176
0.6829217672348022
0.6807557940483093
0.685646116733551
0.6786869764328003
0.6957100629806519
0.6888079643249512
0.6837107539176941
0.6805846691131592
0.6842643618583679
0.6818731427192688
0.6843648552894592
0.6738095283508301
0.6915656328201294
0.6905309557914734
0.6836826205253601
0.6901183128356934
0.6969155669212341
0.6952089667320251
0.6929911971092224
0.6846951842308044
0.7025394439697266
0.6945320963859558
0.6826114654541016
0.677457869052887
0.6804499626159668
0.6831294894218445
0.6928712129592896
0.6822551488876343
0.6841391921043396
0.6917301416397095
0.6859520077705383
0.680044949054718
0.6870905756950378
0.6798161268234253
0.6785467267036438
0.6830405592918396
0.6978293657302856
0.6920132637023926
0.6789049506187439
0.6844589114189148
0.6972051858901978
0.6809365153312683
0.685279369354248
0.6861851811408997
0.6892557144165039
0.6788733005523682
0.6758469939231873
0.677203893661499
0.6821630597114563
0.6791743040084839
0.6827818751335144
0.6843867301940918
0.6830973029136658
0.6918519735336304
0.6840556263923645
0.6939191818237305
0.6925530433654785
0.7028608322143555
0.6845296621322632
0.6798275113105774
0.6829978227615356
0.7012367844581604
0.6839842796325684
0.6969622373580933
0.6815484762191772
0.6893830895423889
0.6820037961006165
0.6893540024757385
0.6890433430671692
0.6860930919647217
0.6900777220726013
0.6982756853103638
0.6852928996086121
0.6862545609474182
0.6964232325553894
0.6830219030380249
0.6863204836845398
0.6818434000015259
0.6889321208000183
0.6849929094314575
0.6930624842643738
0.7017523646354675
0.6919184923171997
0.6981887817382812
0.691543698310852
0.6781282424926758
0.6856850385665894
0.6859690546989441
0.6813567876815796
0.6770592927932739
0.6940724849700928
0.6810440421104431
0.6980757117271423
0.6837462782859802
0.6830837726593018
0.6995236873626709
0.6809563636779785
0.6779349446296692
0.6847940683364868
0.6929827332496643
0.7054910063743591
0.6877800226211548
0.6771846413612366
0.6878487467765808
0.6890259981155396
0.7069823741912842
0.6976426243782043
0.6791317462921143
0.6770126223564148
0.68111252784729
0.6972419023513794
0.6871467232704163
0.6870167255401611
0.6877694725990295
0.6878809332847595
0.6845897436141968
0.6983967423439026
0.6845047473907471
0.6981415748596191
0.6809415221214294
0.688927173614502
0.6825484037399292
0.6872714757919312
0.6913754940032959
0.6855143904685974
0.6817083358764648
0.6919152736663818
0.6806532740592957
0.7084506750106812
0.6900020241737366
0.6785302758216858
0.674031138420105
0.6782088875770569
0.6808692216873169
0.6911967992782593
0.6904910206794739
0.6866798996925354
0.6973682641983032
0.688058614730835
0.6831062436103821
0.6781561374664307
0.684776782989502
0.6879622936248779
0.6890685558319092
0.693821370601654
0.6827009916305542
0.6963003277778625
0.6730043888092041
0.6866226196289062
0.6880492568016052
0.6720440983772278
0.697489857673645
0.6903936266899109
0.6959989070892334
0.6866262555122375
0.6864784359931946
0.688788890838623
0.6840664744377136
0.6827515959739685
0.6782819032669067
0.6954002380371094
0.6831021308898926
0.6795099973678589
0.6868261694908142
0.6939037442207336
0.6931838989257812
0.6878166794776917
0.6905480623245239
0.6727744340896606
0.6986544728279114
0.6826753616333008
0.6828489303588867
0.6938692927360535
0.6900560855865479
0.6884835958480835
0.6848472356796265
0.7035537362098694
0.680598795413971
0.6770877838134766
0.6797071099281311
0.6888077855110168
0.6954930424690247
0.6930395364761353
0.6767918467521667
0.6880632638931274
0.6860470175743103
0.697335422039032
0.7071670293807983
0.6832055449485779
0.6945767998695374
0.6857489943504333
0.6904050707817078
0.6878753304481506
0.6738361120223999
0.69265216588974
0.6833716630935669
0.6891252398490906
0.6892173886299133
0.6914222240447998
0.6763543486595154
0.6773615479469299
0.692698061466217
0.6832628846168518
0.6797994375228882
0.6799352765083313
0.6912856101989746
0.679244875907898
0.6905977725982666
0.6918599009513855
0.6839295625686646
0.688410222530365
0.6936829686164856
0.6930816173553467
0.6935681700706482
0.6812683939933777
0.6818949580192566
0.6862545013427734
0.6865639090538025
0.6896548867225647
0.6804101467132568
0.6795678734779358
0.6851575970649719
0.700958788394928
0.6966365575790405
0.6830745935440063
0.691390335559845
0.6844350099563599
0.6773853898048401
0.6754277348518372
0.6858164072036743
0.6890863180160522
0.6838508248329163
0.6891906261444092
0.6804140210151672
0.693871796131134
0.6777802109718323
0.679275393486023
0.6978726387023926
0.6845759153366089
0.6766228079795837
0.6793968677520752
0.6783925890922546
0.6875959038734436
0.6934973001480103
0.6879618763923645
0.6877343058586121
0.6874560117721558
0.6872957944869995
0.6832591891288757
0.6833003163337708
0.6757321357727051
0.68316251039505
0.6961925625801086
0.6855608224868774
0.6867915391921997
0.6960112452507019
0.6872671246528625
0.6924469470977783
0.6814238429069519
0.68231201171875
0.6930983066558838
0.6830437779426575
0.6900278925895691
0.6902929544448853
0.6897221207618713
0.6798548698425293
0.7008607387542725
0.6779374480247498
0.6942689418792725
0.6838951110839844
0.6873373985290527
0.6864386796951294
0.6888996958732605
0.682505190372467
0.686258852481842
0.6772168278694153
0.6926949620246887
0.6978622078895569
0.6777734756469727
0.6843928098678589
0.682541012763977
0.6822624802589417
0.6784844398498535
0.6828457117080688
0.6831425428390503
0.6824573874473572
0.6868858933448792
0.7347535490989685
0.6784048080444336
0.6807382702827454
0.6936171054840088
0.6863319873809814
0.6816835403442383
0.6814526915550232
0.69157475233078
0.685508668422699
0.6743244528770447
0.6914328336715698
0.6767451167106628
0.6800066828727722
0.6855253577232361
0.685004472732544
0.683669924736023
0.6787001490592957
0.6844322681427002
0.6811407208442688
0.6914044618606567
0.705611526966095
0.6834959983825684
0.7077637910842896
0.6936628818511963
0.6803107857704163
0.6904084086418152
0.700249195098877
0.6937961578369141
0.6871232986450195
0.6803229451179504
0.6841273903846741
0.6949958205223083
0.6814211010932922
0.6828272938728333
0.6810977458953857
0.6852351427078247
0.6964753866195679
0.6836851835250854
0.6926100850105286
0.6877854466438293
0.6966491937637329
0.6900710463523865
0.6798336505889893
0.6817734241485596
0.6875022053718567
0.6837549209594727
0.6892961859703064
0.6880552768707275
0.6809115409851074
0.6880931854248047
0.7021805644035339
0.6822455525398254
0.7034963369369507
0.6834226250648499
0.6893466711044312
0.6903204321861267
0.6850796937942505
0.6894719004631042
0.6818426251411438
0.682102382183075
0.6851305961608887
0.6935680508613586
0.6863352060317993
0.6837397813796997
0.687549352645874
0.6838124990463257
0.6891488432884216
0.6888982057571411
0.6851201057434082
0.690360963344574
0.6828200221061707
0.6798352599143982
0.6795093417167664
0.6845333576202393
0.6728658080101013
0.6831252574920654
0.690467357635498
0.6860871315002441
0.7210809588432312
0.6837059259414673
0.6929451823234558
0.6983575820922852
0.6840053796768188
0.6829196810722351
0.6807858943939209
0.690723180770874
0.6752337217330933
0.6876487135887146
0.6936194896697998
0.6770991086959839
0.6803724765777588
0.6838316917419434
0.692522406578064
0.6852604150772095
0.6923346519470215
0.686815083026886
0.6898539662361145
0.6999834775924683
0.6913551688194275
0.6927556991577148
0.6870743632316589
0.6868269443511963
0.6890159249305725
0.6900825500488281
0.6917815208435059
0.6890084147453308
0.6797728538513184
0.6894636750221252
0.6901558041572571
0.6919146776199341
0.6921565532684326
0.6781376600265503
0.6894112229347229
0.6782798171043396
0.6841695308685303
0.6858777403831482
0.6763014197349548
0.6847667098045349
0.6874219179153442
0.6805373430252075
0.6915228366851807
0.6812570095062256
0.6868236064910889
0.6937850117683411
0.6811696290969849
0.6998801231384277
0.686867892742157
0.6834629774093628
0.6959574818611145
0.6884661912918091
0.6729490160942078
0.6795936226844788
0.68834388256073
0.6787745356559753
0.678360641002655
0.6875122785568237
0.6933170557022095
0.6832960844039917
0.6952008008956909
0.6863410472869873
0.696068286895752
0.6863359212875366
0.7022875547409058
0.6874638199806213
0.679930567741394
0.6878997087478638
0.681631863117218
0.6928181052207947
0.692623496055603
0.6878545880317688
0.685955286026001
0.6908046007156372
0.6973628997802734
0.6792830228805542
0.6818408370018005
0.689513623714447
0.6936874389648438
0.702826738357544
0.6982201933860779
0.6892194747924805
0.6893035769462585
0.6870888471603394
0.6845942139625549
0.6811846494674683
0.6805914640426636
0.6903537511825562
0.6971361041069031
0.6906467080116272
0.6773834824562073
0.6889933943748474
0.6799349784851074
0.6914938688278198
0.6916142106056213
0.6929094195365906
0.6755735278129578
0.682563304901123
0.6840124130249023
0.6935786604881287
0.6926417350769043
0.6978313326835632
0.694929838180542
0.6847968697547913
0.6836546659469604
0.6888062357902527
0.6903137564659119
0.6873636245727539
0.6879426836967468
0.6934353113174438
0.6782654523849487
0.7042737603187561
0.6923630237579346
0.675369143486023
0.6908918619155884
0.6986832022666931
0.6843295693397522
0.689916729927063
0.6925408840179443
0.6857714056968689
0.6959467530250549
0.6844704747200012
0.6855652928352356
0.7068497538566589
0.702235221862793
0.6831321120262146
0.6877469420433044
0.6983810663223267
0.6874757409095764
0.6929291486740112
0.6839392781257629
0.6841495037078857
0.7013513445854187
0.6788599491119385
0.6704468131065369
0.6841872334480286
0.6790257692337036
0.7018781304359436
0.6828930377960205
0.6990615725517273
0.6824577450752258
0.6841850876808167
0.682216227054596
0.6925804615020752
0.6912433505058289
0.6824020147323608
0.6798569560050964
0.6907211542129517
0.682234525680542
0.6866676807403564
0.6799019575119019
0.7018020749092102
0.6823205351829529
0.6912563443183899
0.6906896829605103
0.6819967031478882
0.6805210113525391
0.6872202157974243
0.6861780285835266
0.6800660490989685
0.6815152168273926
0.6851591467857361
0.6836802363395691
0.6838229894638062
0.6698717474937439
0.6917319893836975
0.6825219988822937
0.686045229434967
0.6911823153495789
0.7040490508079529
0.6939471960067749
0.685564398765564
0.686436116695404
0.6851614713668823
0.6832106709480286
0.6762492060661316
0.6965532898902893
0.6718857288360596
0.6883430480957031
0.6854411363601685
0.6915763020515442
0.702578067779541
0.6839398741722107
0.6815921664237976
0.7007938623428345
0.6787071228027344
0.6866922974586487
0.6853364706039429
0.6930109262466431
0.6870933771133423
0.681735098361969
0.6997542381286621
0.697490394115448
0.6742326617240906
0.6831467747688293
0.6861990690231323
0.6972649097442627
0.6825932264328003
0.68069988489151
0.6849654912948608
0.6871351003646851
0.71377032995224
0.6842036247253418
0.6889883875846863
0.6859236359596252
0.6884056329727173
0.6848918795585632
0.6967297792434692
0.6909278035163879
0.6815800666809082
0.678777277469635
0.684880793094635
0.6839331984519958
0.681826651096344
0.6886414885520935
0.6958392262458801
0.6971589922904968
0.6838274598121643
0.7015694379806519
0.6777092218399048
0.6845558285713196
0.686479389667511
0.6782182455062866
0.6879950761795044
0.6876397728919983
0.6847207546234131
0.6886085867881775
0.7011905908584595
0.6853301525115967
0.6825671195983887
0.681047260761261
0.6881303191184998
0.6896119117736816
0.680758535861969
0.6884692907333374
0.6887338161468506
0.6909478902816772
0.6872081756591797
0.672913134098053
0.7038498520851135
0.6906725168228149
0.6839024424552917
0.6899842619895935
0.6822177171707153
0.6983608603477478
0.689403235912323
0.6947138905525208
0.6808410286903381
0.6822368502616882
0.6810430884361267
0.6830071210861206
0.6833571791648865
0.699059009552002
0.6868685483932495
0.6840841770172119
0.6853891611099243
0.6858112215995789
0.6941743493080139
0.6843985915184021
0.6877597570419312
0.6791383028030396
0.6797535419464111
0.6874175071716309
0.6842605471611023
0.6847494840621948
0.6827268600463867
0.684814453125
0.6928449869155884
0.6899789571762085
0.6833721995353699
0.702103853225708
0.6970969438552856
0.6854953765869141
0.679648756980896
0.6831544041633606
0.6861206889152527
0.6922136545181274
0.7098209261894226
0.6862504482269287
0.6856264472007751
0.6793602705001831
0.6906092762947083
0.6899070739746094
0.6920406818389893
0.6900827884674072
0.6876691579818726
0.6954819560050964
0.6966781616210938
0.6923719644546509
0.6963896751403809
0.6837998628616333
0.6880403161048889
0.680036187171936
0.6731706857681274
0.6839198470115662
0.6932578086853027
0.683002233505249
0.6827840209007263
0.7029295563697815
0.6883566975593567
0.7035728693008423
0.6927344799041748
0.687490701675415
0.6850174069404602
0.6810166835784912
0.6807247400283813
0.6884453296661377
0.6868639588356018
0.691012978553772
0.6851999163627625
0.6944034099578857
0.6845865845680237
0.7006418704986572
0.691641092300415
0.6905873417854309
0.6845253109931946
0.6925025582313538
0.6818092465400696
0.6987886428833008
0.6982547044754028
0.6996421813964844
0.6895810961723328
0.6835007071495056
0.6833832859992981
0.6835511326789856
0.6832442283630371
0.6753838658332825
0.7030454277992249
0.6838662624359131
0.6807085871696472
0.6783164143562317
0.6934335231781006
0.6834415197372437
0.6929287314414978
0.7272859215736389
0.6809716820716858
0.7061364650726318
0.6901036500930786
0.680664598941803
0.7035179734230042
0.7216598987579346
0.6915106773376465
0.6983339190483093
0.6840929388999939
0.6951534748077393
0.6898993253707886
0.6769527196884155
0.7074869871139526
0.7076784372329712
0.6841516494750977
0.6789840459823608
0.684194028377533
0.6941854953765869
0.7059198021888733
0.7123184204101562
0.7052274942398071
0.678425669670105
0.6979074478149414
0.6819617748260498
0.6893495321273804
0.6932284235954285
0.6867673993110657
0.6846836805343628
0.6838133335113525
0.6782241463661194
0.681533694267273
0.6792297959327698
0.6757520437240601
0.6851382851600647
0.677772045135498
0.6842947602272034
0.7002422213554382
0.6787195205688477
0.6863343715667725
0.6764584183692932
0.6916897296905518
0.6829129457473755
0.6752395629882812
0.6795045733451843
0.684313952922821
0.6800037622451782
0.6804767847061157
0.6823715567588806
0.6811815500259399
0.6906739473342896
0.6923174858093262
0.6800708174705505
0.6741749048233032
0.6881624460220337
0.6838544011116028
0.6966235637664795
0.6961546540260315
0.6951249837875366
0.690436601638794
0.6943387985229492
0.6748763918876648
0.6801614165306091
0.6835635304450989
0.6848958730697632
0.6863844990730286
0.6893851161003113
0.6962406039237976
0.6835026741027832
0.676075279712677
0.6948553323745728
0.6789630651473999
0.6917077898979187
0.6914542317390442
0.6875060796737671
0.6937594413757324
0.6838684678077698
0.6828177571296692
0.7002769708633423
0.7028239369392395
0.6873067617416382
0.6846680045127869
0.6908088326454163
0.6831261515617371
0.6856392621994019
0.6927608847618103
0.6846315264701843
0.6984328627586365
0.6905443668365479
0.6806093454360962
0.7095986008644104
0.6813545823097229
0.6966209411621094
0.6840121746063232
0.6875055432319641
0.7038912177085876
0.6781865954399109
0.683815598487854
0.6760516166687012
0.689333975315094
0.6865872144699097
0.6814823150634766
0.6905419826507568
0.6817591786384583
0.6844488382339478
0.681938648223877
0.688291609287262
0.6858009099960327
0.6749373078346252
0.6895474791526794
0.6927300095558167
0.6923832297325134
0.6888542175292969
0.6799681186676025
0.7107754349708557
0.6848296523094177
0.683142900466919
0.6824045777320862
0.6804256439208984
0.6774272918701172
0.6905755996704102
0.6915402412414551
0.6814495921134949
0.6845264434814453
0.6997536420822144
0.6900375485420227
0.6905032992362976
0.691755473613739
0.6938847899436951
0.6803542971611023
0.7002069354057312
0.6788488030433655
0.6887772083282471
0.6969112157821655
0.6800280213356018
0.6936352252960205
0.6958403587341309
0.6882430911064148
0.6785600185394287
0.692996621131897
0.6804845929145813
0.691230833530426
0.6816219687461853
0.6935251355171204
0.6703044772148132
0.6858544945716858
0.6852074265480042
0.6865555047988892
0.696417510509491
0.6873943209648132
0.6794296503067017
0.6771257519721985
0.68498295545578
0.7173030376434326
0.6879276037216187
0.6896618008613586
0.6745811700820923
0.6789611577987671
0.6826916933059692
0.6918473839759827
0.68373703956604
0.6842364072799683
0.6863771080970764
0.6804286241531372
0.6897591948509216
0.6840680241584778
0.6811248064041138
0.6874165534973145
0.722200334072113
0.6845472455024719
0.6835038661956787
0.6973075270652771
0.6929945349693298
0.6876737475395203
0.690135657787323
0.6826069951057434
0.6892170906066895
0.7166330814361572
0.6937638521194458
0.6855891942977905
0.6784701347351074
0.6784967184066772
0.6838274002075195
0.6815620064735413
0.6873266696929932
0.690691351890564
0.6982701420783997
0.6805232167243958
0.6749235987663269
0.6760861277580261
0.683940052986145
0.6826744079589844
0.686363160610199
0.6805034875869751
0.6820313930511475
0.6882355809211731
0.6748071908950806
0.6865363121032715
0.6846298575401306
0.676300585269928
0.6891661286354065
0.6868461966514587
0.6862995624542236
0.6820027232170105
0.6805890798568726
0.6820392608642578
0.6829077005386353
0.6858387589454651
0.6924181580543518
0.6838234663009644
0.6838749647140503
0.6877118349075317
0.6830564141273499
0.6825386881828308
0.6814936399459839
0.6770011186599731
0.6799097657203674
0.6849474906921387
0.6768305897712708
0.6796459555625916
0.6778884530067444
0.6870917677879333
0.6723926067352295
0.6753033995628357
0.6769195199012756
0.6870160698890686
0.682077169418335
0.6852676272392273
0.6979096531867981
0.7190975546836853
0.6878465414047241
0.6833935976028442
0.6835185289382935
0.6823704242706299
0.6870294213294983
0.6758266687393188
0.6826808452606201
0.6950757503509521
0.6948500275611877
0.6861991882324219
0.6937254667282104
0.7160763144493103
0.6917575001716614
0.6850694417953491
0.688186526298523
0.698327362537384
0.6824299097061157
0.6860960721969604
0.6837032437324524
0.7143146395683289
0.6867223978042603
0.6774700880050659
0.675800085067749
0.6966283321380615
0.6926805973052979
0.6900410056114197
0.6887567043304443
0.7160473465919495
0.682518482208252
0.6953147053718567
0.6841389536857605
0.7001630067825317
0.6860257983207703
0.6755491495132446
0.6907099485397339
0.6912673711776733
0.676383376121521
0.6844359040260315
0.6812304258346558
0.6928768754005432
0.6834328174591064
0.6782360672950745
0.6790359616279602
0.6887233853340149
0.6834279894828796
0.6873723864555359
0.6823015809059143
0.6790144443511963
0.7124155163764954
0.6889572143554688
0.6838474869728088
0.6883725523948669
0.684351921081543
0.6769291758537292
0.6867561936378479
0.6899365782737732
0.6827055811882019
0.6868362426757812
0.6790997982025146
0.6843459010124207
0.6855025291442871
0.6804353594779968
0.6730188131332397
0.6887741088867188
0.6894943714141846
0.6843039393424988
0.6845422983169556
0.6895776987075806
0.6972649097442627
0.6858775019645691
0.6966917514801025
0.6839454770088196
0.6835070252418518
0.6875829696655273
0.6920782327651978
0.6833646297454834
0.6847205758094788
0.691681981086731
0.6881349086761475
0.6833779811859131
0.6946759819984436
0.6887617707252502
0.6855167150497437
0.7197389006614685
0.6824038624763489
0.6896086931228638
0.6788182258605957
0.684697151184082
0.6868042945861816
0.6955223679542542
0.6859270334243774
0.6782368421554565
0.673943817615509
0.6826294660568237
0.6892130970954895
0.6784843802452087
0.6781324744224548
0.6908565759658813
0.6903557181358337
0.6894550323486328
0.6782745122909546
0.6858469843864441
0.6913068294525146
0.689691424369812
0.6837483048439026
0.6859031915664673
0.6788104772567749
0.6974512338638306
0.7040305733680725
0.6864342093467712
0.6979475617408752
0.7030640840530396
0.6843569874763489
0.6792809367179871
0.6853978037834167
0.7032607793807983
0.6851367950439453
0.6894040703773499
0.6754921674728394
0.688737690448761
0.6999553442001343
0.6797389388084412
0.6909242272377014
0.6775350570678711
0.6902061104774475
0.6876569390296936
0.6812757253646851
0.6798259019851685
0.6864625215530396
0.6936224699020386
0.6922737956047058
0.6851987242698669
0.6828719973564148
0.6851543188095093
0.6825773119926453
0.6931754350662231
0.6979477405548096
0.6861099004745483
0.6814906001091003
0.6891127824783325
0.6791690587997437
0.6776496767997742
0.6930805444717407
0.7026023268699646
0.6919399499893188
0.676982581615448
0.735249400138855
0.6767874956130981
0.6996500492095947
0.704888105392456
0.6860272288322449
0.6833490133285522
0.6932639479637146
0.6824049353599548
0.6751552820205688
0.68003910779953
0.682871401309967
0.6918438076972961
0.6790803074836731
0.6825341582298279
0.694343090057373
0.6811336874961853
0.6848291754722595
0.6858726143836975
0.6796121597290039
0.6801369786262512
0.6851123571395874
0.6926973462104797
0.6863264441490173
0.6795358061790466
0.6889610886573792
0.6843587756156921
0.7208685278892517
0.69254469871521
0.7049278616905212
0.6893236637115479
0.6815353035926819
0.688852071762085
0.6796784400939941
0.6849610209465027
0.6983394026756287
0.6971554160118103
0.6851269006729126
0.7001904249191284
0.7005167603492737
0.6861761212348938
0.6885753273963928
0.686589241027832
0.6835817098617554
0.6918113231658936
0.6922461986541748
0.6854234933853149
0.7003242373466492
0.6843991875648499
0.6822987198829651
0.6793451309204102
0.6815655827522278
0.6787176132202148
0.6820939183235168
0.6885395646095276
0.6871379613876343
0.6950467824935913
0.6848695278167725
0.6835706830024719
0.6818196177482605
0.6874165534973145
0.6775124669075012
0.6795207262039185
0.6896073222160339
0.6944071054458618
0.6909964680671692
0.6907215714454651
0.6963191032409668
0.6828083395957947
0.6787244081497192
0.6841977834701538
0.6921391487121582
0.7032261490821838
0.6888580322265625
0.687413215637207
0.6830076575279236
0.6886332035064697
0.6821470856666565
0.6979088187217712
0.6869539618492126
0.7003544569015503
0.6940531730651855
0.6909126043319702
0.6876676678657532
0.6955280303955078
0.6969084143638611
0.6781314611434937
0.6970213651657104
0.688835859298706
0.7186002731323242
0.68124920129776
0.6816138625144958
0.6750577688217163
0.6969858407974243
0.6866781711578369
0.6819612979888916
0.7049512267112732
0.6758704781532288
0.6840513348579407
0.6923041939735413
0.684890866279602
0.6756722331047058
0.6922378540039062
0.6911505460739136
0.6921242475509644
0.6904251575469971
0.6848028302192688
0.6863068342208862
0.6911578178405762
0.6903939843177795
0.6841181516647339
0.6788972020149231
0.6830628514289856
0.6831688284873962
0.6777970790863037
0.6915506720542908
0.6824927926063538
0.6957833170890808
0.6954210996627808
0.6880133748054504
0.6817609667778015
0.6905065774917603
0.6831490397453308
0.6810712814331055
0.6897653341293335
0.6955443620681763
0.6990460753440857
0.6775532364845276
0.6810072064399719
0.6868390440940857
0.6901386380195618
0.7028782963752747
0.6807107329368591
0.6855352520942688
0.6882205605506897
0.6873953938484192
0.6887739896774292
0.6842039823532104
0.6762996912002563
0.6887831687927246
0.6900596618652344
0.6967411041259766
0.6938244700431824
0.6803481578826904
0.7117026448249817
0.7012773752212524
0.691382110118866
0.6714476346969604
0.6803715229034424
0.6823039054870605
0.6925670504570007
0.6761095523834229
0.6890714168548584
0.6798418760299683
0.692803144454956
0.6787835359573364
0.6923027038574219
0.6993159651756287
0.6824945211410522
0.680294930934906
0.6794785261154175
0.6880844831466675
0.6903896331787109
0.6825286149978638
0.6881406903266907
0.693109929561615
0.6842173933982849
0.6842617392539978
0.6863820552825928
0.6958368420600891
0.6853733062744141
0.6837413907051086
0.6767228245735168
0.6797711849212646
0.6952879428863525
0.6854072213172913
0.6839917898178101
0.6816383600234985
0.6792232990264893
0.6879668831825256
0.6913726925849915
0.688277006149292
0.686562180519104
0.6853302717208862
0.6935080885887146
0.6772446632385254
0.7118803262710571
0.7029856443405151
0.7148281335830688
0.6816298365592957
0.6899144053459167
0.6816014051437378
0.6936690807342529
0.6785098910331726
0.6897369027137756
0.6881259679794312
0.6890966892242432
0.6801832318305969
0.6935399174690247
0.6822594404220581
0.6742035150527954
0.6782070994377136
0.6851343512535095
0.6866433620452881
0.6792140603065491
0.6886979937553406
0.6855378150939941
0.6849449276924133
0.6810005307197571
0.6857053637504578
0.682876467704773
0.6810767650604248
0.6848945617675781
0.6843172907829285
0.6913521885871887
0.6836992502212524
0.6935991644859314
0.6913648843765259
0.6781455278396606
0.6917176246643066
0.6865636110305786
0.693278968334198
0.6867086887359619
0.7009421586990356
0.6848152279853821
0.674959659576416
0.691088855266571
0.6889038681983948
0.691291332244873
0.6821173429489136
0.6805278658866882
0.6989521980285645
0.6741857528686523
0.6921237707138062
0.6779535412788391
0.6859300136566162
0.6877622008323669
0.6969603896141052
0.6834682822227478
0.6848232746124268
0.682268500328064
0.6983204483985901
0.685757577419281
0.684812068939209
0.684159517288208
0.6818288564682007
0.6889241337776184
0.682813286781311
0.7056432962417603
0.6744146943092346
0.694709062576294
0.6782330870628357
0.6821920275688171
0.6870116591453552
0.6935091614723206
0.6815651655197144
0.6817609071731567
0.6873618960380554
0.6808752417564392
0.6850642561912537
0.6776553392410278
0.6826510429382324
0.6962883472442627
0.684463620185852
0.7428028583526611
0.6854648590087891
0.6842487454414368
0.6797838807106018
0.6986605525016785
0.6888894438743591
0.6807688474655151
0.6909570693969727
0.6815710663795471
0.7040646076202393
0.6805949807167053
0.6826612949371338
0.6809618473052979
0.6888267397880554
0.6845630407333374
0.68156898021698
0.7106389999389648
0.7158470749855042
0.6878511309623718
0.6828781366348267
0.6885661482810974
0.6847330331802368
0.6928209662437439
0.6933491826057434
0.6843348741531372
0.6843459606170654
0.6869268417358398
0.6789190173149109
0.6832063794136047
0.6724289655685425
0.6808827519416809
0.6741009950637817
0.6771500110626221
0.6823685169219971
0.6915013194084167
0.6816178560256958
0.6792986989021301
0.6848596334457397
0.6820712089538574
0.688205361366272
0.6792837977409363
0.678860068321228
0.6816522479057312
0.6815527081489563
0.6919039487838745
0.68711918592453
0.6919345855712891
0.6774342060089111
0.6787769794464111
0.6941047310829163
0.6794283390045166
0.682308554649353
0.6731629967689514
0.6771875619888306
0.6847152709960938
0.6887684464454651
0.6877801418304443
0.682517945766449
0.6963691115379333
0.6810017824172974
0.6860134601593018
0.6934186816215515
0.6937052011489868
0.6936951875686646
0.6896647810935974
0.6828799843788147
0.7005875110626221
0.6799836754798889
0.6814743876457214
0.6841536164283752
0.6814409494400024
0.6902540922164917
0.6813862323760986
0.6822423338890076
0.7041373252868652
0.6791562438011169
0.6971783638000488
0.6795468330383301
0.6810855269432068
0.6886681914329529
0.6773775815963745
0.6696473956108093
0.6925904750823975
0.6887245178222656
0.6793244481086731
0.6869845986366272
0.7065646648406982
0.6977396607398987
0.6856064200401306
0.680526614189148
0.6894764304161072
0.695567786693573
0.6807411313056946
0.6763781905174255
0.7045230269432068
0.6865878701210022
0.6932582855224609
0.6947916150093079
0.686101496219635
0.6880679726600647
0.6864593625068665
0.6795320510864258
0.6985029578208923
0.6758559942245483
0.6847535371780396
0.6928500533103943
0.6909395456314087
0.6742470860481262
0.6886058449745178
0.6787157654762268
0.6901239156723022
0.7143375277519226
0.7027403116226196
0.6936179399490356
0.6906611919403076
0.6936826705932617
0.6766439080238342
0.6835746169090271
0.6882467865943909
0.7012642025947571
0.6818564534187317
0.6863726377487183
0.6878790855407715
0.6845152378082275
0.6769928932189941
0.6900999546051025
0.6792798638343811
0.6878052949905396
0.7085325121879578
0.6850311756134033
0.685084342956543
0.6858111023902893
0.6776495575904846
0.7002549171447754
0.6797779202461243
0.6809017062187195
0.6858618259429932
0.6876769065856934
0.698063850402832
0.6917684078216553
0.6816570162773132
0.6846839189529419
0.6882454752922058
0.6845963001251221
0.6905079483985901
0.6798160076141357
0.6904233694076538
0.6880694031715393
0.6812629103660583
0.687896192073822
0.6911321878433228
0.6892945766448975
0.6886404156684875
0.6883675456047058
0.6845143437385559
0.6920149326324463
0.6674166917800903
0.6794942021369934
0.6892558336257935
0.6947412490844727
0.6889274716377258
0.6894852519035339
0.6833139061927795
0.6829585433006287
0.6756837368011475
0.6815233826637268
0.6891387701034546
0.7067419290542603
0.6867491602897644
0.6916682124137878
0.696069598197937
0.6837809681892395
0.6812027096748352
0.689260721206665
0.6910741925239563
0.6883130669593811
0.6961463093757629
0.6914081573486328
0.6873461008071899
0.6778525710105896
0.6936200261116028
0.698921799659729
0.69004887342453
0.6789759397506714
0.6912408471107483
0.6865392923355103
0.6860834956169128
0.6888418197631836
0.6968702077865601
0.7069237232208252
0.679575502872467
0.6913947463035583
0.6985325813293457
0.6949703693389893
0.677863359451294
0.6913872957229614
0.6800904273986816
0.6771393418312073
0.6951636672019958
0.6716152429580688
0.6777799129486084
0.6809543371200562
0.6833043694496155
0.6912945508956909
0.6831907033920288
0.6893916726112366
0.6880573034286499
0.6810396313667297
0.6878710389137268
0.684927225112915
0.6919454336166382
0.7010130882263184
0.6842361688613892
0.6849570870399475
0.6820909976959229
0.6908835768699646
0.6826978921890259
0.7049533724784851
0.6887003779411316
0.6915479302406311
0.707914412021637
0.6920250058174133
0.6822574734687805
0.6867483854293823
0.6785550713539124
0.6869207620620728
0.685450553894043
0.6896613836288452
0.6895775198936462
0.6850471496582031
0.7007646560668945
0.6960461139678955
0.6872469186782837
0.6808088421821594
0.6888564229011536
0.6756344437599182
0.6807141900062561
0.6870455145835876
0.6716455221176147
0.6759858131408691
0.7002909779548645
0.696696400642395
0.6794613003730774
0.7088066935539246
0.6897669434547424
0.6878054738044739
0.6947910785675049
0.6981035470962524
0.6854994297027588
0.6914241909980774
0.6926179528236389
0.6850116848945618
0.6778583526611328
0.6917579174041748
0.6840377449989319
0.6813556551933289
0.682271420955658
0.690304696559906
0.6817252039909363
0.6952705979347229
0.6918739676475525
0.6785138845443726
0.678259551525116
0.6867697834968567
0.6915805339813232
0.6909253597259521
0.6763877272605896
0.6881524920463562
0.6819392442703247
0.6878390312194824
0.685927152633667
0.684614360332489
0.6815929412841797
0.7062559723854065
0.6837360262870789
0.6928736567497253
0.6943675875663757
0.7046253085136414
0.6845529675483704
0.6888802647590637
0.6854562759399414
0.6798734664916992
0.6812034249305725
0.6822409629821777
0.6758744120597839
0.6927991509437561
0.6893138289451599
0.6850860714912415
0.6809626221656799
0.6827161312103271
0.6803196668624878
0.689461886882782
0.684846043586731
0.687283992767334
0.690798819065094
0.6896989941596985
0.6801628470420837
0.6760428547859192
0.6802098155021667
0.6773478388786316
0.6793621182441711
0.6864237785339355
0.6897667646408081
0.6945394277572632
0.6882234215736389
0.6837421655654907
0.6891278624534607
0.6986269950866699
0.690420389175415
0.6910913586616516
0.6775060892105103
0.691672682762146
0.6906999349594116
0.6957588791847229
0.6973305940628052
0.6741321682929993
0.6873784065246582
0.6893001794815063
0.6934846043586731
0.6982744336128235
0.6897476315498352
0.6917037963867188
0.6882930994033813
0.6803173422813416
0.7001703381538391
0.6858381032943726
0.6799150705337524
0.6782830953598022
0.6929681897163391
0.6862584948539734
0.6863144040107727
0.6827641129493713
0.683621346950531
0.6849365830421448
0.684596061706543
0.6816655993461609
0.6824642419815063
0.6899765729904175
0.6921178698539734
0.6811249852180481
0.683608889579773
0.6860437989234924
0.6862586736679077
0.693212628364563
0.6790993809700012
0.6776750087738037
0.6807841658592224
0.6795839667320251
0.6785244345664978
0.6813583374023438
0.6783535480499268
0.6927435398101807
0.694835364818573
0.6894580721855164
0.6847277283668518
0.6867483854293823
0.6811292171478271
0.6869345903396606
0.7235487103462219
0.685549795627594
0.6887290477752686
0.6842960119247437
0.6899557709693909
0.6936524510383606
0.6832997798919678
0.6767703890800476
0.6909044981002808
0.6807274222373962
0.6983575820922852
0.6950345039367676
0.6793399453163147
0.6951424479484558
0.6967734694480896
0.7028036713600159
0.6807543039321899
0.6750847697257996
0.6867818236351013
0.6955547332763672
0.6959530115127563
0.678617000579834
0.692238450050354
0.6838047504425049
0.6952374577522278
0.6866521835327148
0.7130860686302185
0.6844871044158936
0.6897613406181335
0.6827540397644043
0.6852889657020569
0.6799184679985046
0.6857762336730957
0.687282919883728
0.6898173689842224
0.6815404295921326
0.6998768448829651
0.6775014996528625
0.68233323097229
0.6941253542900085
0.6876806616783142
0.6901167631149292
0.690949559211731
0.6799697875976562
0.6874926686286926
0.6947636008262634
0.6890387535095215
0.6891910433769226
0.689384937286377
0.7012410759925842
0.6788778305053711
0.6786893010139465
0.690584659576416
0.6840323805809021
0.6817545890808105
0.6914969682693481
0.6798371076583862
0.6766386032104492
0.6803005933761597
0.6883594393730164
0.7034287452697754
0.6822038292884827
0.6896356344223022
0.6856803297996521
0.6692111492156982
0.6898797750473022
0.7023658752441406
0.6866230964660645
0.6837185025215149
0.6883697509765625
0.6778305172920227
0.6956972479820251
0.688680112361908
0.6824589371681213
0.6777713894844055
0.6808773279190063
0.6860725283622742
0.679591715335846
0.7014449238777161
0.6772096157073975
0.7087699770927429
0.6810611486434937
0.6790492534637451
0.6928991079330444
0.6798944473266602
0.6805320382118225
0.6871572136878967
0.6801974773406982
0.6760188937187195
0.6798373460769653
0.6873692274093628
0.6800951361656189
0.6810700297355652
0.6818119287490845
0.6924474835395813
0.6814541220664978
0.6871281862258911
0.6976269483566284
0.6842160820960999
0.6817950010299683
0.6847980618476868
0.6816993951797485
0.6766905784606934
0.6865346431732178
0.6838746070861816
0.6925951242446899
0.6748396158218384
0.6843384504318237
0.6844067573547363
0.6822147965431213
0.6914939284324646
0.6881959438323975
0.6922396421432495
0.6809373497962952
0.6851295828819275
0.676958441734314
0.6868659257888794
0.6853465437889099
0.6823443174362183
0.6857136487960815
0.6864826083183289
0.688431978225708
0.6887412667274475
0.6829342842102051
0.6904553174972534
0.6928360462188721
0.6938720345497131
0.6815754771232605
0.6831877827644348
0.6801961660385132
0.6939738392829895
0.678563117980957
0.6863546371459961
0.6814795732498169
0.69735187292099
0.6774511933326721
0.6892534494400024
0.6832255125045776
0.692872941493988
0.6868497133255005
0.6855523586273193
0.6896075010299683
0.6926907300949097
0.6882815957069397
0.6897653341293335
0.6892717480659485
0.6900603175163269
0.6842461824417114
0.6823334097862244
0.6827965974807739
0.6816638708114624
0.6898755431175232
0.6805346012115479
0.7011445760726929
0.6846749186515808
0.6952921748161316
0.6944019794464111
0.6826887726783752
0.6836897134780884
0.6742559671401978
0.6805513501167297
0.6832454204559326
0.6930221319198608
0.674740731716156
0.6870428323745728
0.7058733105659485
0.6836565732955933
0.6844353079795837
0.685610830783844
0.6953786611557007
0.6902734637260437
0.6748698949813843
0.6937503218650818
0.6851083636283875
0.6872640252113342
0.6827948689460754
0.6904017329216003
0.6834517121315002
0.6867944002151489
0.6858541965484619
0.6821119785308838
0.685948371887207
0.6841100454330444
0.6888007521629333
0.6886122822761536
0.6875659823417664
0.6793718934059143
0.6825209259986877
0.6924662590026855
0.6857894659042358
0.676521897315979
0.6900448799133301
0.7116050124168396
0.6746371984481812
0.692703127861023
0.6894661784172058
0.6889793276786804
0.677951455116272
0.681564211845398
0.6831516623497009
0.6842265129089355
0.7023203372955322
0.6889978051185608
0.693479597568512
0.6926833987236023
0.6736100912094116
0.6968779563903809
0.6892287135124207
0.685144305229187
0.6847730278968811
0.6943459510803223
0.6816949844360352
0.6768945455551147
0.6850312948226929
0.6777706146240234
0.6982627511024475
0.6753421425819397
0.6908333897590637
0.6777152419090271
0.6797338724136353
0.6844558715820312
0.6807608008384705
0.6986585259437561
0.6838062405586243
0.6894153356552124
0.6930798888206482
0.6961967349052429
0.6831865906715393
0.6798880696296692
0.6871511936187744
0.6872146725654602
0.687052309513092
0.676602303981781
0.6865160465240479
0.6984893083572388
0.6884590983390808
0.6800011396408081
0.6836298704147339
0.69852215051651
0.6880824565887451
0.6778450012207031
0.6855857372283936
0.6873829960823059
0.6817513704299927
0.6910439133644104
0.7049819827079773
0.684938907623291
0.6797148585319519
0.6888337135314941
0.687808096408844
0.6923004388809204
0.69029301404953
0.681365430355072
0.6727584004402161
0.6955949664115906
0.6926202774047852
0.6857474446296692
0.6933807134628296
0.6895220875740051
0.6934930086135864
0.6931091547012329
0.6846452951431274
0.6786053776741028
0.6930744051933289
0.6888262033462524
0.6889455914497375
0.6802542805671692
0.6943118572235107
0.6857886910438538
0.6824527978897095
0.6815885305404663
0.6844360828399658
0.6873385906219482
0.704914927482605
0.6817750334739685
0.6813782453536987
0.6875356435775757
0.6771045327186584
0.680669367313385
0.6771075129508972
0.6703084111213684
0.683380663394928
0.6946247220039368
0.7032307982444763
0.6976019740104675
0.6885365843772888
0.694374144077301
0.6856049299240112
0.6867651343345642
0.6947465538978577
0.6856134533882141
0.695670485496521
0.6892600655555725
0.689859926700592
0.6952551007270813
0.7011767625808716
0.6820365190505981
0.6857475638389587
0.6858781576156616
0.6820561289787292
0.6950682997703552
0.6899821758270264
0.6862777471542358
0.6863701343536377
0.6756463646888733
0.6766085028648376
0.6865460872650146
0.6924484372138977
0.6776486039161682
0.6732202768325806
0.7017144560813904
0.689211368560791
0.6806990504264832
0.7025151252746582
0.7326679825782776
0.6907504200935364
0.6884331107139587
0.6819084286689758
0.6875479817390442
0.7015736699104309
0.6795470714569092
0.6920868158340454
0.6878133416175842
0.6871383190155029
0.690424919128418
0.6767826080322266
0.6862384676933289
0.710220456123352
0.6864916086196899
0.6848975419998169
0.6927592158317566
0.6886738538742065
0.6890116333961487
0.6843625903129578
0.6752646565437317
0.6919028162956238
0.6847819685935974
0.6837658882141113
0.6903284192085266
0.6775618195533752
0.7070043087005615
0.6956412196159363
0.6849571466445923
0.7096559405326843
0.6751288771629333
0.6991564035415649
0.684062123298645
0.6907082796096802
0.6921096444129944
0.6922533512115479
0.6824720501899719
0.67437744140625
0.6963262557983398
0.6896764636039734
0.6831168532371521
0.6759927272796631
0.6918657422065735
0.6907025575637817
0.6875876784324646
0.6995006799697876
0.6757928133010864
0.6933825612068176
0.682066798210144
0.6894177794456482
0.6861406564712524
0.684515655040741
0.6928401589393616
0.6852920651435852
0.6799570322036743
0.6788420677185059
0.6859939694404602
0.6746273040771484
0.684755802154541
0.6856245398521423
0.6897811889648438
0.682121992111206
0.6803380846977234
0.6929709911346436
0.6821872591972351
0.6841182708740234
0.6887316107749939
0.6910457015037537
0.6731916666030884
0.6957148313522339
0.6841387748718262
0.7016554474830627
0.6814071536064148
0.6897104978561401
0.6818358898162842
0.6823639869689941
0.6843011379241943
0.686738908290863
0.6937813758850098
0.691317081451416
0.6784483790397644
0.6780052185058594
0.6787766218185425
0.6832134127616882
0.7038803100585938
0.6846420168876648
0.6788038015365601
0.6886147856712341
0.6819325089454651
0.6852224469184875
0.694740355014801
0.6877174973487854
0.6816563606262207
0.6917521357536316
0.6889081597328186
0.6844503283500671
0.681443452835083
0.6936212182044983
0.6883884072303772
0.6886368989944458
0.6750940680503845
0.6833962202072144
0.6844729781150818
0.6900896430015564
0.6938327550888062
0.6844019293785095
0.6892675757408142
0.6889640688896179
0.680414080619812
0.6872172355651855
0.6846514940261841
0.6798285841941833
0.6885986328125
0.6950181722640991
0.6852031350135803
0.6794948577880859
0.6842932105064392
0.6883497834205627
0.6880491375923157
0.6841625571250916
0.6849767565727234
0.6821986436843872
0.6922791004180908
0.688470721244812
0.6858584880828857
0.695633053779602
0.6914193034172058
0.6876246333122253
0.6843109726905823
0.6811684370040894
0.6833910346031189
0.6803736090660095
0.6782619953155518
0.6916730403900146
0.6873983144760132
0.6821781992912292
0.6859011054039001
0.6742425560951233
0.6735457181930542
0.6762743592262268
0.689282238483429
0.6886822581291199
0.6797969937324524
0.6852319836616516
0.6912370920181274
0.67790287733078
0.6926756501197815
0.6822384595870972
0.68244469165802
0.6762323379516602
0.6831187009811401
0.6795617341995239
0.6867982149124146
0.6930232644081116
0.6803493499755859
0.6957689523696899
0.6887503266334534
0.7009555697441101
0.6869338750839233
0.6729971766471863
0.6942983865737915
0.6810851097106934
0.6811357140541077
0.6997402310371399
0.6795352697372437
0.6769956350326538
0.6892949342727661
0.6811957955360413
0.6790793538093567
0.6890455484390259
0.6812238097190857
0.6880517601966858
0.6756115555763245
0.6792618036270142
0.6738662719726562
0.691167414188385
0.6830187439918518
0.6913681030273438
0.6907474994659424
0.6802405118942261
0.6842520833015442
0.6804329752922058
0.676978588104248
0.6824356317520142
0.6860257983207703
0.6947781443595886
0.7001623511314392
0.6914073824882507
0.6861692667007446
0.6865038275718689
0.6777183413505554
0.6875461339950562
0.6908058524131775
0.6836676001548767
0.6967844367027283
0.6890912652015686
0.6871236562728882
0.6819203495979309
0.6998224258422852
0.6904204487800598
0.6893072128295898
0.683421790599823
0.684954822063446
0.6854267120361328
0.6859804391860962
0.6868517398834229
0.6841250658035278
0.6814841628074646
0.6846266388893127
0.6961859464645386
0.6820198893547058
0.6762929558753967
0.6834664344787598
0.6844059228897095
0.6817464232444763
0.6830912828445435
0.6795395016670227
0.6990745067596436
0.6913180947303772
0.6849929094314575
0.6869309544563293
0.6747696995735168
0.6812508702278137
0.6796108484268188
0.6794592142105103
0.6838001608848572
0.6863717436790466
0.6942859888076782
0.6982182264328003
0.6849903464317322
0.6809560656547546
0.6878451108932495
0.6867350935935974
0.687999427318573
0.6847968101501465
0.6874277591705322
0.7053942084312439
0.700053870677948
0.6907340884208679
0.702668309211731
0.6875019073486328
0.6823215484619141
0.698548436164856
0.6869480609893799
0.6860554814338684
0.6913083791732788
0.6975940465927124
0.6960391998291016
0.6868857741355896
0.684907853603363
0.6855833530426025
0.6829408407211304
0.6846708655357361
0.6832640171051025
0.6795867085456848
0.6784572601318359
0.6870599985122681
0.6873458623886108
0.6845971941947937
0.6877667307853699
0.6938966512680054
0.6898499727249146
0.6857203245162964
0.6813579201698303
0.6906099319458008
0.6813191175460815
0.6860268115997314
0.6880048513412476
0.686037540435791
0.6868121027946472
0.6860309839248657
0.6840136051177979
0.6775237321853638
0.6771579384803772
0.6881712675094604
0.6875591278076172
0.6831540465354919
0.6870086193084717
0.6833710670471191
0.700038731098175
0.6841537356376648
0.695526659488678
0.6911251544952393
0.6897513270378113
0.6830649375915527
0.6779586672782898
0.6876266002655029
0.6858150362968445
0.6789061427116394
0.6941156983375549
0.6765188574790955
0.6861761212348938
0.6754158735275269
0.6828141212463379
0.6957228183746338
0.7156907916069031
0.6781995296478271
0.6993977427482605
0.6956875920295715
0.6836334466934204
0.6784670948982239
0.6915537118911743
0.6762449741363525
0.6816196441650391
0.7052969336509705
0.6873355507850647
0.6850007772445679
0.6849557161331177
0.680622398853302
0.6791446805000305
0.6992773413658142
0.6860511898994446
0.6838265657424927
0.6939427256584167
0.6819515824317932
0.6932003498077393
0.682226836681366
0.6864708065986633
0.6995944380760193
0.6807547211647034
0.6749259829521179
0.6830918788909912
0.6854010820388794
0.6999766826629639
0.6908838152885437
0.6836379766464233
0.6867901682853699
0.6948236227035522
0.6969673037528992
0.6976013779640198
0.6880857944488525
0.6861289143562317
0.6782315373420715
0.6901920437812805
0.6875278353691101
0.6766068935394287
0.6866475939750671
0.6863106489181519
0.6808901429176331
0.6888653039932251
0.6891393661499023
0.686684787273407
0.689032793045044
0.6852343082427979
0.68503338098526
0.6850122213363647
0.6856985688209534
0.6841580271720886
0.6954461932182312
0.6874555349349976
0.6807765364646912
0.6929076910018921
0.68155437707901
0.6771537065505981
0.6904395818710327
0.6891517043113708
0.6784612536430359
0.6826624870300293
0.6815071105957031
0.6862131953239441
0.6820522546768188
0.690983235836029
0.6808082461357117
0.6907498836517334
0.6784694194793701
0.6841992735862732
0.6813584566116333
0.6969920992851257
0.6818414330482483
0.6947144865989685
0.6887602806091309
0.6789055466651917
0.6854227781295776
0.6993288993835449
0.6920287013053894
0.6990845203399658
0.6743131875991821
0.68581223487854
0.6942317485809326
0.7081090807914734
0.6879062652587891
0.6777100563049316
0.6750020980834961
0.6829782724380493
0.7023669481277466
0.6818131804466248
0.7191910147666931
0.6798257827758789
0.6969418525695801
0.6852821111679077
0.6865854859352112
0.681988537311554
0.6807263493537903
0.6874334216117859
0.6868938207626343
0.6851276755332947
0.682206928730011
0.6839405298233032
0.6790048480033875
0.6844165325164795
0.6836037635803223
0.6826830506324768
0.6945423483848572
0.691533625125885
0.6955655217170715
0.6963515877723694
0.6927347779273987
0.6990459561347961
0.6849737167358398
0.6809848546981812
0.6977063417434692
0.6991814970970154
0.6833860874176025
0.6957656741142273
0.6845691800117493
0.6868489980697632
0.679474949836731
0.6930683255195618
0.6897609233856201
0.6803475022315979
0.6910207867622375
0.6890204548835754
0.6978186964988708
0.683182418346405
0.6877167820930481
0.6930681467056274
0.687825083732605
0.676530659198761
0.6875653862953186
0.6914982199668884
0.689110517501831
0.6768832802772522
0.6987219452857971
0.6913513541221619
0.6898279786109924
0.6804470419883728
0.6969621777534485
0.6956048607826233
0.6851860284805298
0.6828339099884033
0.6819524765014648
0.689626932144165
0.6909530162811279
0.677885115146637
0.6852927207946777
0.6907789707183838
0.6884059309959412
0.6832403540611267
0.6863811612129211
0.6843065023422241
0.6862991452217102
0.6813957095146179
0.6803445816040039
0.6808283925056458
0.6788080334663391
0.6847842335700989
0.6801556944847107
0.697426438331604
0.6901415586471558
0.6933467984199524
0.6759911179542542
0.6897032856941223
0.6786355376243591
0.6826093196868896
0.6799924969673157
0.6944159865379333
0.6870860457420349
0.6964824199676514
0.6815967559814453
0.6847764849662781
0.7070305943489075
0.6873763203620911
0.6939665079116821
0.688278079032898
0.6971268653869629
0.6861631870269775
0.6943027377128601
0.6867765784263611
0.6832360625267029
0.6863204836845398
0.6991829872131348
0.7046665549278259
0.6915749311447144
0.6833877563476562
0.6891838312149048
0.6934365630149841
0.6833045482635498
0.674043595790863
0.6774143576622009
0.6800801157951355
0.6843997836112976
0.6989017724990845
0.6951033473014832
0.6914922595024109
0.6804278492927551
0.6840895414352417
0.6808152198791504
0.6805204749107361
0.695773720741272
0.6936989426612854
0.688214898109436
0.6920056939125061
0.6711779236793518
0.6977462768554688
0.6939806342124939
0.691616952419281
0.6834476590156555
0.6812041997909546
0.6927959322929382
0.6940191984176636
0.6798801422119141
0.6892958283424377
0.6930046677589417
0.6874444484710693
0.7055765986442566
0.6947000026702881
0.6864627003669739
0.6939325332641602
0.689264714717865
0.7080651521682739
0.6857067942619324
0.6746660470962524
0.6935251355171204
0.6963585019111633
0.6949355602264404
0.6868282556533813
0.6757206916809082
0.6846785545349121
0.6783937215805054
0.6902435421943665
0.7052463293075562
0.6901012063026428
0.6849320530891418
0.6845941543579102
0.6923067569732666
0.6803306341171265
0.6901103258132935
0.6829567551612854
0.6997986435890198
0.6853481531143188
0.6893689036369324
0.6776322722434998
0.6830229759216309
0.692349374294281
0.6833153367042542
0.6816433668136597
0.6967930793762207
0.6813425421714783
0.6863731145858765
0.6764901876449585
0.6912179589271545
0.6808724999427795
0.681587278842926
0.6900617480278015
0.68343186378479
0.6924557089805603
0.6904348731040955
0.684341549873352
0.6891193389892578
0.6901457905769348
0.6865636706352234
0.6978030800819397
0.693002462387085
0.6855055093765259
0.6987190842628479
0.6952874064445496
0.6940246820449829
0.6837403774261475
0.6803287267684937
0.6849844455718994
0.6909696459770203
0.6881648302078247
0.6861431002616882
0.6914580464363098
0.6836519837379456
0.6906530857086182
0.6914988160133362
0.6830813884735107
0.6883087754249573
0.6842223405838013
0.6889373660087585
0.6900920271873474
0.676585853099823
0.6921665072441101
0.6678749322891235
0.6883894801139832
0.6890011429786682
0.683718740940094
0.681118369102478
0.6841278076171875
0.6762478351593018
0.681850254535675
0.6802130341529846
0.6831753253936768
0.6926491856575012
0.6880998611450195
0.6717740297317505
0.6819694638252258
0.6876996755599976
0.6778684258460999
0.6790615320205688
0.6897020936012268
0.6859724521636963
0.6868982911109924
0.6815613508224487
0.6895637512207031
0.6830921769142151
0.6857020258903503
0.6919321417808533
0.7036404609680176
0.6802186369895935
0.69328373670578
0.6790054440498352
0.6799108386039734
0.6901423931121826
0.6918783783912659
0.6856115460395813
0.6804625391960144
0.6894402503967285
0.69338059425354
0.6876495480537415
0.6850260496139526
0.689643144607544
0.6918512582778931
0.6860983371734619
0.6804234385490417
0.6814470887184143
0.6948122382164001
0.6797751784324646
0.6980255842208862
0.6945074200630188
0.6799442172050476
0.6808810234069824
0.6772822141647339
0.6924130320549011
0.6963006854057312
0.6864845156669617
0.6859987378120422
0.6865444779396057
0.6844140887260437
0.6765162348747253
0.6812573671340942
0.682876467704773
0.6787825226783752
0.6839945316314697
0.6805322766304016
0.6831775307655334
0.6825982332229614
0.679719090461731
0.6838192939758301
0.6858296394348145
0.6720130443572998
0.6907740831375122
0.6811655163764954
0.6919029355049133
0.6898666620254517
0.6935935616493225
0.6734588742256165
0.6814766526222229
0.6792157888412476
0.7347387671470642
0.6838349103927612
0.6856307983398438
0.6790338158607483
0.6799479722976685
0.6786794662475586
0.6903336644172668
0.6895865797996521
0.6920067667961121
0.6915521621704102
0.6938419938087463
0.6771240234375
0.6805236339569092
0.6777065396308899
0.6908161044120789
0.6942065358161926
0.6855030059814453
0.6856057047843933
0.6865355372428894
0.6845023036003113
0.6906217336654663
0.7021037340164185
0.6865660548210144
0.6921306848526001
0.6873077750205994
0.6782217621803284
0.6855556964874268
0.6880996823310852
0.6871771216392517
0.6791470050811768
0.6937688589096069
0.678801417350769
0.6858531832695007
0.6869093775749207
0.6864041090011597
0.678743839263916
0.6901969313621521
0.6812006235122681
0.6888786554336548
0.6766703724861145
0.6781778931617737
0.7030090093612671
0.6763086318969727
0.6885660886764526
0.6783774495124817
0.6968554258346558
0.6772868037223816
0.6869416236877441
0.6786730289459229
0.6858651041984558
0.6835342645645142
0.6916161775588989
0.6871616244316101
0.6785932779312134
0.679904580116272
0.6854898929595947
0.6829413175582886
0.6932412981987
0.6883910894393921
0.6909905672073364
0.6907944679260254
0.68645179271698
0.6796293258666992
0.6952484250068665
0.6774458289146423
0.6786624193191528
0.6847348809242249
0.6902222037315369
0.683121919631958
0.698984682559967
0.6855669021606445
0.68341064453125
0.6843214631080627
0.7019014358520508
0.6930961608886719
0.6880037188529968
0.6732255816459656
0.6883000135421753
0.6872960329055786
0.6833291053771973
0.7046911716461182
0.690650463104248
0.6767452955245972
0.70362788438797
0.6839911937713623
0.6856839656829834
0.6841219067573547
0.7004260420799255
0.7096534967422485
0.6887384653091431
0.690865159034729
0.6756536364555359
0.6891123652458191
0.6859350800514221
0.6902379989624023
0.7037563323974609
0.682615339756012
0.6887379288673401
0.6858172416687012
0.6719045639038086
0.6774038672447205
0.6903455853462219
0.6819279789924622
0.6872502565383911
0.6895898580551147
0.6787891983985901
0.6855826377868652
0.6862319707870483
0.6970743536949158
0.6994340419769287
0.6763706207275391
0.7047709822654724
0.6890088319778442
0.6791946887969971
0.6852906346321106
0.6760825514793396
0.7067601084709167
0.6835262775421143
0.6893463730812073
0.6887398362159729
0.6888042092323303
0.6811692714691162
0.6740387082099915
0.6920641660690308
0.6868234276771545
0.6865083575248718
0.688164472579956
0.6916200518608093
0.6902903914451599
0.6910619139671326
0.69114089012146
0.6932684183120728
0.6891552805900574
0.6765943765640259
0.6839478611946106
0.6892343163490295
0.6746342778205872
0.6788303256034851
0.683951735496521
0.6789247989654541
0.6905734539031982
0.685623824596405
0.6811611652374268
0.6851443648338318
0.6918941736221313
0.6943999528884888
0.6805580258369446
0.6787421703338623
0.6883931159973145
0.6892163157463074
0.6909357905387878
0.6919600963592529
0.6962750554084778
0.6835831999778748
0.6862959265708923
0.688317060470581
0.6947299242019653
0.6811925172805786
0.6820091605186462
0.6777085661888123
0.6888415217399597
0.6863160133361816
0.6846287250518799
0.6778730750083923
0.6955387592315674
0.6873933672904968
0.6953372359275818
0.6799150705337524
0.6878995895385742
0.6866801977157593
0.6927492022514343
0.6800677180290222
0.6855930089950562
0.6827543377876282
0.6928195357322693
0.7115151882171631
0.6797837615013123
0.6812765002250671
0.6881381869316101
0.6825112700462341
0.6816813349723816
0.6763710975646973
0.6918662190437317
0.709636390209198
0.6874310374259949
0.685529351234436
0.6828687191009521
0.6882296204566956
0.6715941429138184
0.6862655878067017
0.6749784350395203
0.684034526348114
0.686180591583252
0.6925684809684753
0.6842368245124817
0.6943941116333008
0.6774371266365051
0.696897566318512
0.6816147565841675
0.6895473599433899
0.6800691485404968
0.6773219704627991
0.6786454319953918
0.6781191825866699
0.6898778080940247
0.696548342704773
0.6971307396888733
0.6872740387916565
0.6836070418357849
0.7055362462997437
0.6917901635169983
0.6799182295799255
0.6882638335227966
0.6829825639724731
0.6983597278594971
0.6915589570999146
0.6872148513793945
0.680174708366394
0.6970356106758118
0.6783082485198975
0.6800056099891663
0.6757988929748535
0.6777118444442749
0.6867738962173462
0.6891982555389404
0.6952332854270935
0.6761844754219055
0.7008106112480164
0.6932860612869263
0.6846790909767151
0.6844985485076904
0.6897941827774048
0.6911389231681824
0.6754165291786194
0.6780591011047363
0.6860575675964355
0.6893359422683716
0.6887771487236023
0.6902086734771729
0.671355664730072
0.6822950839996338
0.6897976994514465
0.6908168196678162
0.6866775155067444
0.6795552372932434
0.684963583946228
0.6832883358001709
0.6937847137451172
0.6958816647529602
0.6851980090141296
0.6930747628211975
0.6961011290550232
0.6876261830329895
0.6881416440010071
0.6833431720733643
0.6786108016967773
0.685565710067749
0.6853908896446228
0.6858682036399841
0.6910938024520874
0.696108341217041
0.6839645504951477
0.6903082728385925
0.6959959864616394
0.6780818700790405
0.6893832087516785
0.6779572367668152
0.688452959060669
0.6789131760597229
0.6880330443382263
0.6924970746040344
0.6855990886688232
0.6976637840270996
0.6865226626396179
0.6807186603546143
0.689719557762146
0.6903222799301147
0.6836920976638794
0.6791953444480896
0.6852184534072876
0.685187041759491
0.6923907995223999
0.6825587749481201
0.6866827607154846
0.68143230676651
0.6750553250312805
0.6872619986534119
0.6918444037437439
0.682550311088562
0.6806582808494568
0.6858550310134888
0.6832454204559326
0.6826476454734802
0.6833493113517761
0.6890981197357178
0.686514139175415
0.6896868348121643
0.6820716857910156
0.6770861148834229
0.6730420589447021
0.6878985166549683
0.7011150121688843
0.6969906091690063
0.6926266551017761
0.6885181069374084
0.6942038536071777
0.6775440573692322
0.6921895742416382
0.6845642924308777
0.6917833685874939
0.6870246529579163
0.6759436726570129
0.6910383701324463
0.6906712055206299
0.688637375831604
0.6910553574562073
0.6873337030410767
0.690811812877655
0.6958178877830505
0.6857553720474243
0.6801928877830505
0.6810851097106934
0.6953095197677612
0.6836377382278442
0.6841171383857727
0.6822593808174133
0.6982378363609314
0.6921439170837402
0.6845850348472595
0.7067497372627258
0.6916054487228394
0.6856016516685486
0.6914934515953064
0.6815839409828186
0.6845560669898987
0.6845725774765015
0.6872363686561584
0.6809850931167603
0.6900971531867981
0.6913474202156067
0.6918556094169617
0.6906172037124634
0.678925633430481
0.700098991394043
0.6896052360534668
0.6825372576713562
0.6878315806388855
0.6867932677268982
0.6795122027397156
0.6896997094154358
0.6946777701377869
0.6926904916763306
0.6907494068145752
0.6775506734848022
0.689952552318573
0.6821407675743103
0.6882219910621643
0.682251513004303
0.6826839447021484
0.6843323707580566
0.6912714838981628
0.684024453163147
0.6901217699050903
0.6882921457290649
0.6818170547485352
0.6895216107368469
0.6849110722541809
0.6877108812332153
0.6827473640441895
0.6849157214164734
0.6723126769065857
0.6919345259666443
0.690687358379364
0.6967328190803528
0.7036248445510864
0.6763978600502014
0.6822556257247925
0.6813804507255554
0.6740500330924988
0.7161096334457397
0.7095350027084351
0.6772361397743225
0.6950470209121704
0.7014708518981934
0.6759833693504333
0.6834108233451843
0.6922495365142822
0.6899757385253906
0.691612720489502
0.6908773183822632
0.695742130279541
0.677420973777771
0.7026082873344421
0.6876749396324158
0.6814703345298767
0.6864202618598938
0.6933620572090149
0.6850943565368652
0.6830679774284363
0.69771409034729
0.6783672571182251
0.6842681169509888
0.6897481083869934
0.6863670349121094
0.6870630383491516
0.7076295614242554
0.6804062128067017
0.6884672045707703
0.6813657879829407
0.6829386949539185
0.6829480528831482
0.691038966178894
0.6925286054611206
0.6878644227981567
0.6836168766021729
0.6826292872428894
0.6821902990341187
0.6883490681648254
0.6829873919487
0.6759316921234131
0.6832450032234192
0.681128740310669
0.6908587217330933
0.7040780782699585
0.6984548568725586
0.6883590817451477
0.6870477795600891
0.6794631481170654
0.6849779486656189
0.6891133785247803
0.684624195098877
0.6965100765228271
0.6989456415176392
0.6791172027587891
0.6861745119094849
0.6888046264648438
0.6870184540748596
0.6675627827644348
0.708618700504303
0.6874240636825562
0.6903491616249084
0.680715799331665
0.6916409730911255
0.6972189545631409
0.6780703067779541
0.6808019280433655
0.6883086562156677
0.7010637521743774
0.6890915036201477
0.6824356317520142
0.6780747771263123
0.6889404058456421
0.6839367151260376
0.6861977577209473
0.6839829087257385
0.6836862564086914
0.7003989815711975
0.6886711120605469
0.6720731854438782
0.6811860799789429
0.6924116611480713
0.6878604292869568
0.6804141998291016
0.6864872574806213
0.6868388056755066
0.6874330639839172
0.6903856992721558
0.6850014328956604
0.6818668246269226
0.6978462338447571
0.6817907094955444
0.6809341907501221
0.6782187223434448
0.6937355399131775
0.6841217279434204
0.6984881162643433
0.6811549663543701
0.6892995238304138
0.6857582330703735
0.6920328140258789
0.6890961527824402
0.6857961416244507
0.7030736804008484
0.6851333379745483
0.6925621032714844
0.6966063976287842
0.6761059165000916
0.6864930391311646
0.677033543586731
0.6875150799751282
0.6802313923835754
0.6931395530700684
0.6824130415916443
0.6826665997505188
0.681123673915863
0.6957828402519226
0.6830251216888428
0.6881440281867981
0.6867620944976807
0.6895653605461121
0.6863055229187012
0.697472870349884
0.6955981850624084
0.6773375272750854
0.6850878000259399
0.6886900067329407
0.6964980959892273
0.6999980211257935
0.6880008578300476
0.6858406662940979
0.6841294169425964
0.6872261762619019
0.6929406523704529
0.6899444460868835
0.6828926205635071
0.6920743584632874
0.6926397681236267
0.6898841857910156
0.6882596611976624
0.6836870312690735
0.691293478012085
0.6839694380760193
0.6928680539131165
0.680467426776886
0.6834458112716675
0.6870936155319214
0.6990448236465454
0.6795270442962646
0.6983187198638916
0.6842277646064758
0.6935389637947083
0.6930230259895325
0.6903069019317627
0.6927240490913391
0.6990296840667725
0.6851069331169128
0.6764082908630371
0.6912354826927185
0.6843842267990112
0.686660647392273
0.6885119080543518
0.6744802594184875
0.6911959648132324
0.6869263052940369
0.68721604347229
0.6804876923561096
0.679443895816803
0.6810115575790405
0.6790787577629089
0.6944179534912109
0.6848039627075195
0.6872180104255676
0.6898335218429565
0.6817346215248108
0.6847699284553528
0.6792137026786804
0.6910603046417236
0.6998644471168518
0.6824308037757874
0.7437779307365417
0.6885820627212524
0.67976975440979
0.6867409348487854
0.6996548771858215
0.6796651482582092
0.6973636746406555
0.6870686411857605
0.6797468662261963
0.6803709864616394
0.6850928664207458
0.6831081509590149
0.6889513731002808
0.6770561933517456
0.6846370100975037
0.6891598701477051
0.6817428469657898
0.6906631588935852
0.6853185892105103
0.6839170455932617
0.6905683279037476
0.6888564229011536
0.6859521269798279
0.6877444982528687
0.6924886703491211
0.6814799308776855
0.6809689402580261
0.6869352459907532
0.6884679794311523
0.6805864572525024
0.6843886971473694
0.6791650056838989
0.699455976486206
0.6903777122497559
0.6853539347648621
0.6820457577705383
0.6795648336410522
0.6825783252716064
0.6809200644493103
0.6891353726387024
0.6860716938972473
0.6879473328590393
0.6874496936798096
0.6880421042442322
0.6835432052612305
0.6882616281509399
0.6958016157150269
0.681568443775177
0.6983826756477356
0.6832858920097351
0.6742040514945984
0.6794933080673218
0.6903788447380066
0.7131431102752686
0.6843851804733276
0.6905801892280579
0.6785054802894592
0.6875876784324646
0.6903809905052185
0.6966636776924133
0.6969502568244934
0.6945834755897522
0.6906601190567017
0.7003374099731445
0.6938619613647461
0.6832287311553955
0.6819494366645813
0.6904445886611938
0.6805951595306396
0.6887175440788269
0.68965083360672
0.712297797203064
0.6847781538963318
0.6759525537490845
0.6952743530273438
0.6934258937835693
0.6827899813652039
0.6779830455780029
0.6837599873542786
0.6879627704620361
0.6865731477737427
0.6879847645759583
0.6854944229125977
0.6889231204986572
0.6972848773002625
0.6925230026245117
0.6861368417739868
0.6752256751060486
0.685844361782074
0.6890422105789185
0.6824173927307129
0.6878101229667664
0.6812059283256531
0.6752899289131165
0.7016617655754089
0.6878467202186584
0.6976880431175232
0.6948314905166626
0.6755275726318359
0.6922623515129089
0.685251772403717
0.6754315495491028
0.6860714554786682
0.6767240762710571
0.6904093623161316
0.6867052912712097
0.6788395047187805
0.692426860332489
0.6821482181549072
0.6856929063796997
0.6920488476753235
0.677977442741394
0.6899108290672302
0.6895427107810974
0.695968508720398
0.6841639280319214
0.6929379105567932
0.6900045275688171
0.6914082169532776
0.683993399143219
0.7016934156417847
0.7027387022972107
0.6928183436393738
0.6850842237472534
0.6804381012916565
0.6867451667785645
0.6945759057998657
0.6925944089889526
0.6821604371070862
0.6962733268737793
0.683729887008667
0.6923463344573975
0.6900111436843872
0.681852400302887
0.6875312328338623
0.6976693272590637
0.6871445775032043
0.6879886388778687
0.6844870448112488
0.7007958889007568
0.6870803833007812
0.6906741261482239
0.6804367899894714
0.6796562075614929
0.6848735213279724
0.687437117099762
0.676511824131012
0.6871554255485535
0.6993367075920105
0.6813016533851624
0.6944243311882019
0.6930391192436218
0.6807307004928589
0.6904048919677734
0.706126868724823
0.6869165897369385
0.6869160532951355
0.6904249787330627
0.6866018772125244
0.6824672818183899
0.6896305680274963
0.6757504343986511
0.6890528798103333
0.6812444925308228
0.6930122375488281
0.6925250887870789
0.6743271946907043
0.6879066228866577
0.690186083316803
0.6981126070022583
0.6938125491142273
0.7049425840377808
0.6859230399131775
0.6891764998435974
0.6873472332954407
0.6854856014251709
0.6839163303375244
0.6833231449127197
0.6914483308792114
0.686181366443634
0.70139479637146
0.6861200928688049
0.6881451606750488
0.688153862953186
0.6912769079208374
0.7005829215049744
0.6852143406867981
0.6956825256347656
0.688896656036377
0.6813705563545227
0.6959407329559326
0.6796324849128723
0.6823763251304626
0.6836988925933838
0.6819006204605103
0.684028148651123
0.6867338418960571
0.6870571374893188
0.6813543438911438
0.6833974123001099
0.7074258923530579
0.697278618812561
0.6958516836166382
0.7037935853004456
0.6737796664237976
0.693730890750885
0.7003459334373474
0.6764193773269653
0.6856630444526672
0.6829279065132141
0.6786478757858276
0.6969034075737
0.690794825553894
0.6827535629272461
0.6810933351516724
0.6846659183502197
0.7061545848846436
0.6900784969329834
0.687130868434906
0.701221764087677
0.6767537593841553
0.6887866854667664
0.697486937046051
0.6962037086486816
0.6827915906906128
0.6847222447395325
0.6911014318466187
0.6802157163619995
0.6788246631622314
0.6942334175109863
0.6823933720588684
0.6824408769607544
0.6767347455024719
0.6960475444793701
0.6716232299804688
0.6855112910270691
0.6983631253242493
0.6844670176506042
0.6744473576545715
0.6872482299804688
0.6950843930244446
0.6960210800170898
0.6811848878860474
0.6791603565216064
0.7004625201225281
0.6909918189048767
0.6772326231002808
0.6914145946502686
0.6924318671226501
0.6875783801078796
0.6880218982696533
0.6809486746788025
0.6876689791679382
0.6983405947685242
0.6827141046524048
0.6769574284553528
0.6771534085273743
0.689883828163147
0.6858134865760803
0.6792596578598022
0.6868779063224792
0.6965643167495728
0.6772380471229553
0.6966999173164368
0.6987694501876831
0.6761735081672668
0.6869474649429321
0.6981378793716431
0.7009178400039673
0.6920862197875977
0.6898006796836853
0.6822083592414856
0.6809818148612976
0.676703691482544
0.6834813952445984
0.6777939796447754
0.6876814365386963
0.6726685166358948
0.6931129097938538
0.6891024708747864
0.6856464147567749
0.6850791573524475
0.6866966485977173
0.6892284154891968
0.673996090888977
0.683329164981842
0.6951509118080139
0.6908335089683533
0.6859529614448547
0.7004721760749817
0.6849057674407959
0.6888294816017151
0.6825135350227356
0.6868728399276733
0.6929501891136169
0.6937122344970703
0.6949015855789185
0.6787720918655396
0.6868179440498352
0.6831879615783691
0.6876887083053589
0.6862435340881348
0.6904517412185669
0.6853616833686829
0.6940191388130188
0.6784077286720276
0.6982318162918091
0.6873212456703186
0.6932712197303772
0.6861235499382019
0.6792051792144775
0.6835214495658875
0.6822083592414856
0.6897329688072205
0.6792317032814026
0.6941151022911072
0.6864150762557983
0.6871674656867981
0.6752808094024658
0.6811396479606628
0.6890027523040771
0.6893947720527649
0.6869022250175476
0.6788833737373352
0.6752561330795288
0.6860381364822388
0.6823899149894714
0.675810694694519
0.6723023653030396
0.696511447429657
0.688535213470459
0.6784855723381042
0.6733896732330322
0.6901646256446838
0.6836392879486084
0.6910358667373657
0.6874503493309021
0.6812058687210083
0.6858149170875549
0.6943515539169312
0.6775676012039185
0.6738097071647644
0.6858662366867065
0.687300980091095
0.6802070140838623
0.6880038976669312
0.6974323987960815
0.699795663356781
0.6805531978607178
0.6838732361793518
0.688803493976593
0.6842764616012573
0.7087842226028442
0.68546062707901
0.6826270222663879
0.6792696118354797
0.6730596423149109
0.6870929598808289
0.6828718185424805
0.6825892329216003
0.6993516087532043
0.6896962523460388
0.6875689029693604
0.6870307326316833
0.6831614375114441
0.6870484352111816
0.6872798800468445
0.6880737543106079
0.7034352421760559
0.6828268766403198
0.6874564290046692
0.6933950781822205
0.699347972869873
0.6893507838249207
0.6924628615379333
0.6820677518844604
0.6865250468254089
0.6890373826026917
0.6973044872283936
0.6873867511749268
0.6830841302871704
0.688103199005127
0.6721938848495483
0.6934080719947815
0.6934458613395691
0.6800827383995056
0.689739465713501
0.6902929544448853
0.6894453763961792
0.6831719875335693
0.6900398135185242
0.6932861804962158
0.6932187080383301
0.6855129599571228
0.6833581924438477
0.6832349300384521
0.6744503378868103
0.6826895475387573
0.6767119765281677
0.6863960027694702
0.6876735091209412
0.6944602727890015
0.6807848811149597
0.6857048869132996
0.6763082146644592
0.6848488450050354
0.686942994594574
0.6845155358314514
0.6816001534461975
0.6888276934623718
0.6860596537590027
0.6759721636772156
0.6972591876983643
0.6824994683265686
0.6809120774269104
0.6909361481666565
0.684316873550415
0.6869896650314331
0.6892380714416504
0.6819499731063843
0.6882553100585938
0.6968876123428345
0.682767391204834
0.6859148740768433
0.6910214424133301
0.6865441799163818
0.6849896311759949
0.6906307339668274
0.6912640929222107
0.6846314668655396
0.6932158470153809
0.6892940402030945
0.685476541519165
0.6835528016090393
0.6857819557189941
0.6876247525215149
0.6906543374061584
0.6817807555198669
0.6831962466239929
0.6912630200386047
0.6816180348396301
0.6860511302947998
0.6786019206047058
0.6978986263275146
0.6845678091049194
0.6882604360580444
0.7037639021873474
0.6821108460426331
0.6802524924278259
0.6897804141044617
0.6831374764442444
0.6917643547058105
0.6860427856445312
0.6914972066879272
0.6897854804992676
0.6853468418121338
0.6910194158554077
0.6825176477432251
0.6856926679611206
0.691032350063324
0.6894164681434631
0.688399612903595
0.6842606067657471
0.6879732608795166
0.6746957302093506
0.6880759596824646
0.6912667155265808
0.6911001801490784
0.6840531229972839
0.6882206201553345
0.6726396679878235
0.6823148727416992
0.691120445728302
0.6803845763206482
0.6796977519989014
0.6840433478355408
0.6915002465248108
0.694420576095581
0.6779612898826599
0.6829653382301331
0.7031601667404175
0.6777562499046326
0.7230481505393982
0.6808022856712341
0.684776782989502
0.6734176874160767
0.7068259119987488
0.6834666132926941
0.6791171431541443
0.6915335059165955
0.6896676421165466
0.6966261267662048
0.6895285844802856
0.6792396306991577
0.6868977546691895
0.6870107054710388
0.7016221284866333
0.6883561015129089
0.6961095929145813
0.6821838021278381
0.6949480772018433
0.6733527183532715
0.6816723346710205
0.689709484577179
0.6816851496696472
0.6922613382339478
0.6841468811035156
0.707577645778656
0.6817115545272827
0.7236251831054688
0.6724086403846741
0.6814063787460327
0.6871979236602783
0.676620602607727
0.6887802481651306
0.680199146270752
0.6861225366592407
0.6997260451316833
0.6896480917930603
0.6876006126403809
0.6743714809417725
0.6857142448425293
0.6910489201545715
0.6909741759300232
0.690113365650177
0.6830357313156128
0.6735984086990356
0.7124279141426086
0.6799075603485107
0.6994144916534424
0.6936347484588623
0.6849802136421204
0.6829221844673157
0.680407702922821
0.673532247543335
0.6875203847885132
0.6850202083587646
0.6845270991325378
0.6763691902160645
0.6851798892021179
0.6868725419044495
0.6927308440208435
0.6838110089302063
0.6966378688812256
0.6833045482635498
0.689172625541687
0.7063246369361877
0.6717281341552734
0.695427417755127
0.6874108910560608
0.6853642463684082
0.689292848110199
0.685778021812439
0.6944462060928345
0.6907556056976318
0.6845620274543762
0.6906934976577759
0.6921629905700684
0.6798908710479736
0.6822525858879089
0.690494179725647
0.6862597465515137
0.6913290619850159
0.691387414932251
0.6773685216903687
0.6956003904342651
0.6779044270515442
0.6887876391410828
0.6890780925750732
0.6906253695487976
0.6910604238510132
0.6814583539962769
0.6942682266235352
0.6821330785751343
0.6863930225372314
0.6782300472259521
0.6918199062347412
0.6981556415557861
0.6870294809341431
0.6786648631095886
0.6808282136917114
0.6890058517456055
0.7054540514945984
0.6837206482887268
0.6800165176391602
0.6780837774276733
0.7011079788208008
0.6937919855117798
0.6846572160720825
0.6915395259857178
0.6812145709991455
0.6906192302703857
0.6822307705879211
0.6781840324401855
0.6912044882774353
0.6755380630493164
0.6875369548797607
0.6885958313941956
0.6874261498451233
0.6949946284294128
0.6885495781898499
0.6975437998771667
0.6859533190727234
0.6817327737808228
0.7100448608398438
0.6857854723930359
0.6812345385551453
0.6817683577537537
0.7066419124603271
0.682929277420044
0.6776691675186157
0.6784820556640625
0.6922809481620789
0.686882495880127
0.6862678527832031
0.6783560514450073
0.6953907012939453
0.6925992965698242
0.699185848236084
0.6872078776359558
0.692771852016449
0.6783882975578308
0.6736880540847778
0.6859087347984314
0.6783632636070251
0.7056328654289246
0.6908044815063477
0.6916995048522949
0.6835817098617554
0.6857075691223145
0.6850115060806274
0.6790207028388977
0.6883191466331482
0.6957994699478149
0.6906021237373352
0.6906843185424805
0.6860925555229187
0.6902112364768982
0.6873065233230591
0.6968091726303101
0.675739586353302
0.717411994934082
0.6862252950668335
0.6829760670661926
0.6875709891319275
0.7061717510223389
0.6864719986915588
0.6821339726448059
0.6865853071212769
0.6798046827316284
0.6842626929283142
0.6822118163108826
0.7009829878807068
0.7049866914749146
0.6867462396621704
0.6805891990661621
0.6883398294448853
0.6884012222290039
0.6877754926681519
0.6921943426132202
0.6897116899490356
0.6730115413665771
0.6908620595932007
0.6923583745956421
0.6849055290222168
0.6839262843132019
0.6760337352752686
0.6981614232063293
0.6832584738731384
0.6789935231208801
0.6801905035972595
0.6837733387947083
0.6864801049232483
0.6851052045822144
0.6822975873947144
0.6868827939033508
0.6819064617156982
0.679222583770752
0.6872125267982483
0.6817583441734314
0.6810252666473389
0.6883184313774109
0.6839322447776794
0.6794689297676086
0.6980536580085754
0.6960635781288147
0.6776715517044067
0.7080146074295044
0.6944816708564758
0.6934454441070557
0.6986559629440308
0.6807332634925842
0.6950068473815918
0.7026178240776062
0.6944724321365356
0.6980025172233582
0.6915550827980042
0.6732909083366394
0.6904959082603455
0.7050290107727051
0.6910336017608643
0.6926543116569519
0.695014476776123
0.6816970109939575
0.6897926330566406
0.6905243396759033
0.6854851245880127
0.6822946071624756
0.690573513507843
0.6827141642570496
0.6842467188835144
0.6696103811264038
0.6852676272392273
0.6806356906890869
0.6924302577972412
0.702275276184082
0.6830840110778809
0.692878246307373
0.6804693937301636
0.682063102722168
0.6821059584617615
0.6883906722068787
0.6846460103988647
0.688908576965332
0.6881163120269775
0.6774835586547852
0.6842265129089355
0.6869949698448181
0.6840251088142395
0.6921615600585938
0.6948126554489136
0.6756460070610046
0.6824238300323486
0.6814444065093994
0.6801587343215942
0.6798116564750671
0.6933162808418274
0.6839012503623962
0.6820077300071716
0.6832107901573181
0.6904630064964294
0.6933043003082275
0.6919986009597778
0.6886274218559265
0.6875559091567993
0.6882473230361938
0.6972725987434387
0.6925492882728577
0.6869850158691406
0.6904746294021606
0.693032443523407
0.6897945404052734
0.6842150688171387
0.6982390284538269
0.704639196395874
0.6868134140968323
0.6851842403411865
0.6853114366531372
0.6810353994369507
0.6848852634429932
0.6830488443374634
0.6789401769638062
0.699100136756897
0.6848673820495605
0.6773658394813538
0.6827940940856934
0.6825606226921082
0.6778078675270081
0.6834807395935059
0.6838805079460144
0.676019549369812
0.682877779006958
0.7039157152175903
0.6957788467407227
0.69747394323349
0.6840341687202454
0.6794617772102356
0.6783223152160645
0.6861832737922668
0.6873525977134705
0.6835999488830566
0.6901351809501648
0.6864469647407532
0.6932498216629028
0.6883090734481812
0.6852073669433594
0.6928932666778564
0.6844338774681091
0.6806681156158447
0.6812918782234192
0.6979407668113708
0.6820874810218811
0.68577641248703
0.6898978352546692
0.6869757175445557
0.6965420246124268
0.6853561401367188
0.6849356889724731
0.681523859500885
0.6896491646766663
0.689816415309906
0.6840707063674927
0.6902943849563599
0.6944699883460999
0.6999269127845764
0.6804081797599792
0.6883575320243835
0.6848023533821106
0.6732596755027771
0.681086003780365
0.6741155982017517
0.6844162940979004
0.6811674237251282
0.6861874461174011
0.6842745542526245
0.6778349280357361
0.696921706199646
0.6846049427986145
0.6832872033119202
0.6836498379707336
0.7019591331481934
0.6801583170890808
0.6917737722396851
0.6822447776794434
0.684474527835846
0.676137387752533
0.6854211688041687
0.6908770799636841
0.6858387589454651
0.683184802532196
0.6858510971069336
0.685657799243927
0.6842809915542603
0.6927413940429688
0.6804468035697937
0.684241533279419
0.681669294834137
0.6841347813606262
0.6949869990348816
0.6866236925125122
0.6748108863830566
0.6711398363113403
0.6806967854499817
0.6882189512252808
0.6893001794815063
0.7009882926940918
0.6798189282417297
0.6821765303611755
0.6832157373428345
0.680670976638794
0.6794787645339966
0.6801788210868835
0.6733002662658691
0.688110888004303
0.6855825781822205
0.6810873746871948
0.6862587332725525
0.7012428045272827
0.6924573183059692
0.69602370262146
0.6970214247703552
0.6813363432884216
0.6853558421134949
0.6867012977600098
0.6778193116188049
0.6905924081802368
0.6969197392463684
0.6785733699798584
0.6942833065986633
0.6810111403465271
0.694327175617218
0.6897678375244141
0.6884545087814331
0.6865333318710327
0.694758415222168
0.6896398663520813
0.6805587410926819
0.67499178647995
0.6838611960411072
0.6867969036102295
0.689769983291626
0.6918676495552063
0.6876956224441528
0.6774675846099854
0.674092710018158
0.681484580039978
0.692037045955658
0.6816756725311279
0.6822170615196228
0.675529420375824
0.6833906173706055
0.6790555119514465
0.6734523773193359
0.6835036277770996
0.693057656288147
0.6798750758171082
0.6910423040390015
0.6935551762580872
0.6836185455322266
0.6820220947265625
0.6883313655853271
0.6806648969650269
0.6847195029258728
0.6998977065086365
0.6729018092155457
0.7013073563575745
0.6862766146659851
0.6885647773742676
0.6827304363250732
0.6954609751701355
0.6910249590873718
0.6820249557495117
0.6820515394210815
0.6827524304389954
0.6760247349739075
0.683419942855835
0.678627610206604
0.6939115524291992
0.6822127103805542
0.6797580718994141
0.6906725168228149
0.6912075281143188
0.6895110011100769
0.6825107336044312
0.6835818290710449
0.6854351758956909
0.6936277151107788
0.6792817115783691
0.6720072627067566
0.7100667953491211
0.6864389777183533
0.6836333274841309
0.6819362044334412
0.6801515817642212
0.6929343342781067
0.6865460872650146
0.6809913516044617
0.676926851272583
0.6782148480415344
0.6878548264503479
0.6900156140327454
0.6831881999969482
0.6770950555801392
0.68340003490448
0.6842536330223083
0.6808110475540161
0.6829341053962708
0.6980871558189392
0.6747575402259827
0.6961262822151184
0.6994007229804993
0.6958999037742615
0.6767476797103882
0.6804102063179016
0.6840868592262268
0.6836265325546265
0.6829663515090942
0.7019098997116089
0.6882293820381165
0.6869045495986938
0.6828213334083557
0.6882355809211731
0.6775690317153931
0.6847201585769653
0.6787273287773132
0.6885017156600952
0.688886284828186
0.6847441792488098
0.6772490739822388
0.6932264566421509
0.6854483485221863
0.6913361549377441
0.683997392654419
0.6862185597419739
0.6811466813087463
0.6902804970741272
0.6777737140655518
0.7088347673416138
0.6947168111801147
0.6812609434127808
0.6725842952728271
0.6854464411735535
0.6815893054008484
0.6908180117607117
0.6863824725151062
0.6808986663818359
0.6826727986335754
0.699866533279419
0.6940784454345703
0.6848799586296082
0.6853758096694946
0.6817976236343384
0.6841129064559937
0.6791462898254395
0.6822539567947388
0.6947302222251892
0.68288254737854
0.678288996219635
0.6875289678573608
0.6844466924667358
0.6908864974975586
0.6720362305641174
0.683189868927002
0.7048695683479309
0.6970506906509399
0.6833275556564331
0.6800099015235901
0.6872320771217346
0.6936570405960083
0.6960195302963257
0.6850289106369019
0.7109944820404053
0.6858680248260498
0.68000727891922
0.6856296062469482
0.6826174259185791
0.6887121200561523
0.6906910538673401
0.6804854273796082
0.703025221824646
0.6914466619491577
0.6841274499893188
0.687427818775177
0.6856637001037598
0.6938357949256897
0.6862528324127197
0.6850852370262146
0.6975477933883667
0.6966152191162109
0.687288761138916
0.7025409936904907
0.6901925206184387
0.6922956109046936
0.688039243221283
0.6853463053703308
0.6939879059791565
0.6863676905632019
0.6888270378112793
0.7010297179222107
0.7067738771438599
0.687994122505188
0.6857413649559021
0.6922292113304138
0.7111282348632812
0.6752392649650574
0.6808866858482361
0.6944332718849182
0.6840181350708008
0.6939984560012817
0.6877034306526184
0.6975875496864319
0.684651792049408
0.685562014579773
0.6866524815559387
0.6860010027885437
0.6890044808387756
0.6887637376785278
0.6912352442741394
0.6825180053710938
0.6908596158027649
0.6857921481132507
0.6874233484268188
0.6841593980789185
0.6938324570655823
0.6827331781387329
0.6905809044837952
0.6813845634460449
0.6887475848197937
0.675705075263977
0.6857470273971558
0.6798606514930725
0.6931664943695068
0.677432119846344
0.6938455104827881
0.6811742782592773
0.676992654800415
0.6878678798675537
0.6844761371612549
0.6948966383934021
0.6763895153999329
0.6964659690856934
0.7012254595756531
0.683537483215332
0.6814380884170532
0.6805237531661987
0.679183840751648
0.6828747391700745
0.6858745813369751
0.6857984662055969
0.7026137709617615
0.6824478507041931
0.6817251443862915
0.6855365037918091
0.6813511252403259
0.6836435794830322
0.6836151480674744
0.6767844557762146
0.6880905032157898
0.6907324194908142
0.6857851147651672
0.6779288649559021
0.6855118274688721
0.6900902986526489
0.68882817029953
0.6906422972679138
0.6883073449134827
0.688321053981781
0.6957616806030273
0.6802935004234314
0.6923902630805969
0.6803385615348816
0.6808353066444397
0.6879700422286987
0.6841717958450317
0.6807293891906738
0.6804327368736267
0.682888925075531
0.6834272146224976
0.6883191466331482
0.673565149307251
0.6899314522743225
0.69306880235672
0.683441162109375
0.6817249059677124
0.6888350248336792
0.6756318211555481
0.6750538349151611
0.6963951587677002
0.6760814189910889
0.6799258589744568
0.6871871948242188
0.6888213753700256
0.6763038635253906
0.6871160864830017
0.6887860894203186
0.6886348724365234
0.6862118244171143
0.6921855211257935
0.6821613907814026
0.6995649933815002
0.6831943392753601
0.6798418760299683
0.6803398728370667
0.6893203854560852
0.6815309524536133
0.6977843642234802
0.6835958361625671
0.691335916519165
0.6900720596313477
0.7135313749313354
0.6878110766410828
0.6886572241783142
0.6790466904640198
0.6886237859725952
0.6847213506698608
0.6821993589401245
0.6839057207107544
0.688524603843689
0.715345025062561
0.6858876943588257
0.6928543448448181
0.6860885620117188
0.6850972175598145
0.6906164884567261
0.6916612386703491
0.6843795776367188
0.6868884563446045
0.6821488738059998
0.6876269578933716
0.678757905960083
0.6959067583084106
0.6855116486549377
0.6923118233680725
0.7043530941009521
0.6913383603096008
0.6845269799232483
0.6836140751838684
0.7080920338630676
0.6878575086593628
0.6940311193466187
0.68717360496521
0.6814426183700562
0.6911615133285522
0.696526050567627
0.6880003809928894
0.6862642168998718
0.683863639831543
0.6810054183006287
0.6877315640449524
0.7111764550209045
0.6812193989753723
0.6793813705444336
0.6941707134246826
0.6835370063781738
0.6818029284477234
0.6885789036750793
0.6799152493476868
0.6894566416740417
0.6955090165138245
0.6897814273834229
0.684923529624939
0.6754356026649475
0.687794029712677
0.6741531491279602
0.6884973049163818
0.6771113276481628
0.6809952259063721
0.701810896396637
0.6763262152671814
0.6872839331626892
0.6900216341018677
0.691785991191864
0.6921710968017578
0.6871529817581177
0.6850530505180359
0.6875877380371094
0.6836007833480835
0.6824959516525269
0.6898370385169983
0.6841842532157898
0.6861927509307861
0.6752303838729858
0.6903105974197388
0.6857986450195312
0.6928577423095703
0.684596836566925
0.689848780632019
0.6817355155944824
0.6942291855812073
0.680679202079773
0.6815999746322632
0.6873090267181396
0.6791570782661438
0.6816380023956299
0.6796563863754272
0.693184494972229
0.7011319398880005
0.6874963641166687
0.7010332942008972
0.6870281100273132
0.6908125281333923
0.6886663436889648
0.6798916459083557
0.6980244517326355
0.6917368173599243
0.6856378316879272
0.6922265887260437
0.6847047209739685
0.6862761378288269
0.6858944892883301
0.6846746802330017
0.6792426109313965
0.6802753806114197
0.6918112635612488
0.7003539204597473
0.6892995834350586
0.6824787855148315
0.6937355399131775
0.6820628046989441
0.6784358024597168
0.6857340931892395
0.6745620965957642
0.6931561231613159
0.6851475834846497
0.6750770807266235
0.6745209097862244
0.6758376955986023
0.6755527853965759
0.7054678201675415
0.6737722158432007
0.6831324100494385
0.6837539672851562
0.682578444480896
0.6914215087890625
0.6765639185905457
0.6781179904937744
0.6885700225830078
0.6759725213050842
0.6899095773696899
0.6916661858558655
0.68855881690979
0.6890031099319458
0.6773717999458313
0.6885728240013123
0.6878392696380615
0.693356454372406
0.6840947866439819
0.6874389052391052
0.6887856721878052
0.6891302466392517
0.6806090474128723
0.6816312074661255
0.6688299179077148
0.6749277114868164
0.6946349143981934
0.6803845167160034
0.6920883059501648
0.6923684477806091
0.684364378452301
0.6894509196281433
0.6800875663757324
0.6891516447067261
0.6929754614830017
0.6897152066230774
0.7022978663444519
0.6818623542785645
0.6799876093864441
0.6933912038803101
0.6923408508300781
0.6793981790542603
0.6829665899276733
0.6803813576698303
0.6889614462852478
0.6897199153900146
0.6906545162200928
0.6856299638748169
0.6810130476951599
0.6900196671485901
0.6780971884727478
0.6985352635383606
0.6838955283164978
0.683344304561615
0.6970078349113464
0.687207043170929
0.6878997683525085
0.6822195649147034
0.6790658235549927
0.6827116012573242
0.6937254667282104
0.6825292110443115
0.6902750134468079
0.6754766702651978
0.6941773891448975
0.6778337359428406
0.6843563318252563
0.6781929135322571
0.6890537738800049
0.6893102526664734
0.6850190162658691
0.6831548810005188
0.6770276427268982
0.6836674809455872
0.6871031522750854
0.6933448910713196
0.681729257106781
0.6857038736343384
0.690308690071106
0.6812161803245544
0.683767557144165
0.6818193793296814
0.688391923904419
0.6906391382217407
0.681297779083252
0.6844356060028076
0.6861716508865356
0.6854197382926941
0.6819589734077454
0.6902869343757629
0.6824476718902588
0.6899867057800293
0.687069833278656
0.6816585063934326
0.6951859593391418
0.6832440495491028
0.6830129623413086
0.6870306134223938
0.6881799697875977
0.6820681691169739
0.6935151815414429
0.6903441548347473
0.6727784276008606
0.6877948641777039
0.677395761013031
0.6826184391975403
0.6873250007629395
0.6911655068397522
0.6843949556350708
0.6864770650863647
0.6839603781700134
0.6946521997451782
0.6977620720863342
0.6893332600593567
0.6887606978416443
0.6808151006698608
0.68362957239151
0.6884538531303406
0.6878401041030884
0.6893084645271301
0.6942554712295532
0.6866840720176697
0.6854599118232727
0.6852163672447205
0.6876518726348877
0.6835989952087402
0.6842672824859619
0.6890867352485657
0.6828591227531433
0.7023411989212036
0.6878332495689392
0.6892910003662109
0.6846218109130859
0.6866888403892517
0.6790686249732971
0.6889951825141907
0.6885743141174316
0.6896804571151733
0.6800866723060608
0.682640790939331
0.6742953658103943
0.683464765548706
0.6860227584838867
0.6850420832633972
0.6740566492080688
0.6887000203132629
0.6736507415771484
0.681011438369751
0.6854503154754639
0.6911717057228088
0.6826027631759644
0.6888638734817505
0.6865602135658264
0.6848264932632446
0.68455970287323
0.6844428777694702
0.676980197429657
0.67962247133255
0.6967352032661438
0.6826947331428528
0.7023693323135376
0.7034866213798523
0.6851946115493774
0.6776546239852905
0.6839698553085327
0.6826558709144592
0.6820433735847473
0.6842899322509766
0.6893430352210999
0.687725841999054
0.6764323115348816
0.6780258417129517
0.6764570474624634
0.6854069828987122
0.6887547373771667
0.6806074976921082
0.693439781665802
0.6839273571968079
0.6870855689048767
0.6982669234275818
0.682833731174469
0.6810650825500488
0.6858310699462891
0.684526264667511
0.6870182752609253
0.686722993850708
0.6862402558326721
0.6835635900497437
0.6870864629745483
0.6806105375289917
0.6788861751556396
0.6814380288124084
0.6792343258857727
0.6865848898887634
0.6862565279006958
0.6817193627357483
0.6793829202651978
0.6893110275268555
0.6908381581306458
0.6802783608436584
0.6853057146072388
0.6801131963729858
0.686477541923523
0.6789543032646179
0.6824937462806702
0.6875273585319519
0.6874690651893616
0.680659830570221
0.6779617071151733
0.6904823184013367
0.678524374961853
0.6782180666923523
0.6742047071456909
0.690639317035675
0.6896238923072815
0.684748113155365
0.6764795184135437
0.6807093024253845
0.6888262629508972
0.6959389448165894
0.6825570464134216
0.6856437921524048
0.6810722351074219
0.6797506213188171
0.6860787868499756
0.6879578232765198
0.6833571195602417
0.6967179179191589
0.684597909450531
0.6939879059791565
0.6890744566917419
0.6789847016334534
0.6880747675895691
0.6782487630844116
0.7001608610153198
0.6896811723709106
0.6822285652160645
0.7020260095596313
0.675414502620697
0.6802592277526855
0.6766478419303894
0.6872064471244812
0.6928735375404358
0.6926814913749695
0.6805284023284912
0.6821513175964355
0.7108211517333984
0.6743888258934021
0.6852214932441711
0.6902415752410889
0.6855334043502808
0.6810476183891296
0.6849561333656311
0.6788032054901123
0.6910936832427979
0.6862400770187378
0.6979451775550842
0.6798280477523804
0.6736467480659485
0.6955109238624573
0.6826419234275818
0.675194263458252
0.6836723685264587
0.6931881308555603
0.6883376836776733
0.6866517066955566
0.6882908940315247
0.6857129335403442
0.7023882269859314
0.6804508566856384
0.6891058087348938
0.683391273021698
0.6826553344726562
0.6979366540908813
0.6810638904571533
0.6790534853935242
0.6849963665008545
0.689109206199646
0.6779471635818481
0.6813741326332092
0.6891319155693054
0.6896342039108276
0.6905767917633057
0.6809827089309692
0.703499972820282
0.6904037594795227
0.6833624243736267
0.6846388578414917
0.6775820851325989
0.7067069411277771
0.6852418780326843
0.6961545348167419
0.68185955286026
0.6880930662155151
0.6714195013046265
0.6957858800888062
0.6688361763954163
0.6927609443664551
0.6872996687889099
0.7034856677055359
0.6883355379104614
0.6869860291481018
0.6974670886993408
0.6973776817321777
0.6847607493400574
0.6896045804023743
0.7025325894355774
0.6851302981376648
0.6926326751708984
0.6838595271110535
0.6901552081108093
0.6817222833633423
0.703143298625946
0.6885087490081787
0.6832835078239441
0.6824374794960022
0.6966478824615479
0.6790058016777039
0.6933065056800842
0.6913574934005737
0.6888548731803894
0.6861704587936401
0.6786796450614929
0.6894503235816956
0.6708923578262329
0.679018497467041
0.682998538017273
0.6908078789710999
0.6793438792228699
0.6812993288040161
0.6798428893089294
0.6831346750259399
0.6807595491409302
0.6874615550041199
0.7036117315292358
0.6910549402236938
0.6797113418579102
0.6886408925056458
0.6917563080787659
0.6839972138404846
0.6898744106292725
0.6790791153907776
0.688721776008606
0.6854701042175293
0.6766437888145447
0.6737855076789856
0.692135751247406
0.6802943348884583
0.6787394881248474
0.6923106908798218
0.6893989443778992
0.695345938205719
0.680927574634552
0.6935834288597107
0.6883606910705566
0.695458173751831
0.6941296458244324
0.6887065172195435
0.6921535730361938
0.6940925121307373
0.6956601738929749
0.6822120547294617
0.6797268986701965
0.6962363719940186
0.6809179782867432
0.6844187378883362
0.693838357925415
0.6852549910545349
0.6939520835876465
0.6876125335693359
0.6919476389884949
0.6802467703819275
0.6799750328063965
0.679750382900238
0.6971791386604309
0.682367742061615
0.6865467429161072
0.701520562171936
0.6799162030220032
0.6928979158401489
0.6962395906448364
0.7088934183120728
0.6874035000801086
0.678240954875946
0.6812047958374023
0.6922510862350464
0.6826895475387573
0.6870163083076477
0.6868094801902771
0.7142179608345032
0.6819124221801758
0.6993263363838196
0.6779040098190308
0.6941696405410767
0.685271143913269
0.6955803036689758
0.6856696009635925
0.6830002069473267
0.6857241988182068
0.6975460052490234
0.6774002909660339
0.6825858950614929
0.6792891621589661
0.689271092414856
0.6798912286758423
0.6836855411529541
0.6705726981163025
0.702724277973175
0.6813768148422241
0.6812728643417358
0.6914953589439392
0.6861971616744995
0.6875848174095154
0.6921707987785339
0.6915128231048584
0.6881001591682434
0.6812741756439209
0.6858770251274109
0.687268853187561
0.6883829832077026
0.6786362528800964
0.710388720035553
0.6894229054450989
0.6871107816696167
0.6898259520530701
0.6819432377815247
0.6877208948135376
0.6898142099380493
0.6756590008735657
0.6901797652244568
0.6934942603111267
0.6808267831802368
0.6868762373924255
0.6881812214851379
0.6910253763198853
0.684407651424408
0.6916735172271729
0.6889073848724365
0.6909874081611633
0.6860458850860596
0.689251720905304
0.6886807084083557
0.6742984652519226
0.6741557121276855
0.6823350787162781
0.6901042461395264
0.6913435459136963
0.6841574907302856
0.6757581830024719
0.6785286068916321
0.6895995736122131
0.6807416081428528
0.685065746307373
0.6846913695335388
0.6937357783317566
0.6838281750679016
0.6808351874351501
0.6767321228981018
0.6866557002067566
0.6783605217933655
0.678071141242981
0.7006059885025024
0.6771199107170105
0.6862779855728149
0.6989662647247314
0.6812005639076233
0.6913995146751404
0.6863360404968262
0.6911758184432983
0.6845699548721313
0.6901065707206726
0.6783515214920044
0.6912862658500671
0.6827439069747925
0.6866929531097412
0.6839016079902649
0.6857322454452515
0.684203565120697
0.6849680542945862
0.6936157941818237
0.6828023791313171
0.6880702972412109
0.6835092902183533
0.6893853545188904
0.6909023523330688
0.6869943737983704
0.6807628273963928
0.6904343366622925
0.6864464282989502
0.685035228729248
0.6859871745109558
0.6847660541534424
0.6882548332214355
0.6847933530807495
0.6802957653999329
0.6944852471351624
0.6808804273605347
0.673071026802063
0.6815736293792725
0.7109976410865784
0.6843478083610535
0.68840491771698
0.6842140555381775
0.684520959854126
0.6863792538642883
0.7131471037864685
0.6791824102401733
0.6760459542274475
0.6853201985359192
0.6890358328819275
0.6797451376914978
0.6789076924324036
0.6828048825263977
0.6855320930480957
0.6840043663978577
0.6824185848236084
0.6898701786994934
0.681817889213562
0.6941553950309753
0.6663179993629456
0.6815159320831299
0.677833616733551
0.6860483884811401
0.6793773174285889
0.689102292060852
0.684019148349762
0.675334632396698
0.6868566870689392
0.6792932748794556
0.6950712203979492
0.6768126487731934
0.6857660412788391
0.6844050884246826
0.6927770972251892
0.6895098686218262
0.6948350667953491
0.6886223554611206
0.6943530440330505
0.6842620372772217
0.7004309296607971
0.6923511624336243
0.6870357990264893
0.691033661365509
0.6868342757225037
0.6808303594589233
0.6805426478385925
0.6843218803405762
0.702704131603241
0.6717145442962646
0.6826394200325012
0.6879513263702393
0.6864660978317261
0.6755324006080627
0.7024126052856445
0.686322033405304
0.6933726072311401
0.6854317784309387
0.6903942227363586
0.6883352994918823
0.687140941619873
0.698640763759613
0.7027391791343689
0.6814555525779724
0.6745713949203491
0.6860679984092712
0.6868304014205933
0.6854796409606934
0.6798064112663269
0.6958112716674805
0.6855683326721191
0.7004425525665283
0.6822579503059387
0.6816750168800354
0.690464973449707
0.6973236799240112
0.6804642677307129
0.6980592608451843
0.6828311085700989
0.6803045272827148
0.6798772811889648
0.6843237280845642
0.6852132678031921
0.6905394792556763
0.6809901595115662
0.6905044317245483
0.7133475542068481
0.6803598403930664
0.67253577709198
0.6884849071502686
0.6962918043136597
0.6830757856369019
0.6786417365074158
0.6955257058143616
0.6966493725776672
0.6869305968284607
0.6900157332420349
0.6916308403015137
0.6794454455375671
0.6837947368621826
0.6906713843345642
0.6943013072013855
0.6861517429351807
0.6844725608825684
0.6788403391838074
0.6932669878005981
0.6851678490638733
0.6891424059867859
0.6870830059051514
0.6963447332382202
0.6931827068328857
0.6878257393836975
0.6863212585449219
0.6887803077697754
0.6826579570770264
0.68585205078125
0.6881645917892456
0.6901408433914185
0.6946994662284851
0.7082765102386475
0.6995071172714233
0.6952325701713562
0.6831868290901184
0.6893429160118103
0.6770599484443665
0.7086989879608154
0.6798447966575623
0.6849539875984192
0.6948306560516357
0.685528039932251
0.6891241073608398
0.6868160367012024
0.6826164722442627
0.6924068927764893
0.6939964890480042
0.6829354166984558
0.6911811828613281
0.7001312375068665
0.6784176826477051
0.6806216835975647
0.687282383441925
0.6915887594223022
0.6967597603797913
0.6740034222602844
0.6835291981697083
0.6864870190620422
0.686477541923523
0.6789036989212036
0.6877667903900146
0.6776356101036072
0.681587815284729
0.6879392266273499
0.6890887022018433
0.6861713528633118
0.6803845763206482
0.6835276484489441
0.6819174885749817
0.6783755421638489
0.6836866736412048
0.6851875185966492
0.6806618571281433
0.687237560749054
0.6786978840827942
0.6841363906860352
0.6877118349075317
0.6815574765205383
0.6928656697273254
0.683264970779419
0.6946421265602112
0.6812404990196228
0.6813200116157532
0.679863452911377
0.6845004558563232
0.6883123517036438
0.6860275268554688
0.6820377707481384
0.6746154427528381
0.6885136365890503
0.6826030015945435
0.6822533011436462
0.6841678619384766
0.6891830563545227
0.6751325130462646
0.6823264360427856
0.6844748854637146
0.6872491836547852
0.6816763877868652
0.6769054532051086
0.6855209469795227
0.6763840913772583
0.7077663540840149
0.6984526515007019
0.6833187937736511
0.6924536228179932
0.688429057598114
0.72367924451828
0.704973042011261
0.6925007700920105
0.6898810267448425
0.6965623497962952
0.6970328688621521
0.6946045756340027
0.7034866213798523
0.6720694899559021
0.6692968606948853
0.6848122477531433
0.7171334624290466
0.6859042644500732
0.6825716495513916
0.686028242111206
0.683799684047699
0.6802110075950623
0.6836421489715576
0.6848666071891785
0.6825313568115234
0.6900652050971985
0.7108860015869141
0.6887902021408081
0.6954681873321533
0.6813052892684937
0.6882891654968262
0.6940679550170898
0.6815838813781738
0.6800625920295715
0.693683385848999
0.6805194616317749
0.6971734166145325
0.6876311302185059
0.6928807497024536
0.6799225211143494
0.673220694065094
0.6895007491111755
0.6881242990493774
0.6814294457435608
0.6774863004684448
0.6863962411880493
0.6816231608390808
0.6928415894508362
0.684477686882019
0.6901007294654846
0.6891737580299377
0.6890027523040771
0.6806821227073669
0.6899194717407227
0.6822001338005066
0.6776069402694702
0.6828069686889648
0.6834776997566223
0.6816760301589966
0.6992379426956177
0.7004420757293701
0.6809767484664917
0.684868335723877
0.6894046664237976
0.6807985901832581
0.6878980398178101
0.6830419898033142
0.6916779279708862
0.6845690011978149
0.6801928281784058
0.6896713972091675
0.6846169829368591
0.6812423467636108
0.6961213946342468
0.6848750114440918
0.683387041091919
0.6790904998779297
0.6874861121177673
0.6854938864707947
0.6890898942947388
0.685789167881012
0.6879429817199707
0.6901504397392273
0.6919636726379395
0.6828386187553406
0.6850399971008301
0.6785363554954529
0.6852383017539978
0.69008469581604
0.6877558827400208
0.698202908039093
0.6862618327140808
0.6889247894287109
0.6861225962638855
0.693844735622406
0.6838359236717224
0.6849261522293091
0.6896117329597473
0.6937395334243774
0.6911141872406006
0.6872259974479675
0.7050007581710815
0.6782180070877075
0.6864880323410034
0.7036169171333313
0.6815284490585327
0.6808867454528809
0.6990880966186523
0.6931924819946289
0.6812266707420349
0.6821333169937134
0.6833721995353699
0.6807211637496948
0.6856480240821838
0.6883748769760132
0.6896738409996033
0.6791070699691772
0.6889119148254395
0.6887790560722351
0.6847274899482727
0.6837500929832458
0.6789939999580383
0.6881841421127319
0.6803707480430603
0.6762971878051758
0.6934549808502197
0.6899340748786926
0.6983070969581604
0.6897290945053101
0.6993719935417175
0.6823668479919434
0.6997790932655334
0.6993141770362854
0.6830337643623352
0.6876780390739441
0.6920486092567444
0.6829915642738342
0.6855429410934448
0.6915368437767029
0.693004310131073
0.6803144216537476
0.6849581599235535
0.6842699646949768
0.6888396143913269
0.6822894811630249
0.6875864267349243
0.6850985884666443
0.6908999085426331
0.6910935044288635
0.6802072525024414
0.6995795369148254
0.6879956722259521
0.6850614547729492
0.6738426685333252
0.6835693120956421
0.6912720203399658
0.68736732006073
0.689306378364563
0.691557765007019
0.6846438050270081
0.7176567316055298
0.6850412487983704
0.6866928339004517
0.6909503936767578
0.680608332157135
0.6872189044952393
0.6801796555519104
0.7090057730674744
0.6854272484779358
0.6829419732093811
0.689842164516449
0.6850287914276123
0.6871411204338074
0.6894274353981018
0.6914166808128357
0.6847143173217773
0.6896691918373108
0.6841222047805786
0.6888091564178467
0.6841016411781311
0.6907261610031128
0.6895084381103516
0.6776130199432373
0.6804526448249817
0.6884115934371948
0.6781523823738098
0.6849981546401978
0.69121253490448
0.6934927701950073
0.6795167922973633
0.6905746459960938
0.6920884251594543
0.6867383718490601
0.6898472309112549
0.6896523237228394
0.6803439855575562
0.6853225827217102
0.6772022247314453
0.6897591948509216
0.6925559639930725
0.6878825426101685
0.6869877576828003
0.6896470785140991
0.6720128655433655
0.6883040070533752
0.6781054735183716
0.6907106637954712
0.684758722782135
0.6924800872802734
0.6856624484062195
0.7018325328826904
0.6784942150115967
0.6849406361579895
0.7111037969589233
0.6833720207214355
0.6789882779121399
0.7020541429519653
0.6691645979881287
0.6805896162986755
0.6773452758789062
0.6813254952430725
0.687430739402771
0.6916833519935608
0.6855021119117737
0.7020739912986755
0.6842572689056396
0.6800957322120667
0.6814847588539124
0.6860770583152771
0.6828812956809998
0.6800141334533691
0.6804463267326355
0.680327296257019
0.6989850401878357
0.6972764730453491
0.6900902390480042
0.6895108222961426
0.6865040063858032
0.6906991600990295
0.677203357219696
0.6762646436691284
0.6712716817855835
0.6850058436393738
0.6924229264259338
0.689301609992981
0.683771550655365
0.6978720426559448
0.6853623986244202
0.6892764568328857
0.6897274255752563
0.694013774394989
0.682655394077301
0.6930888295173645
0.6972333788871765
0.682271420955658
0.6918832063674927
0.6875529885292053
0.6885823011398315
0.6883164048194885
0.697537362575531
0.6889649033546448
0.6959829330444336
0.6871330738067627
0.6866679787635803
0.6820369958877563
0.6851555705070496
0.6882354021072388
0.721372127532959
0.6854498982429504
0.6888408064842224
0.6741235256195068
0.6783738732337952
0.6925045847892761
0.6741279363632202
0.6862896680831909
0.687510073184967
0.6916912794113159
0.6967734098434448
0.6830931305885315
0.6913038492202759
0.684618353843689
0.69776451587677
0.685603141784668
0.6875662803649902
0.680696427822113
0.6805356740951538
0.679810106754303
0.6778159141540527
0.6864380836486816
0.6845852136611938
0.6801680326461792
0.6846493482589722
0.6885271072387695
0.6883895993232727
0.688797116279602
0.6934615969657898
0.6894887089729309
0.7016056180000305
0.6922746896743774
0.685682475566864
0.6918662786483765
0.6875436305999756
0.6800209283828735
0.6762769222259521
0.678572952747345
0.682490348815918
0.6782345175743103
0.6873955726623535
0.6829299926757812
0.6820662617683411
0.6933958530426025
0.6809201240539551
0.7001398205757141
0.6882838010787964
0.6899727582931519
0.6851116418838501
0.6823808550834656
0.6947123408317566
0.6743605732917786
0.6789499521255493
0.6780974268913269
0.6837387084960938
0.6783242225646973
0.6849988102912903
0.7052348852157593
0.692877471446991
0.6846047639846802
0.680988609790802
0.6908742189407349
0.6819190979003906
0.688734769821167
0.6882891058921814
0.6898691058158875
0.6885924935340881
0.6902923583984375
0.683752179145813
0.6843438744544983
0.6936932802200317
0.693901538848877
0.6845526099205017
0.6827494502067566
0.6807435154914856
0.6871954202651978
0.6786354780197144
0.6958466172218323
0.683849036693573
0.686820387840271
0.6815924048423767
0.6739947199821472
0.6819097399711609
0.6716932058334351
0.6831555962562561
0.7154718041419983
0.6866183876991272
0.6931988596916199
0.6884801983833313
0.6818602681159973
0.6759256720542908
0.6912480592727661
0.6940078735351562
0.6797114014625549
0.6775590181350708
0.6958650946617126
0.6845279335975647
0.6902878284454346
0.6913723349571228
0.680007815361023
0.6978969573974609
0.6838473677635193
0.679676353931427
0.6990444660186768
0.6835066676139832
0.7020212411880493
0.6918632984161377
0.6902890205383301
0.6755663752555847
0.6827845573425293
0.6879684329032898
0.6745654940605164
0.6860833168029785
0.6876611709594727
0.696169376373291
0.6865020394325256
0.6824776530265808
0.699408769607544
0.6824446320533752
0.6908698678016663
0.6819632053375244
0.700493574142456
0.68817538022995
0.6907781362533569
0.676353931427002
0.7101715803146362
0.6797091364860535
0.702001690864563
0.6861454844474792
0.683265209197998
0.6885982155799866
0.6826665997505188
0.6889920830726624
0.6967764496803284
0.6851416826248169
0.6796039938926697
0.6814642548561096
0.680626630783081
0.6872667670249939
0.6842922568321228
0.6914488673210144
0.6828232407569885
0.6988252997398376
0.68468177318573
0.6873804926872253
0.6931298971176147
0.6912643313407898
0.6877944469451904
0.6919597387313843
0.6822801828384399
0.6843069195747375
0.6867759227752686
0.6824226379394531
0.6829896569252014
0.6914801001548767
0.7096465826034546
0.7019445300102234
0.6903625726699829
0.6951982975006104
0.6860206127166748
0.6980432271957397
0.6833846569061279
0.6877496838569641
0.685251772403717
0.688294529914856
0.6928412914276123
0.6910929679870605
0.6918535828590393
0.6959424018859863
0.698239266872406
0.6731282472610474
0.6921273469924927
0.6928723454475403
0.6972030401229858
0.6943354606628418
0.7032492160797119
0.6724880337715149
0.676191508769989
0.6940043568611145
0.6851709485054016
0.6898999810218811
0.6867668032646179
0.6838161945343018
0.6870185136795044
0.6877120733261108
0.6816400289535522
0.7121461629867554
0.7068443894386292
0.6912413239479065
0.6948187947273254
0.6896738409996033
0.6933351159095764
0.6867924928665161
0.7003415822982788
0.6838561296463013
0.682960569858551
0.6964888572692871
0.6769328713417053
0.6827816367149353
0.679440438747406
0.6790700554847717
0.6806932687759399
0.6892427802085876
0.6890550255775452
0.6730695366859436
0.6823691725730896
0.6883323192596436
0.6938958764076233
0.7067332863807678
0.6905943751335144
0.6859132647514343
0.7007979154586792
0.69046950340271
0.687416672706604
0.6856436133384705
0.6855971813201904
0.682502031326294
0.684829592704773
0.6883649230003357
0.690304696559906
0.6926946640014648
0.6824066638946533
0.6848421692848206
0.6956112384796143
0.6952983140945435
0.6893023252487183
0.6783424615859985
0.6923306584358215
0.6797703504562378
0.692305326461792
0.6821553707122803
0.6804038882255554
0.6931052803993225
0.6899686455726624
0.684302806854248
0.6791011095046997
0.6811925768852234
0.6800541877746582
0.6847256422042847
0.6776992678642273
0.6989060044288635
0.6927558183670044
0.6847142577171326
0.6809653639793396
0.6978281736373901
0.7084412574768066
0.6869735717773438
0.6843984127044678
0.6717094779014587
0.6879741549491882
0.686009407043457
0.6938084363937378
0.6979261636734009
0.6791124939918518
0.6865142583847046
0.6881086230278015
0.6886770725250244
0.6764745116233826
0.6846739053726196
0.6891668438911438
0.690672755241394
0.6863116025924683
0.6906870603561401
0.6954930424690247
0.6843386292457581
0.6998889446258545
0.6894973516464233
0.6845325231552124
0.6680647730827332
0.6876060962677002
0.6836110353469849
0.6751133799552917
0.6863996982574463
0.6911216378211975
0.6827083826065063
0.6866840720176697
0.683536171913147
0.7004820704460144
0.685293972492218
0.6884481906890869
0.6890881061553955
0.6826096177101135
0.6852728128433228
0.6733102798461914
0.6856396198272705
0.6938878893852234
0.6859992742538452
0.6975314021110535
0.685581386089325
0.6814854741096497
0.6775743365287781
0.6788554787635803
0.6803051829338074
0.682397186756134
0.688423752784729
0.6763951778411865
0.7031142115592957
0.6877965331077576
0.689738929271698
0.6799013614654541
0.677507221698761
0.6966434121131897
0.6856699585914612
0.6898477673530579
0.7014150023460388
0.6893822550773621
0.6773333549499512
0.6761360168457031
0.6867507100105286
0.6891800165176392
0.6810564994812012
0.6910091042518616
0.6944620013237
0.6903776526451111
0.6780557632446289
0.686752438545227
0.6811223030090332
0.6911284327507019
0.6845194101333618
0.6840611100196838
0.6717277765274048
0.6831192374229431
0.6808003187179565
0.6860989928245544
0.6902348399162292
0.683203399181366
0.681969404220581
0.6781553626060486
0.6880030035972595
0.685592770576477
0.6899667382240295
0.6905378699302673
0.6805316209793091
0.6851443648338318
0.6909664273262024
0.6921928524971008
0.6789513230323792
0.6863052248954773
0.6738061308860779
0.6817682981491089
0.6795689463615417
0.6842344999313354
0.6797282099723816
0.6896082162857056
0.6946927309036255
0.6891691088676453
0.6926470398902893
0.6963382363319397
0.6851292848587036
0.6973122358322144
0.6809261441230774
0.6801753640174866
0.6788862347602844
0.6811475157737732
0.6744544506072998
0.6826438307762146
0.6745311617851257
0.689765453338623
0.6818352937698364
0.7022641897201538
0.683363139629364
0.7045408487319946
0.7061719298362732
0.6796233654022217
0.6962907910346985
0.6933857202529907
0.6909673810005188
0.6724728345870972
0.6861216425895691
0.688795268535614
0.6914060115814209
0.6924770474433899
0.7112477421760559
0.6903557777404785
0.7436267137527466
0.6868234872817993
0.7044933438301086
0.6876859664916992
0.6840833425521851
0.6779120564460754
0.685501217842102
0.6843054294586182
0.6934764385223389
0.6907046437263489
0.6878006458282471
0.6861690878868103
0.689457893371582
0.6897953152656555
0.6862045526504517
0.6878914833068848
0.6856486797332764
0.6940705180168152
0.6828172206878662
0.6899075508117676
0.6847735643386841
0.6833376884460449
0.6805422902107239
0.6846720576286316
0.6810203194618225
0.6899903416633606
0.6947985291481018
0.68370121717453
0.6909580230712891
0.6789004802703857
0.6963027715682983
0.6773309111595154
0.6842788457870483
0.6850957870483398
0.6917188763618469
0.6844112873077393
0.6951019167900085
0.6910467147827148
0.6898248791694641
0.6796916723251343
0.6991206407546997
0.6801538467407227
0.6908795237541199
0.6703552603721619
0.6838905811309814
0.6746645569801331
0.6912047863006592
0.6930378079414368
0.6860967874526978
0.6891738772392273
0.6862791180610657
0.6889134645462036
0.6753190755844116
0.6868863105773926
0.6858537793159485
0.6821615695953369
0.6860471367835999
0.7028408646583557
0.6761506795883179
0.6841710805892944
0.6958397030830383
0.6812968254089355
0.6801308393478394
0.6869815587997437
0.6794995069503784
0.6887947916984558
0.6848382353782654
0.6878069043159485
0.6693120002746582
0.6824573874473572
0.68086838722229
0.6830424070358276
0.689754843711853
0.6795568466186523
0.6975525617599487
0.6810763478279114
0.6774970293045044
0.6896015405654907
0.6816923022270203
0.6878091096878052
0.680060625076294
0.6824309229850769
0.6965246796607971
0.6776419878005981
0.6862001419067383
0.6935257911682129
0.6792153120040894
0.6907986402511597
0.6821818947792053
0.6765320301055908
0.6957008242607117
0.6884109973907471
0.685635507106781
0.6898492574691772
0.675392746925354
0.6882285475730896
0.6823645830154419
0.6914657950401306
0.6914330720901489
0.6913399696350098
0.6841822266578674
0.6917373538017273
0.6803614497184753
0.6902861595153809
0.6943541765213013
0.68295818567276
0.6793721914291382
0.690215528011322
0.6812551617622375
0.6892873644828796
0.686185359954834
0.6865184903144836
0.6909963488578796
0.6935277581214905
0.6919589638710022
0.6781740188598633
0.6831405758857727
0.6851383447647095
0.6856104135513306
0.6793326735496521
0.6885744333267212
0.6743820905685425
0.6885619163513184
0.6809179782867432
0.6904418468475342
0.70478755235672
0.6860038042068481
0.6863383650779724
0.686667263507843
0.6982682943344116
0.6838268041610718
0.6880073547363281
0.6818844676017761
0.6815741658210754
0.6831070184707642
0.690167248249054
0.6813589930534363
0.6849657297134399
0.688256561756134
0.6878513693809509
0.6937433481216431
0.6723554730415344
0.6899303793907166
0.6769939064979553
0.6793512105941772
0.6930700540542603
0.6955512762069702
0.6827769875526428
0.6931977868080139
0.6798877120018005
0.6838737726211548
0.6761400699615479
0.6905429363250732
0.6998945474624634
0.696433961391449
0.686652660369873
0.6947466135025024
0.6863431930541992
0.6868815422058105
0.693047046661377
0.6880849003791809
0.6987902522087097
0.6949990391731262
0.6928057074546814
0.6874541640281677
0.6861560344696045
0.6773306727409363
0.6826475262641907
0.690586507320404
0.683010458946228
0.6958730220794678
0.6894245147705078
0.6770331859588623
0.6836405396461487
0.6950433850288391
0.6900439262390137
0.6877546310424805
0.6856613159179688
0.6821013689041138
0.692303478717804
0.6790573000907898
0.6875010132789612
0.694226861000061
0.6860825419425964
0.6843653321266174
0.6841514110565186
0.6821177005767822
0.6797935366630554
0.6901020407676697
0.685090959072113
0.6731002330780029
0.6851157546043396
0.6863918304443359
0.6845100522041321
0.6810581088066101
0.6847588419914246
0.6793075799942017
0.6898396611213684
0.688191831111908
0.687559962272644
0.6879237294197083
0.6975415349006653
0.6834861040115356
0.6941590905189514
0.6814412474632263
0.714576005935669
0.685936689376831
0.6943044066429138
0.683896005153656
0.6779056787490845
0.680485188961029
0.6921072602272034
0.6882233023643494
0.683509886264801
0.6804682016372681
0.687213659286499
0.6918675899505615
0.6803888082504272
0.686280369758606
0.6827436089515686
0.6824500560760498
0.6854041218757629
0.6831641793251038
0.6865178942680359
0.6837204694747925
0.6959577798843384
0.6815142035484314
0.6810634136199951
0.6890062689781189
0.6769794225692749
0.7180116176605225
0.6818121671676636
0.71291184425354
0.6794533133506775
0.6922938823699951
0.6803454160690308
0.6871264576911926
0.7145219445228577
0.6859772801399231
0.6794735789299011
0.6878275275230408
0.688673734664917
0.6810617446899414
0.6927390694618225
0.6993937492370605
0.6920279860496521
0.6845877766609192
0.6920998096466064
0.6834675073623657
0.6830947399139404
0.6801303625106812
0.6814174652099609
0.6845129728317261
0.6877074837684631
0.6729979515075684
0.6807196736335754
0.6878370642662048
0.6701295375823975
0.6883038878440857
0.6784915924072266
0.6880709528923035
0.6851645708084106
0.680774450302124
0.6978482007980347
0.6885916590690613
0.6872092485427856
0.6837809681892395
0.6834201216697693
0.6817345023155212
0.6829215884208679
0.6780474185943604
0.6864327192306519
0.6808362603187561
0.6894670128822327
0.6866181492805481
0.682502269744873
0.6915739178657532
0.6919381022453308
0.6818453669548035
0.6843789219856262
0.6912080645561218
0.6834995150566101
0.6888809204101562
0.6902616024017334
0.6846821904182434
0.6929481625556946
0.6778009533882141
0.6846339702606201
0.6861766576766968
0.683302640914917
0.6784681081771851
0.68879634141922
0.681281566619873
0.6831060647964478
0.6821616291999817
0.6881139874458313
0.6900227665901184
0.6895738840103149
0.6895703673362732
0.6835057139396667
0.6872727870941162
0.6993352770805359
0.6842271089553833
0.693419873714447
0.6830658316612244
0.6767101883888245
0.6840350031852722
0.6826874613761902
0.6903569102287292
0.6818233728408813
0.6792199015617371
0.6839783787727356
0.6810334324836731
0.6783840656280518
0.6799241304397583
0.6929109692573547
0.6857158541679382
0.6914108991622925
0.6806728839874268
0.6804677248001099
0.6722079515457153
0.6823268532752991
0.671707034111023
0.6865788698196411
0.6775140762329102
0.6923266053199768
0.6871883869171143
0.6995525360107422
0.6941436529159546
0.6911929845809937
0.6918818354606628
0.6752827763557434
0.7052361369132996
0.680860698223114
0.6804839968681335
0.6863501667976379
0.6832670569419861
0.6816540956497192
0.6777030229568481
0.6768357753753662
0.6911399960517883
0.6698930859565735
0.7053504586219788
0.6731491088867188
0.6862103939056396
0.6842796802520752
0.6822028756141663
0.673641562461853
0.6864191293716431
0.6898479461669922
0.6834140419960022
0.678654670715332
0.6855894923210144
0.6910011172294617
0.6729432344436646
0.6789979934692383
0.7031035423278809
0.6952712535858154
0.6909756660461426
0.6886940598487854
0.6804643869400024
0.6780563592910767
0.7012659907341003
0.6843222975730896
0.6877345442771912
0.6893114447593689
0.685447633266449
0.6841648817062378
0.6897850036621094
0.6767505407333374
0.6848105788230896
0.6893102526664734
0.682176411151886
0.681167721748352
0.698477029800415
0.7288304567337036
0.6960322260856628
0.694010853767395
0.686935305595398
0.6887785196304321
0.6861949563026428
0.6844980716705322
0.6913557052612305
0.6882993578910828
0.6854536533355713
0.6837491989135742
0.684276819229126
0.6823994517326355
0.6884337663650513
0.6862618923187256
0.6851688027381897
0.6886776089668274
0.6867042779922485
0.676426887512207
0.6870580911636353
0.6822355389595032
0.6805383563041687
0.6792875528335571
0.692577600479126
0.6957117319107056
0.6960435509681702
0.6858481764793396
0.6753823161125183
0.7084426879882812
0.6792011857032776
0.6873327493667603
0.6814222931861877
0.6946662068367004
0.6836085915565491
0.675873875617981
0.6830297112464905
0.6869977712631226
0.6850271224975586
0.6821390986442566
0.6910436749458313
0.6936883330345154
0.6823121309280396
0.6836076974868774
0.6941562294960022
0.6942911744117737
0.6832988858222961
0.6942309141159058
0.6864151954650879
0.6805331110954285
0.6788984537124634
0.6853373646736145
0.6852661967277527
0.6907849311828613
0.6839243173599243
0.6851096749305725
0.7097234129905701
0.6916452646255493
0.6832729578018188
0.7010802030563354
0.6800423264503479
0.6792874336242676
0.6896891593933105
0.6856558918952942
0.6829662919044495
0.6863916516304016
0.680648684501648
0.6767789125442505
0.6775619387626648
0.691582441329956
0.6818863153457642
0.6878226399421692
0.673896312713623
0.6817542910575867
0.6814917922019958
0.6815122961997986
0.6888091564178467
0.6830666065216064
0.6914697289466858
0.6852999925613403
0.6830090284347534
0.6888540983200073
0.6801073551177979
0.7012607455253601
0.6910737752914429
0.684536874294281
0.6800317764282227
0.6915387511253357
0.6879998445510864
0.682848334312439
0.6777095794677734
0.6861344575881958
0.6827386617660522
0.6878069639205933
0.6854506134986877
0.6889389157295227
0.6978983283042908
0.6825785040855408
0.6905381083488464
0.6754587292671204
0.6760517954826355
0.692608654499054
0.6764764189720154
0.686709463596344
0.6832072734832764
0.6798790693283081
0.6815158724784851
0.6723605990409851
0.6836313605308533
0.6835283041000366
0.6820339560508728
0.6846666932106018
0.6915305256843567
0.689200222492218
0.6918802261352539
0.6814422607421875
0.6854126453399658
0.6857051849365234
0.6846619844436646
0.6782017350196838
0.6975589394569397
0.6870909929275513
0.7062234282493591
0.69045090675354
0.6865932941436768
0.6851317882537842
0.6922301650047302
0.680733323097229
0.6966885924339294
0.6796010136604309
0.6858776807785034
0.6801762580871582
0.6804525256156921
0.682679295539856
0.6845131516456604
0.6884425282478333
0.6848812103271484
0.6957646608352661
0.6715115308761597
0.679627001285553
0.6767361164093018
0.6922462582588196
0.679240882396698
0.6715429425239563
0.7057746648788452
0.6837172508239746
0.6809743046760559
0.6744566559791565
0.6903520822525024
0.6873534917831421
0.6904970407485962
0.6931664347648621
0.6988900899887085
0.6847151517868042
0.6900140047073364
0.6896374821662903
0.6725103259086609
0.6832704544067383
0.6853925585746765
0.6854838132858276
0.6977804899215698
0.6995271444320679
0.6750571727752686
0.6909303665161133
0.6955487132072449
0.6830528974533081
0.6989104151725769
0.6892803311347961
0.6752038598060608
0.6929125189781189
0.6830182075500488
0.6853451132774353
0.6778407096862793
0.683353841304779
0.6825982928276062
0.6835652589797974
0.6745789051055908
0.6853474378585815
0.6851021647453308
0.6862267851829529
0.6880289912223816
0.6787737607955933
0.6987103819847107
0.679863691329956
0.6828749775886536
0.6926183700561523
0.6816077828407288
0.6873064041137695
0.6855049729347229
0.6918043494224548
0.688816249370575
0.6929067969322205
0.6939242482185364
0.6848812103271484
0.6761818528175354
0.6938632130622864
0.6924799084663391
0.6921262145042419
0.6838544607162476
0.6763414740562439
0.691675066947937
0.6870636343955994
0.6842864155769348
0.686208188533783
0.6706430912017822
0.6903380751609802
0.689842164516449
0.6891320943832397
0.6851910352706909
0.6792833805084229
0.6762619018554688
0.6841881275177002
0.6843453049659729
0.6874622702598572
0.6831679344177246
0.6894766688346863
0.6904745697975159
0.6931174397468567
0.7014288306236267
0.6828524470329285
0.6856436133384705
0.6904957890510559
0.6922343373298645
0.7028867602348328
0.6907349228858948
0.7108327746391296
0.6804388165473938
0.68315190076828
0.6869313716888428
0.6890204548835754
0.6845206022262573
0.6923854351043701
0.6862169504165649
0.6820083856582642
0.6749407052993774
0.694570779800415
0.6870014667510986
0.7031218409538269
0.6863479614257812
0.6838634014129639
0.6855437159538269
0.6851465702056885
0.6925534605979919
0.6793131828308105
0.6864364147186279
0.6842517256736755
0.6738574504852295
0.6898606419563293
0.6895300149917603
0.6853024363517761
0.6871116757392883
0.6754058003425598
0.6881657838821411
0.679740309715271
0.6852431297302246
0.6916008591651917
0.679457426071167
0.6896412968635559
0.680294930934906
0.6797529458999634
0.6855099201202393
0.6877169013023376
0.6936545968055725
0.6887455582618713
0.6924097537994385
0.6903256177902222
0.6833847761154175
0.6758414506912231
0.6784638166427612
0.6926398277282715
0.6929022073745728
0.6866781711578369
0.6834403276443481
0.6848345398902893
0.6798082590103149
0.6798533797264099
0.6901023983955383
0.6763559579849243
0.6843779683113098
0.6808538436889648
0.692405641078949
0.6746753454208374
0.6843581795692444
0.6826125383377075
0.6926029324531555
0.6821509599685669
0.6861868500709534
0.676959216594696
0.6831341981887817
0.6842457056045532
0.6875593662261963
0.6950419545173645
0.6808180809020996
0.6769113540649414
0.6916331648826599
0.6887813210487366
0.6776857376098633
0.6869460344314575
0.6826850771903992
0.6819621920585632
0.6892293095588684
0.6767929196357727
0.6868109107017517
0.6907247304916382
0.6719487905502319
0.6879459023475647
0.6865065097808838
0.6821886301040649
0.6858067512512207
0.6816890835762024
0.6929410696029663
0.6825789213180542
0.6902679204940796
0.6855772733688354
0.6797990202903748
0.6771753430366516
0.6875647902488708
0.6800088882446289
0.6834542155265808
0.6861742734909058
0.6889095902442932
0.6843732595443726
0.7012205719947815
0.6997218728065491
0.6932399272918701
0.6893659234046936
0.6856024861335754
0.676127016544342
0.685500979423523
0.6721648573875427
0.6771898865699768
0.6831322312355042
0.6843279004096985
0.6832455992698669
0.6930413842201233
0.6781067252159119
0.6874321699142456
0.6971686482429504
0.6917160153388977
0.6954206228256226
0.6846651434898376
0.6796817779541016
0.6720779538154602
0.6822183728218079
0.6889327168464661
0.684931755065918
0.6921155452728271
0.6886517405509949
0.6960141062736511
0.6819571852684021
0.6918357610702515
0.6830123662948608
0.6782969236373901
0.6935223937034607
0.6843507289886475
0.6865076422691345
0.6803951263427734
0.68443363904953
0.683804988861084
0.6969072818756104
0.6806004047393799
0.6848925352096558
0.6898439526557922
0.6829827427864075
0.6796224117279053
0.6813362836837769
0.6857468485832214
0.6805187463760376
0.6832669973373413
0.680542528629303
0.682388961315155
0.6826380491256714
0.6893534064292908
0.6924660801887512
0.6854730844497681
0.6872872114181519
0.6827623844146729
0.6751194596290588
0.6895431280136108
0.6726678013801575
0.6789821982383728
0.6903679966926575
0.6912814378738403
0.6789350509643555
0.6826019287109375
0.6873722076416016
0.6837441921234131
0.6918665766716003
0.6731916069984436
0.6928461194038391
0.6860222816467285
0.6971250772476196
0.6904962658882141
0.706903874874115
0.6837047934532166
0.680351197719574
0.677240252494812
0.6815569400787354
0.6894357800483704
0.6840972304344177
0.6908215880393982
0.7046060562133789
0.6822839975357056
0.6829795837402344
0.6907448768615723
0.6848364472389221
0.6931411623954773
0.6799846291542053
0.6976600289344788
0.685443103313446
0.6810393333435059
0.6903808116912842
0.6757040619850159
0.6969740390777588
0.681877613067627
0.689470648765564
0.6761876940727234
0.6809194087982178
0.6895920038223267
0.6892544627189636
0.6886030435562134
0.6813206672668457
0.6845497488975525
0.6875865459442139
0.6848890781402588
0.6746280193328857
0.6831101775169373
0.6856808066368103
0.6928839087486267
0.6901661157608032
0.6955642700195312
0.6977968811988831
0.691950261592865
0.6924843192100525
0.6870432496070862
0.6933432221412659
0.6921939253807068
0.6830663681030273
0.6897815465927124
0.6829817891120911
0.6844363212585449
0.6805122494697571
0.698280930519104
0.6895097494125366
0.6931679844856262
0.6828252077102661
0.6767483353614807
0.6815969347953796
0.681727945804596
0.6854075789451599
0.6893382668495178
0.6894250512123108
0.6909521818161011
0.6930844187736511
0.685393214225769
0.6866713166236877
0.6847113966941833
0.679631769657135
0.6835092306137085
0.6855742335319519
0.6885179281234741
0.6883572340011597
0.6926009058952332
0.6987913250923157
0.6772629022598267
0.688468873500824
0.6840794086456299
0.7046276926994324
0.6855228543281555
0.6865246295928955
0.6923325657844543
0.6811565160751343
0.677941620349884
0.685857892036438
0.6888089179992676
0.705155074596405
0.6817814111709595
0.6860689520835876
0.6764823198318481
0.6826064586639404
0.6890616416931152
0.6908386945724487
0.6857554316520691
0.6819384694099426
0.6785433888435364
0.6959084272384644
0.6907402276992798
0.6836438775062561
0.6888619065284729
0.6903720498085022
0.6871256828308105
0.6742148995399475
0.6876879334449768
0.6979925036430359
0.685282826423645
0.6830936074256897
0.688905656337738
0.6786296963691711
0.6827134490013123
0.6872997283935547
0.6801833510398865
0.68304842710495
0.6905864477157593
0.6748864650726318
0.6853430867195129
0.6913358569145203
0.6823607087135315
0.6864529848098755
0.6731567978858948
0.6801263689994812
0.680597722530365
0.680733323097229
0.6715276837348938
0.6974425911903381
0.6792059540748596
0.6788675785064697
0.6863646507263184
0.6871805787086487
0.6879153251647949
0.6875384449958801
0.6996253132820129
0.6930525302886963
0.6794514656066895
0.6915723085403442
0.6911611557006836
0.6950963139533997
0.6959091424942017
0.6868746876716614
0.6940250396728516
0.6910539865493774
0.6778678297996521
0.6894612312316895
0.6894518733024597
0.6829954981803894
0.695970356464386
0.6860032081604004
0.6795883178710938
0.6867240071296692
0.6780349612236023
0.6887071132659912
0.67613285779953
0.6829469799995422
0.692298412322998
0.6957393288612366
0.6866766214370728
0.6808157563209534
0.6977413296699524
0.6878097653388977
0.688575267791748
0.6863988637924194
0.6841105222702026
0.6915687918663025
0.6852707266807556
0.6793320178985596
0.6986923813819885
0.6889814734458923
0.6798155307769775
0.697249174118042
0.6862817406654358
0.6829201579093933
0.6828106641769409
0.6903800368309021
0.7015028595924377
0.6820021271705627
0.6832543015480042
0.6931524276733398
0.7003447413444519
0.682010293006897
0.6973012685775757
0.6838365793228149
0.6817540526390076
0.6975483298301697
0.6878129839897156
0.6897945404052734
0.679930567741394
0.6735804080963135
0.6856920123100281
0.6879847645759583
0.6732927560806274
0.6813684105873108
0.6808836460113525
0.6885880827903748
0.6791417002677917
0.6806877851486206
0.6769616603851318
0.6775676608085632
0.7088731527328491
0.6822108030319214
0.6829045414924622
0.688213050365448
0.6914539337158203
0.6786849498748779
0.6821816563606262
0.6852845549583435
0.686891496181488
0.6862469911575317
0.6778314113616943
0.677913248538971
0.6945458054542542
0.6967483758926392
0.6787878274917603
0.6885806322097778
0.6823980212211609
0.6959867477416992
0.6852577924728394
0.6752113699913025
0.6819061636924744
0.6879393458366394
0.6777955889701843
0.6868881583213806
0.6895652413368225
0.6823867559432983
0.691673994064331
0.6827777028083801
0.6800457239151001
0.6846364140510559
0.6922892928123474
0.6873255968093872
0.6796944737434387
0.68874591588974
0.6827122569084167
0.6833848357200623
0.6854986548423767
0.6835203766822815
0.6935487389564514
0.6903446316719055
0.6779858469963074
0.6786595582962036
0.687643826007843
0.6852422952651978
0.6884199380874634
0.6994564533233643
0.6910424828529358
0.6857662200927734
0.6923224329948425
0.6880348324775696
0.6865275502204895
0.6808148622512817
0.7077538967132568
0.6925241351127625
0.6897680163383484
0.6929141283035278
0.6919857859611511
0.6889752745628357
0.6854941844940186
0.693630039691925
0.6851793527603149
0.6899702548980713
0.6836068034172058
0.6921372413635254
0.6859438419342041
0.6872398257255554
0.6905457973480225
0.6979537606239319
0.6767488718032837
0.6837335228919983
0.6924683451652527
0.6959987878799438
0.6842148900032043
0.6846737265586853
0.6822685599327087
0.6778321266174316
0.6868399977684021
0.6833992600440979
0.6883945465087891
0.6736022233963013
0.6911243796348572
0.6859371066093445
0.6922646760940552
0.6855612993240356
0.6798955202102661
0.6800388097763062
0.6799285411834717
0.6879847049713135
0.691291332244873
0.6941872239112854
0.6825651526451111
0.687721848487854
0.6818392276763916
0.6802836060523987
0.6973658204078674
0.6805310845375061
0.6935505867004395
0.6801419854164124
0.6865270733833313
0.6956790685653687
0.683661937713623
0.687204897403717
0.6828511357307434
0.6808828711509705
0.6894760131835938
0.6917656660079956
0.6929042935371399
0.6822829246520996
0.6819156408309937
0.6934233903884888
0.6852191090583801
0.6917558908462524
0.680984616279602
0.6921896934509277
0.68558669090271
0.6916026473045349
0.6827447414398193
0.694671094417572
0.6852608919143677
0.6804671883583069
0.6774166226387024
0.6932932734489441
0.6770958304405212
0.6902644634246826
0.6807994246482849
0.6862155795097351
0.6866952776908875
0.6896775960922241
0.6932259798049927
0.6879656314849854
0.6810252666473389
0.7097535729408264
0.6833196878433228
0.6757602095603943
0.6904957890510559
0.6792101263999939
0.6902897357940674
0.6826224327087402
0.680573582649231
0.6879404187202454
0.6753315925598145
0.6826762557029724
0.6677215695381165
0.6913340091705322
0.68160080909729
0.6920020580291748
0.689475953578949
0.680701732635498
0.6953607201576233
0.6953907608985901
0.693828821182251
0.6767581701278687
0.6869856715202332
0.692187488079071
0.7029006481170654
0.691194474697113
0.6955063939094543
0.6977335810661316
0.692884624004364
0.6842861175537109
0.6825446486473083
0.6919719576835632
0.6898894309997559
0.6928695440292358
0.6966803073883057
0.6918801069259644
0.6992064118385315
0.6920729875564575
0.68857342004776
0.6916961073875427
0.6855634450912476
0.6829245686531067
0.6954271793365479
0.6972835063934326
0.6876224279403687
0.6813473701477051
0.6912898421287537
0.6811037659645081
0.6799395084381104
0.6868197917938232
0.676829993724823
0.687288224697113
0.6830753087997437
0.6883125901222229
0.6791929006576538
0.6902337074279785
0.6837732791900635
0.6856537461280823
0.6830816864967346
0.6947365403175354
0.6879022717475891
0.681036114692688
0.6833959817886353
0.6882255673408508
0.7000411748886108
0.6760820746421814
0.6848645806312561
0.6906929016113281
0.6854565739631653
0.6813332438468933
0.6740831136703491
0.6813690066337585
0.6918725371360779
0.6878533959388733
0.6801745891571045
0.6815576553344727
0.6835764646530151
0.6808681488037109
0.709875762462616
0.6759625673294067
0.6889076828956604
0.6875364780426025
0.6823203563690186
0.6810463666915894
0.691905677318573
0.6756227016448975
0.6871611475944519
0.6882879137992859
0.688120424747467
0.6964015960693359
0.6773995757102966
0.6861247420310974
0.6952279806137085
0.6828961968421936
0.6870967149734497
0.6829999089241028
0.7109294533729553
0.6785722970962524
0.6818807721138
0.6989724040031433
0.699607789516449
0.6918165683746338
0.671945333480835
0.6842825412750244
0.6869150996208191
0.6766403317451477
0.6819194555282593
0.7004128098487854
0.6878480911254883
0.6817064881324768
0.6821208596229553
0.6824329495429993
0.6828603744506836
0.6907727718353271
0.6804423928260803
0.688713788986206
0.690841019153595
0.6901519298553467
0.6830365657806396
0.6815294027328491
0.6851398944854736
0.7125695943832397
0.6837717890739441
0.6828835010528564
0.6898248791694641
0.6817939877510071
0.6820104718208313
0.6761949062347412
0.6842390894889832
0.701766848564148
0.6970610618591309
0.682342529296875
0.6879693865776062
0.680626630783081
0.6846519708633423
0.6828691959381104
0.6791847944259644
0.6753113865852356
0.6784495711326599
0.6910102963447571
0.6854234933853149
0.6797595620155334
0.6858347654342651
0.6783730387687683
0.6979843974113464
0.6932535171508789
0.681492805480957
0.6813523769378662
0.6826654076576233
0.6842290759086609
0.6808032393455505
0.6926377415657043
0.6766830682754517
0.6770517826080322
0.6941204071044922
0.6851134896278381
0.6763061881065369
0.7017998099327087
0.7000032067298889
0.7015655636787415
0.6895391345024109
0.6837866306304932
0.6902284622192383
0.674673855304718
0.6783801317214966
0.6808494925498962
0.6899075508117676
0.6973075270652771
0.6891356110572815
0.694378674030304
0.684410810470581
0.6925349235534668
0.7001284956932068
0.6923141479492188
0.6807470321655273
0.6892635822296143
0.6943696141242981
0.6793575882911682
0.6858619451522827
0.6793314218521118
0.7535048127174377
0.6888608932495117
0.691046953201294
0.680850088596344
0.6836475729942322
0.6932142376899719
0.6883634924888611
0.6986762285232544
0.6845371723175049
0.6861463785171509
0.6806228160858154
0.675483226776123
0.6838253140449524
0.6938647627830505
0.6829360127449036
0.7261065244674683
0.6867708563804626
0.6862341165542603
0.6903504133224487
0.6977196931838989
0.6841973662376404
0.68794846534729
0.6867660284042358
0.6816539764404297
0.6860173344612122
0.6932386159896851
0.6873176097869873
0.6950588226318359
0.6795907616615295
0.7053104043006897
0.692158043384552
0.7013963460922241
0.6877343654632568
0.6876581311225891
0.6802393794059753
0.6925960779190063
0.6857672929763794
0.6751567125320435
0.6855477094650269
0.6836588382720947
0.6843823194503784
0.6788171529769897
0.6904152035713196
0.6777567863464355
0.6778443455696106
0.681716799736023
0.6804122924804688
0.6796326041221619
0.7028218507766724
0.6858007311820984
0.6728011965751648
0.690194308757782
0.6987207531929016
0.6811719536781311
0.6949607133865356
0.6919028162956238
0.6872169971466064
0.6843750476837158
0.684573233127594
0.6855908632278442
0.678953230381012
0.6888510584831238
0.6827494502067566
0.6902300119400024
0.6891293525695801
0.6845207810401917
0.6859959363937378
0.6928160190582275
0.6852568984031677
0.68089359998703
0.6999186873435974
0.6841511726379395
0.6877557039260864
0.6896727681159973
0.6845568418502808
0.6826364398002625
0.6933430433273315
0.6936442852020264
0.6930404901504517
0.676224410533905
0.6827365159988403
0.7054432034492493
0.6899776458740234
0.6857253909111023
0.683314323425293
0.6766910552978516
0.6934816837310791
0.7004054188728333
0.6991382837295532
0.6835843324661255
0.6851119995117188
0.6857046484947205
0.6800005435943604
0.6805496215820312
0.6863879561424255
0.7036150693893433
0.6939292550086975
0.6783385276794434
0.6933200359344482
0.6928408741950989
0.6758111715316772
0.6925553679466248
0.6935423016548157
0.6842446327209473
0.686241865158081
0.6861275434494019
0.6925097107887268
0.6854962706565857
0.690769612789154
0.6900964975357056
0.6851239800453186
0.6860040426254272
0.6932290196418762
0.6820393800735474
0.6858748197555542
0.7071883678436279
0.6816427111625671
0.690204381942749
0.6705286502838135
0.6845442652702332
0.6782838702201843
0.679634153842926
0.6906821131706238
0.6839526891708374
0.6916804909706116
0.6848763227462769
0.6808366775512695
0.6910566091537476
0.7138509750366211
0.6824342012405396
0.6861647963523865
0.6907163262367249
0.6741129755973816
0.6881952285766602
0.6896827816963196
0.6922558546066284
0.6936887502670288
0.6789865493774414
0.6847466826438904
0.6896476149559021
0.6846374273300171
0.6719050407409668
0.6945874691009521
0.6890287399291992
0.6884429454803467
0.6764134764671326
0.7036324739456177
0.6841756105422974
0.6829312443733215
0.6824610233306885
0.6940012574195862
0.6954911351203918
0.6758963465690613
0.6884003281593323
0.703703761100769
0.67615807056427
0.6917244791984558
0.6866239309310913
0.6828893423080444
0.6768355965614319
0.6837489604949951
0.6828790307044983
0.6831521987915039
0.6809547543525696
0.6948922276496887
0.6901934742927551
0.6913352608680725
0.6881182789802551
0.6866194605827332
0.6981753706932068
0.6902333498001099
0.7001729011535645
0.6867020726203918
0.7242041230201721
0.6814114451408386
0.6935999393463135
0.6945606470108032
0.6925943493843079
0.6798054575920105
0.6904110908508301
0.6810526847839355
0.6835009455680847
0.6950241327285767
0.678741455078125
0.6870028376579285
0.6822595596313477
0.6873509287834167
0.681104838848114
0.6726309061050415
0.684597373008728
0.6805976033210754
0.6891964077949524
0.6937583088874817
0.6774927377700806
0.6789951324462891
0.6811472177505493
0.6836637854576111
0.6848111152648926
0.694254994392395
0.6778760552406311
0.6894903182983398
0.682112455368042
0.6779155135154724
0.6784453392028809
0.6919037699699402
0.6916494369506836
0.6860209107398987
0.6758338809013367
0.6980155110359192
0.6999813318252563
0.6962164044380188
0.6767142415046692
0.6867005825042725
0.6882093548774719
0.6915224194526672
0.6882523894309998
0.6859939694404602
0.6888247132301331
0.6801618933677673
0.6860439777374268
0.6809107661247253
0.6802231073379517
0.6827277541160583
0.689110279083252
0.6737801432609558
0.6802792549133301
0.6843403577804565
0.6829309463500977
0.6819971799850464
0.6817163228988647
0.6946603655815125
0.6749483346939087
0.6833754777908325
0.6843715906143188
0.6835889220237732
0.6824781894683838
0.6847180724143982
0.682632327079773
0.68132084608078
0.6768558025360107
0.6836612224578857
0.6810240149497986
0.6793226003646851
0.6788670420646667
0.6774353981018066
0.6854074001312256
0.6834840774536133
0.6923486590385437
0.6851159930229187
0.6785069108009338
0.682309091091156
0.6850489377975464
0.6816372275352478
0.6839244961738586
0.6861011385917664
0.6829392313957214
0.6930913329124451
0.6828476786613464
0.6936420202255249
0.6954004764556885
0.6897435784339905
0.6766232252120972
0.6922056674957275
0.6976613998413086
0.6880019307136536
0.6745409369468689
0.6824861764907837
0.69917231798172
0.689164936542511
0.6772342920303345
0.6869508028030396
0.677757740020752
0.6819862723350525
0.6877832412719727
0.698359489440918
0.6911196112632751
0.6841912865638733
0.6876590847969055
0.6963433027267456
0.6816216707229614
0.6886317729949951
0.6905413269996643
0.7109664678573608
0.6871412992477417
0.6848897337913513
0.6886284947395325
0.6835821270942688
0.6874762773513794
0.6879449486732483
0.6776401400566101
0.6921287178993225
0.6903046369552612
0.6829583644866943
0.6870876550674438
0.6907575726509094
0.6773873567581177
0.6898196935653687
0.7303258180618286
0.6887812614440918
0.6799378991127014
0.6782260537147522
0.6809239983558655
0.6829908490180969
0.6965916156768799
0.6870082020759583
0.679954469203949
0.6849568486213684
0.6844212412834167
0.6829673647880554
0.6908063292503357
0.6820788383483887
0.6777680516242981
0.697838306427002
0.6842952966690063
0.6797596216201782
0.6823760867118835
0.7073094844818115
0.6844987273216248
0.6856844425201416
0.702934741973877
0.6879481673240662
0.6777901649475098
0.6879574656486511
0.6899640560150146
0.6760242581367493
0.6716180443763733
0.681751549243927
0.6801047325134277
0.6851849555969238
0.689850926399231
0.6826896667480469
0.6829454898834229
0.6842425465583801
0.6902827024459839
0.6845349073410034
0.681147575378418
0.6931356191635132
0.6786162257194519
0.679367184638977
0.6808133125305176
0.6814793944358826
0.6842201352119446
0.6896257996559143
0.6955955624580383
0.6790580749511719
0.6814073920249939
0.6793791651725769
0.6814078092575073
0.6808924078941345
0.6981926560401917
0.6769309639930725
0.6955738663673401
0.7011162042617798
0.6870564818382263
0.6969107985496521
0.6851328611373901
0.6884006261825562
0.6842463612556458
0.6942698955535889
0.6876565217971802
0.6908677816390991
0.6830765008926392
0.6901667714118958
0.6929408311843872
0.6834844946861267
0.682622492313385
0.6825230717658997
0.6799716949462891
0.6844804286956787
0.6862682700157166
0.6951671838760376
0.6766058802604675
0.6832090616226196
0.6912565231323242
0.6863361597061157
0.6994380950927734
0.686285138130188
0.6897695064544678
0.6848174929618835
0.6810191869735718
0.6745426058769226
0.6775977611541748
0.6809543967247009
0.6897318959236145
0.6808478832244873
0.6820797324180603
0.6927553415298462
0.6897852420806885
0.6843454837799072
0.6941480040550232
0.6838910579681396
0.68006831407547
0.6743232011795044
0.6910455226898193
0.6939597725868225
0.6815361380577087
0.6894193887710571
0.6821025013923645
0.6865299940109253
0.6876792311668396
0.6951121687889099
0.6760563254356384
0.7018912434577942
0.6898725032806396
0.6889400482177734
0.6778526306152344
0.6887195706367493
0.6836385726928711
0.6859920620918274
0.6736533641815186
0.6847331523895264
0.6925737857818604
0.6822206377983093
0.6799626350402832
0.6920914053916931
0.6901376843452454
0.6769059300422668
0.6982794404029846
0.691511869430542
0.686547040939331
0.6882727146148682
0.6892316341400146
0.6821784377098083
0.6898168921470642
0.6842406392097473
0.6765431761741638
0.6874225735664368
0.6888495087623596
0.6907711029052734
0.6966773867607117
0.6927871704101562
0.6909831762313843
0.6785935759544373
0.6899701356887817
0.685844898223877
0.685745358467102
0.6823657155036926
0.6847807765007019
0.6847702264785767
0.6700480580329895
0.6889662742614746
0.676324725151062
0.6810726523399353
0.6949036717414856
0.6788337826728821
0.6807440519332886
0.6863337755203247
0.6861052513122559
0.6847136616706848
0.7009863257408142
0.6879721879959106
0.6861650943756104
0.6808609366416931
0.6773398518562317
0.6902238726615906
0.6853051781654358
0.6790845394134521
0.6853466629981995
0.6775780320167542
0.6803979873657227
0.6834905743598938
0.6903828978538513
0.681003749370575
0.6785685420036316
0.6910464763641357
0.6913667321205139
0.6782153844833374
0.6901959776878357
0.6819440126419067
0.6992174386978149
0.684734582901001
0.6844516396522522
0.6810791492462158
0.6761589050292969
0.6872988939285278
0.679241955280304
0.6816961169242859
0.6875316500663757
0.6886231899261475
0.6985849738121033
0.6886680722236633
0.6918468475341797
0.6825351715087891
0.688072681427002
0.6802561283111572
0.6912958025932312
0.6761087775230408
0.6762580275535583
0.6799826622009277
0.6907815933227539
0.7077422738075256
0.6931858658790588
0.680350124835968
0.6933935880661011
0.6864452958106995
0.6857929825782776
0.6867088079452515
0.686415433883667
0.7218831777572632
0.6796162128448486
0.684679388999939
0.6887270212173462
0.6734873652458191
0.6946905851364136
0.6934034824371338
0.6790223121643066
0.6813924908638
0.6874148845672607
0.7002382278442383
0.6894744038581848
0.6845158934593201
0.6860970258712769
0.7021282911300659
0.6849139928817749
0.673186182975769
0.6842330098152161
0.6887238621711731
0.6872497797012329
0.6944286823272705
0.70025634765625
0.6853955984115601
0.6802022457122803
0.6855722665786743
0.6845378279685974
0.6898037195205688
0.6781964898109436
0.6801725029945374
0.6812878251075745
0.6962946057319641
0.6821548938751221
0.6846163868904114
0.6787933111190796
0.6901836395263672
0.6868112087249756
0.6879186630249023
0.691729724407196
0.6765203475952148
0.6746759414672852
0.6835052371025085
0.6963149309158325
0.6852037906646729
0.6818813681602478
0.689820408821106
0.6893165111541748
0.6825502514839172
0.6875510811805725
0.6777090430259705
0.6801129579544067
0.6845572590827942
0.6899082064628601
0.6866981387138367
0.6774774193763733
0.6814284324645996
0.6871428489685059
0.6964236497879028
0.695782482624054
0.6925361156463623
0.6748958826065063
0.6816107034683228
0.6814275979995728
0.6839264035224915
0.6860451102256775
0.6821576356887817
0.6901363730430603
0.6883484125137329
0.6801985502243042
0.6736598014831543
0.6952909231185913
0.695834219455719
0.6852633357048035
0.6911865472793579
0.6838727593421936
0.690391480922699
0.6861685514450073
0.6850091814994812
0.6796585917472839
0.6759266257286072
0.6861202716827393
0.6776915192604065
0.6809656023979187
0.6828365921974182
0.6818405985832214
0.6849021911621094
0.6795891523361206
0.6919347643852234
0.6866194009780884
0.6912403702735901
0.7118602395057678
0.680810809135437
0.6849555373191833
0.6790927052497864
0.6911799311637878
0.6881816387176514
0.679974377155304
0.6853821277618408
0.6825315356254578
0.6892484426498413
0.676552414894104
0.6895225644111633
0.6901791095733643
0.6866186261177063
0.6778637766838074
0.7021821141242981
0.7042605876922607
0.7111640572547913
0.6864221692085266
0.6842547655105591
0.6768075227737427
0.6876162886619568
0.6769372820854187
0.6852788925170898
0.685261070728302
0.6847503781318665
0.6850255131721497
0.6750560402870178
0.6906699538230896
0.6849117279052734
0.698719322681427
0.6820434927940369
0.6845229268074036
0.6865675449371338
0.7032540440559387
0.6960816383361816
0.6820149421691895
0.6817535161972046
0.6981414556503296
0.6896341443061829
0.6930280327796936
0.6947638988494873
0.6780165433883667
0.6808178424835205
0.692801833152771
0.6913020014762878
0.6910430192947388
0.6797601580619812
0.6982346773147583
0.6921180486679077
0.6835727691650391
0.6928346157073975
0.6878798007965088
0.6976855993270874
0.6839579939842224
0.6847692728042603
0.6891393661499023
0.6794508695602417
0.6867011189460754
0.6884029507637024
0.6833751201629639
0.6932637095451355
0.6776506304740906
0.6996845602989197
0.6938613057136536
0.6886981129646301
0.6871211528778076
0.6934306621551514
0.6843137145042419
0.7035549283027649
0.6809277534484863
0.6855987906455994
0.6810153722763062
0.677424430847168
0.6931374073028564
0.6750203967094421
0.6797294020652771
0.684043288230896
0.6821114420890808
0.6834883093833923
0.6904191970825195
0.681579053401947
0.7024537324905396
0.6868526339530945
0.6952046751976013
0.6823680996894836
0.6888596415519714
0.6862026453018188
0.6978819966316223
0.6845679879188538
0.6934996843338013
0.6907542943954468
0.6871799230575562
0.6764387488365173
0.6982662677764893
0.6799325346946716
0.6816421151161194
0.6761907339096069
0.6852458715438843
0.6998127698898315
0.6854373812675476
0.6827042102813721
0.686947762966156
0.6800681352615356
0.6852184534072876
0.6910700798034668
0.6788145899772644
0.7084935903549194
0.6762244701385498
0.6901031136512756
0.6881157159805298
0.6809180974960327
0.6853965520858765
0.6834849119186401
0.6813106536865234
0.6837830543518066
0.6923840045928955
0.6928766369819641
0.6861322522163391
0.6939489841461182
0.6918660998344421
0.6900869607925415
0.6882844567298889
0.7016140818595886
0.6695638298988342
0.7030687928199768
0.6874947547912598
0.6963590979576111
0.6836676001548767
0.6855695843696594
0.6880876421928406
0.6821824312210083
0.686691164970398
0.6861259937286377
0.68240886926651
0.6938024759292603
0.6921897530555725
0.6835837960243225
0.689041018486023
0.6854709982872009
0.682181179523468
0.7295917868614197
0.6955606341362
0.6860787272453308
0.6786465048789978
0.6877976655960083
0.6863905191421509
0.6977357268333435
0.689154863357544
0.6908701062202454
0.6777295470237732
0.6873472929000854
0.6776044368743896
0.6851672530174255
0.694429874420166
0.6805949211120605
0.6952106356620789
0.701665461063385
0.6808620095252991
0.6816418766975403
0.6901081204414368
0.7138378024101257
0.6766946315765381
0.6911428570747375
0.6759411096572876
0.6813790798187256
0.6872583031654358
0.6942799687385559
0.7010924220085144
0.6827086210250854
0.6882383823394775
0.6851404309272766
0.6836666464805603
0.6794537305831909
0.6826502680778503
0.6849607229232788
0.6902802586555481
0.6845961213111877
0.6950719952583313
0.6935580372810364
0.6872910857200623
0.6950294971466064
0.6881915926933289
0.6873077750205994
0.6908655762672424
0.6811725497245789
0.7017231583595276
0.6874180436134338
0.690902590751648
0.6757363080978394
0.6840031147003174
0.6818901300430298
0.7058881521224976
0.6796056032180786
0.6826629638671875
0.6973798274993896
0.6730286478996277
0.6818854212760925
0.6851840615272522
0.6818574070930481
0.6779239177703857
0.697217583656311
0.6889117360115051
0.691032886505127
0.6883967518806458
0.689103364944458
0.6859460473060608
0.6884171962738037
0.7000507116317749
0.6846075057983398
0.6800960898399353
0.686935305595398
0.6785399317741394
0.678500235080719
0.6802650690078735
0.678072988986969
0.688623309135437
0.6868484616279602
0.6830797791481018
0.6822112202644348
0.6811957955360413
0.6796908378601074
0.6926988959312439
0.6884920001029968
0.6914522051811218
0.6920331716537476
0.6816876530647278
0.680449366569519
0.6857287287712097
0.6981832981109619
0.6822876930236816
0.6975368857383728
0.6753581762313843
0.6827247142791748
0.7113010287284851
0.7009559869766235
0.6759490966796875
0.7014522552490234
0.6941627860069275
0.6762445569038391
0.6974920630455017
0.6897274851799011
0.6820644736289978
0.7010448575019836
0.6858301162719727
0.6947430968284607
0.6820329427719116
0.6898753046989441
0.6994460225105286
0.6912969350814819
0.6888240575790405
0.6881399750709534
0.6819102764129639
0.6863660216331482
0.6880334615707397
0.6939613819122314
0.6961345672607422
0.6795154213905334
0.6942262053489685
0.6871277689933777
0.6845008134841919
0.6795589923858643
0.6928697228431702
0.6801029443740845
0.6762150526046753
0.6929090023040771
0.6874951124191284
0.6846228241920471
0.6772515773773193
0.6788225769996643
0.6982085704803467
0.6850621104240417
0.6852765679359436
0.694760262966156
0.6826559901237488
0.6892330050468445
0.6957283020019531
0.6830365061759949
0.6921975612640381
0.6759597659111023
0.6758608222007751
0.6992366909980774
0.693544864654541
0.6828603148460388
0.6838579773902893
0.7011316418647766
0.6824002265930176
0.6821438074111938
0.6808337569236755
0.6914596557617188
0.6905238628387451
0.6783051490783691
0.7018269300460815
0.6959907412528992
0.6918303966522217
0.6946075558662415
0.6929807662963867
0.6791704297065735
0.6752712726593018
0.6789090633392334
0.697965145111084
0.6847246885299683
0.6855749487876892
0.6735957860946655
0.6909090280532837
0.6860204935073853
0.6905012726783752
0.6903622150421143
0.6884419918060303
0.6836264729499817
0.6840432286262512
0.6904098987579346
0.7017061114311218
0.6890689134597778
0.6776178479194641
0.6918656229972839
0.6837446689605713
0.6817765235900879
0.6911022663116455
0.6823301911354065
0.6853103637695312
0.6792137026786804
0.6916607618331909
0.7040139436721802
0.6894770860671997
0.6861679553985596
0.6901341080665588
0.6942938566207886
0.6870768666267395
0.6880907416343689
0.6844909191131592
0.6818286180496216
0.6902791261672974
0.6888739466667175
0.689647912979126
0.6793139576911926
0.6791267991065979
0.6801431179046631
0.6830043792724609
0.6861079335212708
0.6840959787368774
0.6951881647109985
0.6831498742103577
0.6796281337738037
0.6804443597793579
0.6843312382698059
0.6841545701026917
0.6909849643707275
0.6759422421455383
0.6825473308563232
0.6993228793144226
0.6847578883171082
0.6792033314704895
0.695073664188385
0.6832497119903564
0.6920958161354065
0.6843917965888977
0.6977830529212952
0.6792693138122559
0.6866108179092407
0.6910504102706909
0.6828194856643677
0.6847438216209412
0.7253865003585815
0.6803139448165894
0.6930737495422363
0.6854288578033447
0.7010819911956787
0.697053074836731
0.6892421841621399
0.6763642430305481
0.6971008777618408
0.6828345656394958
0.6899779438972473
0.6905436515808105
0.7018337845802307
0.6821815967559814
0.6829847693443298
0.6885417103767395
0.6816805601119995
0.6951152086257935
0.6839957237243652
0.6855933666229248
0.6869544386863708
0.6790688633918762
0.6827406287193298
0.6727995872497559
0.6811346411705017
0.6881949305534363
0.6851000785827637
0.6927444934844971
0.6837487816810608
0.6743990778923035
0.6994577050209045
0.6980462074279785
0.6869277358055115
0.6795752644538879
0.6807228326797485
0.6858682632446289
0.6799672842025757
0.6849067807197571
0.6769497394561768
0.6795614361763
0.6843141913414001
0.6716453433036804
0.6850708723068237
0.6708150506019592
0.6802085638046265
0.6831809282302856
0.6728223562240601
0.6800881028175354
0.6818466186523438
0.6946853399276733
0.6816844344139099
0.6898473501205444
0.681473433971405
0.6872816681861877
0.7020045518875122
0.6860308051109314
0.6795216202735901
0.672473132610321
0.6834409832954407
0.7083734273910522
0.6762965321540833
0.6951820254325867
0.6934637427330017
0.6862383484840393
0.6868578791618347
0.6762046217918396
0.6829126477241516
0.6807419061660767
0.6858358979225159
0.6808696389198303
0.6818925142288208
0.6863422989845276
0.6973354816436768
0.6906607747077942
0.6904602646827698
0.6885442137718201
0.6858171820640564
0.6895571351051331
0.6897371411323547
0.6887190341949463
0.6764207482337952
0.6915962100028992
0.6898322701454163
0.6768764853477478
0.6814797520637512
0.6905697584152222
0.6891589164733887
0.6963903307914734
0.687034010887146
0.6843010187149048
0.6903849840164185
0.6861355304718018
0.6823548674583435
0.6894972920417786
0.6861360669136047
0.6885639429092407
0.6873007416725159
0.6809742450714111
0.684847891330719
0.6824650168418884
0.6802219748497009
0.6785987019538879
0.6792621612548828
0.6852593421936035
0.682809591293335
0.6949463486671448
0.6737456321716309
0.6848859786987305
0.6879167556762695
0.6838556528091431
0.681900680065155
0.7177343964576721
0.684562623500824
0.693834662437439
0.680619478225708
0.6793497204780579
0.69389808177948
0.6983591914176941
0.7005904316902161
0.6893735527992249
0.6839696764945984
0.6827536821365356
0.6725027561187744
0.6743557453155518
0.6864160299301147
0.6692605018615723
0.6899608373641968
0.6852567791938782
0.6750103831291199
0.6827581524848938
0.6861993670463562
0.6819087266921997
0.6906406283378601
0.6755212545394897
0.6783055663108826
0.6919187903404236
0.6816156506538391
0.6750649809837341
0.6883078813552856
0.6821257472038269
0.6943289041519165
0.6819201111793518
0.6892098784446716
0.6988087296485901
0.6903960704803467
0.684844434261322
0.688273012638092
0.6794297695159912
0.6785464882850647
0.7084701657295227
0.6917495727539062
0.6943690776824951
0.6982458233833313
0.6753852367401123
0.680618405342102
0.6944565773010254
0.6832448840141296
0.6958953142166138
0.6847854852676392
0.6811245679855347
0.6918458342552185
0.692560613155365
0.6953091621398926
0.6811179518699646
0.6830304861068726
0.6770605444908142
0.6837067008018494
0.6809011697769165
0.686501145362854
0.701345682144165
0.6898368000984192
0.6837683916091919
0.6805731654167175
0.6786831617355347
0.6899735331535339
0.6763942241668701
0.6806693077087402
0.6851677894592285
0.6796082854270935
0.6840065121650696
0.6760345101356506
0.6996090412139893
0.7077274918556213
0.6835058927536011
0.6990622878074646
0.6836016774177551
0.6876658201217651
0.7025038003921509
0.6847240924835205
0.6808275580406189
0.6928396224975586
0.6975516080856323
0.686407208442688
0.6822038888931274
0.6907910704612732
0.6818404197692871
0.6782450675964355
0.6851465106010437
0.676065981388092
0.6846404075622559
0.6799119114875793
0.6943891048431396
0.6779490113258362
0.6821028590202332
0.683898389339447
0.6765503883361816
0.702880322933197
0.7127698063850403
0.7002928256988525
0.6974323987960815
0.688378095626831
0.6907037496566772
0.6744106411933899
0.6902903914451599
0.6859864592552185
0.6780462265014648
0.685100257396698
0.6915597319602966
0.6900110244750977
0.688839852809906
0.6827864646911621
0.6899499297142029
0.6820685267448425
0.6859725117683411
0.6796190142631531
0.6943712830543518
0.6968397498130798
0.6852766275405884
0.6758168935775757
0.6959592700004578
0.68172287940979
0.6848859190940857
0.679237961769104
0.6815518736839294
0.7058887481689453
0.6948869228363037
0.6843482255935669
0.6879960894584656
0.6812827587127686
0.6919274926185608
0.6883193254470825
0.6860398650169373
0.6885249614715576
0.6941907405853271
0.6821112036705017
0.6853496432304382
0.6920303106307983
0.6898581385612488
0.6885894536972046
0.6900771260261536
0.6787914633750916
0.6837798357009888
0.6940353512763977
0.6815323829650879
0.6921658515930176
0.6863770484924316
0.6872954368591309
0.6855981349945068
0.6847901344299316
0.689791738986969
0.6970089077949524
0.688664436340332
0.6841481328010559
0.6811135411262512
0.6862300038337708
0.685104250907898
0.6786461472511292
0.683881402015686
0.6887487769126892
0.6883907318115234
0.6944212913513184
0.6823990941047668
0.7093665599822998
0.6845477223396301
0.6914977431297302
0.6841158270835876
0.674292266368866
0.6816346645355225
0.6919013261795044
0.6805087924003601
0.6888308525085449
0.6802727580070496
0.6929213404655457
0.6898382306098938
0.6988042593002319
0.6858924031257629
0.7235528826713562
0.6899033784866333
0.6793674230575562
0.6800549626350403
0.6918502449989319
0.6877703666687012
0.6886020302772522
0.6860138177871704
0.6805872321128845
0.6853770613670349
0.6846500039100647
0.6835856437683105
0.6968410611152649
0.6886782050132751
0.6844857931137085
0.686374306678772
0.6823223829269409
0.6810599565505981
0.6877850294113159
0.6952995657920837
0.6835331916809082
0.6875640749931335
0.6862481832504272
0.6809083223342896
0.6791670918464661
0.6844322085380554
0.6833370327949524
0.6896286010742188
0.6896594166755676
0.6791163086891174
0.6862843036651611
0.6847487092018127
0.6832583546638489
0.6794353127479553
0.6892701983451843
0.6814266443252563
0.6796113848686218
0.6770328283309937
0.6903887391090393
0.6852420568466187
0.6858858466148376
0.6818998456001282
0.6886845827102661
0.6942996978759766
0.7007721662521362
0.6852258443832397
0.687017560005188
0.6840152144432068
0.6824842095375061
0.6742147207260132
0.6957496404647827
0.6854393482208252
0.6832095980644226
0.7003165483474731
0.6884104609489441
0.6937345266342163
0.688312828540802
0.6790999174118042
0.694121778011322
0.6877495646476746
0.6851291060447693
0.7008666396141052
0.6748664975166321
0.681628406047821
0.6804367303848267
0.686917245388031
0.7028713822364807
0.6759661436080933
0.6921399831771851
0.7018036246299744
0.6743819713592529
0.6820886135101318
0.6917489171028137
0.6836053729057312
0.6775259375572205
0.6936590075492859
0.6866869330406189
0.6797547340393066
0.6730355620384216
0.6803810596466064
0.6834749579429626
0.6799663305282593
0.6865972280502319
0.6859819889068604
0.6892822980880737
0.6944982409477234
0.6933264136314392
0.692780613899231
0.6841433644294739
0.6966731548309326
0.681896448135376
0.689633846282959
0.7019323706626892
0.6788427233695984
0.6839280128479004
0.6842691898345947
0.6895054578781128
0.6861929893493652
0.6792423129081726
0.680321455001831
0.6798123717308044
0.6916456818580627
0.6852275133132935
0.6858512759208679
0.690591037273407
0.6812290549278259
0.6876757740974426
0.7014731764793396
0.6970924735069275
0.6851260662078857
0.6929580569267273
0.6818021535873413
0.6963807344436646
0.6857705116271973
0.6813203692436218
0.6902297735214233
0.6893701553344727
0.685714840888977
0.6741129755973816
0.6831101775169373
0.6972454190254211
0.6878978610038757
0.691761314868927
0.6815164089202881
0.6757548451423645
0.6796109676361084
0.6867625713348389
0.7077069878578186
0.6873050332069397
0.6858675479888916
0.6815266609191895
0.6823542714118958
0.6978741884231567
0.6921826601028442
0.6868759393692017
0.6787420511245728
0.6929354667663574
0.6838551163673401
0.6897826194763184
0.6954662799835205
0.6751123070716858
0.6903737783432007
0.6888261437416077
0.6956608295440674
0.6872005462646484
0.6839262247085571
0.6778761744499207
0.6915531754493713
0.6817168593406677
0.6917725801467896
0.6908241510391235
0.6828966736793518
0.687598705291748
0.6912227272987366
0.6826015710830688
0.6912775635719299
0.6838937997817993
0.6745689511299133
0.6961348652839661
0.6910776495933533
0.6863272786140442
0.6959432363510132
0.6886075139045715
0.6843978762626648
0.6932458877563477
0.6801890730857849
0.6804459691047668
0.6923261284828186
0.6806350350379944
0.6892272233963013
0.6768495440483093
0.6864967346191406
0.6835343241691589
0.6903113126754761
0.6962903738021851
0.683648943901062
0.6845137476921082
0.6828904747962952
0.7031634449958801
0.6891586184501648
0.6858444809913635
0.6816949844360352
0.6795957088470459
0.6860041618347168
0.6833975911140442
0.6822075843811035
0.6771782636642456
0.6733307242393494
0.7016135454177856
0.6783175468444824
0.6871697306632996
0.6924813985824585
0.6796038150787354
0.6834425330162048
0.6771741509437561
0.6843414306640625
0.6908398866653442
0.695344090461731
0.6983877420425415
0.674170732498169
0.6794926524162292
0.6982797980308533
0.6789277195930481
0.6813148856163025
0.6934049725532532
0.6815301179885864
0.6821617484092712
0.69327712059021
0.6896314024925232
0.6827130317687988
0.6857366561889648
0.6777777075767517
0.6836289763450623
0.6854289174079895
0.7031010985374451
0.687147319316864
0.6801832318305969
0.6869567036628723
0.6979812383651733
0.6874275803565979
0.6869522929191589
0.6824551820755005
0.6846256852149963
0.6938865780830383
0.7113032937049866
0.6945289373397827
0.6762792468070984
0.6844097375869751
0.6891250610351562
0.6852625608444214
0.6800220012664795
0.6839843392372131
0.6757819056510925
0.6826480031013489
0.675319492816925
0.6862059235572815
0.6944250464439392
0.6862999200820923
0.6794377565383911
0.6972658634185791
0.6799485683441162
0.6831693053245544
0.6850128769874573
0.6837084293365479
0.6794752478599548
0.6788584589958191
0.692154049873352
0.685943603515625
0.6962846517562866
0.6865557432174683
0.6877907514572144
0.6851370930671692
0.6810822486877441
0.6915519833564758
0.6797244548797607
0.6800374984741211
0.6788673400878906
0.6895692348480225
0.6888406276702881
0.6840724349021912
0.6870160698890686
0.6899579167366028
0.6763373017311096
0.6941937804222107
0.6844253540039062
0.6774416565895081
0.6843330264091492
0.6834420561790466
0.6842960715293884
0.6855593919754028
0.6871799230575562
0.6920990943908691
0.6835682988166809
0.6861150860786438
0.6849983334541321
0.7044970393180847
0.6818405389785767
0.7081442475318909
0.6867687106132507
0.6860147714614868
0.6776422262191772
0.6790863871574402
0.6896529793739319
0.6779277324676514
0.6891433000564575
0.680429995059967
0.6887500882148743
0.6925963759422302
0.6805033087730408
0.6964070200920105
0.6872072219848633
0.700036883354187
0.6828576922416687
0.6831997036933899
0.6888258457183838
0.7146909832954407
0.6871041059494019
0.6814857125282288
0.6847310066223145
0.6755011677742004
0.7001592516899109
0.6875461935997009
0.6842367649078369
0.6811083555221558
0.6921032667160034
0.689994752407074
0.6914293766021729
0.6885387897491455
0.6939325332641602
0.6823747754096985
0.6880834698677063
0.6826218962669373
0.6757367849349976
0.6938529014587402
0.6800326108932495
0.6980409026145935
0.6810728311538696
0.6922866106033325
0.6977559328079224
0.6978912353515625
0.7029861211776733
0.6802738308906555
0.685261607170105
0.6815822124481201
0.6792558431625366
0.6776430010795593
0.6796444058418274
0.676567792892456
0.6863918304443359
0.6884151697158813
0.7001693844795227
0.7019318342208862
0.6826367974281311
0.6831293106079102
0.6908366680145264
0.683434247970581
0.6756094098091125
0.6937564611434937
0.7008724808692932
0.686201810836792
0.6901556253433228
0.6856099963188171
0.6824281215667725
0.6868579983711243
0.691707968711853
0.694393515586853
0.6866784691810608
0.6789669394493103
0.6828274130821228
0.6957724690437317
0.6852631568908691
0.6843732595443726
0.6835548877716064
0.681096613407135
0.6923031210899353
0.6913761496543884
0.6981557607650757
0.6824614405632019
0.6915227174758911
0.6751844882965088
0.6797724366188049
0.6933265328407288
0.6972209811210632
0.6838178038597107
0.7006173133850098
0.6925897598266602
0.6846447587013245
0.6851992011070251
0.6837387084960938
0.6915810108184814
0.7056242823600769
0.6806182265281677
0.6892133951187134
0.6921524405479431
0.6866649389266968
0.6875316500663757
0.685474693775177
0.6839295029640198
0.6760634183883667
0.6812745332717896
0.6893662810325623
0.6792106032371521
0.69060218334198
0.6973285675048828
0.6840628385543823
0.6982191801071167
0.6951475739479065
0.7123388648033142
0.6788801550865173
0.6872444152832031
0.6820864677429199
0.6871863007545471
0.6817771792411804
0.6787424087524414
0.692581832408905
0.6915040016174316
0.6919394731521606
0.69182950258255
0.7007997035980225
0.6918888092041016
0.678443968296051
0.6828233599662781
0.6911500096321106
0.6835267543792725
0.679448664188385
0.7057474851608276
0.6919717788696289
0.6987411379814148
0.6758895516395569
0.6899927258491516
0.7051520943641663
0.6867718696594238
0.705388605594635
0.6880114078521729
0.6915572881698608
0.7002964019775391
0.7049247026443481
0.684540331363678
0.6874014139175415
0.6869643926620483
0.6887103319168091
0.6729744076728821
0.6755421757698059
0.693522572517395
0.6805365085601807
0.6863114833831787
0.6927908658981323
0.6820382475852966
0.6882160902023315
0.6973876357078552
0.6788514256477356
0.691246747970581
0.696030855178833
0.6809277534484863
0.6870073676109314
0.69474858045578
0.6882015466690063
0.6747226119041443
0.679851233959198
0.7000396847724915
0.6829646825790405
0.6986237168312073
0.6951693892478943
0.6807112693786621
0.6867892742156982
0.6868007779121399
0.6819231510162354
0.683015763759613
0.6955820918083191
0.6913765668869019
0.6807296276092529
0.689925491809845
0.6856809854507446
0.6929900050163269
0.6811392903327942
0.6797856688499451
0.6944161057472229
0.6945614814758301
0.6762230396270752
0.6840153336524963
0.6735957860946655
0.6905980706214905
0.6756206154823303
0.68091881275177
0.6783051490783691
0.6940224170684814
0.6849685907363892
0.6785603761672974
0.6888959407806396
0.6946660280227661
0.682388186454773
0.6949683427810669
0.6895594000816345
0.6848466992378235
0.6803331971168518
0.677725613117218
0.6728026270866394
0.6861581802368164
0.673910915851593
0.6994112133979797
0.7191210985183716
0.6883277893066406
0.6787588596343994
0.6757004857063293
0.6858294606208801
0.6848479509353638
0.6784237623214722
0.701191246509552
0.6864742636680603
0.6803584098815918
0.679779052734375
0.6850965619087219
0.6923810243606567
0.6904723048210144
0.6970318555831909
0.6790594458580017
0.6753496527671814
0.6819360256195068
0.6829652190208435
0.6827418208122253
0.7063827514648438
0.6891613006591797
0.6888899207115173
0.6850826740264893
0.6889716386795044
0.68302321434021
0.6821097731590271
0.6900222897529602
0.6838405132293701
0.6828049421310425
0.6855003833770752
0.6944133639335632
0.6894935369491577
0.6916948556900024
0.6891392469406128
0.6797332167625427
0.6731560230255127
0.6844948530197144
0.678709864616394
0.6874663829803467
0.690697968006134
0.6839982867240906
0.680491030216217
0.6952199935913086
0.6912167072296143
0.679386556148529
0.6852943897247314
0.6891430020332336
0.6862703561782837
0.6870650053024292
0.6879398226737976
0.6772041916847229
0.6804988384246826
0.691504955291748
0.6852822303771973
0.6871387362480164
0.6876128911972046
0.6874737739562988
0.6840536594390869
0.6850287914276123
0.6798639297485352
0.6872801780700684
0.6889482736587524
0.6869663000106812
0.681922197341919
0.6829848289489746
0.6873369216918945
0.6836501955986023
0.6883634924888611
0.6778537631034851
0.6839830875396729
0.6807613968849182
0.680608332157135
0.6979519128799438
0.6872636079788208
0.6824184656143188
0.6870737671852112
0.679470419883728
0.6937087178230286
0.7000972628593445
0.6862804293632507
0.684345543384552
0.6738184094429016
0.6841971278190613
0.6839392781257629
0.6867596507072449
0.6960307359695435
0.6945787072181702
0.6875320672988892
0.6989186406135559
0.6888642907142639
0.6814238429069519
0.6893928647041321
0.6737449765205383
0.6907761693000793
0.6791696548461914
0.6864715814590454
0.6813327670097351
0.6783545613288879
0.6847795248031616
0.6811118125915527
0.697681188583374
0.6874022483825684
0.6875687837600708
0.6809722185134888
0.683178186416626
0.6865008473396301
0.6779796481132507
0.6931695938110352
0.6750775575637817
0.6876067519187927
0.6805770993232727
0.6799988150596619
0.686528742313385
0.6863850355148315
0.6861079931259155
0.6827101707458496
0.6849765777587891
0.6939191222190857
0.6783203482627869
0.6817501783370972
0.6832357048988342
0.6821114420890808
0.6992876529693604
0.6802821755409241
0.6871058940887451
0.6927778124809265
0.6787348985671997
0.6828869581222534
0.6720724701881409
0.6868738532066345
0.6799764037132263
0.68821781873703
0.6910452246665955
0.6884941458702087
0.6920679211616516
0.6828649044036865
0.6862356662750244
0.6838721036911011
0.7075654864311218
0.6845690608024597
0.6800081133842468
0.6736693382263184
0.6921932697296143
0.6933727860450745
0.6966608166694641
0.695286750793457
0.6805533766746521
0.6853126883506775
0.6719670295715332
0.6835512518882751
0.6769574284553528
0.6919551491737366
0.6902103424072266
0.6771438121795654
0.6894070506095886
0.6879848837852478
0.6756946444511414
0.686164915561676
0.6791800856590271
0.6896178722381592
0.6818317770957947
0.704031765460968
0.6862090229988098
0.70102858543396
0.6871762871742249
0.6880414485931396
0.6850759983062744
0.6844590902328491
0.6796877384185791
0.6804434657096863
0.6936302185058594
0.6965495347976685
0.6809857487678528
0.6859138011932373
0.6889783143997192
0.6895142793655396
0.6958029270172119
0.6778135895729065
0.6978885531425476
0.6860610842704773
0.6825149655342102
0.690601646900177
0.6845030188560486
0.6843703985214233
0.6811244487762451
0.6914146542549133
0.6894811987876892
0.6843845248222351
0.6825698614120483
0.6775159239768982
0.6858000159263611
0.6807683706283569
0.6703400611877441
0.6746258735656738
0.68032306432724
0.6719954013824463
0.697094738483429
0.6911990642547607
0.6913936138153076
0.6847073435783386
0.6824022531509399
0.6858444809913635
0.6805493831634521
0.688849151134491
0.6778478622436523
0.6813297271728516
0.6981980204582214
0.6864190697669983
0.6958935856819153
0.6919287443161011
0.7115840911865234
0.6808260679244995
0.6875177621841431
0.679569661617279
0.6868420243263245
0.6882468461990356
0.6848810315132141
0.683462917804718
0.6873767971992493
0.6861012578010559
0.679735004901886
0.6778044700622559
0.6930419206619263
0.6796183586120605
0.6836899518966675
0.6941949725151062
0.6927810907363892
0.6780461668968201
0.690646767616272
0.6876519322395325
0.6768574118614197
0.689354419708252
0.6862505674362183
0.6929438710212708
0.6873002052307129
0.6888818740844727
0.6765280961990356
0.6912265419960022
0.6877831220626831
0.687656819820404
0.687613308429718
0.6924700736999512
0.6838029623031616
0.6886923313140869
0.6828121542930603
0.6888163089752197
0.6796300411224365
0.6858769059181213
0.696412205696106
0.681720495223999
0.6847073435783386
0.6825882196426392
0.6771200895309448
0.6757286787033081
0.6813734769821167
0.6870671510696411
0.6834999918937683
0.6812086701393127
0.6940627098083496
0.6808677315711975
0.6839421987533569
0.6845195293426514
0.6795102953910828
0.6764645576477051
0.689559817314148
0.6791297197341919
0.6917000412940979
0.6875221133232117
0.6734083294868469
0.6793437004089355
0.6771339774131775
0.6888419985771179
0.6781037449836731
0.685914158821106
0.6797418594360352
0.67095947265625
0.6749003529548645
0.6799707412719727
0.6932030916213989
0.6867228746414185
0.7003147602081299
0.698318362236023
0.6932227611541748
0.6878636479377747
0.6805686950683594
0.6797871589660645
0.6986897587776184
0.6745383143424988
0.6913288235664368
0.6926745772361755
0.6888430714607239
0.6797126531600952
0.6889827251434326
0.6849856376647949
0.6815944910049438
0.6895923614501953
0.6842947602272034
0.6832877993583679
0.6855736374855042
0.7053973078727722
0.6773930788040161
0.6926834583282471
0.6908244490623474
0.6866084933280945
0.6820439100265503
0.6968033313751221
0.7306956648826599
0.6855630278587341
0.6924847364425659
0.689083456993103
0.6789068579673767
0.6851892471313477
0.6903226375579834
0.6912671327590942
0.6845567226409912
0.7032238841056824
0.6854075789451599
0.6935787200927734
0.6940170526504517
0.6920872926712036
0.6765854954719543
0.6804409623146057
0.6804183721542358
0.6873247027397156
0.6767280697822571
0.6804119348526001
0.6911059021949768
0.6889870762825012
0.6850898265838623
0.6850332021713257
0.678594172000885
0.6776782274246216
0.6926299929618835
0.6861346960067749
0.67655348777771
0.6782676577568054
0.6887868046760559
0.6835286021232605
0.6824879050254822
0.7005947232246399
0.6775718331336975
0.6788730025291443
0.6824518442153931
0.6851192712783813
0.6869351863861084
0.6889458894729614
0.688311755657196
0.6774668097496033
0.6877673268318176
0.7045395374298096
0.6965669989585876
0.6891074180603027
0.692963719367981
0.6797974109649658
0.6805021166801453
0.6834819316864014
0.6896160840988159
0.6958614587783813
0.6823698878288269
0.689041256904602
0.6960668563842773
0.6880573034286499
0.6785399317741394
0.6938913464546204
0.6919856071472168
0.6907173991203308
0.6858159303665161
0.6827995777130127
0.6854504942893982
0.6860091686248779
0.6945548057556152
0.7004027366638184
0.6789509057998657
0.6809313297271729
0.6834496259689331
0.6890878677368164
0.6908708214759827
0.6894201636314392
0.69206303358078
0.6890170574188232
0.6895123720169067
0.6876986622810364
0.6901868581771851
0.6958251595497131
0.6945088505744934
0.685253918170929
0.7252758145332336
0.7022648453712463
0.687350869178772
0.6818236708641052
0.679154634475708
0.6842219829559326
0.6823785305023193
0.6781724691390991
0.6852229833602905
0.6943845748901367
0.6834660172462463
0.6764971017837524
0.6809301376342773
0.6974307894706726
0.6803348064422607
0.6749051213264465
0.6826348900794983
0.686065137386322
0.683931291103363
0.6836464405059814
0.7008380889892578
0.6807333827018738
0.6874258518218994
0.6882145404815674
0.687532901763916
0.6852392554283142
0.690311074256897
0.681326150894165
0.6797009706497192
0.686372697353363
0.6851236820220947
0.6755560040473938
0.6919389367103577
0.6838727593421936
0.693762481212616
0.6970268487930298
0.6894387006759644
0.6822841763496399
0.6962403655052185
0.6777793169021606
0.6843218803405762
0.6943420767784119
0.6867451071739197
0.6963229775428772
0.6765872836112976
0.6829001903533936
0.6824372410774231
0.684329628944397
0.6976803541183472
0.6745789647102356
0.6752049922943115
0.6904477477073669
0.6885095834732056
0.6883648037910461
0.6771061420440674
0.6864094138145447
0.685912013053894
0.6806603670120239
0.6841886043548584
0.6883432269096375
0.6830651164054871
0.6874090433120728
0.6827638149261475
0.6795937418937683
0.6854293346405029
0.6788130402565002
0.6820186972618103
0.6865941882133484
0.679862916469574
0.689461350440979
0.6828648447990417
0.7136175036430359
0.6936628818511963
0.691069483757019
0.6816692352294922
0.6909373998641968
0.6924965381622314
0.6794324517250061
0.6861503720283508
0.6813055276870728
0.6822838187217712
0.6947097778320312
0.6848128437995911
0.6865543723106384
0.693426787853241
0.6785920858383179
0.7068036198616028
0.702041506767273
0.7118783593177795
0.6850917339324951
0.6868757605552673
0.6951281428337097
0.6817118525505066
0.6981397271156311
0.6871967911720276
0.6819506287574768
0.6799407601356506
0.6832481026649475
0.6813612580299377
0.6784576177597046
0.680050790309906
0.690937876701355
0.6801226139068604
0.6905904412269592
0.6876700520515442
0.6825046539306641
0.687767744064331
0.6863965392112732
0.6868153214454651
0.6842389106750488
0.7071915864944458
0.6853320598602295
0.6928277611732483
0.6782945394515991
0.6932665109634399
0.6814572811126709
0.6909488439559937
0.6763565540313721
0.6992359161376953
0.6908217668533325
0.684866189956665
0.6798499226570129
0.6923997402191162
0.6871285438537598
0.6870708465576172
0.6879332661628723
0.6920984387397766
0.6873254776000977
0.6848174929618835
0.706550121307373
0.6882060170173645
0.6946189403533936
0.6793616414070129
0.6894428133964539
0.6840478181838989
0.6828191876411438
0.6827821135520935
0.6764835119247437
0.681759774684906
0.6848838329315186
0.694599449634552
0.6802448630332947
0.6864832639694214
0.6856975555419922
0.6863146424293518
0.6816801428794861
0.681107223033905
0.6870855689048767
0.6834478378295898
0.6842454075813293
0.6892480254173279
0.6753783226013184
0.6836884617805481
0.6899046897888184
0.6946355700492859
0.6784591674804688
0.6820066571235657
0.6925751566886902
0.6915968656539917
0.686467707157135
0.679240882396698
0.6832630038261414
0.69120854139328
0.6839441061019897
0.6924417614936829
0.6830335855484009
0.6856667399406433
0.6797189116477966
0.6883096098899841
0.6878703832626343
0.679962158203125
0.6989855766296387
0.7002195119857788
0.682608962059021
0.6841089129447937
0.6946950554847717
0.6763490438461304
0.6797474026679993
0.677321195602417
0.6834955215454102
0.700741708278656
0.685304582118988
0.6929520964622498
0.6883738040924072
0.6800052523612976
0.685006856918335
0.6933677792549133
0.689572274684906
0.6844302415847778
0.6867501139640808
0.6881489753723145
0.6981779336929321
0.682375967502594
0.6781679391860962
0.6862004399299622
0.6888304352760315
0.6783137321472168
0.6806511282920837
0.6743428111076355
0.6790843605995178
0.684338390827179
0.6908910870552063
0.6924796104431152
0.676361083984375
0.6802166104316711
0.6854730248451233
0.6875404715538025
0.6917453408241272
0.6825971007347107
0.6870126724243164
0.6896319389343262
0.6851720213890076
0.6729578971862793
0.6888402700424194
0.7060257792472839
0.6850646138191223
0.6809700131416321
0.6907729506492615
0.6927361488342285
0.6903640627861023
0.6800073981285095
0.6870835423469543
0.6813243627548218
0.6852546334266663
0.6754574775695801
0.7084779739379883
0.6772682666778564
0.6807342171669006
0.6941353678703308
0.6779963374137878
0.6841147541999817
0.6817715764045715
0.6862052083015442
0.6841598749160767
0.6891300082206726
0.685968816280365
0.6758623123168945
0.684025764465332
0.6825882792472839
0.682274341583252
0.6842755675315857
0.7258772253990173
0.6822813153266907
0.6908075213432312
0.6902692914009094
0.6833245754241943
0.6893428564071655
0.6910927295684814
0.6870975494384766
0.6939789056777954
0.6839053630828857
0.6992326378822327
0.6881717443466187
0.687793493270874
0.6731844544410706
0.6937733292579651
0.6879928708076477
0.6950183510780334
0.7008548974990845
0.6830343008041382
0.6739566326141357
0.6846634745597839
0.6936506032943726
0.6813693046569824
0.6829555630683899
0.6808744668960571
0.6914647817611694
0.6933145523071289
0.6859956979751587
0.674511194229126
0.67598956823349
0.6764832735061646
0.6861664652824402
0.6886743307113647
0.6983622908592224
0.6828733086585999
0.6876254677772522
0.6735579967498779
0.6993829607963562
0.7026290893554688
0.6721471548080444
0.6927719116210938
0.6824469566345215
0.6817613244056702
0.6850939393043518
0.6918798089027405
0.6867212057113647
0.6738775372505188
0.679732620716095
0.6900623440742493
0.6963553428649902
0.6780432462692261
0.6821585297584534
0.7231151461601257
0.6852235794067383
0.686375081539154
0.6760815382003784
0.6974709630012512
0.6850316524505615
0.6809256076812744
0.6966851949691772
0.6825426816940308
0.6866082549095154
0.6815611124038696
0.6856033205986023
0.7019468545913696
0.6817736029624939
0.6846279501914978
0.6918627023696899
0.6777791976928711
0.68581622838974
0.6862050294876099
0.6924096941947937
0.6899375319480896
0.6831929087638855
0.6805900931358337
0.6786463856697083
0.6833876371383667
0.6840017437934875
0.6711546182632446
0.6857418417930603
0.6771762371063232
0.6915389895439148
0.6952332854270935
0.7038780450820923
0.6836061477661133
0.6768590807914734
0.6910338401794434
0.6832369565963745
0.6966509222984314
0.6827626824378967
0.6899234056472778
0.692005455493927
0.6916998028755188
0.6842916011810303
0.6902136206626892
0.6963613629341125
0.6874160766601562
0.6911669373512268
0.6888701319694519
0.6795156002044678
0.6889587044715881
0.697011411190033
0.684391438961029
0.6907984614372253
0.6932728290557861
0.681006908416748
0.6804959774017334
0.697734534740448
0.6840122938156128
0.6878440380096436
0.688190758228302
0.6731988787651062
0.6767951250076294
0.6821220517158508
0.6926141381263733
0.6867572069168091
0.6840617060661316
0.6869707703590393
0.6757842302322388
0.6795904636383057
0.6822639107704163
0.6863240003585815
0.6848434805870056
0.6874075531959534
0.6928160190582275
0.6923573613166809
0.7048031091690063
0.6954533457756042
0.6921494007110596
0.6900349855422974
0.696162223815918
0.6986469030380249
0.6897975206375122
0.6798875331878662
0.6795865893363953
0.6852445602416992
0.6836936473846436
0.6807610392570496
0.684576153755188
0.6817693710327148
0.6914342641830444
0.6916842460632324
0.685478687286377
0.6929131150245667
0.6831952929496765
0.6916630864143372
0.7000063061714172
0.6906614303588867
0.6918050050735474
0.6966283321380615
0.6791748404502869
0.6866028308868408
0.6859046220779419
0.6918810606002808
0.679097056388855
0.6852501034736633
0.6758464574813843
0.6808527112007141
0.6910821795463562
0.6899259686470032
0.6860772371292114
0.6770792603492737
0.6828704476356506
0.6874949336051941
0.6738532185554504
0.6844549179077148
0.688027560710907
0.6808213591575623
0.6894214153289795
0.6856662034988403
0.6887266635894775
0.6892182230949402
0.6871070861816406
0.6860753297805786
0.685861349105835
0.6905692219734192
0.6960544586181641
0.683822512626648
0.6734471321105957
0.693218469619751
0.6721989512443542
0.6814717650413513
0.6842538714408875
0.6811192035675049
0.6808005571365356
0.6838436126708984
0.6776291131973267
0.6873484253883362
0.6815789937973022
0.678364098072052
0.6855698823928833
0.6848695278167725
0.6757948398590088
0.6823006272315979
0.6935137510299683
0.6823053359985352
0.694067120552063
0.6872084140777588
0.68548583984375
0.6970585584640503
0.6744512915611267
0.68569016456604
0.7096311450004578
0.6914340257644653
0.6775509715080261
0.6818268299102783
0.6941889524459839
0.6798259019851685
0.6846463680267334
0.6911557912826538
0.6846429705619812
0.6830604672431946
0.6971166729927063
0.679299533367157
0.6808651089668274
0.6762658953666687
0.6845371127128601
0.6873818039894104
0.6789419054985046
0.6850610375404358
0.6857728958129883
0.6828646659851074
0.6800091862678528
0.6821892261505127
0.6960217952728271
0.6754823327064514
0.6835830211639404
0.6977747082710266
0.6795978546142578
0.688051700592041
0.6872270107269287
0.6874412298202515
0.6949724555015564
0.6864511966705322
0.6889391541481018
0.6906231641769409
0.6911460161209106
0.6887080073356628
0.6786205768585205
0.6880958080291748
0.6872048377990723
0.6961100697517395
0.6811440587043762
0.6824208498001099
0.6885733008384705
0.6818042397499084
0.6912322044372559
0.6840241551399231
0.6727716326713562
0.6803978085517883
0.6932868957519531
0.6914116740226746
0.6884173154830933
0.6852812170982361
0.6782475113868713
0.6831638813018799
0.6824200749397278
0.6976373791694641
0.6923072338104248
0.6814131140708923
0.6845690608024597
0.6818501353263855
0.6804871559143066
0.6891549229621887
0.6877841949462891
0.6868340373039246
0.7041781544685364
0.6799644827842712
0.6950210332870483
0.6990248560905457
0.6764147877693176
0.6870241165161133
0.6785559058189392
0.6798587441444397
0.6858106255531311
0.6846892833709717
0.6877200603485107
0.7053911685943604
0.7050598859786987
0.6873770356178284
0.6888145208358765
0.6772276759147644
0.6944915652275085
0.6815672516822815
0.6966648101806641
0.6833264827728271
0.6873493790626526
0.6829535365104675
0.6972569227218628
0.6844856142997742
0.6714493632316589
0.6916722059249878
0.6879746913909912
0.6809789538383484
0.6837034225463867
0.6980324387550354
0.6827030181884766
0.685383677482605
0.679182231426239
0.6951152682304382
0.6935418844223022
0.687769889831543
0.6852483153343201
0.6862809658050537
0.6776459813117981
0.6958001255989075
0.6800970435142517
0.690324604511261
0.6981613039970398
0.6875869631767273
0.679054319858551
0.6801737546920776
0.6993886232376099
0.6774328947067261
0.6777880191802979
0.6903456449508667
0.6944652795791626
0.6871168613433838
0.6904882788658142
0.6744344830513
0.6834815740585327
0.6885520219802856
0.6729272603988647
0.6885581016540527
0.6875644326210022
0.6898159384727478
0.6836383938789368
0.6845172047615051
0.6765115857124329
0.6962713599205017
0.6781349778175354
0.6991733312606812
0.6945525407791138
0.6889151930809021
0.6774349212646484
0.6799545884132385
0.6904664635658264
0.6910639405250549
0.6753426194190979
0.6814026832580566
0.687920093536377
0.6843591332435608
0.6818966269493103
0.6922802925109863
0.6959009766578674
0.682911217212677
0.703048825263977
0.6867033243179321
0.6871426105499268
0.6834195256233215
0.6794431209564209
0.6876339316368103
0.6883381605148315
0.6819114089012146
0.6988169550895691
0.6771295666694641
0.6751686930656433
0.6925997734069824
0.6856899857521057
0.6883012652397156
0.6778888702392578
0.6921744346618652
0.6727427840232849
0.6877522468566895
0.6872203350067139
0.6911227703094482
0.6786152720451355
0.6954067349433899
0.68910813331604
0.6948251128196716
0.6817502379417419
0.677476167678833
0.6883495450019836
0.6806555986404419
0.6855731010437012
0.6780371069908142
0.7017459869384766
0.6817294359207153
0.6870349645614624
0.687157392501831
0.6860629916191101
0.6891616582870483
0.6796293258666992
0.6960157155990601
0.700673520565033
0.6788904070854187
0.6842469573020935
0.6975764036178589
0.688086748123169
0.685513436794281
0.6782496571540833
0.6817177534103394
0.6901156902313232
0.695439875125885
0.6824902892112732
0.6824985146522522
0.6858622431755066
0.6884768605232239
0.6850042343139648
0.691461443901062
0.6866641640663147
0.677230179309845
0.6836339831352234
0.681617021560669
0.692699134349823
0.6779990196228027
0.6777887344360352
0.6858959794044495
0.6846847534179688
0.6827295422554016
0.6789698004722595
0.6881107091903687
0.6954206228256226
0.695644199848175
0.6944212913513184
0.691323459148407
0.6879904270172119
0.6946182250976562
0.6911150217056274
0.6788719296455383
0.6797123551368713
0.6915168166160583
0.6882348656654358
0.6866523623466492
0.6828758716583252
0.6957715153694153
0.6890738010406494
0.6873849630355835
0.6846731305122375
0.6871828436851501
0.6827649474143982
0.6779248714447021
0.6747738718986511
0.6951248645782471
0.6793721914291382
0.6976726055145264
0.6789709329605103
0.6912099123001099
0.6803813576698303
0.701122522354126
0.6829985976219177
0.6895641684532166
0.6769058704376221
0.6870007514953613
0.6854538321495056
0.6843962073326111
0.694739043712616
0.6898477077484131
0.6749962568283081
0.6814515590667725
0.6909326314926147
0.6914917230606079
0.6912399530410767
0.687379002571106
0.6827099919319153
0.6794540882110596
0.6751435399055481
0.6884984374046326
0.6936956644058228
0.6859021782875061
0.6937562823295593
0.6901354193687439
0.6932210922241211
0.6805509328842163
0.6805468201637268
0.6850331425666809
0.6859979629516602
0.6839361190795898
0.6918433308601379
0.6816450357437134
0.6781931519508362
0.6871839165687561
0.6924587488174438
0.6768409013748169
0.6782294511795044
0.6743471026420593
0.686235249042511
0.6922056674957275
0.6772890090942383
0.6809101700782776
0.6953683495521545
0.6810236573219299
0.6861926913261414
0.7014830112457275
0.6968831419944763
0.6914025545120239
0.6817196607589722
0.6814797520637512
0.6863476037979126
0.6775879859924316
0.6870298385620117
0.6806933879852295
0.681522011756897
0.6826465129852295
0.6781821846961975
0.6995373964309692
0.6798532605171204
0.679097592830658
0.6823156476020813
0.6782441139221191
0.6862627267837524
0.6940165758132935
0.695335865020752
0.6851845979690552
0.6828295588493347
0.6828171014785767
0.6983708739280701
0.6837074756622314
0.6886321306228638
0.6870185136795044
0.6831278800964355
0.6858341693878174
0.679269552230835
0.7019996643066406
0.6897822618484497
0.688156247138977
0.6813555359840393
0.6971962451934814
0.6841119527816772
0.6929717063903809
0.6828811764717102
0.6871960163116455
0.6997687220573425
0.6871140003204346
0.6836429238319397
0.6817314028739929
0.6897539496421814
0.6869942545890808
0.6836133003234863
0.6947076916694641
0.6801915168762207
0.6875200271606445
0.6874074935913086
0.6847406625747681
0.6855221390724182
0.6797565817832947
0.6844918131828308
0.6779156923294067
0.6816575527191162
0.6810218691825867
0.6921751499176025
0.6853395104408264
0.6689438223838806
0.6940018534660339
0.6870055794715881
0.679783821105957
0.6835389137268066
0.6878032088279724
0.6769456267356873
0.6839526891708374
0.6790909171104431
0.6940780878067017
0.6880297064781189
0.6991018056869507
0.6958311796188354
0.6823393106460571
0.6851649284362793
0.6783150434494019
0.6921696662902832
0.6789515614509583
0.6941298246383667
0.6780992150306702
0.683229923248291
0.6905890107154846
0.6770216822624207
0.6951524615287781
0.6955868005752563
0.6854969263076782
0.6852757334709167
0.6908504962921143
0.6786181926727295
0.6803007125854492
0.6906659603118896
0.6873427033424377
0.6973989009857178
0.6945397257804871
0.6771445870399475
0.6744329333305359
0.6849790215492249
0.683814287185669
0.6821534037590027
0.6837579607963562
0.6845303773880005
0.6833049058914185
0.6944530010223389
0.6915519833564758
0.6816303133964539
0.687328040599823
0.6875784993171692
0.6974068284034729
0.6902031302452087
0.6802840232849121
0.6817490458488464
0.6911187767982483
0.6874085664749146
0.6808168292045593
0.6778759956359863
0.6937562823295593
0.6707151532173157
0.6796033382415771
0.6997156143188477
0.6829594969749451
0.6912056803703308
0.7010321617126465
0.6961321830749512
0.6732661128044128
0.6913756728172302
0.6822549700737
0.6741563081741333
0.6824125051498413
0.6775477528572083
0.6776992678642273
0.7115662693977356
0.6874409317970276
0.6952553391456604
0.6943695545196533
0.6775318384170532
0.6774953007698059
0.684258222579956
0.6959938406944275
0.7060317397117615
0.6731315851211548
0.6967672109603882
0.6893743276596069
0.6791692972183228
0.6857892870903015
0.6929769515991211
0.6861867308616638
0.6846182346343994
0.6858049035072327
0.6833809614181519
0.6871422529220581
0.6943375468254089
0.6782878041267395
0.6867099404335022
0.6976858377456665
0.6921114921569824
0.6742187142372131
0.6874159574508667
0.6923366189002991
0.6776164174079895
0.6874898076057434
0.6836919784545898
0.7002790570259094
0.6762060523033142
0.7002435922622681
0.686294436454773
0.6855440139770508
0.6824572086334229
0.6988188028335571
0.6960310339927673
0.6868643164634705
0.6787779331207275
0.681922972202301
0.6729803681373596
0.71184903383255
0.6858733892440796
0.6930110454559326
0.677742600440979
0.6808050274848938
0.6807737946510315
0.6790645718574524
0.6857652068138123
0.6960650682449341
0.6812198162078857
0.6864383816719055
0.6930807828903198
0.688337504863739
0.6777235865592957
0.682619571685791
0.6878902912139893
0.6778826713562012
0.6867374777793884
0.6744007468223572
0.6807082295417786
0.6878616213798523
0.685020923614502
0.6872490644454956
0.6860515475273132
0.68727707862854
0.6785169243812561
0.6920017004013062
0.6812916994094849
0.6836776733398438
0.687377393245697
0.6872289776802063
0.680135190486908
0.6863821744918823
0.6945556998252869
0.6884927749633789
0.681569516658783
0.6928611397743225
0.6856827735900879
0.6898183822631836
0.6908310055732727
0.6826620101928711
0.6949539184570312
0.6828107237815857
0.6940339803695679
0.68282151222229
0.6860017776489258
0.6821441054344177
0.6743142008781433
0.6780300140380859
0.6914008259773254
0.6928465366363525
0.6938749551773071
0.6898677349090576
0.6736629009246826
0.6776807308197021
0.6833251714706421
0.6720055341720581
0.6808170676231384
0.6824684739112854
0.6752181053161621
0.6759454011917114
0.7047803401947021
0.6865660548210144
0.685391366481781
0.6842029094696045
0.6949764490127563
0.6912413835525513
0.6947327852249146
0.6887972950935364
0.6872103214263916
0.6767284274101257
0.6887280941009521
0.6958279609680176
0.6849659085273743
0.6793040037155151
0.6935037970542908
0.6810518503189087
0.6933543086051941
0.6937745809555054
0.6856992840766907
0.6809735894203186
0.6843834519386292
0.6774260401725769
0.6848996877670288
0.6921184659004211
0.698861837387085
0.6788477897644043
0.6837336421012878
0.6807299852371216
0.6868425011634827
0.6933064460754395
0.6921470165252686
0.6836965680122375
0.669422447681427
0.6913608312606812
0.6877664923667908
0.6809929013252258
0.6900973320007324
0.6897813677787781
0.6876932978630066
0.6800753474235535
0.68290776014328
0.6722778081893921
0.6883110404014587
0.6990372538566589
0.7036876082420349
0.6945106983184814
0.6979753971099854
0.6875564455986023
0.6861412525177002
0.6877985000610352
0.6988716721534729
0.6848398447036743
0.671715259552002
0.6894050240516663
0.6799768805503845
0.6862244606018066
0.6798774003982544
0.6786028146743774
0.6902008652687073
0.6903260350227356
0.6795410513877869
0.7082390785217285
0.6839171051979065
0.6845519542694092
0.6800610423088074
0.7042608857154846
0.6885384321212769
0.6823768019676208
0.6847875714302063
0.7003729343414307
0.6790664792060852
0.6862930059432983
0.683630108833313
0.688178539276123
0.686392605304718
0.6796387434005737
0.6813661456108093
0.6995002627372742
0.6930379271507263
0.6849070191383362
0.6802232265472412
0.6797124147415161
0.6804653406143188
0.6824536919593811
0.6830320954322815
0.6851379871368408
0.6875036358833313
0.6960314512252808
0.6830424666404724
0.6968810558319092
0.6881389021873474
0.690657377243042
0.680027186870575
0.6933468580245972
0.6835720539093018
0.6734024882316589
0.6872377991676331
0.6896591186523438
0.6772891879081726
0.6807851195335388
0.6879139542579651
0.6858991980552673
0.6795103549957275
0.6848359107971191
0.6871886253356934
0.6827443838119507
0.6813350915908813
0.6948080658912659
0.6800966262817383
0.6891710758209229
0.6836615204811096
0.6802706122398376
0.6847615838050842
0.6856083273887634
0.6836664080619812
0.6746295690536499
0.6821122169494629
0.6829147338867188
0.6843969225883484
0.6919826865196228
0.6844589114189148
0.7008954286575317
0.6822002530097961
0.6787422895431519
0.6869057416915894
0.6811712384223938
0.677619218826294
0.6828188896179199
0.681397557258606
0.682668924331665
0.708280086517334
0.6796603202819824
0.681718647480011
0.676018238067627
0.680413007736206
0.6881793737411499
0.6952856183052063
0.6740797758102417
0.6969006657600403
0.6960588693618774
0.6890357136726379
0.6899484992027283
0.6895187497138977
0.6830227971076965
0.6835918426513672
0.6930230855941772
0.6971464157104492
0.7099528312683105
0.6805824637413025
0.6839733719825745
0.691565990447998
0.6859270334243774
0.6906594038009644
0.6816333532333374
0.675462007522583
0.6869021654129028
0.6883437037467957
0.6882849931716919
0.688225507736206
0.6745160222053528
0.6845855116844177
0.6820721626281738
0.6951438188552856
0.676703929901123
0.680869460105896
0.7055597901344299
0.6858493685722351
0.6838330626487732
0.6850447654724121
0.6746741533279419
0.6817812919616699
0.6844295859336853
0.6934566497802734
0.6765769124031067
0.6780799031257629
0.6875874400138855
0.6771717667579651
0.6916314363479614
0.6969679594039917
0.6875004172325134
0.689544141292572
0.6863440871238708
0.6882520914077759
0.6954641342163086
0.6780412793159485
0.6822578310966492
0.680854082107544
0.684944748878479
0.6875112056732178
0.6867231130599976
0.6917245984077454
0.6887589693069458
0.6979174017906189
0.6814530491828918
0.6829246878623962
0.68598872423172
0.68052738904953
0.6861369609832764
0.6897985935211182
0.7088144421577454
0.6811415553092957
0.6883296966552734
0.687088668346405
0.6837364435195923
0.7028704285621643
0.678662121295929
0.697274386882782
0.682830274105072
0.6772763729095459
0.6909027695655823
0.6971802711486816
0.6870946288108826
0.6782746911048889
0.6926202774047852
0.6878291964530945
0.6834916472434998
0.6700958609580994
0.6932805180549622
0.6952866911888123
0.6921645998954773
0.6865491271018982
0.6942659616470337
0.6877001523971558
0.6793608069419861
0.6897687315940857
0.6801245212554932
0.6855323314666748
0.679686427116394
0.6866528391838074
0.6807969212532043
0.685661256313324
0.6785232424736023
0.6805065274238586
0.6921772360801697
0.6804625391960144
0.6861259937286377
0.6903625130653381
0.6867012977600098
0.696932852268219
0.6953559517860413
0.6822454333305359
0.6892544627189636
0.671741783618927
0.685735285282135
0.6904160380363464
0.6949297189712524
0.688176155090332
0.691129744052887
0.6911904215812683
0.6767821311950684
0.6803148984909058
0.6872097253799438
0.6994972229003906
0.6844819188117981
0.6843988299369812
0.6871911883354187
0.6870855689048767
0.6928490400314331
0.6809049248695374
0.6842380166053772
0.6779824495315552
0.6756653785705566
0.6868510842323303
0.6861089468002319
0.6754540205001831
0.6935974955558777
0.6970720291137695
0.6826782822608948
0.6814277768135071
0.688078761100769
0.6957899332046509
0.6886506676673889
0.6867275238037109
0.6791062951087952
0.675300121307373
0.7002376317977905
0.6826445460319519
0.6890568137168884
0.6788872480392456
0.6932247877120972
0.6823827624320984
0.6810214519500732
0.6811804175376892
0.6902165412902832
0.6805931925773621
0.6938477754592896
0.6844532489776611
0.6830961108207703
0.6824977993965149
0.6832181811332703
0.6797543168067932
0.688210129737854
0.6854466199874878
0.693885862827301
0.6942926049232483
0.6861024498939514
0.675200879573822
0.6846489906311035
0.6922193765640259
0.6876572370529175
0.6840729117393494
0.6864190697669983
0.6856419444084167
0.6960350871086121
0.6769885420799255
0.6905027627944946
0.6870447397232056
0.6777954697608948
0.6860763430595398
0.6800958514213562
0.6890988945960999
0.6947296261787415
0.6905885934829712
0.6845800280570984
0.6845398545265198
0.6902868151664734
0.6893213391304016
0.6858913898468018
0.6877446174621582
0.70339435338974
0.6795485615730286
0.6836822628974915
0.681725025177002
0.6871025562286377
0.6753759384155273
0.714287519454956
0.6840696930885315
0.677800714969635
0.686743438243866
0.6939705610275269
0.6803042888641357
0.6829718947410583
0.6865332126617432
0.7026228904724121
0.6853265762329102
0.7022427916526794
0.6855655312538147
0.6820752620697021
0.6793208718299866
0.6786598563194275
0.6927742958068848
0.682783305644989
0.6817496418952942
0.6739106178283691
0.6876745820045471
0.6773329973220825
0.6813691258430481
0.6889949440956116
0.6891789436340332
0.6990634799003601
0.6861214637756348
0.6762638688087463
0.6791028380393982
0.6801944375038147
0.6879817247390747
0.7005504965782166
0.6828344464302063
0.7009561657905579
0.6851702332496643
0.6912961602210999
0.689648449420929
0.6870108842849731
0.692558228969574
0.6859340667724609
0.679057240486145
0.6752445101737976
0.6844233870506287
0.6902986168861389
0.7221274971961975
0.6849105954170227
0.6919275522232056
0.7133058309555054
0.689960777759552
0.6818946599960327
0.6823698878288269
0.6766194701194763
0.6714758276939392
0.690771222114563
0.6845813989639282
0.6838430166244507
0.6742025017738342
0.685355544090271
0.6880918741226196
0.6922464966773987
0.6976577639579773
0.6817022562026978
0.6861798167228699
0.7013123631477356
0.6808087825775146
0.6857396960258484
0.6811186671257019
0.6809430718421936
0.6850137710571289
0.6854405999183655
0.6829109191894531
0.6838164329528809
0.674746572971344
0.6920028924942017
0.6883075833320618
0.6789830327033997
0.6778146028518677
0.6915498375892639
0.6856942772865295
0.6865684986114502
0.6860924959182739
0.6804949045181274
0.6984462738037109
0.6788753271102905
0.6778803467750549
0.693096935749054
0.6838518381118774
0.6929062008857727
0.6821282505989075
0.6774807572364807
0.6874690055847168
0.677990198135376
0.6853722333908081
0.6876019239425659
0.6881743669509888
0.6767131686210632
0.682961106300354
0.6939812302589417
0.6826294660568237
0.6807379722595215
0.6964120268821716
0.6922221183776855
0.6909650564193726
0.6853591203689575
0.6813720464706421
0.6852607727050781
0.6806513071060181
0.6792909502983093
0.6904218196868896
0.6882959008216858
0.6888769865036011
0.6951663494110107
0.6913946866989136
0.6843950748443604
0.6929113268852234
0.6916957497596741
0.688247561454773
0.6895691752433777
0.6921769976615906
0.6794584393501282
0.6862159371376038
0.6827157735824585
0.6863682270050049
0.6877914667129517
0.6893649697303772
0.6901283264160156
0.6817270517349243
0.6819874048233032
0.6829609274864197
0.6839834451675415
0.675629734992981
0.6806895136833191
0.699942946434021
0.6911829113960266
0.7037480473518372
0.6973202228546143
0.6809395551681519
0.6923378109931946
0.6781352162361145
0.6875051856040955
0.6890583038330078
0.6947841644287109
0.6879550814628601
0.6830788254737854
0.6832149624824524
0.6792717576026917
0.6837182641029358
0.6846247911453247
0.6987794637680054
0.6806696057319641
0.6881194710731506
0.6762651205062866
0.670514702796936
0.6814079284667969
0.6861368417739868
0.6857436895370483
0.6882039904594421
0.6794565916061401
0.690914511680603
0.6787806153297424
0.6913766264915466
0.6862167716026306
0.6887556314468384
0.686682403087616
0.6985753178596497
0.6785059571266174
0.6998279690742493
0.6927419900894165
0.6849240660667419
0.6945458650588989
0.6685991883277893
0.6805360317230225
0.6981778740882874
0.678591787815094
0.7061792016029358
0.6947107315063477
0.7088868618011475
0.6923829317092896
0.671454668045044
0.6815076470375061
0.6849431395530701
0.6849212646484375
0.7008765935897827
0.6846058368682861
0.6876444220542908
0.6932886838912964
0.6836565732955933
0.6817914247512817
0.6912152767181396
0.6824816465377808
0.6861275434494019
0.681771993637085
0.6748626232147217
0.6812273263931274
0.6786168217658997
0.6801315546035767
0.6853823065757751
0.6910793781280518
0.688118040561676
0.6883462071418762
0.6882956624031067
0.6810439825057983
0.6811407804489136
0.6836769580841064
0.6955620646476746
0.6995826959609985
0.6820269823074341
0.6801134347915649
0.6823588013648987
0.6936702728271484
0.6873637437820435
0.6913580298423767
0.6920797228813171
0.6887708306312561
0.6839370727539062
0.6754302382469177
0.6856225728988647
0.7036858201026917
0.6810532212257385
0.6842614412307739
0.6886417865753174
0.6963679790496826
0.6839497685432434
0.6949726343154907
0.6810492873191833
0.6764050722122192
0.6856440901756287
0.6758739948272705
0.6882893443107605
0.6838341355323792
0.6744645833969116
0.6809897422790527
0.6931414604187012
0.6812279224395752
0.6915656924247742
0.6842240691184998
0.6914902925491333
0.6974566578865051
0.6875360608100891
0.6798032522201538
0.6799739003181458
0.6795627474784851
0.6737261414527893
0.6937421560287476
0.6848675012588501
0.7380165457725525
0.684788703918457
0.6861512660980225
0.6851071119308472
0.6885609030723572
0.6826091408729553
0.6841720342636108
0.6768569946289062
0.688513994216919
0.6888527274131775
0.6940280199050903
0.6816006898880005
0.6826931238174438
0.6863620281219482
0.681164562702179
0.680059015750885
0.6765176653862
0.693661093711853
0.681667685508728
0.6870335936546326
0.6910687685012817
0.6894925832748413
0.6886116862297058
0.6788918972015381
0.6855041980743408
0.6732967495918274
0.6802417039871216
0.6800166368484497
0.6836730241775513
0.6830205917358398
0.690434992313385
0.6906278729438782
0.6904045343399048
0.6856062412261963
0.688778281211853
0.6952527165412903
0.6833349466323853
0.6819263100624084
0.6950454115867615
0.6789886355400085
0.6780251264572144
0.6785627603530884
0.698404848575592
0.680209755897522
0.6786118149757385
0.6779853105545044
0.6948225498199463
0.7010276317596436
0.67962247133255
0.7037441730499268
0.6906434297561646
0.6871862411499023
0.6893159747123718
0.6888132095336914
0.670354962348938
0.6801186203956604
0.6832053065299988
0.6819359064102173
0.6855968832969666
0.6880043148994446
0.6864185929298401
0.6801445484161377
0.6883492469787598
0.6833087801933289
0.6815614104270935
0.694290041923523
0.690699577331543
0.6833645105361938
0.687553882598877
0.6858554482460022
0.6926870346069336
0.6853967308998108
0.6842663884162903
0.6879402995109558
0.7036288976669312
0.6932748556137085
0.7136030793190002
0.6800444722175598
0.6901454925537109
0.6862688660621643
0.6955767273902893
0.674441397190094
0.6935873031616211
0.6853349208831787
0.6925487518310547
0.6884709000587463
0.6891200542449951
0.687654435634613
0.6970376372337341
0.6790013313293457
0.6835638284683228
0.6779638528823853
0.6857744455337524
0.6711105108261108
0.6830949783325195
0.6837630867958069
0.6764821410179138
0.6823583841323853
0.6844713091850281
0.6713793873786926
0.6854439377784729
0.685684323310852
0.6832405924797058
0.6954832673072815
0.6982277631759644
0.6822375059127808
0.699450671672821
0.6852964162826538
0.6897466778755188
0.6881338953971863
0.6896505951881409
0.6879767179489136
0.6887181997299194
0.6830849051475525
0.6800633668899536
0.6904895305633545
0.6918222308158875
0.6778192520141602
0.6957245469093323
0.693895697593689
0.6854268908500671
0.6881680488586426
0.6928268671035767
0.6842840313911438
0.6776381731033325
0.6864546537399292
0.6830032467842102
0.6897182464599609
0.6893947720527649
0.7068004608154297
0.6796245574951172
0.6791114211082458
0.6829668879508972
0.6860224008560181
0.6816468834877014
0.668027400970459
0.6855467557907104
0.6885721683502197
0.690119206905365
0.6957764029502869
0.6753259301185608
0.6842870116233826
0.6797136664390564
0.6822739839553833
0.6980676054954529
0.6907269954681396
0.6837830543518066
0.6798064708709717
0.6781216263771057
0.6786840558052063
0.6824123859405518
0.678593099117279
0.6811997890472412
0.6876691579818726
0.6930667161941528
0.699786901473999
0.6780112385749817
0.6801443099975586
0.6780110597610474
0.6798260807991028
0.6678488850593567
0.6849105954170227
0.6883799433708191
0.6817230582237244
0.6890282034873962
0.6893739104270935
0.6914284229278564
0.6943764686584473
0.7106883525848389
0.6809121370315552
0.6815130114555359
0.6837064623832703
0.677348792552948
0.6831114292144775
0.6930420994758606
0.6801019310951233
0.6960833072662354
0.688080906867981
0.6962997317314148
0.6797211170196533
0.6866104006767273
0.6838318705558777
0.6853989362716675
0.6787152886390686
0.6942846179008484
0.6842840313911438
0.6816601753234863
0.6787640452384949
0.6782923936843872
0.6790647506713867
0.6821738481521606
0.6796176433563232
0.6828234195709229
0.6769928932189941
0.6966511607170105
0.6793887615203857
0.6790410876274109
0.6869264841079712
0.6869798302650452
0.676943838596344
0.6883800029754639
0.6833215951919556
0.6875426173210144
0.6817101240158081
0.6797868013381958
0.6786706447601318
0.6807341575622559
0.6789941787719727
0.6768600940704346
0.676846444606781
0.684674084186554
0.6993930339813232
0.6806073188781738
0.6823665499687195
0.6833246946334839
0.688469409942627
0.6851486563682556
0.6924987435340881
0.6725860834121704
0.6865875720977783
0.686829686164856
0.6941001415252686
0.6918493509292603
0.6888243556022644
0.6915034055709839
0.6975878477096558
0.6863654851913452
0.6881584525108337
0.6885566115379333
0.6839102506637573
0.6898532509803772
0.6867229342460632
0.6902627348899841
0.6757180094718933
0.6795622706413269
0.6901224255561829
0.6884623765945435
0.7277796268463135
0.6838987469673157
0.6923490762710571
0.7075939178466797
0.7098917961120605
0.6866639256477356
0.6785416007041931
0.688899040222168
0.6787396669387817
0.6876074075698853
0.6911324858665466
0.6857382655143738
0.6954591870307922
0.6880175471305847
0.6893316507339478
0.6836744546890259
0.6794507503509521
0.7004788517951965
0.686062753200531
0.6870915293693542
0.7018347978591919
0.68588787317276
0.6781779527664185
0.6828151345252991
0.6938572525978088
0.675957441329956
0.6796336770057678
0.6833682656288147
0.6849613785743713
0.6874445676803589
0.6889879107475281
0.6972393989562988
0.6888870000839233
0.6902834177017212
0.7098246812820435
0.6849620938301086
0.6878326535224915
0.6863883137702942
0.67752605676651
0.6794459819793701
0.6755802035331726
0.6902562975883484
0.6803041696548462
0.6916223168373108
0.6844216585159302
0.6779321432113647
0.6898800134658813
0.6866810917854309
0.684019923210144
0.6861485242843628
0.686177134513855
0.6795603632926941
0.6857841610908508
0.6886020302772522
0.6821857690811157
0.680242121219635
0.6938876509666443
0.6834361553192139
0.6870879530906677
0.6895822286605835
0.6808325052261353
0.6738836169242859
0.6845866441726685
0.684646725654602
0.6794636845588684
0.6864328980445862
0.688814640045166
0.6842225193977356
0.676914632320404
0.6904354095458984
0.6818814277648926
0.6820627450942993
0.6905295252799988
0.6846764087677002
0.6788453459739685
0.6850364804267883
0.6804689168930054
0.6895030736923218
0.6942710280418396
0.683928906917572
0.6928191184997559
0.6769434809684753
0.6857936978340149
0.6871696710586548
0.695064127445221
0.6817395687103271
0.6870334148406982
0.682994544506073
0.6944344639778137
0.6773353219032288
0.689315140247345
0.6782347559928894
0.6879482865333557
0.7012863159179688
0.6929244995117188
0.686833918094635
0.6925094127655029
0.6904329061508179
0.6801930069923401
0.6833906173706055
0.6833195686340332
0.6889297366142273
0.6769080758094788
0.6826550960540771
0.6746253371238708
0.6842759847640991
0.6871514916419983
0.6940523386001587
0.6836910247802734
0.6920729875564575
0.6824150681495667
0.683992326259613
0.6830493211746216
0.685531735420227
0.689749002456665
0.7026723027229309
0.6858695149421692
0.6866546869277954
0.6788211464881897
0.6894380450248718
0.6929633617401123
0.6890212893486023
0.6877480149269104
0.6854563355445862
0.6952481865882874
0.6925050020217896
0.6874873638153076
0.6930091381072998
0.6776936054229736
0.6899285316467285
0.689221978187561
0.6886439323425293
0.6829095482826233
0.674214780330658
0.6936014890670776
0.6942477226257324
0.683340311050415
0.6756446957588196
0.6765338182449341
0.680133581161499
0.6997564435005188
0.6835870146751404
0.6821672916412354
0.6955471038818359
0.6886422634124756
0.6829065084457397
0.6946356892585754
0.6865780353546143
0.6863186359405518
0.6825621128082275
0.6890796422958374
0.6952407956123352
0.6796478629112244
0.6785053014755249
0.684317409992218
0.6890171766281128
0.677551805973053
0.677012026309967
0.6929061412811279
0.6835113167762756
0.6858089566230774
0.6827621459960938
0.7054649591445923
0.6746829748153687
0.6951635479927063
0.6858503818511963
0.6709798574447632
0.6860839128494263
0.6804071068763733
0.7073642611503601
0.6790387034416199
0.6868329644203186
0.7369685769081116
0.6773748993873596
0.6806300282478333
0.7003611922264099
0.6897163987159729
0.6710795164108276
0.6894410252571106
0.6877126693725586
0.6727008819580078
0.687465488910675
0.688399076461792
0.6815656423568726
0.67934250831604
0.6774412393569946
0.6868062019348145
0.6838807463645935
0.685981810092926
0.6876876950263977
0.686388373374939
0.6763037443161011
0.6867977976799011
0.7166886329650879
0.6839607357978821
0.6816508173942566
0.6774305105209351
0.6822875738143921
0.6891520023345947
0.6858238577842712
0.6875856518745422
0.6801696419715881
0.6750422120094299
0.6910685300827026
0.6841049790382385
0.6858314871788025
0.6746436357498169
0.6847279667854309
0.6793421506881714
0.687860906124115
0.6862043738365173
0.6843971610069275
0.6902368068695068
0.6856892704963684
0.702729344367981
0.6853275299072266
0.678150475025177
0.6876780986785889
0.6813909411430359
0.6855762004852295
0.68339604139328
0.6835244297981262
0.67861407995224
0.6827343106269836
0.6854767799377441
0.6907866597175598
0.6809778213500977
0.682147741317749
0.6869418025016785
0.6828679442405701
0.6776248812675476
0.681562602519989
0.6866676807403564
0.7048167586326599
0.685663640499115
0.6769907474517822
0.6874125599861145
0.6850845217704773
0.6781782507896423
0.6821871995925903
0.6771689653396606
0.6859666109085083
0.6806632280349731
0.6832406520843506
0.6800901293754578
0.6864581108093262
0.6805592775344849
0.6803380846977234
0.6836310029029846
0.6780041456222534
0.680946946144104
0.7004023194313049
0.6919243335723877
0.6952731013298035
0.684219479560852
0.6894983053207397
0.6828115582466125
0.6877625584602356
0.6921902894973755
0.6819168329238892
0.6835628151893616
0.6826288104057312
0.6918861865997314
0.6904338002204895
0.6887454986572266
0.6979213356971741
0.6824360489845276
0.6948280930519104
0.6773446202278137
0.6848436594009399
0.6806198358535767
0.6846827864646912
0.6851426959037781
0.698531448841095
0.6963866353034973
0.6793504953384399
0.6868733167648315
0.6898837685585022
0.6791379451751709
0.6922847628593445
0.6936036944389343
0.6863811612129211
0.6843987107276917
0.6882628202438354
0.6814602017402649
0.6792912483215332
0.6869373321533203
0.6880285739898682
0.6932325959205627
0.6847243309020996
0.6924557089805603
0.6771746873855591
0.6855916380882263
0.6758637428283691
0.6895589232444763
0.6923237442970276
0.6916007995605469
0.6785213947296143
0.6920517086982727
0.6800112724304199
0.6688785552978516
0.6917144060134888
0.6800516247749329
0.6840937733650208
0.6854068636894226
0.6991533637046814
0.6806573867797852
0.6897140145301819
0.6828263998031616
0.6943899989128113
0.6792296171188354
0.6851373314857483
0.6824116706848145
0.6755648851394653
0.6888388991355896
0.6875745058059692
0.6834772229194641
0.6875700950622559
0.6949790716171265
0.6866039633750916
0.6717845797538757
0.6960093379020691
0.6853604912757874
0.691961407661438
0.6825682520866394
0.6869281530380249
0.674869954586029
0.6944960355758667
0.6769740581512451
0.6787168979644775
0.6813100576400757
0.7093914747238159
0.68697589635849
0.6789101362228394
0.6813817620277405
0.6844711899757385
0.6858709454536438
0.691242516040802
0.6832005381584167
0.6822577714920044
0.6780605912208557
0.679709255695343
0.6759057641029358
0.6800232529640198
0.6768682599067688
0.693930983543396
0.674737274646759
0.6868770718574524
0.6820746660232544
0.6881325244903564
0.6816312670707703
0.6781105399131775
0.6888352036476135
0.6858803629875183
0.6859421133995056
0.6726204752922058
0.6898851990699768
0.6824921369552612
0.6751402020454407
0.682589054107666
0.6899416446685791
0.6924228668212891
0.6727606654167175
0.6903603076934814
0.6878501772880554
0.6830422282218933
0.6817044019699097
0.6849585175514221
0.6834493279457092
0.6884601712226868
0.6795477867126465
0.6866160035133362
0.6827178001403809
0.6868862509727478
0.6836861371994019
0.6908408403396606
0.687804102897644
0.6735103726387024
0.6845303773880005
0.690420389175415
0.6846504211425781
0.6744506359100342
0.6810334920883179
0.6994461417198181
0.6898298859596252
0.6917540431022644
0.6855913996696472
0.6854612827301025
0.6811496615409851
0.6921238303184509
0.7001398205757141
0.6820319890975952
0.6952865719795227
0.6883692145347595
0.6802545189857483
0.6894087791442871
0.6921523809432983
0.6878118515014648
0.6813996434211731
0.681530773639679
0.7023248672485352
0.6966966986656189
0.6873483061790466
0.6850964426994324
0.6831791996955872
0.6832975149154663
0.688770592212677
0.6884810924530029
0.680133581161499
0.6859798431396484
0.686245858669281
0.6918525099754333
0.674323320388794
0.6876107454299927
0.70014888048172
0.6982908844947815
0.6898589134216309
0.6771532297134399
0.6929423213005066
0.6814388632774353
0.6914281845092773
0.6880027055740356
0.6858469843864441
0.676002562046051
0.6829206943511963
0.6948844194412231
0.6830970644950867
0.6877337098121643
0.685383141040802
0.6947337985038757
0.6850463151931763
0.6981056928634644
0.6797148585319519
0.689726710319519
0.684162974357605
0.6857472062110901
0.6870238184928894
0.6880131959915161
0.693739116191864
0.6842374801635742
0.6848843097686768
0.68624347448349
0.6900744438171387
0.6861830353736877
0.6768081784248352
0.6849074959754944
0.6947780251502991
0.6867632269859314
0.6872029304504395
0.6765981912612915
0.7067950963973999
0.6986615657806396
0.6960226893424988
0.6796196699142456
0.6759339570999146
0.6836687922477722
0.6832459568977356
0.6904162168502808
0.6868627667427063
0.6792447566986084
0.7011933922767639
0.6919991374015808
0.6882168054580688
0.6871989369392395
0.6868069767951965
0.6877695322036743
0.6818426251411438
0.6877251267433167
0.6748111248016357
0.6842396259307861
0.6891413927078247
0.6850943565368652
0.6790790557861328
0.7002827525138855
0.6958131790161133
0.7141592502593994
0.6894817352294922
0.6861848831176758
0.6810656189918518
0.6908394694328308
0.7022149562835693
0.6837263703346252
0.6708189249038696
0.691346287727356
0.6801508069038391
0.6972314715385437
0.6849773526191711
0.6864227652549744
0.6758722066879272
0.6957098245620728
0.6902199387550354
0.6864888072013855
0.6839258074760437
0.6774996519088745
0.6967381238937378
0.6801230907440186
0.6809688806533813
0.6842870712280273
0.6831204891204834
0.6804279088973999
0.6750385761260986
0.6812569499015808
0.6757513880729675
0.6938778162002563
0.680716872215271
0.6838849782943726
0.679103434085846
0.6903435587882996
0.6796307563781738
0.6780333518981934
0.679576575756073
0.6930597424507141
0.6821659803390503
0.689543604850769
0.6798519492149353
0.6847177147865295
0.6786760091781616
0.6949055790901184
0.6872075796127319
0.6924953460693359
0.6817320585250854
0.6866005659103394
0.6811366081237793
0.6996907591819763
0.6799913644790649
0.6802066564559937
0.6938442587852478
0.6836861371994019
0.682551383972168
0.6814155578613281
0.6862553358078003
0.6761701703071594
0.6831564903259277
0.6810880899429321
0.683958888053894
0.694107174873352
0.6770864129066467
0.6767163872718811
0.6882749795913696
0.6954095959663391
0.6802541613578796
0.6835317611694336
0.69078528881073
0.7071571350097656
0.6837414503097534
0.6815907955169678
0.6967772245407104
0.7003064751625061
0.6819894909858704
0.6855422854423523
0.6859971284866333
0.6786791682243347
0.6877346634864807
0.6767648458480835
0.6926015019416809
0.6707172393798828
0.6872537136077881
0.6810550093650818
0.6942167282104492
0.7001732587814331
0.6852725744247437
0.6771621704101562
0.6880732774734497
0.680428147315979
0.6878083348274231
0.6736122369766235
0.6773658394813538
0.688622236251831
0.687128484249115
0.6929965019226074
0.6893223524093628
0.6980331540107727
0.6777791976928711
0.6867179870605469
0.686976432800293
0.6875642538070679
0.6890305280685425
0.6918583512306213
0.6815944314002991
0.6818479299545288
0.683803141117096
0.6780150532722473
0.6876373887062073
0.6948869228363037
0.6861385107040405
0.6862344741821289
0.6863769292831421
0.6797594428062439
0.6876351833343506
0.6812142133712769
0.6856715679168701
0.6915645599365234
0.6830195188522339
0.6708969473838806
0.6819562315940857
0.6886466145515442
0.6837278008460999
0.6824105381965637
0.6893306374549866
0.6854199171066284
0.6919365525245667
0.6823329925537109
0.6845842599868774
0.6943468451499939
0.6907129883766174
0.7008860111236572
0.6870282888412476
0.6806604862213135
0.6682645082473755
0.6918704509735107
0.6735231280326843
0.6728488802909851
0.689765989780426
0.6829020380973816
0.6845824122428894
0.6904882192611694
0.679855227470398
0.6933209300041199
0.6870740056037903
0.67173832654953
0.6740010976791382
0.6781071424484253
0.6997692584991455
0.696355938911438
0.6803873181343079
0.6830923557281494
0.6872788667678833
0.6820937991142273
0.6989572048187256
0.6784501075744629
0.6824377179145813
0.6866072416305542
0.6862000226974487
0.6939538717269897
0.6920350193977356
0.697288990020752
0.6936500072479248
0.6861588358879089
0.677794337272644
0.6820871829986572
0.6857500672340393
0.6867563724517822
0.6761663556098938
0.6960694193840027
0.675922691822052
0.6890901923179626
0.6851624846458435
0.6815478801727295
0.6895542740821838
0.6776941418647766
0.6810541152954102
0.686170220375061
0.6957353949546814
0.6896152496337891
0.6841750741004944
0.6847386360168457
0.707718014717102
0.6835922598838806
0.6864471435546875
0.6735104918479919
0.6878421306610107
0.6777382493019104
0.6936041712760925
0.6814355850219727
0.6791490912437439
0.6902624368667603
0.6847107410430908
0.6953058838844299
0.6832006573677063
0.6877279877662659
0.6897028684616089
0.6862027049064636
0.6861709356307983
0.6764009594917297
0.6896979808807373
0.6795795559883118
0.6950880885124207
0.6877931952476501
0.687516987323761
0.6927143335342407
0.685866117477417
0.6874825358390808
0.6824561953544617
0.6927922964096069
0.7046146392822266
0.6897662878036499
0.6822013258934021
0.7031222581863403
0.67454594373703
0.6792913675308228
0.672576904296875
0.6795495748519897
0.6791607737541199
0.6909343600273132
0.6832537055015564
0.6793413758277893
0.6919708251953125
0.6979565620422363
0.6869878768920898
0.6873335838317871
0.6879251003265381
0.6940944194793701
0.6732496023178101
0.6924338936805725
0.6904786229133606
0.6749774217605591
0.6771140694618225
0.6882053017616272
0.6832144856452942
0.6861618161201477
0.6931275725364685
0.6917391419410706
0.6796799898147583
0.7008141875267029
0.6791852116584778
0.6862079501152039
0.6795337796211243
0.7029507160186768
0.6905577182769775
0.678331196308136
0.6880447864532471
0.6733801364898682
0.6809014678001404
0.6840206980705261
0.6791276931762695
0.6887913942337036
0.6843429803848267
0.6766635179519653
0.6797613501548767
0.6861911416053772
0.6935792565345764
0.6745648980140686
0.6810215711593628
0.6869072318077087
0.6722699999809265
0.6808658242225647
0.6867852807044983
0.6862103939056396
0.6873840689659119
0.7020639777183533
0.6877537965774536
0.6807934641838074
0.6878524422645569
0.686199426651001
0.6859331727027893
0.6944947838783264
0.6900162696838379
0.6851108074188232
0.6850859522819519
0.6776400804519653
0.6797410845756531
0.6837241053581238
0.7011044025421143
0.6831053495407104
0.6800004243850708
0.6904516220092773
0.6897729635238647
0.6961056590080261
0.6879604458808899
0.6791782975196838
0.6856311559677124
0.6850515604019165
0.6816909909248352
0.6897591352462769
0.6755421757698059
0.6975917816162109
0.6840301752090454
0.688210129737854
0.6853440403938293
0.6865258812904358
0.6808095574378967
0.688663125038147
0.6805404424667358
0.6837671995162964
0.6823750734329224
0.6790906190872192
0.6764882802963257
0.6807235479354858
0.6856094598770142
0.6922644376754761
0.6789318323135376
0.6967557668685913
0.6833817958831787
0.6746866106987
0.6772708892822266
0.6921554207801819
0.6884676218032837
0.6819287538528442
0.6826575398445129
0.686215341091156
0.6882666945457458
0.6935186386108398
0.6875293850898743
0.679635226726532
0.6869451403617859
0.6894598603248596
0.6882162094116211
0.696076512336731
0.694987416267395
0.6823921799659729
0.6779313087463379
0.6882543563842773
0.6853415369987488
0.6821931004524231
0.683024525642395
0.6888583898544312
0.6976447105407715
0.6923674941062927
0.6740996241569519
0.691395103931427
0.686272382736206
0.6891451478004456
0.682527482509613
0.6763463020324707
0.6822403073310852
0.6818544268608093
0.6799820065498352
0.6864582896232605
0.6844474077224731
0.680229902267456
0.6873168349266052
0.6870444416999817
0.6767790913581848
0.6902413964271545
0.6861928105354309
0.6880912780761719
0.710012674331665
0.685050904750824
0.68038010597229
0.6886268854141235
0.6965818405151367
0.6847208738327026
0.6800585985183716
0.6938501596450806
0.6816534996032715
0.6884081363677979
0.6795580387115479
0.6822770833969116
0.6869373917579651
0.6857238411903381
0.6972782015800476
0.6783828735351562
0.6830152273178101
0.684212863445282
0.6888954043388367
0.6839274764060974
0.6864190697669983
0.6897107362747192
0.6765821576118469
0.6802748441696167
0.6868655681610107
0.6791503429412842
0.6856714487075806
0.6837348341941833
0.6915056109428406
0.688740611076355
0.6763337850570679
0.6802898645401001
0.6874437928199768
0.6893625855445862
0.6918519139289856
0.6895430684089661
0.6897961497306824
0.6777971386909485
0.6864400506019592
0.6862603425979614
0.6777896881103516
0.6866114139556885
0.6814126968383789
0.6705875396728516
0.6768786311149597
0.6820874810218811
0.6926941871643066
0.6872857809066772
0.6807237267494202
0.674072265625
0.7026190161705017
0.6873623132705688
0.6881310343742371
0.6866232752799988
0.6946467161178589
0.6870888471603394
0.6978210210800171
0.6775379776954651
0.6867520809173584
0.6806390285491943
0.6823905110359192
0.68160480260849
0.7028861045837402
0.6841660141944885
0.7028934359550476
0.6823927164077759
0.6816705465316772
0.6827399730682373
0.6848554015159607
0.6910185813903809
0.6817097663879395
0.7081502079963684
0.7037293910980225
0.6808196902275085
0.6793132424354553
0.6791442632675171
0.6775442361831665
0.6842781901359558
0.6889417171478271
0.7030977010726929
0.6845691204071045
0.6713711023330688
0.6858693361282349
0.7036752104759216
0.6772489547729492
0.6880350112915039
0.6751126646995544
0.6821424961090088
0.6797714233398438
0.6766172647476196
0.6830623745918274
0.6815510392189026
0.6773269772529602
0.6859139204025269
0.6825003623962402
0.6802730560302734
0.6857691407203674
0.6828290224075317
0.6854404211044312
0.6885397434234619
0.6796252131462097
0.6808398365974426
0.6808034181594849
0.6781890392303467
0.6858318448066711
0.6842917799949646
0.6881790161132812
0.6722328662872314
0.6991078853607178
0.6825799942016602
0.6810135841369629
0.7000110149383545
0.6841723918914795
0.6785216331481934
0.69527667760849
0.7003543972969055
0.6876341700553894
0.6862170696258545
0.68842613697052
0.678825318813324
0.6811113357543945
0.6833397746086121
0.7014448046684265
0.6826125979423523
0.6968706846237183
0.6815324425697327
0.6906954646110535
0.691633939743042
0.6786655783653259
0.6749271750450134
0.6922208666801453
0.6785728931427002
0.6799403429031372
0.6884400844573975
0.6810304522514343
0.6765342354774475
0.702184796333313
0.6784432530403137
0.6936541795730591
0.6916490793228149
0.6897048354148865
0.6836044788360596
0.6874387264251709
0.6870893239974976
0.6742726564407349
0.6947768926620483
0.7070008516311646
0.6865524053573608
0.6837886571884155
0.6818998456001282
0.7067892551422119
0.6780074834823608
0.6958609819412231
0.6828987002372742
0.6838787198066711
0.6863416433334351
0.6981425881385803
0.6944751143455505
0.686079740524292
0.6848421692848206
0.6875075697898865
0.6852352023124695
0.6825740337371826
0.6846272349357605
0.6874157786369324
0.6852572560310364
0.6809657216072083
0.6851834058761597
0.6868686676025391
0.687520444393158
0.6861693859100342
0.6820172071456909
0.677282989025116
0.7022249698638916
0.6802942156791687
0.6914875507354736
0.6940937042236328
0.6848753690719604
0.700241208076477
0.6903260350227356
0.6957107186317444
0.6867765784263611
0.6756434440612793
0.6938797235488892
0.7012056112289429
0.6878513097763062
0.6953726410865784
0.686764121055603
0.6954260468482971
0.6836342811584473
0.6898843050003052
0.677022397518158
0.6810970306396484
0.686225175857544
0.6984786987304688
0.6890897750854492
0.6948665976524353
0.69048672914505
0.6983674168586731
0.6818314790725708
0.6841539144515991
0.6838082075119019
0.6832352876663208
0.6718277335166931
0.6874063014984131
0.6782472729682922
0.6869754791259766
0.6914157271385193
0.6891457438468933
0.681063711643219
0.6816082000732422
0.6876447200775146
0.6853764653205872
0.6844887137413025
0.6777903437614441
0.6835250854492188
0.6832194328308105
0.6794814467430115
0.6923001408576965
0.6803150177001953
0.6931225657463074
0.6811541318893433
0.6841640472412109
0.6746732592582703
0.6789700388908386
0.7251139283180237
0.7030691504478455
0.6874359846115112
0.6772658824920654
0.6912479996681213
0.6924564242362976
0.692150890827179
0.6904330849647522
0.6903465986251831
0.6795814633369446
0.6847861409187317
0.6792340278625488
0.6969190239906311
0.6795039176940918
0.6850540041923523
0.684964120388031
0.6790214776992798
0.6833593845367432
0.6808266043663025
0.6848365664482117
0.6771496534347534
0.6736437082290649
0.6932030320167542
0.6921728849411011
0.682966411113739
0.6815826296806335
0.6838011145591736
0.6859809160232544
0.6831940412521362
0.6943967938423157
0.6892906427383423
0.6834236979484558
0.6966023445129395
0.7021281123161316
0.683098554611206
0.6884133815765381
0.6799077987670898
0.6796486973762512
0.6777092218399048
0.6934069395065308
0.7054001092910767
0.6878312826156616
0.6777952909469604
0.6898753643035889
0.6731140613555908
0.6734915971755981
0.6835787892341614
0.6842288970947266
0.6962056159973145
0.69417804479599
0.6878527402877808
0.6799878478050232
0.6842396259307861
0.6929072141647339
0.6933470368385315
0.6830971240997314
0.6842344999313354
0.68304044008255
0.6891071200370789
0.6902168989181519
0.6813880801200867
0.6897748708724976
0.6894291639328003
0.6951823830604553
0.6888951063156128
0.6876654624938965
0.6828457117080688
0.6875330209732056
0.6830642819404602
0.6860415935516357
0.6907816529273987
0.6923198103904724
0.6851812601089478
0.6862197518348694
0.6809056997299194
0.6874379515647888
0.6839498281478882
0.6904464960098267
0.6881698369979858
0.6765071153640747
0.6818135380744934
0.6981309652328491
0.6893798112869263
0.6772239208221436
0.695486307144165
0.6865214705467224
0.6853535771369934
0.7061375379562378
0.6802011132240295
0.6899734139442444
0.691277027130127
0.6771994829177856
0.68648761510849
0.681206464767456
0.6718310117721558
0.7004402875900269
0.6955593228340149
0.6958245038986206
0.7024131417274475
0.6814096570014954
0.6824440360069275
0.6873360872268677
0.6870360970497131
0.6891946792602539
0.6846184730529785
0.6829684376716614
0.6948098540306091
0.6842405796051025
0.6838831901550293
0.6870890855789185
0.6826717853546143
0.6846396923065186
0.669971227645874
0.6927013397216797
0.6946344971656799
0.6887039542198181
0.6934877634048462
0.6953582167625427
0.6731362342834473
0.6885455846786499
0.6835097074508667
0.6868932247161865
0.6918004751205444
0.6859557032585144
0.6868487000465393
0.6806207895278931
0.6824672818183899
0.6820613145828247
0.6802526712417603
0.6808678507804871
0.6911365389823914
0.681746780872345
0.6797491908073425
0.6887348890304565
0.682013988494873
0.6862067580223083
0.6977718472480774
0.6858021020889282
0.6912920475006104
0.7018445134162903
0.6835727691650391
0.6813573837280273
0.6801473498344421
0.679886519908905
0.6925351023674011
0.6995617151260376
0.6858193278312683
0.6841604709625244
0.6974140405654907
0.6782368421554565
0.6977904438972473
0.6713427305221558
0.6916972398757935
0.6805201768875122
0.6876134872436523
0.6824612021446228
0.6887453198432922
0.6838163733482361
0.701177716255188
0.6857918500900269
0.687348484992981
0.6807321310043335
0.685788094997406
0.680473804473877
0.6846954226493835
0.6750936508178711
0.6870348453521729
0.6843627095222473
0.6927365660667419
0.6888478398323059
0.6839832067489624
0.6822832822799683
0.6861739754676819
0.6848521828651428
0.6802802681922913
0.6902977824211121
0.6740739345550537
0.696237325668335
0.6895783543586731
0.6864066123962402
0.692358136177063
0.6864095330238342
0.6816155314445496
0.6950439214706421
0.6899752616882324
0.6722174882888794
0.6837418675422668
0.6728237271308899
0.6857070922851562
0.6875479817390442
0.7196785807609558
0.6800726056098938
0.6768090128898621
0.6890462636947632
0.6834176182746887
0.6915903091430664
0.6896185278892517
0.6846114993095398
0.7052671909332275
0.6819597482681274
0.6774998307228088
0.6908778548240662
0.6831492781639099
0.6895467638969421
0.6755867600440979
0.6771838665008545
0.6871024370193481
0.6936933398246765
0.6868022084236145
0.6947779059410095
0.6765859723091125
0.6849762201309204
0.6904833316802979
0.6775023937225342
0.7010169625282288
0.6903362274169922
0.692160427570343
0.6953403949737549
0.688971221446991
0.6831248998641968
0.681973397731781
0.687401533126831
0.6733596324920654
0.6874549388885498
0.6999161839485168
0.684172511100769
0.6873086094856262
0.6777698397636414
0.6865409016609192
0.6881359219551086
0.6763887405395508
0.6926310658454895
0.6826118230819702
0.691880464553833
0.6771988272666931
0.6831209063529968
0.6929426789283752
0.6831149458885193
0.6894242763519287
0.6799017190933228
0.6991730332374573
0.6746281385421753
0.6926714181900024
0.6804644465446472
0.693327784538269
0.6792372465133667
0.6891887784004211
0.6828820705413818
0.6832624077796936
0.6923950910568237
0.6799719333648682
0.6839636564254761
0.6780664920806885
0.690085232257843
0.7061805725097656
0.6914364099502563
0.6779626607894897
0.682658851146698
0.6828335523605347
0.6899451613426208
0.6764797568321228
0.6984191536903381
0.6869048476219177
0.6853378415107727
0.6828992962837219
0.6933894157409668
0.691983163356781
0.6802488565444946
0.6867001056671143
0.6857386827468872
0.6841691136360168
0.6992505192756653
0.6875062584877014
0.688854992389679
0.6742703318595886
0.6833430528640747
0.7076804637908936
0.6874462962150574
0.6969859600067139
0.6822466254234314
0.6831023097038269
0.6812050342559814
0.6845723986625671
0.689128577709198
0.6811519265174866
0.7002412676811218
0.6845112442970276
0.6913938522338867
0.6808868646621704
0.6951095461845398
0.6811677813529968
0.6892518997192383
0.6948360800743103
0.6871098279953003
0.6870617270469666
0.6774285435676575
0.6941750645637512
0.6799491047859192
0.6799810528755188
0.6906761527061462
0.6802980303764343
0.6916099786758423
0.6754831075668335
0.6815395355224609
0.6916239261627197
0.6951223611831665
0.6952335238456726
0.6834419369697571
0.6917626261711121
0.7003400921821594
0.6805263757705688
0.688919186592102
0.6796159744262695
0.6911196708679199
0.6789712905883789
0.6833396553993225
0.6804409027099609
0.6821355819702148
0.6959003806114197
0.7094488739967346
0.6865381002426147
0.6781711578369141
0.6832510232925415
0.6818079948425293
0.6941131353378296
0.6790967583656311
0.6891404986381531
0.6793482303619385
0.6843914985656738
0.7022889256477356
0.6787678599357605
0.6829845309257507
0.693138062953949
0.6893894076347351
0.6843521595001221
0.6866815090179443
0.6794143915176392
0.6920146346092224
0.6921641826629639
0.7044293880462646
0.697469174861908
0.679212749004364
0.68809974193573
0.6878660917282104
0.6815944910049438
0.6827371716499329
0.6785948276519775
0.6919183135032654
0.6785139441490173
0.6888371706008911
0.6869388222694397
0.6904221177101135
0.6880356073379517
0.6768231987953186
0.7131160497665405
0.6789251565933228
0.6910539865493774
0.6800676584243774
0.6903136968612671
0.6820759773254395
0.6934397220611572
0.6852356195449829
0.6895229816436768
0.6788245439529419
0.6844596862792969
0.6949853897094727
0.6937536597251892
0.691753089427948
0.6841462850570679
0.6806578636169434
0.6775293946266174
0.676450252532959
0.6811150312423706
0.6904257535934448
0.6885963678359985
0.6785919070243835
0.6772712469100952
0.6807632446289062
0.6924411058425903
0.6880534291267395
0.6737749576568604
0.6814183592796326
0.6889221668243408
0.6860954761505127
0.6839406490325928
0.679728090763092
0.6784796118736267
0.6845159530639648
0.6870234608650208
0.6840071082115173
0.6826942563056946
0.7059728503227234
0.6835263967514038
0.6934285163879395
0.6819862723350525
0.6755037903785706
0.6836142539978027
0.7021410465240479
0.6781264543533325
0.6743848323822021
0.6861096024513245
0.6873939037322998
0.6938973665237427
0.6957614421844482
0.6902544498443604
0.6773878931999207
0.6852526664733887
0.681722104549408
0.684153139591217
0.6791120767593384
0.6816527247428894
0.6874865293502808
0.6996769905090332
0.6830562949180603
0.7010294795036316
0.6913796663284302
0.6788360476493835
0.6825687885284424
0.693114161491394
0.6864563226699829
0.686390221118927
0.6733868718147278
0.684719979763031
0.6890677809715271
0.6794272661209106
0.6828595399856567
0.6770110130310059
0.6873423457145691
0.6766069531440735
0.6899352669715881
0.6899987459182739
0.6758646965026855
0.6781140565872192
0.6883782744407654
0.6963427066802979
0.6883413195610046
0.6865779757499695
0.6776883006095886
0.6810117959976196
0.6829797029495239
0.6784186959266663
0.6876744031906128
0.6898069977760315
0.6789847016334534
0.6821762919425964
0.6908233761787415
0.6781904697418213
0.6716169714927673
0.6792842745780945
0.686495840549469
0.6838629841804504
0.6954231858253479
0.6943341493606567
0.6849581599235535
0.6867915987968445
0.6812896132469177
0.6890052556991577
0.6913816332817078
0.682553231716156
0.6921851634979248
0.6938421726226807
0.684943675994873
0.6952170729637146
0.6788672804832458
0.6829111576080322
0.703386664390564
0.6822571754455566
0.6769015789031982
0.6967051029205322
0.6898363828659058
0.6877819299697876
0.6795384883880615
0.6828513741493225
0.6903364658355713
0.6845500469207764
0.6816089749336243
0.7039472460746765
0.6747909188270569
0.6936187148094177
0.6786795258522034
0.6970533132553101
0.6842546463012695
0.6801202893257141
0.6852863430976868
0.6885677576065063
0.6763807535171509
0.6865608096122742
0.6964743733406067
0.678168773651123
0.682374894618988
0.6870625615119934
0.6907932162284851
0.6755684614181519
0.6861756443977356
0.6823683381080627
0.7392569780349731
0.6770380735397339
0.6971161961555481
0.6885902881622314
0.6869872212409973
0.6824368834495544
0.685606062412262
0.6854199767112732
0.6836680769920349
0.6763923168182373
0.679649829864502
0.712476372718811
0.6772767305374146
0.6916677355766296
0.6964074373245239
0.7089297771453857
0.6863566637039185
0.6911259889602661
0.6888220310211182
0.6829078197479248
0.6956022381782532
0.6923263669013977
0.6786239743232727
0.675643801689148
0.6681679487228394
0.6817168593406677
0.6851158142089844
0.6851950883865356
0.6786229014396667
0.6930235624313354
0.682491660118103
0.6884170770645142
0.687071681022644
0.6793439388275146
0.688640296459198
0.6886595487594604
0.6766858696937561
0.6791961193084717
0.6931540369987488
0.6782496571540833
0.6894253492355347
0.693504273891449
0.6759330034255981
0.6845011711120605
0.691489577293396
0.6848962903022766
0.7038838267326355
0.6808825135231018
0.6807911992073059
0.6837130784988403
0.6905791163444519
0.6883456110954285
0.6872625946998596
0.6821187138557434
0.7047122716903687
0.6947162747383118
0.6868449449539185
0.6854270100593567
0.6881210207939148
0.6810807585716248
0.6954163908958435
0.6901200413703918
0.6959057450294495
0.6770867705345154
0.6815154552459717
0.6826665997505188
0.6827639937400818
0.6930984258651733
0.6846016049385071
0.6803720593452454
0.6906149983406067
0.688248336315155
0.683163046836853
0.6889159083366394
0.6751517057418823
0.6732340455055237
0.6847234964370728
0.6835043430328369
0.6866114139556885
0.6955108046531677
0.6879034042358398
0.6879369616508484
0.7019599676132202
0.6928572058677673
0.684585452079773
0.6821460127830505
0.682348370552063
0.6827842593193054
0.6788856387138367
0.6803832054138184
0.6861423850059509
0.6931475400924683
0.6827321648597717
0.6862883567810059
0.6768153309822083
0.6819254755973816
0.699717104434967
0.6892924308776855
0.6814360022544861
0.6901158094406128
0.6781671643257141
0.6806890368461609
0.7006964087486267
0.7010576128959656
0.7035896182060242
0.6903769373893738
0.6765989661216736
0.6884649395942688
0.7103284597396851
0.6796190142631531
0.6781594753265381
0.6923679113388062
0.6985077857971191
0.6796547770500183
0.6816191077232361
0.6781167984008789
0.6862200498580933
0.7056235074996948
0.6936444640159607
0.6829631328582764
0.6854014992713928
0.676835298538208
0.6807419061660767
0.6848215460777283
0.6833751797676086
0.6812112331390381
0.6893486380577087
0.6921661496162415
0.6756232976913452
0.6953140497207642
0.6827261447906494
0.6829986572265625
0.6930965781211853
0.6854249238967896
0.6800451874732971
0.6813655495643616
0.6745043396949768
0.6847678422927856
0.689935028553009
0.6894684433937073
0.6910757422447205
0.6946684718132019
0.6912671327590942
0.690413236618042
0.6858662366867065
0.6753945350646973
0.6771814823150635
0.6866794228553772
0.6865875124931335
0.6881130337715149
0.6803524494171143
0.6918903589248657
0.7048211693763733
0.684677004814148
0.6782786250114441
0.6901329159736633
0.6779608726501465
0.6851201057434082
0.6854606866836548
0.6968967914581299
0.690031111240387
0.6775614619255066
0.6803215146064758
0.6865900158882141
0.688072919845581
0.6706774234771729
0.6850857734680176
0.6788353323936462
0.6827999353408813
0.7036933898925781
0.6817823648452759
0.6769328713417053
0.6907770037651062
0.684257984161377
0.6937299966812134
0.6816604733467102
0.6841748952865601
0.6955501437187195
0.6878585815429688
0.680696964263916
0.694881021976471
0.677605152130127
0.6843456625938416
0.689049482345581
0.6908187866210938
0.6844623684883118
0.679226815700531
0.6857620477676392
0.6841137409210205
0.701187252998352
0.690255880355835
0.7006562352180481
0.695585310459137
0.69338458776474
0.684895396232605
0.6939327120780945
0.689767599105835
0.6921067833900452
0.7033304572105408
0.6872639656066895
0.6815376877784729
0.6823992729187012
0.6969982385635376
0.6791214942932129
0.6803560853004456
0.6810109615325928
0.6812313795089722
0.6751049160957336
0.6810021996498108
0.6825160980224609
0.6849567890167236
0.6944587826728821
0.6864528059959412
0.6840053796768188
0.6925946474075317
0.6939827799797058
0.6878456473350525
0.690767228603363
0.6849668025970459
0.6908442378044128
0.6816015243530273
0.6813973188400269
0.6840347051620483
0.679354727268219
0.7043697834014893
0.6838756799697876
0.6914294958114624
0.6817288398742676
0.6910457611083984
0.6952804923057556
0.6833903193473816
0.6897478699684143
0.6903314590454102
0.6824426651000977
0.6884534358978271
0.6934298872947693
0.6931079030036926
0.687876284122467
0.680919349193573
0.6909946799278259
0.6882956027984619
0.6927533149719238
0.6884128451347351
0.6849105954170227
0.6813169121742249
0.707091212272644
0.6807035803794861
0.6801371574401855
0.6847479939460754
0.6851503849029541
0.6789734959602356
0.6879679560661316
0.6808649301528931
0.6787174344062805
0.6931050419807434
0.6836379766464233
0.678800106048584
0.6798589825630188
0.6889978051185608
0.6816993355751038
0.6880636215209961
0.6829304695129395
0.6856688261032104
0.6856746673583984
0.6934543251991272
0.6972089409828186
0.6866133809089661
0.682659924030304
0.6815978288650513
0.6855922341346741
0.6803222298622131
0.6793028116226196
0.6893882155418396
0.6863870024681091
0.6869399547576904
0.6786573529243469
0.6899638175964355
0.68351149559021
0.6805449724197388
0.6849569082260132
0.6822927594184875
0.6754839420318604
0.6948614120483398
0.6818200349807739
0.6719748973846436
0.6841001510620117
0.673423707485199
0.6972124576568604
0.6858956813812256
0.6779260039329529
0.6868047714233398
0.684827446937561
0.6857810616493225
0.6747469305992126
0.6714995503425598
0.6925957202911377
0.6944400072097778
0.713992714881897
0.6816694736480713
0.6874092817306519
0.686136782169342
0.6847233772277832
0.6841510534286499
0.6818900108337402
0.6814754605293274
0.6810944080352783
0.6822820901870728
0.6901804804801941
0.6935015916824341
0.6767745018005371
0.6833145618438721
0.6801767349243164
0.7029630541801453
0.6832415461540222
0.6965259313583374
0.6753290295600891
0.6820778846740723
0.6839321255683899
0.6761783361434937
0.6888836026191711
0.6818340420722961
0.6923871636390686
0.6877470016479492
0.7080522179603577
0.6872180700302124
0.7004189491271973
0.6858590245246887
0.6828945875167847
0.6894248127937317
0.676110565662384
0.6821355223655701
0.6927237510681152
0.67982017993927
0.6961179375648499
0.696138322353363
0.6944441795349121
0.6853988170623779
0.6854754686355591
0.6770374178886414
0.6906463503837585
0.6788580417633057
0.6799363493919373
0.6835464239120483
0.6853986978530884
0.6922523975372314
0.6883012652397156
0.6731409430503845
0.6967225074768066
0.6919252276420593
0.6826445460319519
0.6854158639907837
0.6855621337890625
0.6889320611953735
0.683991551399231
0.6854127645492554
0.6895780563354492
0.6863250732421875
0.6773247718811035
0.7152681350708008
0.6875811219215393
0.6828364133834839
0.6907913088798523
0.688025951385498
0.6933097243309021
0.6884797811508179
0.6758828163146973
0.6891557574272156
0.6841990351676941
0.6856352090835571
0.6949571967124939
0.6848297119140625
0.6960741281509399
0.6878430247306824
0.6981779932975769
0.6819692850112915
0.6810656189918518
0.6964095830917358
0.6898351311683655
0.6813360452651978
0.682826817035675
0.6856681704521179
0.6851800680160522
0.6848666667938232
0.6743100881576538
0.6923789381980896
0.6802090406417847
0.688474178314209
0.6874333024024963
0.6851100921630859
0.6905519366264343
0.6925479173660278
0.6908462643623352
0.6923645734786987
0.7016460299491882
0.678026556968689
0.6839056015014648
0.6894803643226624
0.6889723539352417
0.6939629912376404
0.684833824634552
0.683682382106781
0.6842924356460571
0.6782042384147644
0.6922326683998108
0.6870876550674438
0.6904658675193787
0.7005977034568787
0.703442394733429
0.7116032838821411
0.6843380928039551
0.6800715327262878
0.6753400564193726
0.6903244256973267
0.6889979243278503
0.6777344942092896
0.6844221949577332
0.6891242861747742
0.6836790442466736
0.6909067034721375
0.6860226392745972
0.6806091666221619
0.6959325671195984
0.6757376194000244
0.6760850548744202
0.6836435198783875
0.6833590269088745
0.6738241314888
0.7015504837036133
0.6947622299194336
0.6787817478179932
0.695171058177948
0.6896443367004395
0.6848350167274475
0.6737070083618164
0.684868335723877
0.6898372173309326
0.6758744716644287
0.6936681866645813
0.6943938732147217
0.7019262909889221
0.6932585835456848
0.6970286965370178
0.7004274129867554
0.6909960508346558
0.6924540400505066
0.6960735321044922
0.6875593066215515
0.6939143538475037
0.6815844178199768
0.6987447738647461
0.6915752291679382
0.6799716353416443
0.6837927103042603
0.6894533038139343
0.6939904689788818
0.6827921867370605
0.685720682144165
0.67926424741745
0.6817122101783752
0.6866800785064697
0.6928187012672424
0.6848410367965698
0.6816257238388062
0.6779941320419312
0.6937325596809387
0.6878520250320435
0.6779726147651672
0.6892668604850769
0.6814130544662476
0.6805036067962646
0.6760636568069458
0.6729224920272827
0.6929026246070862
0.6791394352912903
0.6908312439918518
0.6850234866142273
0.6852946281433105
0.6775407195091248
0.6862658262252808
0.6962206959724426
0.683816134929657
0.684330940246582
0.6955087184906006
0.6843152642250061
0.6779597997665405
0.6817741990089417
0.7003883123397827
0.6862305998802185
0.6776925921440125
0.685781717300415
0.6918519139289856
0.6813839077949524
0.699023962020874
0.677119255065918
0.6878876090049744
0.680323600769043
0.6902652978897095
0.6968683004379272
0.6823354363441467
0.6891884207725525
0.7093070149421692
0.694341242313385
0.6873862743377686
0.6879892945289612
0.6754192113876343
0.7071130871772766
0.6742362976074219
0.6742820143699646
0.6725073456764221
0.690438449382782
0.7051764726638794
0.678909957408905
0.7006055116653442
0.6963401436805725
0.7024984359741211
0.6907680034637451
0.6888889074325562
0.6778687834739685
0.6900286078453064
0.6985399723052979
0.6784717440605164
0.6918792724609375
0.6868740320205688
0.6832009553909302
0.680661141872406
0.7022363543510437
0.680385410785675
0.6891647577285767
0.6823930740356445
0.6883984804153442
0.6686611175537109
0.6842882037162781
0.6853945255279541
0.6745966076850891
0.6863340139389038
0.6786742210388184
0.6923581957817078
0.6980355978012085
0.6955549120903015
0.6920164227485657
0.6837785840034485
0.682994544506073
0.6830346584320068
0.6972298622131348
0.6822608709335327
0.6817502975463867
0.6871151328086853
0.6812182068824768
0.6961302161216736
0.6768507957458496
0.6843279004096985
0.6919822692871094
0.6907033920288086
0.6796171069145203
0.6827455163002014
0.6894780993461609
0.693645179271698
0.6786431670188904
0.683436393737793
0.7032272219657898
0.6926699876785278
0.6858809590339661
0.6820495128631592
0.6784952282905579
0.6855283975601196
0.675777018070221
0.6878100037574768
0.6815784573554993
0.6946690082550049
0.6773580312728882
0.6960362195968628
0.6880930066108704
0.6865194439888
0.6785662174224854
0.6843069791793823
0.6873673796653748
0.68816739320755
0.6881800889968872
0.6864385604858398
0.694957435131073
0.6774858832359314
0.6813020706176758
0.6958919167518616
0.6785096526145935
0.6722300052642822
0.6748025417327881
0.6793015003204346
0.6858755946159363
0.6909492611885071
0.6739493608474731
0.6857070326805115
0.6844547986984253
0.7021518349647522
0.6923619508743286
0.6914430260658264
0.6804075837135315
0.6747365593910217
0.6842131018638611
0.6810747385025024
0.6811593770980835
0.6748543977737427
0.6876268982887268
0.6873803734779358
0.6760308742523193
0.6763412952423096
0.6907828450202942
0.6862803101539612
0.6727951169013977
0.6972301602363586
0.6863997578620911
0.6874716877937317
0.7014899849891663
0.6802586317062378
0.6796007752418518
0.6917398571968079
0.6892430782318115
0.6857663989067078
0.6925700902938843
0.6803374886512756
0.6956623792648315
0.6775348782539368
0.6866392493247986
0.6892199516296387
0.6889431476593018
0.6979796290397644
0.687353253364563
0.6888580918312073
0.6731007695198059
0.6936415433883667
0.6864370703697205
0.6773723363876343
0.6816968321800232
0.678981363773346
0.6893814206123352
0.6946679353713989
0.6861918568611145
0.679998517036438
0.6822667717933655
0.6835571527481079
0.6827576756477356
0.6962411403656006
0.6963520646095276
0.6781579852104187
0.6860716938972473
0.695854663848877
0.6871569752693176
0.6840596199035645
0.6739106774330139
0.6763020753860474
0.6815966963768005
0.687180757522583
0.6865667700767517
0.692169189453125
0.6932321786880493
0.6774121522903442
0.6870579123497009
0.6804487109184265
0.6843153238296509
0.681944727897644
0.6887428164482117
0.6844835877418518
0.6990315914154053
0.6936734318733215
0.7195025682449341
0.6852371096611023
0.6928837299346924
0.6805427074432373
0.6867944598197937
0.6814547181129456
0.6863727569580078
0.6791365146636963
0.6842443346977234
0.6903141140937805
0.6819906234741211
0.6822574138641357
0.6908597350120544
0.6867913603782654
0.6905298829078674
0.681923508644104
0.6816843152046204
0.6832036972045898
0.681713342666626
0.6945543885231018
0.6939144730567932
0.692883312702179
0.6756263375282288
0.6886340379714966
0.677085280418396
0.6723358035087585
0.6817324161529541
0.6902788877487183
0.6778011322021484
0.6932447552680969
0.6926960349082947
0.6861422061920166
0.6871243715286255
0.6861892342567444
0.6774428486824036
0.7084463238716125
0.6768616437911987
0.6829912662506104
0.6781271696090698
0.6810407638549805
0.6894964575767517
0.6912742853164673
0.6833036541938782
0.6852157711982727
0.6883313655853271
0.6900972127914429
0.6750743985176086
0.6863939762115479
0.6827701926231384
0.6861060261726379
0.6906270384788513
0.6797927021980286
0.6845209002494812
0.6767973303794861
0.6904420256614685
0.6825346946716309
0.6883684992790222
0.6807368993759155
0.6910694241523743
0.6861721277236938
0.6902942061424255
0.6805920004844666
0.6856161952018738
0.6846582293510437
0.68062424659729
0.6798399090766907
0.6822074055671692
0.6955296993255615
0.6824854016304016
0.6760080456733704
0.6807706356048584
0.6947100758552551
0.6835203170776367
0.6729754209518433
0.6850358247756958
0.6827186942100525
0.6882868409156799
0.6841068267822266
0.6779826283454895
0.6704521775245667
0.6816719770431519
0.6932871341705322
0.6842513680458069
0.6865829825401306
0.6768621802330017
0.6760268807411194
0.694046139717102
0.6842589378356934
0.6812499165534973
0.6885494589805603
0.6971556544303894
0.6787089109420776
0.6833682656288147
0.6936482191085815
0.6861245036125183
0.6804081201553345
0.6915557384490967
0.6854516863822937
0.6857224106788635
0.6898337602615356
0.688086986541748
0.6895394921302795
0.6775469183921814
0.6872787475585938
0.6859790682792664
0.6861706376075745
0.691563069820404
0.6819130778312683
0.6846387386322021
0.686089038848877
0.6848739981651306
0.6862039566040039
0.6759090423583984
0.6908838748931885
0.6811003684997559
0.6958374381065369
0.6804547309875488
0.6953023076057434
0.6947818994522095
0.6784401535987854
0.6883655786514282
0.6783143281936646
0.6924456357955933
0.6740989089012146
0.6919482946395874
0.6894600987434387
0.679885983467102
0.6829257607460022
0.6899816393852234
0.6797050833702087
0.6944281458854675
0.6873890161514282
0.68382728099823
0.6849880814552307
0.6882332563400269
0.6770352125167847
0.6823189854621887
0.688239574432373
0.6767635345458984
0.6838422417640686
0.686276376247406
0.684457540512085
0.6830581426620483
0.6823866367340088
0.6717082858085632
0.6853870749473572
0.6902517676353455
0.6804932951927185
0.6974594593048096
0.6781737804412842
0.7053907513618469
0.691421627998352
0.6758231520652771
0.6930635571479797
0.688160240650177
0.6796178817749023
0.6800788044929504
0.6833175420761108
0.6768524646759033
0.6964274644851685
0.6860717535018921
0.7045108675956726
0.6818786263465881
0.6770213842391968
0.6903337836265564
0.694671630859375
0.6925331950187683
0.6922822594642639
0.6815246939659119
0.6896592378616333
0.6850343346595764
0.6917136311531067
0.6860768795013428
0.6830801963806152
0.6771708726882935
0.6881449818611145
0.6757299900054932
0.686307966709137
0.6799781918525696
0.6833367943763733
0.6882537007331848
0.675603449344635
0.6852839589118958
0.6955996155738831
0.6874440312385559
0.6976184844970703
0.6895774602890015
0.6851579546928406
0.687219500541687
0.6868348121643066
0.6950522065162659
0.6825828552246094
0.6826316118240356
0.7011783123016357
0.6806470155715942
0.6825245022773743
0.6856657862663269
0.68789142370224
0.6777955889701843
0.6781381368637085
0.6964656114578247
0.6865203380584717
0.6865747570991516
0.6960180401802063
0.6821837425231934
0.6845149397850037
0.695361316204071
0.6888572573661804
0.6901874542236328
0.6755592226982117
0.6858884692192078
0.7010326385498047
0.6832680702209473
0.6851711273193359
0.6873470544815063
0.679405689239502
0.6841620206832886
0.6839026212692261
0.6812832355499268
0.674567461013794
0.6881271600723267
0.6788080334663391
0.6854183673858643
0.6936111450195312
0.6797167658805847
0.6867267489433289
0.6855001449584961
0.6898224949836731
0.6874315738677979
0.6801850199699402
0.6801749467849731
0.7038848400115967
0.6754837036132812
0.6989520788192749
0.6859965920448303
0.6741781830787659
0.6862158179283142
0.6911138296127319
0.6830551028251648
0.677582323551178
0.6886877417564392
0.6879655122756958
0.6968894600868225
0.6881946325302124
0.6774235963821411
0.6830005645751953
0.7005413770675659
0.6943256258964539
0.6752065420150757
0.6854406595230103
0.6784469485282898
0.6844730377197266
0.6857495903968811
0.6775638461112976
0.6951828598976135
0.6958321332931519
0.6869992613792419
0.6935418248176575
0.6913269758224487
0.6941394209861755
0.6884683966636658
0.6831375360488892
0.6818310618400574
0.690861701965332
0.687326967716217
0.6863068342208862
0.6847886443138123
0.684705913066864
0.6849309206008911
0.7276396155357361
0.6866113543510437
0.684276282787323
0.6943766474723816
0.6935275793075562
0.6895191073417664
0.6764495968818665
0.6932991743087769
0.6866739392280579
0.6789662837982178
0.6851180791854858
0.687501847743988
0.685698390007019
0.688986599445343
0.6973928809165955
0.696146547794342
0.6882311105728149
0.6917475461959839
0.6775974035263062
0.6765238642692566
0.7066168189048767
0.7000313997268677
0.6896196603775024
0.6855781674385071
0.6917620301246643
0.6786110997200012
0.6800288558006287
0.7008320093154907
0.6980089545249939
0.6910213232040405
0.6777926683425903
0.694175660610199
0.6820534467697144
0.6742199063301086
0.6814438700675964
0.6803246736526489
0.7042766213417053
0.6908580660820007
0.68949294090271
0.6807856559753418
0.6937160491943359
0.6852126121520996
0.6843385696411133
0.6849499940872192
0.6757662892341614
0.6800437569618225
0.6848192811012268
0.6795105934143066
0.6791346669197083
0.6904354095458984
0.6784342527389526
0.6828948855400085
0.6984732747077942
0.7031200528144836
0.6813976168632507
0.682313084602356
0.6785680651664734
0.6901214122772217
0.6852366924285889
0.6899360418319702
0.6782290935516357
0.6871867179870605
0.67925626039505
0.6851664185523987
0.6887984275817871
0.6750916838645935
0.6935847997665405
0.6806209087371826
0.6865586638450623
0.6752076148986816
0.7043967843055725
0.6905436515808105
0.6939210891723633
0.6835615634918213
0.689789354801178
0.6880487203598022
0.6900323033332825
0.6864288449287415
0.6912253499031067
0.6863448619842529
0.6784117221832275
0.6861098408699036
0.6854654550552368
0.6799170970916748
0.6867022514343262
0.6870237588882446
0.6850910782814026
0.6831068396568298
0.688007652759552
0.6826201677322388
0.6909092664718628
0.6914794445037842
0.6925148367881775
0.6865308284759521
0.6784290075302124
0.6832109689712524
0.6836596131324768
0.6793363690376282
0.6772834658622742
0.6923251748085022
0.7050232887268066
0.6750593185424805
0.68760085105896
0.6816637516021729
0.6827226281166077
0.6801171898841858
0.6880508661270142
0.6996135711669922
0.6935405135154724
0.6924263834953308
0.6891536712646484
0.6882644295692444
0.6783834099769592
0.6901677846908569
0.6857413053512573
0.6837317943572998
0.67637699842453
0.682553231716156
0.6891480684280396
0.6723229885101318
0.6863124966621399
0.6964070200920105
0.6842958331108093
0.681468665599823
0.7021164894104004
0.6936325430870056
0.6858305931091309
0.6847259998321533
0.6905722618103027
0.6771419644355774
0.6837770938873291
0.6874750256538391
0.6740239262580872
0.6826383471488953
0.6750307679176331
0.6845946311950684
0.6952418684959412
0.6771182417869568
0.676675021648407
0.6798259019851685
0.6792200803756714
0.6790448427200317
0.677911102771759
0.6782735586166382
0.6810777187347412
0.681228756904602
0.6850125193595886
0.6739482879638672
0.6763100624084473
0.6931162476539612
0.679787814617157
0.684862494468689
0.6692502498626709
0.6939867734909058
0.6817061305046082
0.6893720626831055
0.6836305856704712
0.6899743676185608
0.678317666053772
0.6880843043327332
0.6775693297386169
0.6806177496910095
0.6941686272621155
0.6750270128250122
0.6821608543395996
0.6798420548439026
0.6850473880767822
0.6903629302978516
0.6930220127105713
0.7162708640098572
0.6859796643257141
0.6966724991798401
0.6866094470024109
0.6815011501312256
0.6989023089408875
0.6853437423706055
0.6767733693122864
0.6833088994026184
0.6949231624603271
0.6888956427574158
0.6756730675697327
0.685062825679779
0.698350727558136
0.6827832460403442
0.6848986744880676
0.6861687302589417
0.6910078525543213
0.6930742859840393
0.6844063401222229
0.6847782731056213
0.690878689289093
0.6869317293167114
0.6828759908676147
0.6807187795639038
0.6870538592338562
0.6931632161140442
0.6796246767044067
0.6766065359115601
0.68643718957901
0.6785714030265808
0.6869689226150513
0.6792461276054382
0.6860367059707642
0.6788290739059448
0.683730959892273
0.6908785700798035
0.684287428855896
0.6760014891624451
0.7062801718711853
0.6900413036346436
0.6864137053489685
0.6791688799858093
0.6939088106155396
0.6889417767524719
0.6805720925331116
0.6814746856689453
0.6793943047523499
0.6864042282104492
0.6893518567085266
0.6810808777809143
0.6728993058204651
0.6929596066474915
0.6865075826644897
0.6818608045578003
0.6952635645866394
0.6846936941146851
0.7212846279144287
0.6847253441810608
0.6819554567337036
0.6857179403305054
0.6771554946899414
0.6748021245002747
0.6870294213294983
0.6862425804138184
0.6913022398948669
0.6796618103981018
0.6973674297332764
0.6892198920249939
0.6980761289596558
0.6952885389328003
0.6840345859527588
0.6798403263092041
0.7043074369430542
0.6788678765296936
0.6780847311019897
0.6779152154922485
0.6886061429977417
0.6952548027038574
0.6854325532913208
0.6730480194091797
0.7013881802558899
0.678697943687439
0.6868962049484253
0.6773740649223328
0.6899347305297852
0.6765930652618408
0.683016836643219
0.6772882342338562
0.6819010972976685
0.7009791135787964
0.6797091364860535
0.6838257908821106
0.6915624737739563
0.6824333071708679
0.6969760656356812
0.6874598264694214
0.6815848350524902
0.6802054643630981
0.6910410523414612
0.6817651391029358
0.6753784418106079
0.6897971630096436
0.6877627372741699
0.6817814111709595
0.6892591118812561
0.6845240592956543
0.6819514632225037
0.6931677460670471
0.697311520576477
0.6835470199584961
0.6785734295845032
0.6872687935829163
0.679916501045227
0.6747273206710815
0.6911031603813171
0.6830123662948608
0.6850855946540833
0.6850906610488892
0.6892927885055542
0.681247353553772
0.6820548176765442
0.7048193216323853
0.6894710659980774
0.6825233697891235
0.6966424584388733
0.6839191913604736
0.6893351674079895
0.6790453791618347
0.6781519055366516
0.6821045279502869
0.6858937740325928
0.6856476068496704
0.6813195943832397
0.6806931495666504
0.6752553582191467
0.6844717860221863
0.6845328211784363
0.6832904815673828
0.6805238127708435
0.6910338401794434
0.6942604780197144
0.6965050101280212
0.6895117163658142
0.6860442757606506
0.6760030388832092
0.6788965463638306
0.6824419498443604
0.695723831653595
0.6866977214813232
0.6773446798324585
0.685880720615387
0.680151104927063
0.6843900680541992
0.6794629096984863
0.6900739669799805
0.6958632469177246
0.6800979375839233
0.6853089332580566
0.6975483894348145
0.6839452981948853
0.6890385150909424
0.6891595125198364
0.6777889728546143
0.6815586090087891
0.6837478876113892
0.6780392527580261
0.6891366243362427
0.6800541281700134
0.6855887770652771
0.6857399940490723
0.6750015020370483
0.6875575184822083
0.6729950904846191
0.699806272983551
0.6724002361297607
0.6857829093933105
0.6864129900932312
0.680172860622406
0.6946384310722351
0.6875491142272949
0.679790198802948
0.6794579029083252
0.6951709985733032
0.6792986392974854
0.6876052618026733
0.6860925555229187
0.6840541958808899
0.6903640031814575
0.68813556432724
0.707281231880188
0.6847710609436035
0.6942617297172546
0.6786748766899109
0.6852197647094727
0.6735727190971375
0.6754703521728516
0.6892250776290894
0.67854905128479
0.6928099989891052
0.6808241605758667
0.693649172782898
0.695079505443573
0.6930124163627625
0.6814139485359192
0.68567955493927
0.6785181164741516
0.6883323788642883
0.6858165860176086
0.6915938854217529
0.6805137991905212
0.6800402998924255
0.6843282580375671
0.685936450958252
0.6898837089538574
0.6873778104782104
0.6755890250205994
0.6902145743370056
0.6868113875389099
0.6809050440788269
0.7037065625190735
0.692903995513916
0.6869003176689148
0.6963579654693604
0.6877058148384094
0.6885050535202026
0.7085461020469666
0.6949257254600525
0.6966961026191711
0.6733430027961731
0.6820124387741089
0.7046974897384644
0.6904786229133606
0.677091658115387
0.692715585231781
0.6848257184028625
0.6870287656784058
0.684326171875
0.6936658620834351
0.6964415311813354
0.6885920763015747
0.6905936002731323
0.6735527515411377
0.6865555047988892
0.684899091720581
0.6840123534202576
0.7081857323646545
0.6957528591156006
0.7076253294944763
0.7078761458396912
0.6816325187683105
0.6845108270645142
0.6845977902412415
0.6878128051757812
0.6841297149658203
0.68216472864151
0.6816346645355225
0.6895115971565247
0.6779615879058838
0.6883100271224976
0.6939839124679565
0.6845364570617676
0.6881040930747986
0.6784220933914185
0.6745189428329468
0.6814125776290894
0.6891504526138306
0.6810876727104187
0.6816989779472351
0.6851253509521484
0.683022141456604
0.6798536777496338
0.6675621271133423
0.6835696697235107
0.6795955300331116
0.6845347285270691
0.6778072714805603
0.6749323010444641
0.6726654767990112
0.6882630586624146
0.682051420211792
0.6971493363380432
0.6841188073158264
0.6792870759963989
0.6832345724105835
0.6817959547042847
0.6856966614723206
0.6823387742042542
0.6956430077552795
0.6881580948829651
0.6861851811408997
0.6869338154792786
0.6802000403404236
0.7107210159301758
0.68470698595047
0.6892135739326477
0.6812385320663452
0.6834762692451477
0.6830846071243286
0.6899099349975586
0.6836569905281067
0.6833247542381287
0.6951821446418762
0.6781246662139893
0.6848283410072327
0.6837368011474609
0.6888231635093689
0.686278223991394
0.7052665948867798
0.6850812435150146
0.6915656924247742
0.6964833736419678
0.6924031376838684
0.6757640838623047
0.6856098771095276
0.6861122846603394
0.6778363585472107
0.6913825869560242
0.6821733713150024
0.6787030696868896
0.6834948062896729
0.6914991140365601
0.6791612505912781
0.6781585812568665
0.6840271949768066
0.6910442113876343
0.6771390438079834
0.6806597113609314
0.7002517580986023
0.6862646341323853
0.679515540599823
0.6782991886138916
0.6826459169387817
0.687457263469696
0.6811252236366272
0.6868536472320557
0.6822497844696045
0.6782702207565308
0.6857475638389587
0.6785512566566467
0.6801770925521851
0.6861593723297119
0.6921296119689941
0.6823522448539734
0.687987208366394
0.6785672307014465
0.6827749609947205
0.6916078329086304
0.6796934008598328
0.6931406259536743
0.6826501488685608
0.7135734558105469
0.6979189515113831
0.6908260583877563
0.6786587238311768
0.6886116862297058
0.6868665218353271
0.685983419418335
0.6828194856643677
0.6778570413589478
0.6988786458969116
0.6841321587562561
0.6888409852981567
0.6906376481056213
0.681393563747406
0.6921387910842896
0.7048561573028564
0.6808962225914001
0.691325306892395
0.6891210675239563
0.6801922917366028
0.68306964635849
0.6854597330093384
0.6813728213310242
0.6884154081344604
0.689601719379425
0.6921384930610657
0.6856815218925476
0.7025205492973328
0.6824654340744019
0.698874294757843
0.6881929636001587
0.6781171560287476
0.6784183382987976
0.6794272065162659
0.7016214728355408
0.6881135106086731
0.680891752243042
0.6853205561637878
0.6892361640930176
0.6812189221382141
0.6819308400154114
0.7002857327461243
0.683536171913147
0.6829201579093933
0.6869083046913147
0.6817507147789001
0.6846757531166077
0.6840143203735352
0.6768412590026855
0.6848896145820618
0.6831483244895935
0.6854820847511292
0.6841191053390503
0.6970340609550476
0.6808160543441772
0.6828319430351257
0.6904813647270203
0.6897562146186829
0.6883952021598816
0.6810925006866455
0.704576849937439
0.6814696192741394
0.7017983198165894
0.6979726552963257
0.6743101477622986
0.6776268482208252
0.6862103939056396
0.6870766878128052
0.6819486021995544
0.6886647343635559
0.6869062781333923
0.6781772971153259
0.6927240490913391
0.677989661693573
0.6864619851112366
0.6860961318016052
0.6794677376747131
0.6793749332427979
0.6851708889007568
0.6796643137931824
0.6802293062210083
0.6853204369544983
0.6747420430183411
0.6977755427360535
0.6852271556854248
0.6717585921287537
0.6842842102050781
0.695378839969635
0.6850974559783936
0.6844255924224854
0.6838903427124023
0.6782017350196838
0.6917517781257629
0.691313624382019
0.6835477948188782
0.6869678497314453
0.6879172325134277
0.6809839010238647
0.6870275735855103
0.6822493076324463
0.6935299634933472
0.6885217428207397
0.6860554814338684
0.6881670951843262
0.6960985660552979
0.6824617981910706
0.6754725575447083
0.6923658847808838
0.6825507283210754
0.6785727739334106
0.694219172000885
0.6902161836624146
0.6745465993881226
0.6863368153572083
0.6861450672149658
0.6863742470741272
0.6880231499671936
0.6947963237762451
0.6825189590454102
0.6884374022483826
0.6828729510307312
0.6880869269371033
0.700934886932373
0.6988233327865601
0.6770070195198059
0.6920815706253052
0.6971220970153809
0.6808103322982788
0.6781828999519348
0.7042035460472107
0.6767498850822449
0.6825193166732788
0.6824690699577332
0.6837943196296692
0.6946191787719727
0.692758321762085
0.6876320838928223
0.6916632652282715
0.6881582140922546
0.6871318221092224
0.6823358535766602
0.6968809962272644
0.6808037161827087
0.6735027432441711
0.6778032183647156
0.6878870725631714
0.6801851987838745
0.6859657764434814
0.6845679879188538
0.6901556253433228
0.6913391351699829
0.6850529313087463
0.6891182065010071
0.6912406086921692
0.6828300952911377
0.6840449571609497
0.68620365858078
0.6976399421691895
0.6885797381401062
0.6742729544639587
0.6965731382369995
0.6879514455795288
0.683809220790863
0.6826906800270081
0.6819033026695251
0.6903839111328125
0.6776494979858398
0.6933006644248962
0.6830440759658813
0.6860838532447815
0.6935207843780518
0.6802697777748108
0.692107081413269
0.6887624263763428
0.7058521509170532
0.6856760382652283
0.6876556277275085
0.6779258251190186
0.6905271410942078
0.6973053812980652
0.6876983642578125
0.6918895840644836
0.6931557059288025
0.6868771314620972
0.6968201398849487
0.6793493628501892
0.6974292993545532
0.6846672892570496
0.68636554479599
0.6847272515296936
0.6843779683113098
0.6813783645629883
0.6787225604057312
0.6888976693153381
0.6769524812698364
0.695073664188385
0.6825430989265442
0.683499813079834
0.6755327582359314
0.6788883805274963
0.6916136741638184
0.691963255405426
0.6791563630104065
0.7032332420349121
0.6795759797096252
0.6844848990440369
0.6834421753883362
0.6875366568565369
0.6799744963645935
0.6809456944465637
0.7063023447990417
0.6882967948913574
0.6754387021064758
0.6805294156074524
0.6885930895805359
0.6849145889282227
0.6931298971176147
0.7040193676948547
0.6821109056472778
0.6772578954696655
0.6916015148162842
0.6957733631134033
0.6854716539382935
0.6829378604888916
0.6991873979568481
0.6807839274406433
0.6749496459960938
0.695533275604248
0.6759805083274841
0.7032084465026855
0.6907880306243896
0.6944886445999146
0.6828951835632324
0.6817340850830078
0.6803364157676697
0.6795996427536011
0.6841028332710266
0.683249831199646
0.6843714714050293
0.6841307878494263
0.6903396844863892
0.68422931432724
0.6888101696968079
0.6848919987678528
0.6824235320091248
0.695992648601532
0.6856160759925842
0.6930786967277527
0.6826534271240234
0.6817553639411926
0.6778346300125122
0.7020716071128845
0.6815513372421265
0.6766068339347839
0.682440996170044
0.6853885054588318
0.6839007139205933
0.6735121011734009
0.6896329522132874
0.6800498962402344
0.6827378273010254
0.6891396045684814
0.6869239807128906
0.6847650408744812
0.6895251870155334
0.6973882913589478
0.6887751221656799
0.6778087615966797
0.6895431280136108
0.6875726580619812
0.6815341114997864
0.6858150959014893
0.6906265020370483
0.6801280379295349
0.688547670841217
0.6815675497055054
0.6944696307182312
0.6793588995933533
0.6876880526542664
0.6822407841682434
0.6864514946937561
0.6715131998062134
0.6815578937530518
0.6709018349647522
0.6860080361366272
0.6878295540809631
0.690275251865387
0.6793124675750732
0.6931759119033813
0.6948654651641846
0.6825440526008606
0.688899040222168
0.6766122579574585
0.6802434921264648
0.6927483081817627
0.6825891137123108
0.6984613537788391
0.6894060373306274
0.6991360187530518
0.6967890858650208
0.6811482310295105
0.6864227056503296
0.6821844577789307
0.6763342022895813
0.6971197128295898
0.6842530369758606
0.6931947469711304
0.6792629957199097
0.6816074848175049
0.689314067363739
0.6916557550430298
0.6828581690788269
0.6935209035873413
0.6765256524085999
0.683444082736969
0.6766631007194519
0.6873489618301392
0.674183189868927
0.6867111921310425
0.6845439672470093
0.679533064365387
0.6883818507194519
0.6817986369132996
0.6864753365516663
0.6857306361198425
0.6870484948158264
0.6864572763442993
0.6836013793945312
0.696643054485321
0.6781954765319824
0.6785988211631775
0.6780806183815002
0.6813125610351562
0.6973176002502441
0.6899402141571045
0.6851340532302856
0.6861230731010437
0.6906227469444275
0.6799888610839844
0.6772870421409607
0.6941129565238953
0.6852614879608154
0.6796611547470093
0.6819563508033752
0.6660680770874023
0.6991757154464722
0.7090726494789124
0.6849389672279358
0.6798000931739807
0.690920889377594
0.6884877681732178
0.7084288597106934
0.6853677034378052
0.6882632970809937
0.6908347606658936
0.679903507232666
0.677608072757721
0.6900944113731384
0.6808637976646423
0.6747452020645142
0.6825808882713318
0.6827887892723083
0.6860433220863342
0.679500162601471
0.6905837059020996
0.6919914484024048
0.6788511872291565
0.6863479614257812
0.6881792545318604
0.6901665329933167
0.6900420784950256
0.6784946322441101
0.6805970668792725
0.7249987125396729
0.6867927312850952
0.6985551118850708
0.6823161244392395
0.6928986310958862
0.6851187944412231
0.6843336820602417
0.6869340538978577
0.682701587677002
0.6789221167564392
0.6883792877197266
0.6784765124320984
0.6911700963973999
0.6783291101455688
0.6756921410560608
0.6862984895706177
0.6977161169052124
0.6794072985649109
0.6876683831214905
0.6880968809127808
0.6905753016471863
0.6845983862876892
0.6890655755996704
0.6828125715255737
0.6896723508834839
0.6726052165031433
0.6888033151626587
0.6778087019920349
0.6825446486473083
0.6859695315361023
0.691760241985321
0.6890985369682312
0.6934159398078918
0.6967880725860596
0.6819639205932617
0.6896310448646545
0.6821392178535461
0.7067420482635498
0.6794143915176392
0.6793481111526489
0.6816641092300415
0.6786079406738281
0.6808204650878906
0.6815339922904968
0.6760289669036865
0.6767987608909607
0.6925182342529297
0.6915268301963806
0.6962118744850159
0.6906147599220276
0.6890389323234558
0.6798168420791626
0.6896148324012756
0.6943956017494202
0.6912813186645508
0.6737716794013977
0.6850323677062988
0.6928650140762329
0.6765204071998596
0.6948562264442444
0.6769319772720337
0.6878665685653687
0.6857720613479614
0.6868449449539185
0.6836075186729431
0.6841522455215454
0.6947332620620728
0.6895910501480103
0.6821467876434326
0.6865304708480835
0.6902949810028076
0.6815647482872009
0.7232991456985474
0.6846215128898621
0.6771941184997559
0.6896558403968811
0.6956433653831482
0.6798369288444519
0.6820374131202698
0.6939014196395874
0.6836568117141724
0.6878911256790161
0.6816829442977905
0.680214524269104
0.6859015822410583
0.6888706088066101
0.6832128763198853
0.6880688071250916
0.6911335587501526
0.6853909492492676
0.6973550915718079
0.6922050714492798
0.6795448660850525
0.6891846656799316
0.6807165741920471
0.6742894649505615
0.6890360116958618
0.6890696287155151
0.6834518313407898
0.6778739094734192
0.6800121665000916
0.6836732029914856
0.6785157322883606
0.6808889508247375
0.6931106448173523
0.6900945901870728
0.6828266978263855
0.6891457438468933
0.6802276372909546
0.6849522590637207
0.7053259015083313
0.6854946613311768
0.6892464756965637
0.6800702810287476
0.6831927299499512
0.6865795254707336
0.6786443591117859
0.7034481763839722
0.6777758002281189
0.686946451663971
0.6874567270278931
0.6866552233695984
0.6848058104515076
0.6879959106445312
0.6854797601699829
0.6916955709457397
0.6864023804664612
0.6887804865837097
0.6774821281433105
0.6862240433692932
0.6960318088531494
0.6803632378578186
0.6746545433998108
0.6817135214805603
0.6943360567092896
0.679290235042572
0.6971431970596313
0.6872437596321106
0.6808459758758545
0.6963086128234863
0.7036381363868713
0.6818913221359253
0.6843782067298889
0.6853501796722412
0.6875659823417664
0.6779699325561523
0.6829659938812256
0.6936541199684143
0.6840170621871948
0.6788792610168457
0.6797757148742676
0.6956230998039246
0.6902872920036316
0.6827263236045837
0.692089855670929
0.6809823513031006
0.6882798671722412
0.6848124861717224
0.6827056407928467
0.6783279180526733
0.6846442818641663
0.6843262314796448
0.6805892586708069
0.6730157732963562
0.6815576553344727
0.6847275495529175
0.6836715340614319
0.6884382963180542
0.6829964518547058
0.6802785992622375
0.6869010925292969
0.6858851313591003
0.686883270740509
0.6878126263618469
0.6874428987503052
0.681179940700531
0.6905335783958435
0.6850054860115051
0.6812562346458435
0.7290683388710022
0.6786912083625793
0.6829423904418945
0.6829577088356018
0.6852020621299744
0.6831811666488647
0.6811870336532593
0.6844375729560852
0.6846281290054321
0.690665602684021
0.6958003044128418
0.7002846598625183
0.6849526166915894
0.6851032376289368
0.6882738471031189
0.6809834241867065
0.6757743954658508
0.6872348189353943
0.6853854060173035
0.6845438480377197
0.6798189878463745
0.6775643229484558
0.6800928711891174
0.688479483127594
0.678439199924469
0.6877403855323792
0.6799958348274231
0.6929494738578796
0.6873233318328857
0.6874669790267944
0.6965367197990417
0.675076425075531
0.6943541169166565
0.6834202408790588
0.6974695324897766
0.6818819046020508
0.6880127787590027
0.7036901712417603
0.6733033657073975
0.6826968789100647
0.6989632248878479
0.6844869256019592
0.6785433292388916
0.689150869846344
0.6842372417449951
0.6841523051261902
0.6914098858833313
0.6858817338943481
0.6872411966323853
0.6782873272895813
0.6898297667503357
0.6878859996795654
0.6750079393386841
0.6809918880462646
0.6820734143257141
0.6795599460601807
0.6926256418228149
0.6802857518196106
0.6835176348686218
0.6914050579071045
0.6862851977348328
0.6830307841300964
0.6837717890739441
0.684248685836792
0.6777515411376953
0.6882991790771484
0.693244457244873
0.6827223300933838
0.687023401260376
0.687271237373352
0.6849781274795532
0.6961654424667358
0.692010223865509
0.6790602207183838
0.6806753277778625
0.6768958568572998
0.6915525794029236
0.6938172578811646
0.682125985622406
0.6851642727851868
0.6788193583488464
0.6854175925254822
0.6846383810043335
0.684912383556366
0.682253360748291
0.6836854219436646
0.6973671317100525
0.6822130680084229
0.6878647208213806
0.6795670986175537
0.6796615719795227
0.6821500062942505
0.686644434928894
0.6836227774620056
0.6859626770019531
0.7101752758026123
0.6861115097999573
0.6818846464157104
0.6767994165420532
0.68526691198349
0.677627682685852
0.7054291367530823
0.6864711046218872
0.684691309928894
0.6896370649337769
0.6748194098472595
0.6874630451202393
0.6918408274650574
0.68021160364151
0.6725429892539978
0.6776631474494934
0.6809064745903015
0.6784917116165161
0.6882083415985107
0.6909206509590149
0.6947422027587891
0.6955849528312683
0.6750892996788025
0.6862589716911316
0.6788184642791748
0.6849103569984436
0.6801179051399231
0.6836151480674744
0.6834452748298645
0.6999610662460327
0.6833130121231079
0.6816946268081665
0.6859474182128906
0.6842423677444458
0.6785035133361816
0.6811813116073608
0.6863648295402527
0.6871938109397888
0.6882911324501038
0.6865780353546143
0.6848347783088684
0.6923810243606567
0.6842372417449951
0.6762003898620605
0.6773214936256409
0.6899224519729614
0.6821647882461548
0.692467212677002
0.690369188785553
0.6828070878982544
0.6903257369995117
0.6809598803520203
0.6812312006950378
0.6851651668548584
0.6913117170333862
0.6792036294937134
0.6896123886108398
0.686878502368927
0.6850824356079102
0.6882914900779724
0.7065050601959229
0.6762733459472656
0.6829738616943359
0.6965228915214539
0.695779025554657
0.6921994090080261
0.6879091262817383
0.6724842190742493
0.680304765701294
0.6828426122665405
0.682380735874176
0.692393958568573
0.695207953453064
0.6868661642074585
0.6860118508338928
0.6796417832374573
0.6811991930007935
0.6919019818305969
0.686737060546875
0.6899915337562561
0.6867186427116394
0.6986162066459656
0.6935873031616211
0.6873332858085632
0.6851381659507751
0.6793946027755737
0.6866547465324402
0.6904109716415405
0.6889028549194336
0.6873772144317627
0.6807780861854553
0.6761456727981567
0.685857355594635
0.6785950064659119
0.6872951984405518
0.6810542941093445
0.6867498159408569
0.6906474232673645
0.6844528317451477
0.6832414865493774
0.6881840825080872
0.6715003252029419
0.6858149766921997
0.687804639339447
0.681258499622345
0.6944758296012878
0.674376368522644
0.6798912882804871
0.6892229318618774
0.6767476201057434
0.700343668460846
0.679920494556427
0.683311402797699
0.6927241683006287
0.6785289645195007
0.6776366829872131
0.6882577538490295
0.6854557991027832
0.7107279896736145
0.6834549903869629
0.6866167187690735
0.6906498074531555
0.6812288761138916
0.6956965327262878
0.6798951029777527
0.7186228632926941
0.6793725490570068
0.6840108036994934
0.6770102381706238
0.6872032284736633
0.6805850863456726
0.6938768029212952
0.7059652805328369
0.6828426122665405
0.6731373071670532
0.6897134184837341
0.6904336214065552
0.687788724899292
0.6957092881202698
0.6854746341705322
0.6774511933326721
0.6814602017402649
0.6849923133850098
0.6758102178573608
0.6926369071006775
0.7061312794685364
0.6939482092857361
0.6837708353996277
0.677287757396698
0.6889171600341797
0.6847259998321533
0.6945891380310059
0.6934332847595215
0.6879919767379761
0.6869571208953857
0.680803656578064
0.6767593622207642
0.6878198385238647
0.6919765472412109
0.6746909618377686
0.6827823519706726
0.6812069416046143
0.6786319017410278
0.678953230381012
0.69245845079422
0.6888599991798401
0.68171226978302
0.683469831943512
0.6885719299316406
0.6739948391914368
0.6854216456413269
0.6912897825241089
0.682099461555481
0.680509626865387
0.6932191252708435
0.6764460206031799
0.6865879893302917
0.6819781064987183
0.6874724626541138
0.6830409169197083
0.6927715539932251
0.6970990300178528
0.6770285964012146
0.6955351829528809
0.6939099431037903
0.6895754933357239
0.6850979328155518
0.6902825832366943
0.6845118403434753
0.6744436621665955
0.6873428225517273
0.6970718502998352
0.6985605359077454
0.6861963272094727
0.6831253170967102
0.6960479021072388
0.6909471750259399
0.6832648515701294
0.685224711894989
0.6820277571678162
0.670923113822937
0.6901074647903442
0.698502779006958
0.6825957894325256
0.6894481182098389
0.6844545602798462
0.6924037337303162
0.6848670244216919
0.6974200010299683
0.6840772032737732
0.6924625635147095
0.6764560341835022
0.6840217709541321
0.6804977655410767
0.6833363175392151
0.6826212406158447
0.6909671425819397
0.6782869696617126
0.6920533180236816
0.6839281320571899
0.6877843141555786
0.6843122243881226
0.6812606453895569
0.680536687374115
0.7002840042114258
0.6890970468521118
0.6933263540267944
0.675629198551178
0.684695839881897
0.6911860108375549
0.6882513165473938
0.6833429336547852
0.6953770518302917
0.67710280418396
0.701137125492096
0.6792254447937012
0.6859232187271118
0.6883949041366577
0.6839581727981567
0.6818744540214539
0.6850897669792175
0.7125626802444458
0.6772217154502869
0.6922244429588318
0.6868261694908142
0.6765010356903076
0.6765050292015076
0.6874210834503174
0.671217679977417
0.691852867603302
0.6876906752586365
0.68768310546875
0.6867772340774536
0.6775045990943909
0.6936679482460022
0.6841975450515747
0.6814736127853394
0.6736143827438354
0.6742733120918274
0.6879567503929138
0.6814424395561218
0.6953944563865662
0.6855608820915222
0.6839901208877563
0.6829953193664551
0.685452938079834
0.6943336129188538
0.6918120980262756
0.6811692118644714
0.6819238066673279
0.6929081678390503
0.6856423020362854
0.683676540851593
0.6872437000274658
0.6889233589172363
0.6791788339614868
0.6857681274414062
0.6821035742759705
0.6881111860275269
0.684752345085144
0.6822733879089355
0.6764064431190491
0.6808573007583618
0.6871516108512878
0.7039982676506042
0.6907191872596741
0.6875458359718323
0.6741700172424316
0.6891181468963623
0.6813951134681702
0.6915150284767151
0.6813655495643616
0.6982513070106506
0.6833088397979736
0.6837399005889893
0.6996046900749207
0.6898592710494995
0.6853022575378418
0.6798222661018372
0.6831151247024536
0.6804172396659851
0.685597836971283
0.6938802003860474
0.680436909198761
0.6827906370162964
0.6850341558456421
0.6745750904083252
0.6819970011711121
0.6966579556465149
0.6945552825927734
0.6987324953079224
0.6869399547576904
0.6988447308540344
0.6814972758293152
0.6777327656745911
0.6790406107902527
0.6998165249824524
0.6841650009155273
0.6954439282417297
0.6845331192016602
0.7298622727394104
0.6961730122566223
0.6902281641960144
0.6950917840003967
0.680741548538208
0.6921767592430115
0.6890431642532349
0.6783691048622131
0.6862444877624512
0.6770409941673279
0.6931890845298767
0.7040898203849792
0.6818280220031738
0.6801556944847107
0.6902034282684326
0.6833958029747009
0.6964555978775024
0.6717866659164429
0.6853591203689575
0.6882174015045166
0.6862025856971741
0.6918631792068481
0.6853973269462585
0.6776909232139587
0.6748263835906982
0.6958280205726624
0.6912468671798706
0.6827054619789124
0.6899999976158142
0.6919873356819153
0.6880393624305725
0.6820142269134521
0.6807485818862915
0.690725564956665
0.6832630634307861
0.6926538348197937
0.6842098236083984
0.7086949348449707
0.6967501640319824
0.6847438812255859
0.6786083579063416
0.6985868215560913
0.6778553128242493
0.6913037300109863
0.6769155859947205
0.6953248977661133
0.6793174743652344
0.68771892786026
0.6903634667396545
0.6812668442726135
0.6746885180473328
0.6935798525810242
0.6861118078231812
0.6791927218437195
0.6801180839538574
0.6871600151062012
0.6746838092803955
0.7104791402816772
0.6888275146484375
0.6876153945922852
0.6758603453636169
0.6760603189468384
0.6902363896369934
0.684668779373169
0.684143602848053
0.6779233813285828
0.6824578642845154
0.678533673286438
0.6822760105133057
0.6746554374694824
0.6843992471694946
0.6773911714553833
0.6922863721847534
0.6823908090591431
0.6877903938293457
0.6820599436759949
0.6836101412773132
0.6859590411186218
0.6997127532958984
0.6812646985054016
0.6917763352394104
0.676034152507782
0.6948387622833252
0.6901211738586426
0.6814415454864502
0.6738019585609436
0.6828734278678894
0.68971848487854
0.6722245216369629
0.677105188369751
0.6784132719039917
0.6910443305969238
0.707931399345398
0.6921362280845642
0.6928456425666809
0.6792649626731873
0.6912105679512024
0.6871020793914795
0.6786275506019592
0.684744119644165
0.6906087398529053
0.6833890080451965
0.6783297061920166
0.6834384799003601
0.6928071975708008
0.6712042093276978
0.6783173084259033
0.6751257181167603
0.6808245182037354
0.6801611185073853
0.685920238494873
0.6869825124740601
0.6857088208198547
0.6757580041885376
0.6758036017417908
0.7010749578475952
0.6842311024665833
0.6916399598121643
0.7043170928955078
0.6864880323410034
0.7009943723678589
0.6941477060317993
0.6952118873596191
0.6825363039970398
0.6847636103630066
0.6877358555793762
0.690887451171875
0.6945475339889526
0.6822630763053894
0.6860367655754089
0.6797806024551392
0.6928809285163879
0.6790871024131775
0.692048192024231
0.6885745525360107
0.6912232637405396
0.6796066164970398
0.6755857467651367
0.692633330821991
0.68773353099823
0.6816806197166443
0.6868573427200317
0.6837084293365479
0.6957166790962219
0.6774072647094727
0.6896179914474487
0.6805521845817566
0.6787059307098389
0.6979657411575317
0.6912859678268433
0.6756484508514404
0.67936772108078
0.6794191002845764
0.70981764793396
0.6881528496742249
0.6949140429496765
0.6742492914199829
0.682314932346344
0.6807608604431152
0.6805373430252075
0.6953199505805969
0.6849027872085571
0.680836021900177
0.6855879426002502
0.6835353970527649
0.6823041439056396
0.679314911365509
0.6698921918869019
0.6865831017494202
0.6734375357627869
0.6899797916412354
0.6884265542030334
0.6898259520530701
0.6946038603782654
0.6749411821365356
0.6796811819076538
0.6923596858978271
0.6798789501190186
0.6900383830070496
0.6873308420181274
0.6851578950881958
0.7007527947425842
0.7232469916343689
0.68218594789505
0.6749032735824585
0.6802268624305725
0.6817521452903748
0.6748155951499939
0.6846888661384583
0.6843115091323853
0.6858268976211548
0.6925780177116394
0.6813128590583801
0.6891315579414368
0.6832128763198853
0.6897551417350769
0.6839067339897156
0.67110675573349
0.6815297603607178
0.6920381784439087
0.6865609884262085
0.6807660460472107
0.6902164816856384
0.6869792938232422
0.6837812662124634
0.6882477402687073
0.6796302795410156
0.6848143935203552
0.6808022260665894
0.6898480653762817
0.6891220808029175
0.6940264105796814
0.6838033199310303
0.6837242245674133
0.6865454912185669
0.6811743378639221
0.6847045421600342
0.6808469295501709
0.6747936010360718
0.6841341853141785
0.7000349164009094
0.6919804215431213
0.6893215179443359
0.6843385696411133
0.6842671036720276
0.6899591088294983
0.6962640881538391
0.6805726289749146
0.6899307370185852
0.6915706992149353
0.6861238479614258
0.6822968125343323
0.683846652507782
0.6907325387001038
0.6905726194381714
0.6817452907562256
0.6840898990631104
0.6926019191741943
0.6944804787635803
0.6892609596252441
0.6863141059875488
0.7130287885665894
0.6891822814941406
0.6841912865638733
0.6861951351165771
0.6846945881843567
0.6870855689048767
0.6864773035049438
0.6759240627288818
0.6929839849472046
0.6810876727104187
0.6955729126930237
0.6787371635437012
0.685425877571106
0.6829298734664917
0.671076238155365
0.6904889345169067
0.6869253516197205
0.6835038065910339
0.6810514330863953
0.6976385116577148
0.6950358152389526
0.6834276914596558
0.6852493286132812
0.6868724226951599
0.6891133189201355
0.6810123920440674
0.6825252771377563
0.6844220161437988
0.6871286630630493
0.6901269555091858
0.7181521058082581
0.6780558824539185
0.6959261894226074
0.6930068135261536
0.6943843960762024
0.6778340935707092
0.6906203031539917
0.6714568734169006
0.6875706315040588
0.6876526474952698
0.680786669254303
0.6921042203903198
0.686701774597168
0.6854915618896484
0.680633008480072
0.684499979019165
0.6875646710395813
0.6821497082710266
0.6982932686805725
0.688866376876831
0.7008235454559326
0.6964401006698608
0.6922317743301392
0.7006811499595642
0.6834704279899597
0.7027037143707275
0.6883366107940674
0.6947627663612366
0.6769433617591858
0.6917677521705627
0.691193163394928
0.6882733702659607
0.6942371129989624
0.677117109298706
0.6826581954956055
0.6935360431671143
0.689404308795929
0.680486798286438
0.693386435508728
0.6730444431304932
0.6974471807479858
0.6833369135856628
0.6867445111274719
0.6835212111473083
0.6937029361724854
0.677798330783844
0.7068195939064026
0.68477863073349
0.6817398071289062
0.6852490305900574
0.6816407442092896
0.6746400594711304
0.6888299584388733
0.6900241374969482
0.6792890429496765
0.6788592338562012
0.6855828762054443
0.6893641352653503
0.6794577836990356
0.6888689398765564
0.6937332153320312
0.68057781457901
0.6901944279670715
0.7060813307762146
0.6859918236732483
0.6854324340820312
0.6931732892990112
0.680357038974762
0.6874392628669739
0.6843326687812805
0.6826558709144592
0.6958597898483276
0.6846200227737427
0.6867513060569763
0.6899405121803284
0.686237633228302
0.686583399772644
0.6843810677528381
0.6939802765846252
0.6680789589881897
0.6979392170906067
0.6927310824394226
0.6926988959312439
0.6825010776519775
0.690957248210907
0.6872192621231079
0.6811466217041016
0.6820963025093079
0.6882007718086243
0.6796773076057434
0.7000074982643127
0.6771185994148254
0.680347204208374
0.6857060790061951
0.6874691247940063
0.68431556224823
0.6924778819084167
0.6799152493476868
0.6967609524726868
0.6860641241073608
0.6848259568214417
0.6810796856880188
0.6871308088302612
0.6756826639175415
0.6953286528587341
0.6822959184646606
0.6870101690292358
0.688278079032898
0.6824814081192017
0.6809991598129272
0.6872549653053284
0.6787206530570984
0.6779950261116028
0.6857002973556519
0.6906230449676514
0.6904436945915222
0.6878846883773804
0.69270920753479
0.6868177056312561
0.6834151148796082
0.683068573474884
0.6914927363395691
0.6792160868644714
0.6926038861274719
0.6865557432174683
0.701722264289856
0.6887974739074707
0.6919012069702148
0.6893292665481567
0.686149537563324
0.6860283613204956
0.6761705875396729
0.6818710565567017
0.6841384768486023
0.6840546727180481
0.6780493259429932
0.6869028806686401
0.6783446073532104
0.6873329877853394
0.6944239139556885
0.6779919862747192
0.6777613759040833
0.6799850463867188
0.6801824569702148
0.6904752254486084
0.6876940727233887
0.6808935403823853
0.6750848889350891
0.6899241805076599
0.6812068819999695
0.6815999150276184
0.6856347322463989
0.6974931955337524
0.6839048266410828
0.6837220788002014
0.6801983714103699
0.6870750784873962
0.6892253756523132
0.6869621276855469
0.6803664565086365
0.6908852458000183
0.6793035864830017
0.6896278262138367
0.6829203963279724
0.6737064719200134
0.6755537390708923
0.6877865791320801
0.6971298456192017
0.6880323886871338
0.7173322439193726
0.6737181544303894
0.6776321530342102
0.6847934722900391
0.6814268827438354
0.681821346282959
0.693173885345459
0.6972149014472961
0.6874446272850037
0.6927109956741333
0.6830189824104309
0.6898401379585266
0.6845877766609192
0.6882315874099731
0.6834843754768372
0.6836734414100647
0.6721101403236389
0.6826388835906982
0.6932862997055054
0.6832048892974854
0.6928501129150391
0.6836724281311035
0.7220628261566162
0.6762029528617859
0.6788559556007385
0.6821141839027405
0.6851871013641357
0.6851235032081604
0.6821446418762207
0.6831569671630859
0.6936744451522827
0.6768695116043091
0.6848201751708984
0.6949582695960999
0.6738061308860779
0.693050742149353
0.6788275241851807
0.6947923302650452
0.6913936734199524
0.6782990097999573
0.6879129409790039
0.6815500259399414
0.6802053451538086
0.687191903591156
0.6810485124588013
0.6762725710868835
0.6793004870414734
0.6860032081604004
0.6851993203163147
0.6810153722763062
0.6821698546409607
0.6778752207756042
0.6865885257720947
0.677405834197998
0.6771558523178101
0.6858716011047363
0.678400993347168
0.6845812797546387
0.6815130114555359
0.6848269104957581
0.682273268699646
0.6857686042785645
0.6789877414703369
0.6858398914337158
0.6841374635696411
0.6989742517471313
0.7000017762184143
0.6875963807106018
0.6885863542556763
0.6851044297218323
0.6842935681343079
0.6935687065124512
0.6735301613807678
0.6969063878059387
0.6876016855239868
0.7017173171043396
0.6936964392662048
0.6939372420310974
0.687275230884552
0.6912767291069031
0.6857870221138
0.6883185505867004
0.6891924142837524
0.6853201389312744
0.690566897392273
0.6740028858184814
0.6941606998443604
0.6846539974212646
0.6866490840911865
0.6796483397483826
0.6926191449165344
0.68436199426651
0.6991481781005859
0.6796584725379944
0.6887507438659668
0.702195942401886
0.689644455909729
0.6966648697853088
0.6727136373519897
0.6873700618743896
0.6796558499336243
0.6886846423149109
0.6830025315284729
0.682310163974762
0.6847960352897644
0.6842799186706543
0.7033315300941467
0.6811656355857849
0.6918107271194458
0.6858165264129639
0.6758034825325012
0.6789883971214294
0.6813880205154419
0.6908088326454163
0.6877328157424927
0.6895059943199158
0.6920408010482788
0.6866582632064819
0.6947829723358154
0.6859134435653687
0.690045952796936
0.6799961924552917
0.6930529475212097
0.6868024468421936
0.6841457486152649
0.6862798929214478
0.6838769316673279
0.6940192580223083
0.6883939504623413
0.6863958239555359
0.6925482153892517
0.6772438287734985
0.6858545541763306
0.6879799962043762
0.6872153878211975
0.7024809122085571
0.6769219636917114
0.6809991598129272
0.6845882534980774
0.700947105884552
0.6826715469360352
0.6889318823814392
0.6738916039466858
0.676516592502594
0.6915765404701233
0.6832782626152039
0.6861059069633484
0.6771680116653442
0.6940633654594421
0.6886802911758423
0.674897313117981
0.6944605708122253
0.6950987577438354
0.676754355430603
0.6796247363090515
0.6818400621414185
0.6938625574111938
0.6899832487106323
0.6853554248809814
0.6852023005485535
0.6826369166374207
0.6825052499771118
0.6913729310035706
0.680639922618866
0.6768584251403809
0.6766581535339355
0.6878296136856079
0.6869738101959229
0.6935705542564392
0.6791480183601379
0.6932508945465088
0.6798461675643921
0.6816263198852539
0.6865111589431763
0.6760502457618713
0.6898752450942993
0.6832152605056763
0.6822279095649719
0.6837701201438904
0.6849216222763062
0.6922975182533264
0.6789698600769043
0.6861594319343567
0.682351291179657
0.6915708780288696
0.6961786150932312
0.690523087978363
0.698657751083374
0.6855427622795105
0.6810822486877441
0.6831187605857849
0.6864088177680969
0.6912096738815308
0.6849417686462402
0.6859450936317444
0.6914729475975037
0.6885119080543518
0.690210223197937
0.685739278793335
0.6735979318618774
0.6882907748222351
0.691473126411438
0.6778160333633423
0.6773248910903931
0.6932622790336609
0.6901131868362427
0.689179539680481
0.6841659545898438
0.6746087670326233
0.6809190511703491
0.6829266548156738
0.6869029998779297
0.6808013916015625
0.6803366541862488
0.6705548167228699
0.685722827911377
0.6789482235908508
0.694723904132843
0.6798801422119141
0.6888101100921631
0.6923702359199524
0.6795613169670105
0.684302806854248
0.6948262453079224
0.6769202351570129
0.6884607076644897
0.6834637522697449
0.6839506030082703
0.6782674789428711
0.6814683675765991
0.6842728853225708
0.7033587098121643
0.6915433406829834
0.6796445250511169
0.6845352053642273
0.6850380897521973
0.6891488432884216
0.6840391755104065
0.6867145895957947
0.6840368509292603
0.6816589832305908
0.6879574060440063
0.6798371076583862
0.7013297080993652
0.6759753227233887
0.6977533102035522
0.6823166608810425
0.6861953735351562
0.6913295984268188
0.6862144470214844
0.689113199710846
0.6928132176399231
0.6972212195396423
0.6875535845756531
0.6844721436500549
0.6926398277282715
0.6949029564857483
0.6940714716911316
0.6757344007492065
0.6955359578132629
0.6852928996086121
0.6829515695571899
0.6983519196510315
0.7068130373954773
0.6933690905570984
0.6767222285270691
0.6783523559570312
0.6879652738571167
0.6726998090744019
0.6948519945144653
0.6869885325431824
0.6747764348983765
0.6875066161155701
0.6828330755233765
0.684949517250061
0.6872859001159668
0.6871951222419739
0.6876845359802246
0.6816096901893616
0.6856750845909119
0.6855151057243347
0.6868025064468384
0.687038004398346
0.6825128197669983
0.6775435209274292
0.6858458518981934
0.6918278336524963
0.6897106766700745
0.6791688799858093
0.6853408217430115
0.6766754984855652
0.6776924133300781
0.694526195526123
0.6964308619499207
0.6867672204971313
0.6860010027885437
0.6812638640403748
0.6781868934631348
0.683506429195404
0.6875770092010498
0.6883785724639893
0.6887774467468262
0.6871597170829773
0.6735996603965759
0.7017328143119812
0.6906276345252991
0.690915048122406
0.6918983459472656
0.6817876696586609
0.6877022385597229
0.6791873574256897
0.6807008981704712
0.6867523789405823
0.6865406036376953
0.6881057620048523
0.6964203715324402
0.6858130693435669
0.6734921932220459
0.6924070715904236
0.704011082649231
0.6876206994056702
0.6755478382110596
0.680583655834198
0.6976290941238403
0.6825941801071167
0.6808987259864807
0.6816532611846924
0.6863440871238708
0.6928630471229553
0.6811363101005554
0.6946071982383728
0.6753069162368774
0.6856109499931335
0.6966603398323059
0.6809039115905762
0.6835650205612183
0.6790128946304321
0.6951681971549988
0.68953937292099
0.6798373460769653
0.6714821457862854
0.6926267147064209
0.6827136874198914
0.6910480260848999
0.678159773349762
0.6853283047676086
0.6962453126907349
0.6824420094490051
0.6943804621696472
0.6864705085754395
0.6824324131011963
0.6839384436607361
0.6868503093719482
0.682776927947998
0.6939515471458435
0.6959465742111206
0.684977650642395
0.6989163756370544
0.6779640316963196
0.6898118853569031
0.6814601421356201
0.6871594786643982
0.6811742782592773
0.6793535947799683
0.6927797794342041
0.6880268454551697
0.6833071112632751
0.6826143860816956
0.6798501014709473
0.6848323941230774
0.6839842200279236
0.6903074383735657
0.6858936548233032
0.676537036895752
0.6801027655601501
0.684404730796814
0.6793319582939148
0.6773525476455688
0.6844663619995117
0.6960451006889343
0.6911616325378418
0.6913696527481079
0.686284065246582
0.6835146546363831
0.6781336665153503
0.6792569160461426
0.6895711421966553
0.7071351408958435
0.6890550851821899
0.6882885694503784
0.6898317337036133
0.6923076510429382
0.688428521156311
0.6759184002876282
0.6925857663154602
0.6914613246917725
0.6817962527275085
0.6865551471710205
0.6961514353752136
0.6914791464805603
0.6834889054298401
0.6825864911079407
0.6896411180496216
0.6817196011543274
0.682160496711731
0.701824963092804
0.7026168704032898
0.689292848110199
0.6832079887390137
0.6900683045387268
0.6820372343063354
0.685784101486206
0.6819062829017639
0.6895125508308411
0.6854680180549622
0.67034512758255
0.6808691620826721
0.6824561953544617
0.6768372654914856
0.682606041431427
0.6837611198425293
0.6754857301712036
0.6866315603256226
0.6816454529762268
0.6850170493125916
0.6914054155349731
0.6783936619758606
0.6781309843063354
0.69045490026474
0.6939869523048401
0.6833091378211975
0.6861096024513245
0.6995171904563904
0.6825476288795471
0.6737827658653259
0.6800429224967957
0.688450038433075
0.6876789331436157
0.6890726685523987
0.7020082473754883
0.70074862241745
0.6906459927558899
0.6907920241355896
0.7043630480766296
0.680002748966217
0.692127525806427
0.6782939434051514
0.6787990927696228
0.6798042058944702
0.682052493095398
0.69819575548172
0.684805154800415
0.6800491213798523
0.6988329291343689
0.6896976232528687
0.6810474991798401
0.6817571520805359
0.6874633431434631
0.6831514239311218
0.6777097582817078
0.6957191824913025
0.6830668449401855
0.6913706660270691
0.6955703496932983
0.6799983978271484
0.6860122680664062
0.6838329434394836
0.6833705306053162
0.6796945929527283
0.6838662624359131
0.6795306205749512
0.6812928915023804
0.6839569807052612
0.683515727519989
0.6813915967941284
0.6861516237258911
0.6810636520385742
0.683420717716217
0.6835878491401672
0.6857503652572632
0.6821693181991577
0.6758342981338501
0.6775832772254944
0.6791363954544067
0.686791718006134
0.6852310299873352
0.6786433458328247
0.6801801323890686
0.704333484172821
0.682577908039093
0.7068617939949036
0.680260181427002
0.6790485382080078
0.6880152821540833
0.6820276975631714
0.6807547211647034
0.6964221596717834
0.6918427348136902
0.6837125420570374
0.6788949966430664
0.6818514466285706
0.6862569451332092
0.6837729811668396
0.6914230585098267
0.6900326013565063
0.6915011405944824
0.6916528344154358
0.715603768825531
0.6945472359657288
0.6881402730941772
0.6916103959083557
0.6834738850593567
0.6813259124755859
0.6863436102867126
0.6985359191894531
0.6807012557983398
0.6832316517829895
0.6826375126838684
0.6889143586158752
0.694549560546875
0.6880701780319214
0.6804858446121216
0.6850483417510986
0.6782803535461426
0.6844974160194397
0.6818243265151978
0.6893443465232849
0.6919004917144775
0.6748371720314026
0.6773700714111328
0.6899022459983826
0.6955682635307312
0.6909154653549194
0.6790211200714111
0.6769283413887024
0.6985630393028259
0.6933821439743042
0.6823561191558838
0.6843671798706055
0.6878498792648315
0.6787305474281311
0.6776677966117859
0.6748910546302795
0.6892986297607422
0.688473105430603
0.6998496651649475
0.6899870038032532
0.6779574751853943
0.6818867921829224
0.6820232272148132
0.6798756122589111
0.6885039210319519
0.6809640526771545
0.6968098878860474
0.6841781735420227
0.6928359866142273
0.6929785013198853
0.6890286803245544
0.6752219796180725
0.686592698097229
0.6808506846427917
0.678565502166748
0.6821429133415222
0.6895278692245483
0.686557948589325
0.6871566772460938
0.6854327917098999
0.6802160143852234
0.6782732605934143
0.6960910558700562
0.6833320260047913
0.6815444827079773
0.6845964789390564
0.6756672859191895
0.7177503108978271
0.6881725788116455
0.6761493682861328
0.6798383593559265
0.6976808309555054
0.6832212209701538
0.685065507888794
0.6843244433403015
0.6852523684501648
0.6670365333557129
0.6770064234733582
0.680307149887085
0.6944445967674255
0.6846839189529419
0.7009692788124084
0.6696109771728516
0.6806272864341736
0.6815196871757507
0.6855684518814087
0.6895849108695984
0.683640718460083
0.6881462335586548
0.6831311583518982
0.6861366629600525
0.6823986768722534
0.695785403251648
0.677881121635437
0.695171594619751
0.6819157004356384
0.6878306269645691
0.711042046546936
0.678735613822937
0.6911696195602417
0.6869984269142151
0.691626250743866
0.6863881945610046
0.685382604598999
0.6933698654174805
0.6858940720558167
0.6818956136703491
0.6927509307861328
0.6844140887260437
0.6703012585639954
0.6950555443763733
0.6755085587501526
0.6786378622055054
0.6802473068237305
0.6828798055648804
0.6876924633979797
0.682288646697998
0.6768606901168823
0.689308226108551
0.6888186931610107
0.687056839466095
0.6770093441009521
0.6886931657791138
0.691958487033844
0.686485767364502
0.6962897181510925
0.6918942928314209
0.6881765723228455
0.685608983039856
0.6828217506408691
0.6870750188827515
0.6879655122756958
0.6922284364700317
0.6682729125022888
0.6853427886962891
0.6916497945785522
0.6791462898254395
0.7062249183654785
0.6820703744888306
0.6856235265731812
0.7212720513343811
0.6870760321617126
0.6912544369697571
0.6941832900047302
0.6811044812202454
0.6835068464279175
0.6813928484916687
0.6890038251876831
0.6779499650001526
0.6760278344154358
0.6960580348968506
0.6797804236412048
0.6884948015213013
0.6752269864082336
0.682854175567627
0.7079633474349976
0.6852796077728271
0.6789156198501587
0.6742684245109558
0.6839099526405334
0.6789801120758057
0.6996585726737976
0.6827666163444519
0.6932964324951172
0.683375895023346
0.6812188625335693
0.6805065870285034
0.6825010776519775
0.6769018173217773
0.6834874153137207
0.6872352957725525
0.6881743669509888
0.6813188195228577
0.6843164563179016
0.682217001914978
0.7034974694252014
0.695425271987915
0.6899338364601135
0.6832143664360046
0.6794655919075012
0.679286003112793
0.6928175687789917
0.6893219947814941
0.6929234266281128
0.6911130547523499
0.6750418543815613
0.6871586441993713
0.6943385004997253
0.6737420558929443
0.6924872398376465
0.6866464018821716
0.6835176348686218
0.6978374123573303
0.6933345198631287
0.6893633008003235
0.6916723251342773
0.6785829663276672
0.6793205738067627
0.7129389047622681
0.6869895458221436
0.6805059909820557
0.685916006565094
0.6912882924079895
0.6824154853820801
0.6819682121276855
0.679844081401825
0.6881831288337708
0.6846754550933838
0.6837504506111145
0.6840537190437317
0.6801286339759827
0.679263174533844
0.6876365542411804
0.681259274482727
0.6920371651649475
0.6908697485923767
0.681532621383667
0.6895509958267212
0.6977381706237793
0.6936708688735962
0.6893752813339233
0.683525562286377
0.6770815253257751
0.6886112093925476
0.6826566457748413
0.6867462396621704
0.6934818029403687
0.6843605041503906
0.6879910230636597
0.7002059817314148
0.6838053464889526
0.6779403686523438
0.6819785237312317
0.6807225942611694
0.6961764693260193
0.686764121055603
0.685208261013031
0.6913073062896729
0.6804491877555847
0.6842114925384521
0.6814360618591309
0.6888030171394348
0.6858634948730469
0.7052223682403564
0.6819027066230774
0.6896188855171204
0.6822459101676941
0.6821340322494507
0.6826145052909851
0.6912544965744019
0.6762591004371643
0.6860978007316589
0.6848054528236389
0.685395359992981
0.685175895690918
0.6778321266174316
0.6851056814193726
0.690847635269165
0.6827107071876526
0.6795607805252075
0.6914021372795105
0.688098669052124
0.6847055554389954
0.6767902970314026
0.708603024482727
0.6832830905914307
0.6812868118286133
0.6887480020523071
0.6788356900215149
0.6934777498245239
0.6736341118812561
0.6742017269134521
0.6783835887908936
0.6878552436828613
0.6771140098571777
0.6818713545799255
0.6872829794883728
0.675158679485321
0.6837573051452637
0.6798397898674011
0.6751754879951477
0.6842991709709167
0.6853941679000854
0.6733691692352295
0.6904323697090149
0.6751905679702759
0.6752023696899414
0.6831931471824646
0.6904737949371338
0.6871347427368164
0.6874901652336121
0.6784588098526001
0.6878883838653564
0.676264226436615
0.6978505253791809
0.6797246336936951
0.6833577156066895
0.6808893084526062
0.682296633720398
0.6851538419723511
0.6864197850227356
0.687799870967865
0.6818252205848694
0.6936426758766174
0.6822250485420227
0.677869975566864
0.6877865195274353
0.6895830631256104
0.6737937331199646
0.6900023818016052
0.6895990371704102
0.6837868094444275
0.681835949420929
0.6839452981948853
0.6762508749961853
0.6946183443069458
0.6913263201713562
0.6828822493553162
0.6841861605644226
0.6873167753219604
0.6834086775779724
0.6804117560386658
0.6791959404945374
0.6812517046928406
0.681194543838501
0.6885275840759277
0.6894047260284424
0.6890499591827393
0.6805679202079773
0.6880391836166382
0.681745171546936
0.6895479559898376
0.6890888214111328
0.6859244704246521
0.6839116811752319
0.6866436004638672
0.6794670820236206
0.6893698573112488
0.6763439774513245
0.6903476715087891
0.6857652068138123
0.6885206699371338
0.68058180809021
0.7035672068595886
0.6841049790382385
0.6968995332717896
0.6879701018333435
0.6858614087104797
0.6856783032417297
0.6922328472137451
0.694002091884613
0.6758657097816467
0.6999614834785461
0.6822606921195984
0.6959732174873352
0.6826924085617065
0.6928331255912781
0.6850026249885559
0.6766661405563354
0.6802223920822144
0.6918538212776184
0.6749526858329773
0.6781358122825623
0.6930702924728394
0.6885420680046082
0.6709057688713074
0.6838452816009521
0.6816539764404297
0.693661630153656
0.6797074675559998
0.6786373257637024
0.680194079875946
0.7005397081375122
0.6846112012863159
0.6951248645782471
0.6793091297149658
0.6934646964073181
0.6940151453018188
0.6878197193145752
0.686129629611969
0.6804859042167664
0.6805726289749146
0.6827917695045471
0.6975230574607849
0.6821326017379761
0.6902949213981628
0.683610200881958
0.6866395473480225
0.6800952553749084
