62.70139694213867
29.30992889404297
15.22057819366455
9.670000076293945
5.858486652374268
6.189502239227295
5.556033134460449
4.309848308563232
3.5903666019439697
3.273893356323242
3.021237850189209
2.4474339485168457
2.4385948181152344
2.250013589859009
2.5071122646331787
1.732623815536499
1.6220048666000366
1.576554298400879
1.7047191858291626
1.6004568338394165
1.9418286085128784
1.4427831172943115
1.4656013250350952
1.4131906032562256
1.5259840488433838
1.47308349609375
1.3462988138198853
1.2510651350021362
1.3226237297058105
1.1807020902633667
1.322128176689148
1.231803297996521
1.2100306749343872
1.15902841091156
1.2262756824493408
1.2119255065917969
1.225852370262146
1.1612522602081299
1.3953170776367188
1.1146749258041382
1.0117484331130981
1.246205449104309
1.0943918228149414
1.0227137804031372
1.028334379196167
1.038055658340454
1.070752739906311
0.9429749250411987
1.0490964651107788
0.8603363633155823
0.9845825433731079
0.9416468739509583
1.003051519393921
0.9370655417442322
0.9910210967063904
0.9364091753959656
0.9759602546691895
0.8698236346244812
1.0156233310699463
0.95157790184021
0.9393572807312012
0.8447179794311523
0.9042356610298157
0.8715358376502991
0.8159622550010681
0.799061119556427
0.8404162526130676
0.8548762798309326
0.86283278465271
0.9167223572731018
0.8296450972557068
0.8052537441253662
0.8777619004249573
0.8453712463378906
0.862217903137207
0.8615709543228149
0.844479501247406
0.9044021368026733
0.8493465781211853
0.8270056247711182
0.8016625642776489
0.9245101809501648
0.8251147866249084
0.795710027217865
0.7940062284469604
0.8301543593406677
0.7653241753578186
0.8294897079467773
0.8329055309295654
0.7382909059524536
0.7874060273170471
0.8121939897537231
0.8162225484848022
0.8003389835357666
0.7695131897926331
0.7358667850494385
0.7896223664283752
0.7628918290138245
0.7798279523849487
0.7503477931022644
0.7654261589050293
0.7532528042793274
0.7306723594665527
0.7701478600502014
0.7679285407066345
0.7441214323043823
0.7528891563415527
0.727492094039917
0.7503670454025269
0.7523956894874573
0.7862983345985413
0.7525690197944641
0.7242366671562195
0.7443882822990417
0.768783688545227
0.7217572331428528
0.7087414264678955
0.721064031124115
0.7646903991699219
0.7543264627456665
0.7470042705535889
0.7428784966468811
0.697627604007721
0.7706226706504822
0.7324770092964172
0.734096109867096
0.7357844710350037
0.7016410827636719
0.745893657207489
0.7396090626716614
0.7448513507843018
0.7238991260528564
0.7273720502853394
0.7403383255004883
0.7301734685897827
0.7157171964645386
0.7640699744224548
0.7151809930801392
0.7139672636985779
0.7459192276000977
0.7446175813674927
0.72758948802948
0.6919441819190979
0.7034332752227783
0.7181662917137146
0.7214474081993103
0.7275810837745667
0.7227049469947815
0.7470726370811462
0.7144567370414734
0.7128697633743286
0.7475069761276245
0.7466260194778442
0.7246364951133728
0.7121721506118774
0.7137290835380554
0.7378217577934265
0.711073637008667
0.6910626888275146
0.7103336453437805
0.7115682363510132
0.7401377558708191
0.7123100757598877
0.6980190277099609
0.7105412483215332
0.7536289095878601
0.7084764838218689
0.7226589322090149
0.7132068276405334
0.709439754486084
0.715425968170166
0.7021752595901489
0.7057710289955139
0.7048612236976624
0.7111687064170837
0.7110170722007751
0.7125614285469055
0.6974935531616211
0.7242308259010315
0.7160446047782898
0.7144170999526978
0.7172573208808899
0.7004566788673401
0.7017589807510376
0.710473895072937
0.717110276222229
0.7101621627807617
0.7212162017822266
0.694240927696228
0.7069855332374573
0.7211775183677673
0.7123900651931763
0.7234089970588684
0.7008008360862732
0.7018157243728638
0.7123621702194214
0.701799750328064
0.6995038986206055
0.7007750272750854
0.6956347227096558
0.7059293389320374
0.7124176621437073
0.6945616602897644
0.7197762131690979
0.7159382700920105
0.7149409651756287
0.7254412174224854
0.6868758201599121
0.709797203540802
0.7102087736129761
0.6958242654800415
0.7028185129165649
0.6978363990783691
0.7051173448562622
0.6983253955841064
0.7282852530479431
0.6973570585250854
0.7069981694221497
0.6886342167854309
0.7054054737091064
0.6956433653831482
0.6979679465293884
0.7014607787132263
0.690561830997467
0.6941724419593811
0.7137597799301147
0.6975839138031006
0.6935974359512329
0.7129404544830322
0.6976808905601501
0.6990148425102234
0.6946206092834473
0.7023378014564514
0.6976363658905029
0.6936095952987671
0.6837355494499207
0.7014602422714233
0.700118899345398
0.7198237776756287
0.7003402709960938
0.6970746517181396
0.6919456720352173
0.6931894421577454
0.7073374390602112
0.6931045055389404
0.7008402347564697
0.6837122440338135
0.6954260468482971
0.6939719319343567
0.7159823179244995
0.6915794014930725
0.6928592324256897
0.6921356320381165
0.7228772044181824
0.6942800283432007
0.6831716895103455
0.6904263496398926
0.703484058380127
0.686682939529419
0.6872742772102356
0.7057037949562073
0.677823543548584
0.6871834397315979
0.7050886154174805
0.6914941668510437
0.6914576888084412
0.6966221332550049
0.7030596137046814
0.6904218792915344
0.6972081661224365
0.69858717918396
0.703640341758728
0.6872166395187378
0.6977481842041016
0.6958805918693542
0.6862366795539856
0.7087929248809814
0.6978142261505127
0.6918540596961975
0.6872942447662354
0.6877402663230896
0.6988039612770081
0.697988748550415
0.7018682360649109
0.6952173113822937
0.6991475224494934
0.6798275709152222
0.6938823461532593
0.6948291659355164
0.6950973868370056
0.7060083150863647
0.6837241649627686
0.6860123872756958
0.7000822424888611
0.6909341216087341
0.6918719410896301
0.6806550025939941
0.6933536529541016
0.6790216565132141
0.7003090381622314
0.6910400390625
0.6769362092018127
0.6910807490348816
0.6982378363609314
0.6784854531288147
0.6925718784332275
0.6866540908813477
0.6781662106513977
0.7089808583259583
0.7018460035324097
0.6834781765937805
0.6897396445274353
0.6821974515914917
0.6838760375976562
0.6886137127876282
0.6864742636680603
0.6868271827697754
0.7045642137527466
0.6947364211082458
0.6867632269859314
0.6918089389801025
0.6789814829826355
0.6774161458015442
0.6934698820114136
0.6876958608627319
0.6990654468536377
0.679808497428894
0.6928678750991821
0.6900143027305603
0.6855183243751526
0.6942449808120728
0.6986862421035767
0.700778067111969
0.6903547048568726
0.6878560185432434
0.711417019367218
0.6923149228096008
0.6930544972419739
0.6908125877380371
0.6904751062393188
0.7087897658348083
0.6861574649810791
0.6963056921958923
0.70503830909729
0.686298668384552
0.6903125643730164
0.6885271668434143
0.6969859004020691
0.7028107643127441
0.6865465641021729
0.6929958462715149
0.6875369548797607
0.688609778881073
0.6883471608161926
0.6814717054367065
0.7015072703361511
0.6865670084953308
0.6856949925422668
0.6947669386863708
0.6950874328613281
0.6901957392692566
0.6847952604293823
0.6962622404098511
0.6848524808883667
0.6857863664627075
0.6856995820999146
0.6889312863349915
0.686259925365448
0.6840343475341797
0.6944027543067932
0.6947779059410095
0.6981210708618164
0.6874927878379822
0.6885766386985779
0.6907612681388855
0.6940624117851257
0.6775884628295898
0.6866154074668884
0.6872990727424622
0.6885136365890503
0.696692705154419
0.690013587474823
0.696514368057251
0.6930783987045288
0.6946977972984314
0.685573160648346
0.6963353157043457
0.6856273412704468
0.6909394860267639
0.6877530813217163
0.70064777135849
0.6875807642936707
0.6852064728736877
0.6843835711479187
0.6815509796142578
0.6930844783782959
0.6802349090576172
0.6814602613449097
0.6894027590751648
0.6922439336776733
0.690772533416748
0.6900668144226074
0.6885493993759155
0.6874341368675232
0.6862995028495789
0.6814210414886475
0.6875423192977905
0.6942407488822937
0.687515914440155
0.6815388202667236
0.6938339471817017
0.6888034343719482
0.6888454556465149
0.6844965815544128
0.6943325400352478
0.6926009058952332
0.6833106875419617
0.6930688619613647
0.685102105140686
0.6915608048439026
0.6911296248435974
0.6866727471351624
0.6833037734031677
0.6868759989738464
0.6853107810020447
0.6889775991439819
0.6939132809638977
0.6895623803138733
0.6911977529525757
0.6857098340988159
0.6813971400260925
0.688126802444458
0.6866181492805481
0.6898189187049866
0.6858022809028625
0.6796544790267944
0.703712522983551
0.6840521097183228
0.6875385642051697
0.6903964877128601
0.6810598969459534
0.6850767731666565
0.6853281259536743
0.6822901964187622
0.6795843243598938
0.6812757253646851
0.6954708099365234
0.6835877299308777
0.6922799944877625
0.6897866725921631
0.6832860708236694
0.699465811252594
0.6847074031829834
0.6912474036216736
0.6896882057189941
0.683971107006073
0.6860398054122925
0.6854067444801331
0.6899409294128418
0.6868411302566528
0.6853596568107605
0.6924949288368225
0.6859428286552429
0.6888753175735474
0.6923351287841797
0.6892176866531372
0.6924257278442383
0.692172110080719
0.6864902377128601
0.6896836757659912
0.6845762133598328
0.6852139830589294
0.6900271773338318
0.6955446600914001
0.6810048818588257
0.6902341842651367
0.6932057738304138
0.6833140254020691
0.6897721290588379
0.6877825260162354
0.6838482618331909
0.6841251254081726
0.6801216006278992
0.6751294732093811
0.682616114616394
0.6838791966438293
0.6891980767250061
0.6947708129882812
0.6801391839981079
0.6845929026603699
0.6821787357330322
0.6798437237739563
0.7098998427391052
0.691528856754303
0.6742045283317566
0.6807463765144348
0.6944739818572998
0.6841581463813782
0.6922588348388672
0.6822561025619507
0.6882996559143066
0.6822443008422852
0.6870584487915039
0.68526691198349
0.6875098943710327
0.6874526143074036
0.6837499141693115
0.6874125599861145
0.6847394108772278
0.6885719895362854
0.6905816793441772
0.6869625449180603
0.6838356852531433
0.6918670535087585
0.680697500705719
0.6803120374679565
0.6883699297904968
0.68961501121521
0.6948454976081848
0.6872855424880981
0.6834405064582825
0.6912209987640381
0.6856812834739685
0.6760994791984558
0.6855148673057556
0.6823367476463318
0.6834605932235718
0.6865482926368713
0.7002346515655518
0.6835858821868896
0.6947168111801147
0.680138885974884
0.6804582476615906
0.6962515115737915
0.6891680359840393
0.6844047904014587
0.6854659914970398
0.6786273717880249
0.6851457357406616
0.6888254284858704
0.688657283782959
0.6854000091552734
0.6841855645179749
0.6847321391105652
0.6794772744178772
0.6856856942176819
0.6845335960388184
0.687079131603241
0.6908297538757324
0.6780920624732971
0.6864949464797974
0.6852730512619019
0.6862872838973999
0.6870007514953613
0.6813562512397766
0.6836302280426025
0.6896287798881531
0.6822988390922546
0.6849103569984436
0.6833138465881348
0.7021704912185669
0.6863732933998108
0.6813033819198608
0.6848323941230774
0.6851910352706909
0.6890991926193237
0.6941063404083252
0.6840532422065735
0.6869017481803894
0.6830114126205444
0.6846794486045837
0.6863517761230469
0.6894080638885498
0.6833675503730774
0.6835225820541382
0.6831356287002563
0.690819263458252
0.6826174855232239
0.6794265508651733
0.6868408918380737
0.6974014639854431
0.6850622296333313
0.6827509999275208
0.6840659379959106
0.6813271045684814
0.6772875189781189
0.6826175451278687
0.6810894012451172
0.6781720519065857
0.6858589053153992
0.6852375268936157
0.6830865144729614
0.6846885085105896
0.67796391248703
0.6839890480041504
0.6781143546104431
0.6867094039916992
0.6865124106407166
0.6803594827651978
0.6936050057411194
0.683519721031189
0.6845495700836182
0.6831333637237549
0.6980869770050049
0.6829058527946472
0.6824317574501038
0.6856794953346252
0.6817145347595215
0.6786520481109619
0.6801947355270386
0.6806128621101379
0.6865608096122742
0.6874911785125732
0.6831452250480652
0.689395546913147
0.6817914247512817
0.6839461922645569
0.679527759552002
0.6787582039833069
0.6889832615852356
0.6817514896392822
0.697565495967865
0.6909033060073853
0.684290885925293
0.6845565438270569
0.6842532157897949
0.6887983083724976
0.6833403706550598
0.6831951141357422
0.6879225373268127
0.6802052855491638
0.6811164617538452
0.6798511743545532
0.6900299191474915
0.6793262958526611
0.6835373044013977
0.6784307360649109
0.6792154312133789
0.6845823526382446
0.6785093545913696
0.687423825263977
0.6766114234924316
0.6826723217964172
0.6860132813453674
0.6856906414031982
0.6809669137001038
0.6936463713645935
0.6817747950553894
0.6999099850654602
0.6855481863021851
0.6767868399620056
0.6838418841362
0.681337296962738
0.6914842128753662
0.6830871105194092
0.6779147982597351
0.6898560523986816
0.679877519607544
0.6725718379020691
0.6802293062210083
0.6837971806526184
0.6894186735153198
0.6791403889656067
0.6928913593292236
0.6873944997787476
0.6796780228614807
0.682700514793396
0.6933274865150452
0.689809262752533
0.6785768866539001
0.6759401559829712
0.677444338798523
0.6841078400611877
0.6892405152320862
0.6825761795043945
0.6804466843605042
0.6863038539886475
0.6838972568511963
0.6754494309425354
0.690974235534668
0.6739881038665771
0.6866655945777893
0.6773049235343933
0.6854539513587952
0.6910232305526733
0.6864959001541138
0.6855367422103882
0.6870806217193604
0.6813449263572693
0.6850871443748474
0.6847795248031616
0.6847620010375977
0.6797552108764648
0.6868177056312561
0.6820030808448792
0.6851885914802551
0.681035578250885
0.6804661154747009
0.6799519658088684
0.6834939122200012
0.6858628988265991
0.6891224384307861
0.6836339235305786
0.6872426867485046
0.6776333451271057
0.6769580841064453
0.6817903518676758
0.6869702339172363
0.6801378726959229
0.6933815479278564
0.6784565448760986
0.6831451058387756
0.6820452213287354
0.6822815537452698
0.6792678236961365
0.6872340440750122
0.6809691190719604
0.6807761788368225
0.683219850063324
0.6826476454734802
0.6887823939323425
0.6833778023719788
0.6860052943229675
0.6925713419914246
0.6835154891014099
0.6818606853485107
0.6806775331497192
0.6752763390541077
0.6812053918838501
0.6871914863586426
0.6855373978614807
0.6850947737693787
0.6802189946174622
0.6839010119438171
0.6921985149383545
0.6815988421440125
0.6888468265533447
0.6816263794898987
0.6876479387283325
0.6857183575630188
0.6911037564277649
0.6937801241874695
0.6858246922492981
0.6848562359809875
0.682864248752594
0.6799855828285217
0.6817187070846558
0.6837810277938843
0.687690794467926
0.6911604404449463
0.6865390539169312
0.690375566482544
0.6856615543365479
0.6795640587806702
0.6876286864280701
0.6800316572189331
0.6833541989326477
0.6829776763916016
0.6833765506744385
0.6787338852882385
0.6888494491577148
0.6825312376022339
0.6891186237335205
0.6868743896484375
0.6852684617042542
0.6866906881332397
0.6788358688354492
0.6791303753852844
0.6898233890533447
0.6819161176681519
0.6773135662078857
0.6849756836891174
0.6890233159065247
0.686381995677948
0.6882371306419373
0.678573727607727
0.6903821229934692
0.6824900507926941
0.6867937445640564
0.6826657652854919
0.6819241046905518
0.6832771897315979
0.68245929479599
0.6820715665817261
0.6769628524780273
0.6871190071105957
0.6839916110038757
0.6769178509712219
0.6839263439178467
0.6838482022285461
0.6903518438339233
0.6832646727561951
0.6826381683349609
0.6848635077476501
0.6831908226013184
0.6846150159835815
0.6908232569694519
0.679164469242096
0.678769588470459
0.6743850708007812
0.6873724460601807
0.6727851629257202
0.6886385083198547
0.6842539310455322
0.6917318105697632
0.6914947032928467
0.6795571446418762
0.6864187717437744
0.6845481395721436
0.6818524599075317
0.691255509853363
0.6837273836135864
0.6829717755317688
0.6840081214904785
0.680433988571167
0.683476448059082
0.6846422553062439
0.6831555962562561
0.6831337809562683
0.6902945041656494
0.6786343455314636
0.6922243237495422
0.6829358339309692
0.6777305603027344
0.6879448294639587
0.678855836391449
0.6847748160362244
0.6761088967323303
0.6906691789627075
0.6878882050514221
0.6854903697967529
0.6780670881271362
0.6816737055778503
0.6833006143569946
0.6855365037918091
0.6817706227302551
0.6794414520263672
0.6907747387886047
0.6790002584457397
0.6772165298461914
0.6835291981697083
0.680413544178009
0.685278594493866
0.6728528738021851
0.6857993006706238
0.6840496063232422
0.6897664070129395
0.6788888573646545
0.6769649982452393
0.682365894317627
0.6856347918510437
0.6843317151069641
0.6886666417121887
0.6821340918540955
0.6791343092918396
0.6741456985473633
0.6778114438056946
0.6802783012390137
0.679476797580719
0.6865308284759521
0.688782274723053
0.6860072016716003
0.6815969944000244
0.6790793538093567
0.677234947681427
0.6917215585708618
0.6942343711853027
0.6877073049545288
0.6812987327575684
0.6808979511260986
0.678751528263092
0.6880310773849487
0.6831699013710022
0.6733716726303101
0.6840105056762695
0.6821150183677673
0.6758637428283691
0.697758674621582
0.6846058368682861
0.6845588088035583
0.6824303865432739
0.6803780198097229
0.6773706078529358
0.6875574588775635
0.6768274307250977
0.6833087801933289
0.683752715587616
0.6808823943138123
0.682975709438324
0.6834758520126343
0.6824555993080139
0.6847885251045227
0.6833018660545349
0.6845879554748535
0.6912640929222107
0.6752349138259888
0.6787833571434021
0.6838935017585754
0.6869860887527466
0.684643030166626
0.6794832348823547
0.6832726001739502
0.693946897983551
0.6835147142410278
0.689317524433136
0.6805321574211121
0.68691086769104
0.6877879500389099
0.6806684136390686
0.6834936141967773
0.6788924932479858
0.69158935546875
0.6748108267784119
0.6809966564178467
0.7002396583557129
0.6883467435836792
0.6841429471969604
0.6830580830574036
0.6834086179733276
0.6929334402084351
0.6846712827682495
0.6850687861442566
0.6838060021400452
0.6861278414726257
0.6789038777351379
0.6838776469230652
0.6799313426017761
0.6779564619064331
0.6851136684417725
0.6743053793907166
0.682237982749939
0.6795926690101624
0.6863830089569092
0.6852864027023315
0.6759518980979919
0.6748498678207397
0.6801226139068604
0.6781927347183228
0.679882287979126
0.6817536950111389
0.6799946427345276
0.6871421337127686
0.6906269192695618
0.683946430683136
0.6846675276756287
0.6830551028251648
0.6724653840065002
0.6791260838508606
0.6887791156768799
0.6854993104934692
0.6757320761680603
0.6777194738388062
0.686958372592926
0.6843864917755127
0.6808210015296936
0.6807233095169067
0.6776350736618042
0.677311360836029
0.682937741279602
0.6846190094947815
0.6839373111724854
0.6907058954238892
0.6822591423988342
0.6780558824539185
0.6771537661552429
0.6861861944198608
0.6769551038742065
0.6875839233398438
0.6880819201469421
0.6819518804550171
0.676307201385498
0.6763759851455688
0.6780123710632324
0.6833617091178894
0.6825249791145325
0.6791274547576904
0.6783319115638733
0.6752716898918152
0.6830418705940247
0.6805934309959412
0.6784884929656982
0.6811489462852478
0.6759830713272095
0.6834578514099121
0.6731556057929993
0.6882132887840271
0.6880922913551331
0.6867354512214661
0.6806854605674744
0.6793520450592041
0.6896975636482239
0.6845129132270813
0.6861510276794434
0.6800243258476257
0.6822591423988342
0.6822652220726013
0.6802446842193604
0.6815418004989624
0.6883218884468079
0.6790472269058228
0.679084300994873
0.6970081925392151
0.6883851885795593
0.6799477338790894
0.6800117492675781
0.686739981174469
0.6698305010795593
0.680286705493927
0.6703915596008301
0.6828224062919617
0.6843377947807312
0.6828392744064331
0.6826983094215393
0.6877501606941223
0.6825622320175171
0.6732280254364014
0.6903486847877502
0.6777894496917725
0.6874969005584717
0.6835612058639526
0.6780514121055603
0.6768391728401184
0.6860126852989197
0.6751425266265869
0.68339604139328
0.6814083456993103
0.6790995597839355
0.6862181425094604
0.6823418736457825
0.6878957152366638
0.6798135042190552
0.6807209849357605
0.6800276637077332
0.6790507435798645
0.6840381622314453
0.6820700168609619
0.6820273995399475
0.6872544884681702
0.6807675957679749
0.6815407276153564
0.6870840191841125
0.6767429113388062
0.6779195666313171
0.6793801188468933
0.672944962978363
0.6803681254386902
0.6876254081726074
0.6835806965827942
0.6855645775794983
0.6790460348129272
0.6879708170890808
0.6844268441200256
0.6743733286857605
0.6806303262710571
0.6860480904579163
0.6795933246612549
0.6914505958557129
0.6858425736427307
0.6891480088233948
0.6838502287864685
0.6785447597503662
0.6878584623336792
0.6903834342956543
0.6752935647964478
0.6729905605316162
0.6800201535224915
0.6824992895126343
0.6881958246231079
0.6771736145019531
0.683533787727356
0.6804425120353699
0.6824226975440979
0.691895604133606
0.6765947341918945
0.6771696209907532
0.6886215209960938
0.6850083470344543
0.6801155805587769
0.6871306896209717
0.6824660301208496
0.6793535947799683
0.6848244667053223
0.6862802505493164
0.6836761832237244
0.6855054497718811
0.6841727495193481
0.6787510514259338
0.6772494912147522
0.6826249361038208
0.6843731999397278
0.6795313358306885
0.6792686581611633
0.683096170425415
0.6900298595428467
0.6800654530525208
0.6905175447463989
0.6939243674278259
0.6797172427177429
0.6821778416633606
0.6749873757362366
0.6830770969390869
0.6739456653594971
0.6791201233863831
0.6807146668434143
0.6836384534835815
0.6767631769180298
0.6856867671012878
0.6821516752243042
0.68146151304245
0.6847889423370361
0.6868602633476257
0.674060583114624
0.6744767427444458
0.680583655834198
0.6720117926597595
0.6837940812110901
0.6887107491493225
0.6826452612876892
0.6795235276222229
0.6795184016227722
0.6794495582580566
0.6840411424636841
0.6803061962127686
0.6756066679954529
0.6782209873199463
0.6833630204200745
0.6848019957542419
0.6824641227722168
0.6800557374954224
0.6845459938049316
0.6854965090751648
0.6867035627365112
0.6843124032020569
0.6843408346176147
0.6816494464874268
0.6913878321647644
0.6833304166793823
0.6789764761924744
0.6793639063835144
0.6821487545967102
0.6783681511878967
0.6799309849739075
0.6781638860702515
0.6820330023765564
0.6923409104347229
0.6933990120887756
0.6867188811302185
0.6808871030807495
0.6754605174064636
0.6844563484191895
0.6924914121627808
0.6861007213592529
0.6867530941963196
0.6902264356613159
0.6775436401367188
0.6923914551734924
0.6813520193099976
0.6840373277664185
0.6822303533554077
0.6851404309272766
0.6900685429573059
0.6821401715278625
0.6878384947776794
0.6761968731880188
0.675325870513916
0.6844953894615173
0.6811812520027161
0.68211430311203
0.6840685606002808
0.6796980500221252
0.684768557548523
0.6754963994026184
0.6795128583908081
0.6764811873435974
0.6872023344039917
0.6794542074203491
0.6804701685905457
0.6771097183227539
0.6810184121131897
0.6959671974182129
0.6867265105247498
0.6926881074905396
0.682381808757782
0.6890923380851746
0.6932189464569092
0.6860170364379883
0.6857305765151978
0.6858331561088562
0.6774943470954895
0.6749947667121887
0.6881780624389648
0.6872028708457947
0.6849661469459534
0.686396062374115
0.6773474216461182
0.687357485294342
0.6855276823043823
0.6749811172485352
0.6760702133178711
0.6858852505683899
0.6816547513008118
0.679723858833313
0.6821811199188232
0.6788479685783386
0.6837860941886902
0.6829202771186829
0.6774114966392517
0.6820661425590515
0.6841317415237427
0.686098575592041
0.7005013823509216
0.6830551624298096
0.6793686151504517
0.6796801090240479
0.6820433735847473
0.6743269562721252
0.6886586546897888
0.6869955658912659
0.6818944811820984
0.6877092719078064
0.6817067861557007
0.6801111102104187
0.6798983216285706
0.6839847564697266
0.6924107670783997
0.6840997338294983
0.6861594915390015
0.6814829707145691
0.6744174361228943
0.6916486024856567
0.6834370493888855
0.6815685033798218
0.6854774951934814
0.6824268102645874
0.6747105717658997
0.6870906949043274
0.6910597681999207
0.6910296082496643
0.6812673807144165
0.6851786971092224
0.6792421936988831
0.689267098903656
0.6837059259414673
0.6906510591506958
0.6852190494537354
0.6971104145050049
0.6830968856811523
0.6842697262763977
0.6799786686897278
0.6841402649879456
0.680325448513031
0.6802489757537842
0.6882107853889465
0.6759903430938721
0.6785496473312378
0.6806633472442627
0.6785204410552979
0.6822942495346069
0.6811571717262268
0.685023307800293
0.6885993480682373
0.6811496019363403
0.6766176223754883
0.6756739020347595
0.679094672203064
0.6902468800544739
0.6893265843391418
0.6811041235923767
0.6871454119682312
0.6798322200775146
0.6958795189857483
0.6912193894386292
0.6875518560409546
0.6822690963745117
0.6825710535049438
0.6804855465888977
0.6844877004623413
0.6803905367851257
0.6882665753364563
0.6814562678337097
0.6866024136543274
0.6748254895210266
0.681280791759491
0.6803659796714783
0.6833966374397278
0.6847483515739441
0.6798484921455383
0.6855462789535522
0.6784520745277405
0.6761233806610107
0.686104953289032
0.6837196946144104
0.6799684762954712
0.6805755496025085
0.6873497366905212
0.6837809681892395
0.6853311657905579
0.684969961643219
0.6833582520484924
0.6788229942321777
0.6908296942710876
0.6815917491912842
0.6830358505249023
0.6801374554634094
0.6845220923423767
0.6832468509674072
0.6884806752204895
0.6921064257621765
0.6812454462051392
0.685935378074646
0.6865186095237732
0.6901895403862
0.6815910339355469
0.685659646987915
0.6805467009544373
0.686234176158905
0.6801802515983582
0.6838491559028625
0.6867079138755798
0.6778595447540283
0.682144820690155
0.6915563941001892
0.6807075142860413
0.6811632513999939
0.6815018653869629
0.6844267249107361
0.700059711933136
0.6787369251251221
0.6818884015083313
0.6849754452705383
0.6799728870391846
0.6842670440673828
0.681486964225769
0.6846699118614197
0.6802774667739868
0.6823415160179138
0.6837368011474609
0.6810401678085327
0.6812648773193359
0.683936595916748
0.6855762600898743
0.6824315190315247
0.6794669032096863
0.6748929023742676
0.6827907562255859
0.6745031476020813
0.68546462059021
0.6731162071228027
0.6752223968505859
0.6803439855575562
0.6732704639434814
0.6789455413818359
0.6718830466270447
0.6856270432472229
0.6835276484489441
0.6831811666488647
0.6871538758277893
0.6831828355789185
0.6876513957977295
0.6786723136901855
0.6790987849235535
0.685112476348877
0.6850279569625854
0.6817243099212646
0.6899133324623108
0.6794990301132202
0.6825358271598816
0.6784259676933289
0.680908739566803
0.6777182817459106
0.6884063482284546
0.6729137897491455
0.6850678324699402
0.6854648590087891
0.6898272633552551
0.6675275564193726
0.686125636100769
0.6904613971710205
0.6770483255386353
0.6821537613868713
0.6804291605949402
0.6759254932403564
0.6814081072807312
0.6822399497032166
0.694341242313385
0.686590850353241
0.681716799736023
0.6707482933998108
0.6886332631111145
0.6812860369682312
0.6857610940933228
0.6730985641479492
0.68596351146698
0.6836951375007629
0.6904404759407043
0.6740903854370117
0.68501216173172
0.6806628108024597
0.6867525577545166
0.6778680086135864
0.6859970092773438
0.6775547862052917
0.678250253200531
0.6829816699028015
0.6806333065032959
0.6813573837280273
0.6777200102806091
0.6821718811988831
0.6821982264518738
0.6917200088500977
0.6911522150039673
0.6796759963035583
0.6842760443687439
0.6744097471237183
0.6812134385108948
0.6778110861778259
0.6800695657730103
0.6810862421989441
0.6876399517059326
0.6775686740875244
0.680201530456543
0.6825935244560242
0.6814996004104614
0.6871660351753235
0.6833807826042175
0.6855813264846802
0.6812933683395386
0.6793517470359802
0.67853844165802
0.679627001285553
0.6821544766426086
0.6826234459877014
0.6855807900428772
0.6832516193389893
0.6730338335037231
0.685185968875885
0.6811925768852234
0.6847240328788757
0.6838504672050476
0.6849046945571899
0.6778398752212524
0.6842985153198242
0.6868763566017151
0.6806963682174683
0.686451256275177
0.6824703216552734
0.6746994256973267
0.68980872631073
0.6862463355064392
0.6797969937324524
0.6823285222053528
0.6847443580627441
0.6836971640586853
0.6851891875267029
0.6757391095161438
0.6884493231773376
0.679550290107727
0.6765846610069275
0.6784430146217346
0.6914968490600586
0.680700957775116
0.6841562986373901
0.6760247945785522
0.6731162667274475
0.6817595362663269
0.6848981380462646
0.6753473281860352
0.6727946400642395
0.6859496235847473
0.676821768283844
0.684585690498352
0.6814565658569336
0.6843516230583191
0.6841886639595032
0.6847664713859558
0.6897737979888916
0.6774075031280518
0.6878949403762817
0.6783625483512878
0.6792944073677063
0.6805900931358337
0.6765450835227966
0.6770885586738586
0.6818327903747559
0.6811627745628357
0.6754459738731384
0.6790636777877808
0.6852916479110718
0.6785598993301392
0.6857045292854309
0.68475341796875
0.6784439086914062
0.6872482895851135
0.6832759976387024
0.6867792010307312
0.679831326007843
0.6823503971099854
0.6814076900482178
0.6804706454277039
0.682012140750885
0.6841370463371277
0.6790731549263
0.6799869537353516
0.6830947995185852
0.692377507686615
0.6800580024719238
0.6808311343193054
0.6815665364265442
0.6807937622070312
0.6831682920455933
0.6838725209236145
0.6888071894645691
0.6830465793609619
0.6825381517410278
0.6839331388473511
0.6778873205184937
0.6937726140022278
0.6759357452392578
0.6809383630752563
0.6863421201705933
0.6854677796363831
0.672954797744751
0.6853530406951904
0.680696427822113
0.6851819753646851
0.6884667873382568
0.6921867728233337
0.687608003616333
0.6789193749427795
0.7019652128219604
0.6802370548248291
0.691978394985199
0.6813416481018066
0.6800678968429565
0.6819571256637573
0.6843627691268921
0.6795077919960022
0.6887985467910767
0.6772762537002563
0.6849575042724609
0.6781197786331177
0.6800065040588379
0.6827808618545532
0.6832996606826782
0.682614266872406
0.6825438141822815
0.6840959787368774
0.6762919425964355
0.6880398988723755
0.6839866042137146
0.6808788776397705
0.6835195422172546
0.6786890625953674
0.6820954084396362
0.6822807192802429
0.6889506578445435
0.6839624047279358
0.6882942914962769
0.6887041926383972
0.6807748675346375
0.682155430316925
0.6776397228240967
0.680538535118103
0.6828403472900391
0.6793444752693176
0.6883541941642761
0.6829337477684021
0.681066632270813
0.6749700903892517
0.6808481812477112
0.6818675398826599
0.6834952235221863
0.685163676738739
0.6813450455665588
0.6842866539955139
0.689476490020752
0.6833980679512024
0.6835376620292664
0.6846020817756653
0.6832992434501648
0.683799147605896
0.6730952858924866
0.6821721792221069
0.6812542080879211
0.6784616708755493
0.6834099292755127
0.6760428547859192
0.6786851286888123
0.6734767556190491
0.6682349443435669
0.6826945543289185
0.6826726794242859
0.6924740076065063
0.6850771903991699
0.6842135190963745
0.682435154914856
0.6823014616966248
0.6754252314567566
0.689314067363739
0.6837899088859558
0.6837567090988159
0.6873648166656494
0.68348228931427
0.6773170828819275
0.6849005818367004
0.6821748614311218
0.6920228004455566
0.6861588954925537
0.6910978555679321
0.678587019443512
0.6780092716217041
0.678642749786377
0.6851948499679565
0.6910126805305481
0.682243824005127
0.682317316532135
0.6784008145332336
0.6795976758003235
0.6870529055595398
0.6760036945343018
0.6868860721588135
0.6879594326019287
0.6802282333374023
0.6926663517951965
0.6808761358261108
0.6836429834365845
0.6769364476203918
0.681280255317688
0.6825886368751526
0.6885095238685608
0.6848280429840088
0.6831806898117065
0.6733076572418213
0.6731401681900024
0.6873055696487427
0.6748514175415039
0.6787362098693848
0.680911660194397
0.6825065612792969
0.677574634552002
0.6863262057304382
0.6936909556388855
0.677353024482727
0.6824702024459839
0.6805005669593811
0.6811438202857971
0.6857635378837585
0.6888258457183838
0.68283611536026
0.6891046166419983
0.6769117116928101
0.6782469749450684
0.6790915131568909
0.6880640983581543
0.6820860505104065
0.6790515780448914
0.6815897226333618
0.6763537526130676
0.6794374585151672
0.6863574981689453
0.6841100454330444
0.6848368048667908
0.6825581789016724
0.6845911145210266
0.6785454750061035
0.6824697256088257
0.6801922917366028
0.6766847372055054
0.6727913618087769
0.6861984133720398
0.6846692562103271
0.6805402040481567
0.6859187483787537
0.6884434819221497
0.6789231300354004
0.6770903468132019
0.6849773526191711
0.6922297477722168
0.6795184016227722
0.6834699511528015
0.6796959042549133
0.6823278665542603
0.6782775521278381
0.6824911236763
0.6824276447296143
0.6746888160705566
0.6955834627151489
0.6737474203109741
0.6801535487174988
0.6811275482177734
0.6727439761161804
0.6752269268035889
0.6802467107772827
0.687204122543335
0.6839796900749207
0.6823413968086243
0.6780852675437927
0.6798092126846313
0.6678781509399414
0.6876538991928101
0.6917277574539185
0.6833851933479309
0.6747824549674988
0.6899410486221313
0.6841273903846741
0.6824625730514526
0.681754469871521
0.6780941486358643
0.6872512698173523
0.6832638382911682
0.6855803728103638
0.6797752976417542
0.6815854907035828
0.6805775761604309
0.6791616678237915
0.6803263425827026
0.6841595768928528
0.6839706301689148
0.682926595211029
0.6858901381492615
0.67987459897995
0.6776131391525269
0.6788965463638306
0.6869906187057495
0.6817455887794495
0.6818829774856567
0.6819803714752197
0.6774588823318481
0.6835262775421143
0.6887240409851074
0.6798028945922852
0.6808672547340393
0.6819853782653809
0.6849269270896912
0.678674042224884
0.6770471334457397
0.680246889591217
0.6921181082725525
0.6918356418609619
0.6765284538269043
0.6818811297416687
0.6810837388038635
0.686469554901123
0.6795336008071899
0.6756768822669983
0.6808730959892273
0.669496476650238
0.6776443123817444
0.677815318107605
0.684654712677002
0.6947587132453918
0.6849963068962097
0.6802545189857483
0.6929224133491516
0.6860913038253784
0.6753979921340942
0.6801358461380005
0.6872348785400391
0.6737228631973267
0.6807108521461487
0.6794383525848389
0.679885745048523
0.6816344857215881
0.6846333742141724
0.6874661445617676
0.6870009899139404
0.6857360601425171
0.6834160685539246
0.6834127306938171
0.6806343793869019
0.6854559183120728
0.6793437004089355
0.6920690536499023
0.6795292496681213
0.6816744804382324
0.6826491355895996
0.6759010553359985
0.6859836578369141
0.6803003549575806
0.6778612732887268
0.670217752456665
0.6838629245758057
0.6738444566726685
0.6837161779403687
0.6802886724472046
0.6791040301322937
0.6816651821136475
0.685073733329773
0.6874343752861023
0.6836835145950317
0.6840236783027649
0.6764945387840271
0.685576319694519
0.6817759871482849
0.6884247660636902
0.679347813129425
0.6781603693962097
0.6736212372779846
0.6839730739593506
0.6853737235069275
0.6804449558258057
0.6793018579483032
0.6841275691986084
0.6803698539733887
0.6714391708374023
0.6810799241065979
0.6782366633415222
0.6792967915534973
0.6888552904129028
0.6844483613967896
0.6773694753646851
0.6827752590179443
0.6844303607940674
0.6942487359046936
0.6775144934654236
0.6810959577560425
0.6853283643722534
0.6873418688774109
0.6829978823661804
0.6794798970222473
0.6761928200721741
0.6906847357749939
0.6920679211616516
0.6762433648109436
0.676338791847229
0.6839116215705872
0.6709498763084412
0.6731946468353271
0.6907868385314941
0.689932644367218
0.6822012662887573
0.674635648727417
0.6872459053993225
0.67409348487854
0.6786935329437256
0.6844087839126587
0.6790322065353394
0.6796831488609314
0.6808450222015381
0.6796507835388184
0.6861742734909058
0.6836819052696228
0.6785446405410767
0.6826580762863159
0.6762162446975708
0.686177670955658
0.6762184500694275
0.6791379451751709
0.6732436418533325
0.6768579483032227
0.6849721074104309
0.684778094291687
0.6741828918457031
0.6835525631904602
0.678199827671051
0.675279974937439
0.6794491410255432
0.6808221936225891
0.684669017791748
0.684318482875824
0.6851809024810791
0.6797508001327515
0.6844184994697571
0.6794694662094116
0.6766936182975769
0.6799678802490234
0.6924441456794739
0.681831955909729
0.6805099844932556
0.6777380108833313
0.693719744682312
0.6879574656486511
0.6786002516746521
0.6783924698829651
0.6752810478210449
0.678105354309082
0.6883330345153809
0.6864492297172546
0.6929461359977722
0.6829074621200562
0.6775719523429871
0.6914177536964417
0.6807568073272705
0.6732614040374756
0.6800586581230164
0.6767023801803589
0.6780027747154236
0.6835557818412781
0.6785875558853149
0.6866025328636169
0.6854450106620789
0.6775830388069153
0.6903095245361328
0.6870092153549194
0.679767906665802
0.6854488253593445
0.6832227110862732
0.6802000999450684
0.6748858690261841
0.6846678853034973
0.6834008693695068
0.682374119758606
0.6815890073776245
0.6760067939758301
0.679526150226593
0.6851420402526855
0.6891788840293884
0.6812425255775452
0.6852602958679199
0.6859894394874573
0.679783284664154
0.6823683977127075
0.6813711524009705
0.6815552711486816
0.6813488006591797
0.683621883392334
0.6790618300437927
0.6897372603416443
0.682354211807251
0.6901121139526367
0.6781265139579773
0.6829295754432678
0.6763268113136292
0.6794886589050293
0.6785507798194885
0.6794796586036682
0.6829574704170227
0.6765896081924438
0.6855455636978149
0.6815118789672852
0.6833001971244812
0.6826015710830688
0.6837823987007141
0.6850330829620361
0.6837538480758667
0.6802317500114441
0.6822438836097717
0.6834064722061157
0.6884121894836426
0.6845293045043945
0.6822739839553833
0.6860565543174744
0.683020293712616
0.6801456809043884
0.6801971793174744
0.6946080327033997
0.6824111342430115
0.689001739025116
0.6802286505699158
0.6840916275978088
0.6808984875679016
0.6856690645217896
0.6877523064613342
0.684406042098999
0.6899949908256531
0.6824326515197754
0.6853038668632507
0.6691775918006897
0.6829685568809509
0.6830459237098694
0.6806812286376953
0.6752042174339294
0.6787573099136353
0.6797913312911987
0.6843646168708801
0.6955501437187195
0.6801723837852478
0.6721887588500977
0.687195360660553
0.6821838021278381
0.6826471090316772
0.6845589876174927
0.6847968697547913
0.6824364066123962
0.6824870705604553
0.6892682313919067
0.6819443106651306
0.683598518371582
0.6816888451576233
0.6867507100105286
0.6778011918067932
0.6864771246910095
0.678615391254425
0.6809771060943604
0.6903424859046936
0.6798028349876404
0.6837757229804993
0.6735408902168274
0.6736757755279541
0.6782443523406982
0.6813442707061768
0.6849123239517212
0.680962324142456
0.6846476793289185
0.6835574507713318
0.6847407817840576
0.6820191740989685
0.6916484832763672
0.6801856756210327
0.6830205917358398
0.6842066049575806
0.6811361312866211
0.6812520027160645
0.6839035153388977
0.6826590299606323
0.6752288937568665
0.6858807802200317
0.6897205114364624
0.6821032166481018
0.6791605353355408
0.6811636090278625
0.6893651485443115
0.6790570020675659
0.6797763109207153
0.6804068088531494
0.6811022162437439
0.6743482351303101
0.686385452747345
0.6750637292861938
0.6792215704917908
0.6755009293556213
0.677527666091919
0.6844161748886108
0.6890736818313599
0.6769570112228394
0.6801730394363403
0.6789100170135498
0.6829544901847839
0.683496356010437
0.6792734265327454
0.6787413954734802
0.6854634284973145
0.6868970394134521
0.6807419061660767
0.6758165955543518
0.6783846020698547
0.6893032193183899
0.6884129047393799
0.6842295527458191
0.6812439560890198
0.67014080286026
0.6744053959846497
0.6784013509750366
0.6795842051506042
0.68593430519104
0.6809038519859314
0.6835357546806335
0.6705333590507507
0.6902143359184265
0.6812086701393127
0.677347719669342
0.6770468950271606
0.6748415231704712
0.6871092319488525
0.6738500595092773
0.6821125149726868
0.6775445342063904
0.6888092160224915
0.6853928565979004
0.6811205744743347
0.6832729578018188
0.683183491230011
0.6853192448616028
0.6842185258865356
0.6907925605773926
0.6796430349349976
0.6828857064247131
0.674372136592865
0.6813737154006958
0.6766797304153442
0.6843686699867249
0.6841171383857727
0.6818998456001282
0.678138792514801
0.6835117936134338
0.6756587624549866
0.6856876015663147
0.6907345652580261
0.6868878602981567
0.6833388209342957
0.6848641037940979
0.6810286641120911
0.6799477338790894
0.6768580079078674
0.6778343915939331
0.6825109124183655
0.6843105554580688
0.6837623119354248
0.6868047714233398
0.6848747730255127
0.6760512590408325
0.6742015480995178
0.6881909966468811
0.6868264079093933
0.6798368096351624
0.6813772916793823
0.6769868731498718
0.6740659475326538
0.6817896366119385
0.6749951243400574
0.6807401776313782
0.6861743927001953
0.6770846247673035
0.6866507530212402
0.6764509081840515
0.6845960021018982
0.6789188981056213
0.6782699823379517
0.6772589087486267
0.6806520223617554
0.6774322390556335
0.6738327145576477
0.6852207779884338
0.6784114837646484
0.6859995126724243
0.6747622489929199
0.6824735403060913
0.6880332827568054
0.6882452368736267
0.6759863495826721
0.6771191954612732
0.687593936920166
0.6819179058074951
0.680962860584259
0.6900967955589294
0.681869387626648
0.6838821768760681
0.6803688406944275
0.6825677156448364
0.681785523891449
0.6764112114906311
0.6808618307113647
0.6791430711746216
0.6796754598617554
0.685737133026123
0.6776236891746521
0.6864340901374817
0.6845651865005493
0.677370011806488
0.6818715333938599
0.6847338080406189
0.6867287158966064
0.6807772517204285
0.6858584880828857
0.6838083863258362
0.6865376234054565
0.6798232793807983
0.6833306550979614
0.6874170899391174
0.6883994340896606
0.6859805583953857
0.6759792566299438
0.6808356046676636
0.6868889927864075
0.6834619641304016
0.671893298625946
0.6814152002334595
0.6871508359909058
0.6918940544128418
0.6902355551719666
0.6729118824005127
0.6784927248954773
0.6827465891838074
0.6763830184936523
0.6826076507568359
0.6721752285957336
0.6869027018547058
0.6764100193977356
0.6849976778030396
0.6786311864852905
0.6811158657073975
0.6817395687103271
0.6850600838661194
0.6800065636634827
0.6795954704284668
0.6813774108886719
0.6805610656738281
0.6798686385154724
0.6714617013931274
0.6770898699760437
0.6751787066459656
0.6849827766418457
0.6832324862480164
0.6941117644309998
0.6839269399642944
0.6807829141616821
0.6837829351425171
0.6846213936805725
0.6743716597557068
0.6855170130729675
0.6772415041923523
0.6866343021392822
0.6820639967918396
0.677926242351532
0.67950439453125
0.6873165369033813
0.6735312938690186
0.6878103613853455
0.6862397193908691
0.6781278848648071
0.6762458682060242
0.679038405418396
0.6829728484153748
0.6757234334945679
0.6840711236000061
0.6847730278968811
0.6788910031318665
0.6807419657707214
0.6844591498374939
0.6797208786010742
0.681287407875061
0.6821104884147644
0.6916971802711487
0.6791396737098694
0.674868106842041
0.6813153028488159
0.6849661469459534
0.6778357625007629
0.68121737241745
0.6807424426078796
0.6821540594100952
0.6843584179878235
0.6795899868011475
0.6778967976570129
0.684540867805481
0.667538583278656
0.6938597559928894
0.68276447057724
0.685725748538971
0.6916593313217163
0.6801874041557312
0.6845206618309021
0.6811083555221558
0.6820239424705505
0.6828616857528687
0.6842831969261169
0.6816443204879761
0.6867358684539795
0.6762768030166626
0.6848404407501221
0.686776876449585
0.6750369668006897
0.6787105798721313
0.6857110261917114
0.6786648631095886
0.6787622570991516
0.6821944713592529
0.6820346713066101
0.6906366348266602
0.6892954707145691
0.6799771189689636
0.6882410645484924
0.6861258745193481
0.6814917325973511
0.6935357451438904
0.6802557110786438
0.6806503534317017
0.6819284558296204
0.6809588670730591
0.6878414750099182
0.6860930323600769
0.6762964129447937
0.6918418407440186
0.6787305474281311
0.6874955296516418
0.6855484247207642
0.6832497715950012
0.6795939803123474
0.6798489093780518
0.6810592412948608
0.6750786900520325
0.6871817708015442
0.6758092641830444
0.6834678053855896
0.6876192688941956
0.6790474653244019
0.6757705807685852
0.6911835670471191
0.6854448914527893
0.6740236282348633
0.6742563843727112
0.688235878944397
0.684998095035553
0.6847228407859802
0.6862137913703918
0.6880057454109192
0.6898341178894043
0.6849398016929626
0.6810174584388733
0.6765000820159912
0.6766014099121094
0.679879903793335
0.6854566335678101
0.6786209940910339
0.6829087734222412
0.6724109053611755
0.6806662082672119
0.6789727807044983
0.6769084334373474
0.6833146810531616
0.6775263547897339
0.6830432415008545
0.6865270733833313
0.6833572387695312
0.6790018677711487
0.6782316565513611
0.6859418153762817
0.6831426024436951
0.6848770976066589
0.6780554056167603
0.6823053359985352
0.6758387088775635
0.6854223012924194
0.6902493238449097
0.6828320622444153
0.6805809140205383
0.6825585961341858
0.682590901851654
0.6771982908248901
0.6785436868667603
0.6745240092277527
0.6783499121665955
0.6858168840408325
0.6856892704963684
0.6799091696739197
0.677334725856781
0.6855880618095398
0.6813585758209229
0.6914721131324768
0.6805339455604553
0.6761663556098938
0.6869695782661438
0.6764214038848877
0.6835762858390808
0.677250862121582
0.683978796005249
0.68012934923172
0.6819692254066467
0.6829931139945984
0.6797050833702087
0.6853854060173035
0.6764504909515381
0.6809593439102173
0.6730660796165466
0.6813923716545105
0.687319815158844
0.6763239502906799
0.6819474697113037
0.6746132373809814
0.6866672039031982
0.6807839870452881
0.684549868106842
0.6776704788208008
0.6817731857299805
0.6819717884063721
0.682289719581604
0.6868341565132141
0.6823739409446716
0.6875700950622559
0.6791643500328064
0.6845143437385559
0.6840648651123047
0.6828522682189941
0.6885682940483093
0.6825958490371704
0.6814395189285278
0.6802520155906677
0.676956832408905
0.6753457188606262
0.6735641360282898
0.6845263242721558
0.6850318312644958
0.682806670665741
0.6772551536560059
0.6925447583198547
0.6761665940284729
0.6915358304977417
0.6834749579429626
0.6827314496040344
0.6840528845787048
0.6948966383934021
0.6853685975074768
0.6824653148651123
0.6810181736946106
0.6847652196884155
0.6819278597831726
0.6852846741676331
0.6816989183425903
0.6749590635299683
0.6825842261314392
0.6745406985282898
0.6808161735534668
0.6820068955421448
0.6825099587440491
0.6849643588066101
0.6812732219696045
0.6818386316299438
0.6816515326499939
0.6851757168769836
0.6805346012115479
0.6780621409416199
0.6821737885475159
0.6787569522857666
0.6758389472961426
0.6854437589645386
0.6746804714202881
0.6845252513885498
0.6837462186813354
0.6814428567886353
0.6867902278900146
0.6790130734443665
0.6844929456710815
0.6778655648231506
0.6775583028793335
0.6823967099189758
0.6800150871276855
0.6875196099281311
0.6814257502555847
0.6765813827514648
0.6843744516372681
0.6891504526138306
0.6843549013137817
0.682773768901825
0.677188515663147
0.6785151958465576
0.6864781975746155
0.6951732635498047
0.6776955127716064
0.6794747710227966
0.6894884705543518
0.6901803016662598
0.6841950416564941
0.6858044862747192
0.6813138127326965
0.6760923862457275
0.6881735920906067
0.6855326890945435
0.6830432415008545
0.6850401759147644
0.6825764179229736
0.6798085570335388
0.689164400100708
0.6850053071975708
0.6866495013237
0.6920690536499023
0.670477032661438
0.6817920804023743
0.6861333250999451
0.6851969361305237
0.6857503652572632
0.677975058555603
0.6793962717056274
0.681132972240448
0.6820797324180603
0.6900019645690918
0.687004566192627
0.6815446615219116
0.683519721031189
0.6846600770950317
0.6985366344451904
0.6867244243621826
0.6763332486152649
0.6840974688529968
0.6750229001045227
0.6843565106391907
0.6779563426971436
0.693069338798523
0.6835189461708069
0.6906915903091431
0.6726348400115967
0.6777968406677246
0.6811394095420837
0.6819350123405457
0.6876765489578247
0.6860001087188721
0.6874822378158569
0.6837368607521057
0.6875043511390686
0.6771734356880188
0.6816861629486084
0.6848739981651306
0.6790169477462769
0.6905633211135864
0.6743542551994324
0.6753810048103333
0.6996771097183228
0.6852551698684692
0.6796443462371826
0.6784687042236328
0.6874240636825562
0.6815841794013977
0.6890180110931396
0.6876882314682007
0.6833083629608154
0.6795653104782104
0.6798641681671143
0.6888421773910522
0.696732759475708
0.6828468441963196
0.6869754791259766
0.6838539838790894
0.6877323389053345
0.6854263544082642
0.6939929127693176
0.683934211730957
0.6785991191864014
0.6830843687057495
0.685550332069397
0.6788728833198547
0.6677970886230469
0.6784045100212097
0.6755473017692566
0.686943531036377
0.6823680400848389
0.6745946407318115
0.6829490065574646
0.6832001805305481
0.677743673324585
0.6752766966819763
0.6821476817131042
0.6842302083969116
0.6789986491203308
0.684283971786499
0.6831268072128296
0.6790093183517456
0.6832857131958008
0.6887312531471252
0.6801058053970337
0.6798240542411804
0.6804102063179016
0.6795480847358704
0.6804444789886475
0.6841021180152893
0.6767112016677856
0.69179767370224
0.6859502196311951
0.6724185943603516
0.6830040216445923
0.6853911876678467
0.6865970492362976
0.6693747639656067
0.6830400228500366
0.6832926273345947
0.6904959082603455
0.6843751072883606
0.684000551700592
0.6833970546722412
0.6853931546211243
0.6781761646270752
0.6779306530952454
0.6848015189170837
0.6806780695915222
0.6732529401779175
0.6819063425064087
0.6777723431587219
0.6786516904830933
0.6819009184837341
0.6864787340164185
0.6797447800636292
0.6836931705474854
0.6855335831642151
0.6906147003173828
0.6800572276115417
0.6766003966331482
0.6818418502807617
0.6914408802986145
0.682074785232544
0.6883313655853271
0.6797289252281189
0.6842619776725769
0.6857030987739563
0.6852893829345703
0.684791088104248
0.6772514581680298
0.6797320246696472
0.6806603074073792
0.6855511665344238
0.6801497340202332
0.6920250654220581
0.6836572289466858
0.6832347512245178
0.6963217854499817
0.6858763098716736
0.6799033284187317
0.6900523900985718
0.6806430220603943
0.6861497759819031
0.6846362948417664
0.6886529326438904
0.6886950731277466
0.6719620227813721
0.6773805022239685
0.6731955409049988
0.6892722249031067
0.6833566427230835
0.6879435777664185
0.6841455101966858
0.6810172200202942
0.6940923929214478
0.6868302822113037
0.6906904578208923
0.6859641075134277
0.6744776964187622
0.6795933246612549
0.6879279017448425
0.6791828870773315
0.6764855980873108
0.6855635046958923
0.6877186894416809
0.6846753358840942
0.685540497303009
0.6800031065940857
0.6803392767906189
0.6793054342269897
0.6856955885887146
0.6752592921257019
0.6828726530075073
0.6896000504493713
0.6783941388130188
0.6904417872428894
0.6907888650894165
0.6782594919204712
0.6844754815101624
0.675695538520813
0.6826153993606567
0.6868815422058105
0.6812974214553833
0.6807832717895508
0.6818622350692749
0.692604124546051
0.6850070953369141
0.6826606392860413
0.6757211089134216
0.6856049299240112
0.6861291527748108
0.683303952217102
0.6795545220375061
0.6798192262649536
0.6801103949546814
0.6905539631843567
0.6798059344291687
0.6858512163162231
0.6847452521324158
0.6801438927650452
0.6793240308761597
0.6827357411384583
0.6776990294456482
0.677971363067627
0.6738190650939941
0.6858111023902893
0.6784353256225586
0.6763083934783936
0.6869921088218689
0.6903374195098877
0.6796333193778992
0.6789134740829468
0.6865442395210266
0.6839861273765564
0.6808258891105652
0.6783653497695923
0.680130660533905
0.6849149465560913
0.6827788949012756
0.6756988167762756
0.6827630996704102
0.6828962564468384
0.6862491369247437
0.6802436709403992
0.6797994375228882
0.6833071708679199
0.6899766325950623
0.6937769055366516
0.6793495416641235
0.6832067966461182
0.6903445720672607
0.6802511215209961
0.6843855381011963
0.6862219572067261
0.6807007193565369
0.6904939413070679
0.6866971254348755
0.6905887722969055
0.6821385025978088
0.6797499656677246
0.691673994064331
0.6888322830200195
0.6888895630836487
0.6754875779151917
0.6813746094703674
0.6828007698059082
0.6805375814437866
0.6831575036048889
0.6846176981925964
0.676518976688385
0.680923581123352
0.6954994797706604
0.6774380207061768
0.6849309206008911
0.678356409072876
0.6802809834480286
0.686896562576294
0.6780281662940979
0.68129563331604
0.6835552453994751
0.680928647518158
0.6862071752548218
0.6775379776954651
0.6783474087715149
0.6792498826980591
0.6775085926055908
0.6776490807533264
0.6868552565574646
0.6800461411476135
0.678473711013794
0.6870646476745605
0.6809495091438293
0.6772480607032776
0.6793870329856873
0.6733289361000061
0.6908680200576782
0.6804320216178894
0.6813050508499146
0.6905481219291687
0.6804034113883972
0.6864854693412781
0.6773940920829773
0.683169424533844
0.683551549911499
0.6915698051452637
0.687106192111969
0.6781018972396851
0.6770243644714355
0.6858062744140625
0.685698926448822
0.6751667857170105
0.680381178855896
0.6801127195358276
0.6811555624008179
0.6999939680099487
0.6880144476890564
0.6896051168441772
0.6762091517448425
0.6819412112236023
0.6858923435211182
0.6826569437980652
0.6868237853050232
0.6857976317405701
0.68143230676651
0.6775951385498047
0.6858521103858948
0.6742580533027649
0.6831945776939392
0.6818552613258362
0.6790462732315063
0.6834925413131714
0.675204336643219
0.6866320371627808
0.687157392501831
0.6802052855491638
0.6773037314414978
0.6804942488670349
0.6748809218406677
0.6829871535301208
0.6775214076042175
0.6898522973060608
0.6793557405471802
0.6865090727806091
0.6741570830345154
0.6810572743415833
0.6773909330368042
0.6753737330436707
0.681717574596405
0.68543940782547
0.6817584037780762
0.6832903623580933
0.6775920987129211
0.6821445226669312
0.6806892156600952
0.6762298941612244
0.6820369362831116
0.6919376254081726
0.6759973168373108
0.6842936873435974
0.6900069713592529
0.6882480382919312
0.6805202960968018
0.6816068291664124
0.6808785200119019
0.679277777671814
0.6846486926078796
0.677943766117096
0.6835703253746033
0.6787908673286438
0.6856655478477478
0.6803878545761108
0.6839540600776672
0.6885861754417419
0.6805387735366821
0.6780122518539429
0.6800649166107178
0.685981035232544
0.6861609816551208
0.6937102675437927
0.6736704707145691
0.6821767687797546
0.6882784962654114
0.6753888726234436
0.6855598092079163
0.6781895160675049
0.6874350905418396
0.6782296895980835
0.6805755496025085
0.6833929419517517
0.6849285960197449
0.6760658621788025
0.683383047580719
0.679890513420105
0.673058271408081
0.6873255372047424
0.6831436157226562
0.676925539970398
0.6773062944412231
0.684901773929596
0.6808748245239258
0.6843558549880981
0.6834906339645386
0.688730001449585
0.6820073127746582
0.6898446083068848
0.6799847483634949
0.6854478716850281
0.6711881160736084
0.6773338317871094
0.6901791095733643
0.6884610652923584
0.6752477884292603
0.6814778447151184
0.6814147233963013
0.6828635931015015
0.6824138164520264
0.6804273128509521
0.684544563293457
0.6855352520942688
0.6742832660675049
0.6751400828361511
0.6756278276443481
0.6729214191436768
0.6843449473381042
0.6816614270210266
0.677437424659729
0.6908724308013916
0.6804890036582947
0.6886312961578369
0.6869266629219055
0.6827837824821472
0.6797448992729187
0.6786957383155823
0.6762388348579407
0.6815440058708191
0.6797239184379578
0.682440996170044
0.6822919845581055
0.6857401728630066
0.6782611608505249
0.6758992671966553
0.6885116696357727
0.6780941486358643
0.6884987950325012
0.6968114972114563
0.6782575249671936
0.6728354692459106
0.6815593242645264
0.6861085295677185
0.6777070164680481
0.6844401955604553
0.6756630539894104
0.6869608759880066
0.680122971534729
0.7001655697822571
0.6770536303520203
0.6865593791007996
0.6789446473121643
0.6918358206748962
0.6826239824295044
0.678399920463562
0.679729163646698
0.6830214262008667
0.6797453761100769
0.6835228800773621
0.6838382482528687
0.6767156720161438
0.6869164109230042
0.6847314238548279
0.6796133518218994
0.6727941632270813
0.6750845909118652
0.6810126900672913
0.6840111017227173
0.6771164536476135
0.676490306854248
0.680040180683136
0.6832597255706787
0.6823196411132812
0.6845044493675232
0.6802914142608643
0.6781112551689148
0.6793062686920166
0.6804049015045166
0.6760036945343018
0.6840593218803406
0.6872148513793945
0.6786465644836426
0.6789507865905762
0.6840932965278625
0.6779763102531433
0.6794568300247192
0.6926028728485107
0.6881248950958252
0.6717976927757263
0.6810835003852844
0.6790164709091187
0.6865645051002502
0.6886141300201416
0.6765952110290527
0.6818349361419678
0.6771964430809021
0.6911930441856384
0.6834229826927185
0.682050883769989
0.6804207563400269
0.6857479214668274
0.6812596917152405
0.6733618974685669
0.6844812035560608
0.6882420182228088
0.6829447746276855
0.6792660355567932
0.6813966035842896
0.6862995028495789
0.6852726340293884
0.681919515132904
0.6803673505783081
0.6853258013725281
0.6831656098365784
0.687992513179779
0.685173511505127
0.6736115217208862
0.6813190579414368
0.6741759181022644
0.6850215792655945
0.6764451861381531
0.6808421015739441
0.6841755509376526
0.6913710832595825
0.6806696653366089
0.6710432171821594
0.6815637350082397
0.6734409332275391
0.6749891042709351
0.6812968254089355
0.6810734272003174
0.6802342534065247
0.6838684678077698
0.6796773076057434
0.6745920181274414
0.6850939989089966
0.6791238784790039
0.6817469596862793
0.6796294450759888
0.6783312559127808
0.6828879117965698
0.6796106696128845
0.6787133812904358
0.6882087588310242
0.6897251605987549
0.6805964112281799
0.6774112582206726
0.687954843044281
0.6842365264892578
0.6784681677818298
0.6833632588386536
0.6789763569831848
0.6843324899673462
0.6814455986022949
0.6873904466629028
0.6856023073196411
0.6805761456489563
0.6881839632987976
0.681512176990509
0.6783827543258667
0.6784570813179016
0.6756818890571594
0.6801105737686157
0.6809759140014648
0.683627724647522
0.6847532391548157
0.683513343334198
0.6823899745941162
0.6841810345649719
0.685278594493866
0.6800081729888916
0.6792193651199341
0.6889384388923645
0.684543251991272
0.6804341673851013
0.6854150891304016
0.6835526823997498
0.6836909651756287
0.677422285079956
0.6849786639213562
0.6834272146224976
0.6832550168037415
0.676710844039917
0.6864930391311646
0.6870665550231934
0.6758531928062439
0.6866019368171692
0.6822601556777954
0.6914801597595215
0.6804050803184509
0.6876507997512817
0.6820297837257385
0.6841549873352051
0.6855769753456116
0.6841058731079102
0.6783018112182617
0.6871604323387146
0.6784368753433228
0.6828932166099548
0.6812123656272888
0.6758496165275574
0.6815448999404907
0.68668532371521
0.688021719455719
0.6831230521202087
0.6878165006637573
0.6759281158447266
0.6844479441642761
0.6901147961616516
0.6836827397346497
0.6853817105293274
0.6770901083946228
0.6813753843307495
0.6865707635879517
0.6703640818595886
0.6910035610198975
0.6761775016784668
0.6764558553695679
0.68404620885849
0.6788535118103027
0.6846182942390442
0.6861236095428467
0.6806061267852783
0.6880923509597778
0.6867298483848572
0.6845750212669373
0.6850455403327942
0.6806176900863647
0.686215341091156
0.6805703043937683
0.6806772351264954
0.6776602864265442
0.6792221069335938
0.6799453496932983
0.6850731372833252
0.679429829120636
0.702263355255127
0.6781343221664429
0.6829323172569275
0.6819959282875061
0.6846544742584229
0.6854756474494934
0.6808031797409058
0.6786358952522278
0.6844360828399658
0.6792977452278137
0.6754453182220459
0.6850717663764954
0.6748800873756409
0.6832752823829651
0.6781458854675293
0.6791802644729614
0.6759292483329773
0.6827099919319153
0.6844065189361572
0.6844608187675476
0.6830044388771057
0.6733864545822144
0.6742423176765442
0.6896001696586609
0.6791861653327942
0.6911449432373047
0.6835432648658752
0.6884105801582336
0.6832054853439331
0.6777936220169067
0.6889374852180481
0.684115469455719
0.6886225342750549
0.682570219039917
0.6860433220863342
0.6791899800300598
0.6857798099517822
0.673917293548584
0.6736488938331604
0.6752476096153259
0.6786212921142578
0.6800596714019775
0.6860321164131165
0.6857402920722961
0.678257167339325
0.6828927993774414
0.6808101534843445
0.6837136149406433
0.6831153631210327
0.6800094842910767
0.6832132339477539
0.6829524636268616
0.6837092638015747
0.6774943470954895
0.6817501783370972
0.6840100884437561
0.6858968138694763
0.6739014387130737
0.6891788244247437
0.6809843182563782
0.6801794171333313
0.6844199299812317
0.6760008931159973
0.6835016012191772
0.6762114763259888
0.6914174556732178
0.6888359785079956
0.6795610785484314
0.6867178082466125
0.6752370595932007
0.6830388307571411
0.677480936050415
0.6924092173576355
0.6887299418449402
0.683877170085907
0.6769629120826721
0.6844393610954285
0.6859545707702637
0.6775802373886108
0.6802359819412231
0.6823177337646484
0.680413544178009
0.6788749098777771
0.6867983937263489
0.6748191714286804
0.6796055436134338
0.6856929659843445
0.6877585649490356
0.6844506859779358
0.6835067868232727
0.6756604909896851
0.6753823757171631
0.6827703714370728
0.6886382102966309
0.6796587109565735
0.6845430135726929
0.6863012909889221
0.6796924471855164
0.6793869137763977
0.6805897355079651
0.6789737939834595
0.6793373823165894
0.6805492043495178
0.6908242106437683
0.6849156022071838
0.6819053292274475
0.6842880249023438
0.6804428100585938
0.6762469410896301
0.6730424165725708
0.6854939460754395
0.6792077422142029
0.6862843036651611
0.6846171617507935
0.678465723991394
0.6825869679450989
0.6777549982070923
0.6858545541763306
0.6820156574249268
0.6973499059677124
0.6835002899169922
0.6828781962394714
0.6823757886886597
0.6839020848274231
0.6806703805923462
0.6847845911979675
0.6798204779624939
0.6901392936706543
0.6813491582870483
0.6760569214820862
0.6949171423912048
0.6821092963218689
0.6819072961807251
0.6908544898033142
0.6811333298683167
0.6860224008560181
0.6824776530265808
0.6774588823318481
0.6811044812202454
0.6852917671203613
0.6773302555084229
0.6707608103752136
0.6870275735855103
0.6804294586181641
0.6837470531463623
0.683767557144165
0.6734665036201477
0.6816345453262329
0.6787933707237244
0.6790843605995178
0.6900310516357422
0.6864064931869507
0.6867029666900635
0.6860592365264893
0.686575174331665
0.6924742460250854
0.6730152368545532
0.6787803173065186
0.6831481456756592
0.7048068046569824
0.6748260855674744
0.6772526502609253
0.680945098400116
0.681770920753479
0.6862865686416626
0.6846314668655396
0.682629406452179
0.6776147484779358
0.682805597782135
0.6766476035118103
0.6815940737724304
0.6829389333724976
0.6806588172912598
0.6804608702659607
0.6872357130050659
0.6854796409606934
0.675704836845398
0.6845183968544006
0.6761369705200195
0.6842312812805176
0.6848431825637817
0.6814020276069641
0.6821238994598389
0.6851667761802673
0.6826918721199036
0.6797358989715576
0.6789777874946594
0.6845663785934448
0.6745518445968628
0.6842851042747498
0.6851634383201599
0.6811118721961975
0.6894730925559998
0.6816179752349854
0.6831476092338562
0.6916696429252625
0.6719689965248108
0.6938708424568176
0.6800216436386108
0.6848670840263367
0.6861881017684937
0.6756471991539001
0.6821965575218201
0.6869336366653442
0.6818099021911621
0.6854583621025085
0.678114652633667
0.6781838536262512
0.6821001172065735
0.6806920766830444
0.6758672595024109
0.6871836185455322
0.6797669529914856
0.6800545454025269
0.6829431653022766
0.678151547908783
0.6836377382278442
0.6780619621276855
0.6833024024963379
0.6749554872512817
0.6793552041053772
0.6855968236923218
0.6715992093086243
0.6850244402885437
0.6880750060081482
0.6902735829353333
0.6835307478904724
0.6720079779624939
0.680008590221405
0.6734391450881958
0.6913624405860901
0.6849735379219055
0.6820849776268005
0.6816724538803101
0.6782706379890442
0.6754287481307983
0.6779085397720337
0.6800158023834229
0.6791383624076843
0.6795844435691833
0.6937931776046753
0.6734132170677185
0.677842378616333
0.6742690801620483
0.6829395294189453
0.6902397871017456
0.6802470684051514
0.6844022870063782
0.6867135763168335
0.6852874159812927
0.6802043318748474
0.6751300096511841
0.6829542517662048
0.67798912525177
0.674756646156311
0.6767292618751526
0.6788402199745178
0.6983613967895508
0.6805078983306885
0.6784186959266663
0.6902313232421875
0.6808330416679382
0.6764482855796814
0.6791001558303833
0.6777936220169067
0.6846210360527039
0.6842418909072876
0.6807202696800232
0.6888970136642456
0.6818832159042358
0.6835879683494568
0.6868270039558411
0.6854485273361206
0.6798876523971558
0.6807264089584351
0.6778405904769897
0.6869384050369263
0.6862298250198364
0.6822583675384521
0.6838288307189941
0.6861491203308105
0.6836356520652771
0.688658595085144
0.6880559921264648
0.6864901781082153
0.677261471748352
0.6844878196716309
0.6807782649993896
0.6798586845397949
0.680271327495575
0.6771838068962097
0.671673595905304
0.6812159419059753
0.676862359046936
0.6799564361572266
0.6813032627105713
0.6799387335777283
0.6840438842773438
0.682765543460846
0.6804789900779724
0.6773070693016052
0.6796277165412903
0.681623637676239
0.6854053735733032
0.6794435977935791
0.6810393333435059
0.6812829971313477
0.6831814646720886
0.6805881857872009
0.6843932867050171
0.6787119507789612
0.6754932999610901
0.6821595430374146
0.6786198616027832
0.6854931712150574
0.6740327477455139
0.6852664351463318
0.690406858921051
0.6891964077949524
0.678431510925293
0.6811820268630981
0.6902177333831787
0.6861113905906677
0.681793749332428
0.6865172386169434
0.6812825202941895
0.6833381652832031
0.6807604432106018
0.6825701594352722
0.685113787651062
0.6791075468063354
0.6810967922210693
0.6845662593841553
0.6815098524093628
0.6796489357948303
0.6770979762077332
0.6809861063957214
0.6797553896903992
0.6754146814346313
0.6762237548828125
0.6888192296028137
0.6770210862159729
0.6890462040901184
0.6851725578308105
0.6807412505149841
0.6891197562217712
0.6869590282440186
0.6736781001091003
0.6807848215103149
0.6825942993164062
0.6751285791397095
0.6826409101486206
0.685165286064148
0.6869787573814392
0.6895041465759277
0.6864659190177917
0.6770052313804626
0.6745954751968384
0.6801593899726868
0.6736400723457336
0.685401439666748
0.6781558990478516
0.675037682056427
0.683692216873169
0.6830233335494995
0.6791551113128662
0.6850839257240295
0.6843652725219727
0.6904356479644775
0.6838712096214294
0.6722611784934998
0.6899076700210571
0.6756990551948547
0.6805431842803955
0.67783123254776
0.6758697628974915
0.6829802989959717
0.6912333369255066
0.6947777271270752
0.6835071444511414
0.6771525740623474
0.6773641705513
0.6798205375671387
0.688209056854248
0.6831437945365906
0.6785922646522522
0.6801150441169739
0.6896666288375854
0.6919256448745728
0.6823896765708923
0.6860403418540955
0.6843858957290649
0.672121524810791
0.6825700402259827
0.6844118237495422
0.6802969574928284
0.6893020868301392
0.6887497305870056
0.6797094345092773
0.6814770102500916
0.6822221279144287
0.6809038519859314
0.6796742081642151
0.6911371350288391
0.673611044883728
0.6831480264663696
0.6835025548934937
0.687787652015686
0.6758161187171936
0.6838205456733704
0.6695928573608398
0.6813707947731018
0.6813362836837769
0.6853067874908447
0.6731319427490234
0.6865120530128479
0.6965475678443909
0.6783280372619629
0.6865857839584351
0.68142169713974
0.6773205995559692
0.6811326146125793
0.6904883980751038
0.6789591908454895
0.690378725528717
0.687633752822876
0.6857792735099792
0.6772128343582153
0.6803601980209351
0.6794630885124207
0.6795580387115479
0.6780893802642822
0.6805784106254578
0.6800661087036133
0.6835220456123352
0.6877470016479492
0.6824129819869995
0.6850579977035522
0.6781370043754578
0.6827689409255981
0.6839631199836731
0.6837480068206787
0.68929523229599
0.6864719390869141
0.6881558299064636
0.6763383746147156
0.6837599277496338
0.6809402108192444
0.6770971417427063
0.6782403588294983
0.6717225909233093
0.683348536491394
0.6849275231361389
0.6803298592567444
0.6947014927864075
0.684701144695282
0.686379611492157
0.6897099614143372
0.6815881133079529
0.6813306212425232
0.6752360463142395
0.6896454691886902
0.6850233674049377
0.6867879033088684
0.6847437620162964
0.6843066215515137
0.6791815757751465
0.6817247867584229
0.6781776547431946
0.7028394341468811
0.6759473085403442
0.6775234341621399
0.6809149384498596
0.6848929524421692
0.6818968653678894
0.6834591031074524
0.690276026725769
0.6928985714912415
0.67601078748703
0.6757490038871765
0.6859973669052124
0.6869869828224182
0.6819316148757935
0.6858018636703491
0.6835514307022095
0.6786150932312012
0.68172287940979
0.6829270720481873
0.6854866743087769
0.682964563369751
0.6796616315841675
0.6807073354721069
0.6796377301216125
0.686582088470459
0.678700864315033
0.6834053993225098
0.6810765266418457
0.6856711506843567
0.6746159791946411
0.6837739944458008
0.6850422620773315
0.6821084022521973
0.6723054051399231
0.6763540506362915
0.6915909647941589
0.680229663848877
0.6813117861747742
0.6846587061882019
0.6801959872245789
0.679938793182373
0.6772579550743103
0.69301438331604
0.6810439229011536
0.6751059889793396
0.6847805380821228
0.6822510361671448
0.6830196380615234
0.6839544177055359
0.6804170608520508
0.6839202642440796
0.6814649701118469
0.6796629428863525
0.677501380443573
0.6821191906929016
0.6880892515182495
0.6792148351669312
0.6812263131141663
0.6819871664047241
0.6793326139450073
0.6852554678916931
0.6856421232223511
0.6765350699424744
0.676324188709259
0.6785253882408142
0.6811675429344177
0.6848555207252502
0.6908980011940002
0.6849636435508728
0.6808385252952576
0.6851221919059753
0.6856565475463867
0.6716554760932922
0.6760270595550537
0.6841557025909424
0.6875391602516174
0.6793129444122314
0.6793500185012817
0.6922990083694458
0.6880364418029785
0.6809389591217041
0.6837383508682251
0.672092854976654
0.6844934821128845
0.6802254319190979
0.6850321888923645
0.6830710172653198
0.6821417212486267
0.6872406005859375
0.6790988445281982
0.6885509490966797
0.6896664500236511
0.6906341314315796
0.6822946071624756
0.6792502999305725
0.6866753101348877
0.6828749775886536
0.6795649528503418
0.6848174333572388
0.6841813325881958
0.6847142577171326
0.6892179250717163
0.676961362361908
0.6864268183708191
0.6775370836257935
0.6791487336158752
0.6976569294929504
0.6787957549095154
0.6815038323402405
0.6837523579597473
0.6893501281738281
0.6828024983406067
0.6823249459266663
0.6793016791343689
0.6856005787849426
0.6720808744430542
0.6787940859794617
0.6810477375984192
0.6746481657028198
0.6817629337310791
0.6863857507705688
0.689403235912323
0.6746469736099243
0.6818503141403198
0.6801680326461792
0.680979311466217
0.6812793612480164
0.6826549172401428
0.6838076114654541
0.6927088499069214
0.6872578263282776
0.6818399429321289
0.6774572730064392
0.6722866296768188
0.6820921897888184
0.6859036087989807
0.6846640706062317
0.6823393702507019
0.6767764687538147
0.6814360618591309
0.6775192022323608
0.6905611157417297
0.6820325255393982
0.681212306022644
0.6838584542274475
0.6733655333518982
0.6835436224937439
0.6856604218482971
0.6844302415847778
0.6823287010192871
0.6872206926345825
0.6886476874351501
0.6822983622550964
0.6823388934135437
0.6894585490226746
0.686023473739624
0.6827459335327148
0.6858678460121155
0.6878745555877686
0.6816917657852173
0.6806512475013733
0.6945281028747559
0.681540310382843
0.6856247782707214
0.6986453533172607
0.6799134612083435
0.685032069683075
0.6722297668457031
0.679000735282898
0.681090235710144
0.6734450459480286
0.6926107406616211
0.6797981262207031
0.6781346201896667
0.6808929443359375
0.6807462573051453
0.6833891868591309
0.6826884150505066
0.6733291149139404
0.6815489530563354
0.6786549687385559
0.6896132230758667
0.6823480725288391
0.6816545128822327
0.6872237920761108
0.6791030764579773
0.6840433478355408
0.6808428764343262
0.6795592904090881
0.686674952507019
0.6767420172691345
0.6799684762954712
0.6847941875457764
0.6875262260437012
0.6793559789657593
0.6805500984191895
0.6873524188995361
0.6800742149353027
0.6787293553352356
0.6847248077392578
0.6819648146629333
0.6784939169883728
0.6905050277709961
0.6777766942977905
0.6808478832244873
0.6804258823394775
0.6905930042266846
0.674193263053894
0.6764772534370422
0.6827406287193298
0.6855155825614929
0.6792948842048645
0.6804019212722778
0.6758936047554016
0.696245014667511
0.6860794425010681
0.683914303779602
0.6789698600769043
0.6771102547645569
0.673770010471344
0.6846991777420044
0.6910040378570557
0.6876304745674133
0.6893813610076904
0.6860662698745728
0.6763936877250671
0.6838969588279724
0.6784204840660095
0.6814476251602173
0.6834646463394165
0.6856876015663147
0.6867573261260986
0.6870503425598145
0.6863122582435608
0.6868832111358643
0.6772283911705017
0.6855573654174805
0.6796098947525024
0.6845321655273438
0.6813464760780334
0.6852152347564697
0.6860074996948242
0.6736974120140076
0.6769065260887146
0.6784758567810059
0.6728588938713074
0.6811919212341309
0.682465136051178
0.6753261685371399
0.677008867263794
0.6845648288726807
0.6822088360786438
0.6777579188346863
0.681127667427063
0.6748195886611938
0.6798710227012634
0.683005690574646
0.697941780090332
0.6790725588798523
0.6744878888130188
0.684665858745575
0.6803200244903564
0.6895020604133606
0.675853967666626
0.6754481792449951
0.6857150793075562
0.6833057403564453
0.688409686088562
0.6748396158218384
0.6869486570358276
0.6875717043876648
0.6824289560317993
0.6827749609947205
0.6838733553886414
0.6825735569000244
0.6823073625564575
0.6823596358299255
0.6864671111106873
0.693825364112854
0.6845340728759766
0.6790279746055603
0.687038779258728
0.6839321255683899
0.6904329061508179
0.6894577741622925
0.6825368404388428
0.6729878187179565
0.6759757399559021
0.6880568265914917
0.6761471033096313
0.6883677840232849
0.6820816397666931
0.6803424954414368
0.6803172826766968
0.6816743016242981
0.6795485019683838
0.6886293292045593
0.6954430937767029
0.6772584319114685
0.68122798204422
0.6769767999649048
0.6793453693389893
0.6743550300598145
0.6774716377258301
0.6811590790748596
0.6826671361923218
0.6817448735237122
0.6714777946472168
0.6783081293106079
0.6980530619621277
0.6761594414710999
0.6869505643844604
0.6865061521530151
0.6847308278083801
0.6791669726371765
0.6740445494651794
0.6800166964530945
0.6756879091262817
0.678491473197937
0.6797406077384949
0.6706793904304504
0.6826879978179932
0.6823210716247559
0.6707453727722168
0.680515468120575
0.6774520874023438
0.6846262216567993
0.684568464756012
0.6829197406768799
0.6800719499588013
0.6858956813812256
0.67838054895401
0.6764346957206726
0.6835673451423645
0.6784563660621643
0.6995033025741577
0.6839619874954224
0.6894426345825195
0.6873464584350586
0.6855711340904236
0.678093671798706
0.6828491687774658
0.6833679676055908
0.6839518547058105
0.6726565957069397
0.6829450726509094
0.6908019781112671
0.688430905342102
0.6810076832771301
0.6738311052322388
0.6777573823928833
0.675686776638031
0.6712586283683777
0.6862314343452454
0.6761875152587891
0.6868787407875061
0.6771517395973206
0.6895005106925964
0.6841933131217957
0.6817523837089539
0.679490864276886
0.6770753264427185
0.6754436492919922
0.674336314201355
0.6754344701766968
0.6825879812240601
0.682968020439148
0.6826313734054565
0.6746262907981873
0.6828265190124512
0.6894851922988892
0.6855769157409668
0.684223473072052
0.6839462518692017
0.6801284551620483
0.6791942119598389
0.6804496049880981
0.6804546117782593
0.6778616905212402
0.6794489026069641
0.6843747496604919
0.6773537397384644
0.6798046231269836
0.6869258284568787
0.6873721480369568
0.6923278570175171
0.6774393916130066
0.6821112632751465
0.6808944940567017
0.6832666397094727
0.6829047799110413
0.681995153427124
0.6793224811553955
0.6836043000221252
0.6815037727355957
0.679566502571106
0.6999422311782837
0.6885109543800354
0.6928029656410217
0.688989520072937
0.6780176162719727
0.6817631125450134
0.6744585037231445
0.6903880834579468
0.6807444095611572
0.6754509210586548
0.6827930212020874
0.6789289116859436
0.6794192790985107
0.6785350441932678
0.6770248413085938
0.6833173036575317
0.6802860498428345
0.6965349316596985
0.6838135719299316
0.68504399061203
0.6832260489463806
0.678600013256073
0.6835039258003235
0.6864270567893982
0.6718500852584839
0.6894989609718323
0.6774240136146545
0.6845374703407288
0.6906355619430542
0.6810792088508606
0.6818203330039978
0.6813555359840393
0.6732364296913147
0.6867321133613586
0.6806188821792603
0.6820259690284729
0.6867965459823608
0.6804773211479187
0.6802983283996582
0.6792068481445312
0.6829850673675537
0.6800571084022522
0.6933528184890747
0.688404381275177
0.6824724078178406
0.6790688037872314
0.6858948469161987
0.6853179335594177
0.6797411441802979
0.6851963996887207
0.6787013411521912
0.6835474967956543
0.6817283034324646
0.6852756142616272
0.677849531173706
0.6764206886291504
0.6830227375030518
0.6871413588523865
0.6856070756912231
0.6888759732246399
0.6824514269828796
0.6817016005516052
0.6825607419013977
0.6793924570083618
0.6885216236114502
0.6812265515327454
0.6825960278511047
0.6828893423080444
0.6831903457641602
0.6846663951873779
0.673413872718811
0.6829898357391357
0.6797558069229126
0.679100751876831
0.6825790405273438
0.6808598041534424
0.676673412322998
0.6731885671615601
0.6736904978752136
0.6850072741508484
0.6982024312019348
0.6887171268463135
0.6813299655914307
0.6846979260444641
0.677638828754425
0.6807668209075928
0.6750091910362244
0.6829654574394226
0.6815640926361084
0.6777865886688232
0.7002153992652893
0.6802775263786316
0.6832926869392395
0.6823499798774719
0.6818737983703613
0.6853594183921814
0.6827376484870911
0.6776751279830933
0.6870893836021423
0.6766016483306885
0.6810036301612854
0.6841833591461182
0.6929251551628113
0.6834582090377808
0.6780077219009399
0.6899277567863464
0.6785404086112976
0.6767615675926208
0.6790474057197571
0.6818826198577881
0.6808438897132874
0.6799590587615967
0.6887914538383484
0.6877646446228027
0.6822649836540222
0.6869829893112183
0.6841609477996826
0.6840938925743103
0.6869530081748962
0.6751724481582642
0.6859709024429321
0.6832739114761353
0.6820321679115295
0.676710307598114
0.6778052449226379
0.6896148324012756
0.6823374032974243
0.680841863155365
0.6760262250900269
0.6724909543991089
0.6872255802154541
0.6818742156028748
0.6886575222015381
0.6827555894851685
0.6856333613395691
0.6768198609352112
0.6973554491996765
0.6847378015518188
0.6781596541404724
0.6855267882347107
0.6858600378036499
0.685383141040802
0.6851125359535217
0.6785547733306885
0.6822801828384399
0.6720526218414307
0.6837963461875916
0.6937205195426941
0.6796969175338745
0.6836625933647156
0.6814153790473938
0.6792354583740234
0.684326708316803
0.6881345510482788
0.6866813898086548
0.6805130243301392
0.6898210048675537
0.6869479417800903
0.6767791509628296
0.6838722229003906
0.6737022995948792
0.6877294778823853
0.6795341372489929
0.675564169883728
0.6852644681930542
0.6780002117156982
0.6814066767692566
0.6822818517684937
0.680623471736908
0.6883972883224487
0.6785061955451965
0.6799967885017395
0.6798009872436523
0.6729167103767395
0.6827938556671143
0.6831226944923401
0.67946457862854
0.6820424199104309
0.6905872225761414
0.6757705211639404
0.6909955739974976
0.6759148836135864
0.6888109445571899
0.6800774931907654
0.6870251297950745
0.6782597899436951
0.6761078834533691
0.6821239590644836
0.6810640096664429
0.6879431009292603
0.6785741448402405
0.6791071891784668
0.6864336729049683
0.682657778263092
0.6866423487663269
0.6801214218139648
0.6830846667289734
0.6780931949615479
0.6789541244506836
0.6780401468276978
0.6837083101272583
0.6814637184143066
0.6765168309211731
0.6804848313331604
0.6807214617729187
0.6839889287948608
0.6790134310722351
0.6834447979927063
0.6829898953437805
0.6800726056098938
0.69154292345047
0.6743692755699158
0.6764492392539978
0.6863886117935181
0.6777567267417908
0.6805671453475952
0.6863588094711304
0.6879959106445312
0.681666374206543
0.6832258701324463
0.6868327260017395
0.6827189922332764
0.6859070062637329
0.6993991732597351
0.6811637282371521
0.6860813498497009
0.680526614189148
0.6793171167373657
0.6837556958198547
0.6816190481185913
0.6861972808837891
0.6803121566772461
0.6791728138923645
0.6778108477592468
0.689281702041626
0.6764645576477051
0.6767155528068542
0.6768105626106262
0.6815593838691711
0.6809251308441162
0.6754407286643982
0.6803407073020935
0.6856056451797485
0.68073970079422
0.6831624507904053
0.678589940071106
0.6860923171043396
0.6789759993553162
0.6818132400512695
0.6843218207359314
0.684617817401886
0.6837421655654907
0.6818159818649292
0.6842167973518372
0.6862691640853882
0.6786984801292419
0.6788673996925354
0.676872730255127
0.6941596269607544
0.6874085664749146
0.6826623678207397
0.6884247064590454
0.6872389316558838
0.6750585436820984
0.6787192225456238
0.6806129813194275
0.6790497899055481
0.6819672584533691
0.6850113868713379
0.6880208253860474
0.6774978637695312
0.6801972389221191
0.6805264949798584
0.6864213347434998
0.6775409579277039
0.6725165843963623
0.6809967160224915
0.68007892370224
0.6885209679603577
0.6789498329162598
0.6768498420715332
0.6768969893455505
0.6845479011535645
0.6777551770210266
0.6830718517303467
0.6768441796302795
0.6733266711235046
0.6845064759254456
0.6865407228469849
0.6824660897254944
0.683021605014801
0.6872961521148682
0.6862936615943909
0.6833526492118835
0.6914958357810974
0.6770238280296326
0.6792188286781311
0.6884240508079529
0.67558753490448
0.6814517974853516
0.683000922203064
0.686407744884491
0.6848303079605103
0.691906213760376
0.6826549768447876
0.6851757764816284
0.6813158392906189
0.6870403289794922
0.6867491006851196
0.6991282105445862
0.6854066848754883
0.6767846345901489
0.6816693544387817
0.684014618396759
0.6825315356254578
0.6851197481155396
0.6806146502494812
0.6896852850914001
0.6790561079978943
0.683098554611206
0.6803472638130188
0.679990291595459
0.6815657615661621
0.6854739785194397
0.6870200634002686
0.6823450922966003
0.6811457276344299
0.6782568693161011
0.6804466843605042
0.6777093410491943
0.6892467141151428
0.6792709231376648
0.6786677837371826
0.6733717918395996
0.67913419008255
0.6830544471740723
0.6802414059638977
0.6867507100105286
0.6844831705093384
0.6866132616996765
0.6849634051322937
0.6828982830047607
0.6783618330955505
0.6893572211265564
0.681545615196228
0.6766124367713928
0.6813929080963135
0.6772390604019165
0.6788946986198425
0.6751856803894043
0.6861741542816162
0.6846909523010254
0.6941204071044922
0.6804859638214111
0.6796497106552124
0.6838223338127136
0.6805906891822815
0.680182158946991
0.6758261919021606
0.6900526285171509
0.6771595478057861
0.6702078580856323
0.6805422306060791
0.6831244826316833
0.6745522618293762
0.6911920309066772
0.6929141879081726
0.6803022623062134
0.6858564019203186
0.6846276521682739
0.675832986831665
0.6816796660423279
0.6897599101066589
0.6854162812232971
0.6834661364555359
0.6862849593162537
0.681080162525177
0.6880669593811035
0.6868618726730347
0.6876403093338013
0.6711177825927734
0.6836531758308411
0.68123859167099
0.67916339635849
0.6784690022468567
0.6792978048324585
0.6736141443252563
0.6789669394493103
0.67227703332901
0.6739423871040344
0.680170476436615
0.6833018064498901
0.6773269772529602
0.6740536093711853
0.6829150319099426
0.6853616237640381
0.6889442801475525
0.6758540272712708
0.6766574382781982
0.6835856437683105
0.6731264591217041
0.6837661266326904
0.6802794337272644
0.6876422166824341
0.6830194592475891
0.6912456750869751
0.6798330545425415
0.6809957027435303
0.6821203231811523
0.6822405457496643
0.6837321519851685
0.6946760416030884
0.6753405928611755
0.6743218898773193
0.6849802732467651
0.6750642657279968
0.6875507235527039
0.6867314577102661
0.6826003789901733
0.6789047122001648
0.6807326674461365
0.677945077419281
0.6902773380279541
0.687287449836731
0.6840342879295349
0.6852066516876221
0.6822290420532227
0.6748217344284058
0.6811659336090088
0.6820186972618103
0.6822881102561951
0.6782962679862976
0.6783345341682434
0.6839120984077454
0.6906003952026367
0.6870242357254028
0.6805780529975891
0.6760215163230896
0.6717024445533752
0.6792575716972351
0.6798444390296936
0.6829884052276611
0.6890518069267273
0.6846532821655273
0.6798071265220642
0.6808187365531921
0.688517689704895
0.6723427176475525
0.6863995790481567
0.6819424033164978
0.685347855091095
0.6797505021095276
0.6800057291984558
0.6692524552345276
0.682243287563324
0.6792047619819641
0.6806287169456482
0.6827794909477234
0.6891278624534607
0.6843848824501038
0.6762291193008423
0.6840999126434326
0.6774813532829285
0.6740726232528687
0.6792576909065247
0.6822724342346191
0.6730076670646667
0.6868895292282104
0.6711855530738831
0.677179753780365
0.6794636249542236
0.6833980679512024
0.6850561499595642
0.6886643171310425
0.6785995364189148
0.6828024983406067
0.6789445281028748
0.6775161623954773
0.6826390027999878
0.6766467094421387
0.6862229108810425
0.675552487373352
0.6796916127204895
0.6745986938476562
0.685299813747406
0.6772474646568298
0.6801869869232178
0.6826876997947693
0.6830877661705017
0.6890086531639099
0.6753605008125305
0.6902068257331848
0.6862527132034302
0.6808159947395325
0.6795766949653625
0.679237425327301
0.6768907308578491
0.6772204041481018
0.6868273019790649
0.6772541403770447
0.6865806579589844
0.6839035153388977
0.6806027889251709
0.6871502995491028
0.6824190020561218
0.6879954934120178
0.6843307614326477
0.6839152574539185
0.6793834567070007
0.6860349774360657
0.6742797493934631
0.6684998273849487
0.6756484508514404
0.6740267872810364
0.685047447681427
0.6845941543579102
0.6829648017883301
0.6818724870681763
0.6768739223480225
0.692985475063324
0.6782413125038147
0.677475094795227
0.6772967576980591
0.6790518164634705
0.6781262755393982
0.6904302835464478
0.6800558567047119
0.685580313205719
0.682990312576294
0.6760095357894897
0.6845391392707825
0.6781638264656067
0.6797091364860535
0.6748930811882019
0.6766607761383057
0.6807200312614441
0.6824177503585815
0.6778208613395691
0.6889285445213318
0.675818920135498
0.6838964819908142
0.6829066276550293
0.6896952986717224
0.6862272620201111
0.67801433801651
0.6831874847412109
0.6818708181381226
0.681542158126831
0.6848705410957336
0.6783439517021179
0.6792710423469543
0.6752761602401733
0.6890367865562439
0.679524302482605
0.6767670512199402
0.6816385984420776
0.6799593567848206
0.6821151971817017
0.6763519644737244
0.6861523389816284
0.6834878921508789
0.6849124431610107
0.6799528002738953
0.67558354139328
0.6828954815864563
0.6879103779792786
0.6826472878456116
0.6762330532073975
0.6818855404853821
0.6787019968032837
0.6774539351463318
0.6822909116744995
0.6803925633430481
0.6824938654899597
0.6841082572937012
0.687955379486084
0.6778482794761658
0.6794113516807556
0.6882259845733643
0.680627167224884
0.6918638348579407
0.6954312324523926
0.6827795505523682
0.6815553903579712
0.6849380135536194
0.6847821474075317
0.6791492104530334
0.6722366213798523
0.6820935606956482
0.6791262030601501
0.6864245533943176
0.6775702238082886
0.6848680973052979
0.6790761947631836
0.6773874163627625
0.6804213523864746
0.682907223701477
0.6800641417503357
0.6915000081062317
0.6883277297019958
0.6744413375854492
0.6752785444259644
0.684705376625061
0.6798694133758545
0.6796673536300659
0.6826492547988892
0.6928596496582031
0.6841720938682556
0.6835662722587585
0.6766335368156433
0.6868425011634827
0.6748214364051819
0.6852760910987854
0.6821140646934509
0.6877775192260742
0.6882726550102234
0.682402491569519
0.6854555010795593
0.6815720200538635
0.6788002252578735
0.6817299723625183
0.6811041235923767
0.6883217692375183
0.6867823600769043
0.6823598742485046
0.683417797088623
0.6810798645019531
0.6751633882522583
0.6796392798423767
0.687073826789856
0.6901177763938904
0.6794783473014832
0.6844180822372437
0.6747416853904724
0.6801783442497253
0.6835635304450989
0.6786335706710815
0.6780791282653809
0.6791467666625977
0.6800593733787537
0.6836581826210022
0.6772923469543457
0.6822658777236938
0.6977302432060242
0.6854211091995239
0.6844474077224731
0.676842451095581
0.6803416609764099
0.6812266707420349
0.6820933818817139
0.6790165305137634
0.6807915568351746
0.6850900053977966
0.6817350387573242
0.6754503846168518
0.6757336854934692
0.6909680962562561
0.6770369410514832
0.6779859066009521
0.684703528881073
0.682131290435791
0.6767358779907227
0.6768624186515808
0.6793175935745239
0.6861194968223572
0.6863852143287659
0.6888124942779541
0.6794360280036926
0.6803913116455078
0.6905447840690613
0.698711097240448
0.6800390481948853
0.6804701089859009
0.6847962737083435
0.6841035485267639
0.6847826838493347
0.6805962920188904
0.6881360411643982
0.6917615532875061
0.6810869574546814
0.6732349991798401
0.6818435788154602
0.6956643462181091
0.6781598329544067
0.686338484287262
0.6869165897369385
0.6784186363220215
0.6862837672233582
0.6808825135231018
0.6852887868881226
0.68619704246521
0.6799856424331665
0.6888015270233154
0.6778733730316162
0.6808229088783264
0.6808125972747803
0.6832019090652466
0.675509512424469
0.6840877532958984
0.6713833212852478
0.684699535369873
0.6741896271705627
0.680090069770813
0.6808228492736816
0.6836987733840942
0.6768888831138611
0.683144748210907
0.6824349761009216
0.6836270689964294
0.6789566278457642
0.6868171095848083
0.6784934401512146
0.6770334839820862
0.6832866668701172
0.6853160262107849
0.6817276477813721
0.6829870343208313
0.6768146753311157
0.6794561743736267
0.6721131801605225
0.6710134148597717
0.6841777563095093
0.6832329034805298
0.677642822265625
0.691527783870697
0.6821926236152649
0.6869481801986694
0.6865373849868774
0.6829250454902649
0.6793461441993713
0.6764616966247559
0.675999104976654
0.6857573986053467
0.6786208748817444
0.6855719685554504
0.6846044063568115
0.69210284948349
0.6754755973815918
0.6892539262771606
0.6845191717147827
0.6864078640937805
0.6797157526016235
0.682456910610199
0.6797301173210144
0.688252866268158
0.6767073273658752
0.6828464269638062
0.6872691512107849
0.6775363087654114
0.6791751384735107
0.6774272322654724
0.6863280534744263
0.6826552748680115
0.6797008514404297
0.6718291640281677
0.6841140985488892
0.6876394152641296
0.6872577667236328
0.6821988821029663
0.6770567893981934
0.6826010942459106
0.6865679025650024
0.6711675524711609
0.6869761943817139
0.6784160733222961
0.6839450001716614
0.6809808611869812
0.682483971118927
0.6824471354484558
0.6906671524047852
0.6851580739021301
0.6845581531524658
0.6703440546989441
0.6915829181671143
0.678657054901123
0.6789370179176331
0.6806632876396179
0.693650484085083
0.6783038973808289
0.6800462603569031
0.6817213892936707
0.6799130439758301
0.693143904209137
0.6802853941917419
0.6832982897758484
0.6873422861099243
0.6759681701660156
0.673965334892273
0.6752951741218567
0.6930328011512756
0.6824674010276794
0.7044923901557922
0.6834222078323364
0.6922949552536011
0.6796556115150452
0.6854913234710693
0.6708692312240601
0.6811245083808899
0.6748846173286438
0.6750991344451904
0.6847658753395081
0.687827467918396
0.6817570924758911
0.677496075630188
0.6823757290840149
0.6891874670982361
0.6809134483337402
0.6784396171569824
0.6842607855796814
0.6771392822265625
0.681376039981842
0.681344747543335
0.6807572841644287
0.6785112619400024
0.6869875192642212
0.6821715831756592
0.6815171241760254
0.706595778465271
0.6801988482475281
0.6895099878311157
0.6910202503204346
0.6825684905052185
0.6828144788742065
0.6834532618522644
0.6892322301864624
0.6851622462272644
0.6796678900718689
0.6868245005607605
0.684604823589325
0.6882662773132324
0.682175874710083
0.6897933483123779
0.671968400478363
0.6837421655654907
0.6744009852409363
0.6840946078300476
0.6807023882865906
0.6822919249534607
0.680457592010498
0.6775953769683838
0.6811320185661316
0.6832419037818909
0.6830540895462036
0.6837387084960938
0.6732072830200195
0.6851633191108704
0.6773452758789062
0.6830649971961975
0.6745806336402893
0.6827988028526306
0.67458575963974
0.6747503876686096
0.682887852191925
0.6795632839202881
0.6837437152862549
0.6806408762931824
0.6799717545509338
0.6736254096031189
0.683674156665802
0.6810125708580017
0.6737135648727417
0.6834419965744019
0.6762669086456299
0.6879449486732483
0.6763952374458313
0.6816030740737915
0.6828384399414062
0.6832326650619507
0.6845227479934692
0.6805186867713928
0.6859579682350159
0.6721157431602478
0.6846728920936584
0.6869555115699768
0.6773531436920166
0.6774023175239563
0.6801618337631226
0.679576575756073
0.6784883141517639
0.6691858172416687
0.6759862303733826
0.6846969127655029
0.685370683670044
0.6762548685073853
0.6730576753616333
0.6859249472618103
0.6777585744857788
0.6873883008956909
0.6783086061477661
0.695122241973877
0.6781477332115173
0.6894952654838562
0.6836131811141968
0.6878640055656433
0.6771512627601624
0.6787405610084534
0.6759865283966064
0.680844783782959
0.6778331398963928
0.6788613200187683
0.6751885414123535
0.685439944267273
0.6815170645713806
0.6751251816749573
0.6718884706497192
0.6789697408676147
0.6792566776275635
0.6820093989372253
0.6832149624824524
0.6788560152053833
0.6796695590019226
0.6754496097564697
0.6852902173995972
0.6787903904914856
0.6746649742126465
0.6786156296730042
0.6824276447296143
0.6818445324897766
0.6790331602096558
0.6759512424468994
0.6824999451637268
0.6829614639282227
0.6771458983421326
0.6826381683349609
0.6844709515571594
0.6845964193344116
0.6753810048103333
0.6716736555099487
0.6799468398094177
0.6813773512840271
0.6807524561882019
0.6762064695358276
0.6812787652015686
0.6828014850616455
0.682915210723877
0.6860421299934387
0.6880587339401245
0.6899986267089844
0.6818084120750427
0.6819949746131897
0.6807578802108765
0.6893548965454102
0.6938259601593018
0.6745545268058777
0.6969150304794312
0.6893749237060547
0.6820977926254272
0.6764698028564453
0.6734254360198975
0.6833193898200989
0.6785549521446228
0.6766530871391296
0.6901086568832397
0.6789752840995789
0.6882557272911072
0.6868603229522705
0.676043689250946
0.6733214855194092
0.6820734143257141
0.6809710264205933
0.6799224019050598
0.6884610652923584
0.6786575317382812
0.6807047724723816
0.6840396523475647
0.6825998425483704
0.6807518005371094
0.674974799156189
0.6934430599212646
0.6830244064331055
0.6821207404136658
0.6802981495857239
0.6825480461120605
0.6758604645729065
0.6871961951255798
0.6855123043060303
0.6800407767295837
0.6880467534065247
0.6812498569488525
0.6776114106178284
0.6796907782554626
0.6858199238777161
0.6822183132171631
0.6784560084342957
0.6814125776290894
0.6938128471374512
0.682096004486084
0.6749607920646667
0.6787854433059692
0.6845011711120605
0.6833795309066772
0.6787084937095642
0.6803458333015442
0.67794269323349
0.6788122057914734
0.6882267594337463
0.677765429019928
0.679509699344635
0.6752303838729858
0.6808650493621826
0.6677904725074768
0.6768789291381836
0.6781158447265625
0.6812634468078613
0.6793103814125061
0.6698030829429626
0.6777724027633667
0.6805400848388672
0.6772395968437195
0.6809225678443909
0.6825398802757263
0.6856749653816223
0.6778702139854431
0.6799749732017517
0.6841661334037781
0.6785375475883484
0.6869294047355652
0.698181688785553
0.678368091583252
0.6810641884803772
0.6888480186462402
0.6784079670906067
0.6793822646141052
0.6814683675765991
0.6759805679321289
0.689068615436554
0.6852942705154419
0.6816422939300537
0.6788150668144226
0.6799777746200562
0.6824193596839905
0.6846324801445007
0.6854459643363953
0.6894896626472473
0.6846134066581726
0.6793674230575562
0.6850927472114563
0.6814653277397156
0.687279462814331
0.6784123182296753
0.6779546737670898
0.6817556023597717
0.6772556304931641
0.675790011882782
0.6854432821273804
0.6796069741249084
0.6850455403327942
0.6894744634628296
0.6843166351318359
0.6814978122711182
0.6857894659042358
0.6846648454666138
0.6788252592086792
0.6791120171546936
0.6831721067428589
0.6857509613037109
0.6815282106399536
0.6775813698768616
0.6874724626541138
0.6851767897605896
0.6745997071266174
0.6831668019294739
0.6820037961006165
0.688666820526123
0.6845452785491943
0.6854013800621033
0.6788846850395203
0.680047333240509
0.6835780143737793
0.6778261065483093
0.683143138885498
0.6852169632911682
0.6805667877197266
0.684348464012146
0.6859903931617737
0.6745880246162415
0.6876443028450012
0.6798122525215149
0.6826200485229492
0.6798577904701233
0.6866439580917358
0.6801182627677917
0.6802769899368286
0.6835690140724182
0.6775854825973511
0.6904518604278564
0.6964552998542786
0.676661491394043
0.6809417009353638
0.6859105825424194
0.6731219291687012
0.6783461570739746
0.6846387386322021
0.6876926422119141
0.6805035471916199
0.6846064329147339
0.6800462007522583
0.6816635131835938
0.6830466985702515
0.6830431818962097
0.679751455783844
0.6839898228645325
0.6819496154785156
0.6869162917137146
0.68240886926651
0.6794329881668091
0.6867656707763672
0.6853892207145691
0.6766154170036316
0.6801686882972717
0.6745498180389404
0.6830424070358276
0.6772497892379761
0.6756560206413269
0.6803314685821533
0.6823872923851013
0.6915685534477234
0.6877728700637817
0.6720829010009766
0.6803992390632629
0.6723422408103943
0.6830456256866455
0.6818406581878662
0.6716068983078003
0.6820105910301208
0.6946287751197815
0.6743999719619751
0.6846625208854675
0.6914032101631165
0.6806463599205017
0.6885260939598083
0.6816550493240356
0.6801121234893799
0.6900988221168518
0.6831175684928894
0.6753566861152649
0.6863360404968262
0.6865884065628052
0.6747458577156067
0.6721819639205933
0.6831713318824768
0.688231348991394
0.6817775964736938
0.6864237189292908
0.6776875257492065
0.6833626627922058
0.6841121912002563
0.6796942949295044
0.6821886301040649
0.6769042611122131
0.6756166219711304
0.6867351531982422
0.6820444464683533
0.6739885807037354
0.6774354577064514
0.685163676738739
0.703085720539093
0.6833073496818542
0.6784666776657104
0.6772662401199341
0.6912190914154053
0.6800951361656189
0.6766906976699829
0.6772652268409729
0.6801471710205078
0.6836441159248352
0.6849429607391357
0.6864389777183533
0.6789119243621826
0.6818640232086182
0.682632327079773
0.681241512298584
0.6792197823524475
0.6871027946472168
0.6826659440994263
0.682070791721344
0.6739630103111267
0.6797722578048706
0.6823649406433105
0.6813074350357056
0.6779031157493591
0.6935200095176697
0.6800422072410583
0.6846877336502075
0.6788808703422546
0.6816735863685608
0.6800292730331421
0.6828547716140747
0.6822813153266907
0.6730782389640808
0.683038592338562
0.6832305192947388
0.6852644681930542
0.6841069459915161
0.6818767786026001
0.6907325983047485
0.6792440414428711
0.6849032044410706
0.6776590943336487
0.6884586215019226
0.685927152633667
0.6895686388015747
0.6871514916419983
0.67432701587677
0.671180784702301
0.6864887475967407
0.676024854183197
0.678226888179779
0.6863073110580444
0.6800785660743713
0.6757434010505676
0.6824276447296143
0.6815875768661499
0.6823874115943909
0.6860600709915161
0.6812905669212341
0.6875150203704834
0.6779600381851196
0.677178144454956
0.676702618598938
0.6857469081878662
0.689551830291748
0.6800574064254761
0.6764622926712036
0.685856819152832
0.6866409778594971
0.6851540207862854
0.6878915429115295
0.6866965293884277
0.6848915219306946
0.6934762597084045
0.6729940176010132
0.6814852952957153
0.6861212253570557
0.6781116127967834
0.6809540390968323
0.6864773631095886
0.6860270500183105
0.684890866279602
0.6850526332855225
0.6800443530082703
0.6831390857696533
0.6781535148620605
0.6760465502738953
0.6842517256736755
0.6796653270721436
0.6848278641700745
0.6795297265052795
0.6852490901947021
0.682108998298645
0.6875820159912109
0.6795153021812439
0.6866149306297302
0.6756040453910828
0.6852781772613525
0.6838101744651794
0.6921882629394531
0.6780847311019897
0.684364378452301
0.6800839900970459
0.6799077987670898
0.6875843405723572
0.6810778975486755
0.6891375184059143
0.674977719783783
0.6879352331161499
0.6823380589485168
0.6740474700927734
0.6779446005821228
0.680385410785675
0.6861737966537476
0.6782451272010803
0.6761163473129272
0.6852377653121948
0.6803324222564697
0.6789754033088684
0.6844252943992615
0.6823799014091492
0.682140052318573
0.685613751411438
0.6842999458312988
0.6915392279624939
0.6840753555297852
0.6830192804336548
0.6688287258148193
0.677605926990509
0.6829168200492859
0.6713889837265015
0.6836201548576355
0.6862653493881226
0.67670077085495
0.6907644867897034
0.6796169281005859
0.6838352084159851
0.6834937930107117
0.6877267956733704
0.6718579530715942
0.6775721907615662
0.6852741837501526
0.6818168759346008
0.6801798939704895
0.6777991652488708
0.67936110496521
0.6733070611953735
0.6811915040016174
0.6802017092704773
0.6877578496932983
0.6741228699684143
0.6754505038261414
0.6827936768531799
0.6830030083656311
0.6782870292663574
0.6810987591743469
0.6893246173858643
0.688045859336853
0.676527738571167
0.6802489161491394
0.6843932271003723
0.6871491074562073
0.6721149682998657
0.6802496314048767
0.6813380718231201
0.6971012949943542
0.6850677132606506
0.6815527081489563
0.6796486973762512
0.6801221966743469
0.6851009726524353
0.6834056973457336
0.6767199635505676
0.6805334091186523
0.6844103336334229
0.6773133873939514
0.6838222742080688
0.678525984287262
0.6825421452522278
0.6803072094917297
0.6807075142860413
0.6829143762588501
0.682664155960083
0.6822243928909302
0.6795358657836914
0.6906908750534058
0.6798306107521057
0.6723347306251526
0.6853676438331604
0.678600013256073
0.6795815825462341
0.6852941513061523
0.681451678276062
0.6769928932189941
0.680295467376709
0.690733790397644
0.6752660870552063
0.6824787855148315
0.6803770065307617
0.6794202327728271
0.6858525276184082
0.6810293197631836
0.6814247369766235
0.6773327589035034
0.6801085472106934
0.6801267862319946
0.683274507522583
0.681363582611084
0.6829191446304321
0.6860212087631226
0.6798458099365234
0.6812250018119812
0.6938629746437073
0.6805263757705688
0.6852872371673584
0.686134397983551
0.6797293424606323
0.6831234097480774
0.6797994375228882
0.6718168258666992
0.6818439960479736
0.6789379119873047
0.6829543709754944
0.6746454238891602
0.6878851056098938
0.6823297142982483
0.6743024587631226
0.6900079846382141
0.6793790459632874
0.6807383894920349
0.6878789067268372
0.6892858743667603
0.6763178706169128
0.6787011623382568
0.6777567267417908
0.6759917736053467
0.6836492419242859
0.6839540600776672
0.6872504949569702
0.684573233127594
0.6820618510246277
0.6802971363067627
0.6788428425788879
0.6803470849990845
0.6834456324577332
0.6848292946815491
0.6894120573997498
0.6860438585281372
0.6756016612052917
0.6826967000961304
0.6816599369049072
0.6811484098434448
0.676063597202301
0.6857280135154724
0.6753568053245544
0.6867815256118774
0.6821304559707642
0.6827854514122009
0.6854749321937561
0.6818240284919739
0.6785312294960022
0.6802775263786316
0.6881966590881348
0.6858543753623962
0.6981990337371826
0.6758784055709839
0.6870631575584412
0.6843500137329102
0.6884562969207764
0.6900247931480408
0.6835499405860901
0.6809611320495605
0.6876545548439026
0.6858581304550171
0.6908609867095947
0.6844251155853271
0.6811327338218689
0.6776415109634399
0.6821264028549194
0.6796690821647644
0.67384272813797
0.7012444734573364
0.6812578439712524
0.6900447010993958
0.6785115003585815
0.6851146817207336
0.6823540925979614
0.6848756074905396
0.6860851049423218
0.6730943918228149
0.6787612438201904
0.6876131296157837
0.6851561665534973
0.6851646304130554
0.6879358887672424
0.6763408184051514
0.6813605427742004
0.6774417757987976
0.6869762539863586
0.6807170510292053
0.6806913018226624
0.6886067390441895
0.6785393357276917
0.680321455001831
0.6791490912437439
0.6834067702293396
0.6777104139328003
0.689145028591156
0.6770794987678528
0.6826594471931458
0.6710206270217896
0.6881978511810303
0.675385594367981
0.6878237128257751
0.6767556071281433
0.679297924041748
0.6876611709594727
0.6809849739074707
0.6830053329467773
0.6910664439201355
0.6723027229309082
0.6797667145729065
0.679817259311676
0.6817923784255981
0.6827676892280579
0.6880424618721008
0.6821084022521973
0.6814761757850647
0.6883205771446228
0.6732085347175598
0.6789612174034119
0.677568793296814
0.6893977522850037
0.6868722438812256
0.6825053691864014
0.685313880443573
0.6800373196601868
0.6796517372131348
0.6784716844558716
0.6833428740501404
0.6857770681381226
0.6818178296089172
0.6785538196563721
0.6755626797676086
0.684302031993866
0.6793822646141052
0.6831469535827637
0.6824724078178406
0.6805785298347473
0.6860634684562683
0.6756171584129333
0.6745802164077759
0.6808395981788635
0.6732190847396851
0.6901018023490906
0.6929652690887451
0.6846358180046082
0.6810392737388611
0.6895079612731934
0.67536860704422
0.6836664080619812
0.6782341003417969
0.6725101470947266
0.6814236044883728
0.6892194151878357
0.680108904838562
0.6886919736862183
0.6831569671630859
0.6824659705162048
0.680280327796936
0.6775900721549988
0.6814722418785095
0.692487359046936
0.6856495141983032
0.6822146773338318
0.690407931804657
0.6908584833145142
0.6799470782279968
0.6944279670715332
0.684207022190094
0.6914131045341492
0.6813547015190125
0.6863923072814941
0.680449366569519
0.6769217252731323
0.6799940466880798
0.6843729615211487
0.6800380945205688
0.684788167476654
0.6850908398628235
0.6784845590591431
0.6757773756980896
0.6764013171195984
0.6768749952316284
0.6783828735351562
0.688844621181488
0.6795751452445984
0.6816465854644775
0.6818033456802368
0.6762501001358032
0.6754637360572815
0.6878589391708374
0.6774396300315857
0.6820686459541321
0.6879919171333313
0.6788346171379089
0.6867720484733582
0.6804996728897095
0.6855273842811584
0.6754217743873596
0.6828216314315796
0.6768922209739685
0.688858151435852
0.6876541376113892
0.6838139891624451
0.6821225881576538
0.6847326159477234
0.6802557110786438
0.6874486804008484
0.6816059947013855
0.678104043006897
0.6892255544662476
0.6845438480377197
0.6803513169288635
0.6798988580703735
0.6769595146179199
0.6907777190208435
0.6881843209266663
0.6884345412254333
0.6794447898864746
0.682525098323822
0.6799249649047852
0.6814818978309631
0.6739246845245361
0.680661141872406
0.6879786252975464
0.6815838813781738
0.6923789381980896
0.6760356426239014
0.6894250512123108
0.690086841583252
0.6872773766517639
0.6813298463821411
0.682348906993866
0.6796050667762756
0.6740961670875549
0.6884627342224121
0.6887092590332031
0.6763787269592285
0.6781911849975586
0.6888571977615356
0.6837201714515686
0.6793707013130188
0.681778073310852
0.6766844391822815
0.6757156848907471
0.6893734335899353
0.6826804280281067
0.6776204705238342
0.679297924041748
0.6901638507843018
0.6810517311096191
0.6841399073600769
0.6865500807762146
0.6856010556221008
0.6785932779312134
0.6863918304443359
0.6848650574684143
0.6854609251022339
0.6827447414398193
0.6840997338294983
0.6793071031570435
0.6763414740562439
0.6837481260299683
0.6820016503334045
0.6792256236076355
0.6839423179626465
0.6770267486572266
0.6875778436660767
0.6856819987297058
0.6816366314888
0.6811258792877197
0.6791344285011292
0.6849666833877563
0.6781682968139648
0.6857107877731323
0.6825460195541382
0.6816097497940063
0.6763926148414612
0.6829928159713745
0.6886267066001892
0.6882402896881104
0.6813406944274902
0.6777366399765015
0.6885886788368225
0.6816929578781128
0.6827005743980408
0.6807206869125366
0.6936296224594116
0.6934479475021362
0.6910293698310852
0.6740039587020874
0.686416506767273
0.6738007068634033
0.6797454953193665
0.6756519079208374
0.6884269118309021
0.6817111372947693
0.6859378218650818
0.6776717305183411
0.6857014894485474
0.6681145429611206
0.6766253113746643
0.683893620967865
0.6834720969200134
0.6866651177406311
0.6861249208450317
0.6850919127464294
0.6891635060310364
0.6875916719436646
0.6769638657569885
0.6829192042350769
0.6829361915588379
0.6827450394630432
0.6754851341247559
0.6817740797996521
0.6780561804771423
0.6784685254096985
0.6922904253005981
0.680881142616272
0.6844372153282166
0.6837106943130493
0.6875113844871521
0.6755738258361816
0.6762092709541321
0.6854844689369202
0.6740028262138367
0.6793236136436462
0.6780849695205688
0.6851497888565063
0.6936259865760803
0.6762992143630981
0.6817229986190796
0.6784639358520508
0.687597930431366
0.6833968162536621
0.6824759840965271
0.6786817908287048
0.6800093650817871
0.6795546412467957
0.6830185055732727
0.6849920153617859
0.6793301105499268
0.6832419633865356
0.6779352426528931
0.6829332709312439
0.6818562746047974
0.6883152723312378
0.680522084236145
0.6775960922241211
0.6836661100387573
0.6811856031417847
0.7014064788818359
0.6772615909576416
0.67781662940979
0.6834640502929688
0.6837078928947449
0.6846991777420044
0.6802271008491516
0.6825565099716187
0.6811535358428955
0.6775997281074524
0.6816983819007874
0.6774027943611145
0.6775902509689331
0.6815196871757507
0.6863353848457336
0.6792011857032776
0.6930423378944397
0.6783401370048523
0.6834668517112732
0.6907745599746704
0.6818385124206543
0.6822630167007446
0.67911696434021
0.6814128160476685
0.6860986351966858
0.6753426790237427
0.6785893440246582
0.6821293830871582
0.6872009038925171
0.6832733750343323
0.6782064437866211
0.6779292225837708
0.6803616881370544
0.6927639245986938
0.6794121265411377
0.6765515804290771
0.6745555400848389
0.6828991770744324
0.6935413479804993
0.6878231763839722
0.6784195303916931
0.6854249238967896
0.6829547882080078
0.6772564053535461
0.6845828890800476
0.6762865781784058
0.6752496361732483
0.6931067705154419
0.6703441739082336
0.6703968048095703
0.689181387424469
0.6834414601325989
0.6824051737785339
0.6817709803581238
0.6855300068855286
0.6850826144218445
0.6815546154975891
0.6845284700393677
0.6821510195732117
0.6789652109146118
0.6823453307151794
0.682470977306366
0.6794309616088867
0.6845616698265076
0.6810278296470642
0.6797420978546143
0.6886020302772522
0.6758852601051331
0.6800868511199951
0.6825069189071655
0.6890607476234436
0.6784659624099731
0.6773264408111572
0.6871058940887451
0.678419828414917
0.6803084015846252
0.6865455508232117
0.6790905594825745
0.6755473613739014
0.6838378310203552
0.6860939264297485
0.6822266578674316
0.678930938243866
0.6765249967575073
0.6872928738594055
0.6778632402420044
0.6795486211776733
0.6894851326942444
0.6866245269775391
0.6771328449249268
0.6812390089035034
0.6947824954986572
0.6729068756103516
0.6765424013137817
0.6845054030418396
0.6839370727539062
0.6671246290206909
0.6806064248085022
0.6755614280700684
0.6732319593429565
0.6808118224143982
0.6838217377662659
0.6946303248405457
0.6924726963043213
0.6805636882781982
0.6927646994590759
0.6784248948097229
0.6827428936958313
0.6832461357116699
0.683010458946228
0.6785010099411011
0.6812878251075745
0.6837069988250732
0.6760431528091431
0.6779601573944092
0.6800305843353271
0.682485818862915
0.6802816390991211
0.6848151683807373
0.6815091967582703
0.6886745095252991
0.6794369220733643
0.6822819709777832
0.6818551421165466
0.6917641758918762
0.6791828274726868
0.6808463931083679
0.6814889311790466
0.675426185131073
0.6804088950157166
0.6913304924964905
0.6817575097084045
0.6832812428474426
0.686371386051178
0.6753065586090088
0.6790980696678162
0.6876136064529419
0.6802403330802917
0.6758916974067688
0.6804024577140808
0.6816628575325012
0.6895853877067566
0.6922270059585571
0.6861634254455566
0.6856585144996643
0.688880443572998
0.6757659912109375
0.6800498962402344
0.6848399043083191
0.6847827434539795
0.6728997230529785
0.6807063817977905
0.6761366724967957
0.6807450652122498
0.6867223978042603
0.6880013346672058
0.6824279427528381
0.686099112033844
0.6749668121337891
0.6820480227470398
0.6822872161865234
0.6876960396766663
0.685806155204773
0.6762285828590393
0.6901571154594421
0.6671404242515564
0.6776325702667236
0.6790632605552673
0.6766151785850525
0.6774423718452454
0.6839101314544678
0.6725932359695435
0.6778562068939209
0.6791872978210449
0.6732562184333801
0.6834605932235718
0.6831055283546448
0.6796923875808716
0.6738730669021606
0.6854965090751648
0.6809313297271729
0.6857134103775024
0.6918027400970459
0.6776609420776367
0.683414101600647
0.6725950837135315
0.6881557703018188
0.6805385947227478
0.6830711960792542
0.6833629012107849
0.6850640773773193
0.6737900972366333
0.6844274401664734
0.6845324635505676
0.6775884628295898
0.682277500629425
0.6845613718032837
0.6799954175949097
0.682492196559906
0.6792134046554565
0.6810849905014038
0.6867349147796631
0.6989164352416992
0.6988593935966492
0.7004880309104919
0.6790803074836731
0.6822125911712646
0.7030617594718933
0.6761385202407837
0.6854523420333862
0.6766344308853149
0.6878677010536194
0.6818716526031494
0.6716944575309753
0.6852524280548096
0.6752399802207947
0.6920377016067505
0.6750994324684143
0.6844460368156433
0.6815205812454224
0.6888877749443054
0.6871157884597778
0.6858705878257751
0.6740650534629822
0.6790161728858948
0.6846806406974792
0.6793136596679688
0.6831178665161133
0.681145191192627
0.6829930543899536
0.6851258873939514
0.6856719851493835
0.6764207482337952
0.6810308694839478
0.6816345453262329
0.6812304258346558
0.674957811832428
0.6836987733840942
0.6830959320068359
0.6797869801521301
0.6856777667999268
0.6957327723503113
0.6818810701370239
0.6820018887519836
0.6757365465164185
0.6854145526885986
0.6780257821083069
0.6817365884780884
0.6777581572532654
0.6828159093856812
0.6875365376472473
0.68001389503479
0.6825464367866516
0.6753983497619629
0.6841086745262146
0.678589940071106
0.6782810688018799
0.6813061237335205
0.6828755736351013
0.6752108335494995
0.6836450695991516
0.6838237047195435
0.6776635050773621
0.6884137988090515
0.6853019595146179
0.6777603626251221
0.684807300567627
0.6837080121040344
0.6827287077903748
0.6783220171928406
0.6828476786613464
0.6738282442092896
0.6866251230239868
0.6747365593910217
0.6856467723846436
0.6897966861724854
0.6855318546295166
0.6821144819259644
0.6910157203674316
0.6796057820320129
0.681727409362793
0.6737303733825684
0.6777231693267822
0.6900168061256409
0.6768543124198914
0.6810916662216187
0.6817948222160339
0.6905924081802368
0.6820138692855835
0.6829463243484497
0.676651656627655
0.6818101406097412
0.6856967806816101
0.6853984594345093
0.6782199740409851
0.6752699017524719
0.6761817932128906
0.6809630990028381
0.6964657306671143
0.682645320892334
0.6778803467750549
0.6817212700843811
0.6775084733963013
0.6794915795326233
0.6740660667419434
0.6873752474784851
0.6849560737609863
0.6832646727561951
0.6884980201721191
0.6855068206787109
0.6812159419059753
0.6733923554420471
0.680864691734314
0.6821708083152771
0.6812520623207092
0.676359236240387
0.6858383417129517
0.6724072098731995
0.6801849603652954
0.6893141865730286
0.6785450577735901
0.6846319437026978
0.6851049661636353
0.6871789693832397
0.6837079524993896
0.6742056608200073
0.6832288503646851
0.68076491355896
0.6861363053321838
0.6794316172599792
0.6869895458221436
0.691030740737915
0.6810067296028137
0.6861840486526489
0.6780660152435303
0.6868921518325806
0.6794034242630005
0.6829382181167603
0.6855920553207397
0.6782495975494385
0.6739869117736816
0.6792288422584534
0.6870997548103333
0.6723746657371521
0.6772891879081726
0.6846318244934082
0.6824554800987244
0.6868855357170105
0.6962573528289795
0.6763264536857605
0.6755172610282898
0.6864228248596191
0.6779496073722839
0.6877103447914124
0.6758816242218018
0.6731125712394714
0.6773937940597534
0.6759275794029236
0.6760703921318054
0.6845512986183167
0.6839807033538818
0.6752611398696899
0.6887184977531433
0.6833232045173645
0.6789102554321289
0.6819494366645813
0.6749003529548645
0.6753983497619629
0.6767621040344238
0.6778489351272583
0.6771898865699768
0.6801964044570923
0.6850817203521729
0.6752152442932129
0.6854407787322998
0.6871667504310608
0.6871629953384399
0.6819819211959839
0.6841761469841003
0.6817455291748047
0.6777576804161072
0.6741438508033752
0.6851520538330078
0.6803134083747864
0.6801420450210571
0.6843242049217224
0.6842063069343567
0.6907573342323303
0.6781200170516968
0.6870541572570801
0.6681221723556519
0.6794703006744385
0.6819711923599243
0.6800362467765808
0.677062451839447
0.6829277873039246
0.6832201480865479
0.6844145655632019
0.6792548298835754
0.6807851791381836
0.6730976700782776
0.6808303594589233
0.6906566619873047
0.6744745969772339
0.6898678541183472
0.6895120739936829
0.6862096190452576
0.6835886240005493
0.6860203146934509
0.6784035563468933
0.6911957859992981
0.6810405254364014
0.6808097958564758
0.6782289147377014
0.6850711703300476
0.687264084815979
0.6776819229125977
0.6816763281822205
0.6838472485542297
0.6814385056495667
0.689919114112854
0.6749013066291809
0.6861466765403748
0.6890074610710144
0.67460036277771
0.6842837333679199
0.6842999458312988
0.6805622577667236
0.6761067509651184
0.6890960335731506
0.6873577237129211
0.684288740158081
0.6739717125892639
0.6831036806106567
0.6879510283470154
0.6750504970550537
0.6887217164039612
0.6771381497383118
0.6774229407310486
0.6836344003677368
0.6793155670166016
0.687704861164093
0.6785720586776733
0.6881660223007202
0.6766549348831177
0.6824458241462708
0.6752673387527466
0.6709849238395691
0.6777690052986145
0.6876910924911499
0.6849554181098938
0.6865131258964539
0.6836976408958435
0.6909332275390625
0.6694666147232056
0.675136923789978
0.6732112169265747
0.6841676831245422
0.6829871535301208
0.6857134103775024
0.6838995814323425
0.6858500838279724
0.679193377494812
0.707133948802948
0.6868944764137268
0.6799789071083069
0.6743379831314087
0.679310142993927
0.6855164766311646
0.6797034740447998
0.6868444681167603
0.6812480688095093
0.6820353269577026
0.6858473420143127
0.6801534295082092
0.6864920854568481
0.6803900003433228
0.6828410029411316
0.6797099113464355
0.677369236946106
0.673546552658081
0.6780188679695129
0.6882647275924683
0.679632306098938
0.6886273622512817
0.689545214176178
0.6819536685943604
0.6825895309448242
0.6869048476219177
0.6749165654182434
0.6851353645324707
0.6820610165596008
0.674049437046051
0.6819583177566528
0.6808797121047974
0.6750392317771912
0.6860468983650208
0.6849030256271362
0.6744281053543091
0.6789194345474243
0.6799926161766052
0.688713788986206
0.6761569976806641
0.6729722619056702
0.6748466491699219
0.6796154379844666
0.6864950060844421
0.6768883466720581
0.6751213073730469
0.6722352504730225
0.6754075884819031
0.6741624474525452
0.6823716163635254
0.681585431098938
0.6884998679161072
0.6816596388816833
0.6834263801574707
0.6823817491531372
0.6825290322303772
0.6778662204742432
0.6953575015068054
0.6763547658920288
0.6751610636711121
0.6840569972991943
0.6896066069602966
0.6692379117012024
0.6833624839782715
0.6827065348625183
0.6797103881835938
0.6883540749549866
0.6842904686927795
0.689436674118042
0.686799168586731
0.6774818301200867
0.6781937479972839
0.6846011877059937
0.6874822974205017
0.6894547939300537
0.6874876022338867
0.6815296411514282
0.6763432621955872
0.6884523034095764
0.6896478533744812
0.6811644434928894
0.6916822195053101
0.6788636445999146
0.688244640827179
0.6806348562240601
0.6804907917976379
0.6818497776985168
0.6792828440666199
0.6825839877128601
0.6844006776809692
0.687329113483429
0.6797323822975159
0.6827786564826965
0.6941191554069519
0.6871627569198608
0.6879488229751587
0.6868622899055481
0.6809390783309937
0.6807852983474731
0.6877685785293579
0.684880793094635
0.68746417760849
0.6825713515281677
0.6973767876625061
0.6747806668281555
0.6911055445671082
0.6779391765594482
0.6798186898231506
0.6862479448318481
0.6849018931388855
0.6834393739700317
0.6781824827194214
0.6828298568725586
0.6836501955986023
0.6812957525253296
0.6786651015281677
0.6802046895027161
0.6862398982048035
0.670621395111084
0.6830382347106934
0.6810568571090698
0.6788890361785889
0.6827564835548401
0.6801303029060364
0.6791143417358398
0.6836821436882019
0.6845159530639648
0.6794942021369934
0.6773760318756104
0.6847691535949707
0.6780704259872437
0.6812055110931396
0.677236795425415
0.6907967925071716
0.6841739416122437
0.689540684223175
0.6832315921783447
0.6836625337600708
0.683222234249115
0.6804932355880737
0.6777152419090271
0.6813542246818542
0.6852291226387024
0.6771684885025024
0.6772316098213196
0.6857735514640808
0.6829144358634949
0.689906895160675
0.6898384690284729
0.6818716526031494
0.6811999678611755
0.6762109398841858
0.6797261238098145
0.6830963492393494
0.6852190494537354
0.680376410484314
0.6772030591964722
0.6802726984024048
0.6797081232070923
0.6792663931846619
0.6808915138244629
0.6842327117919922
0.6783638596534729
0.675436794757843
0.6746475100517273
0.6869333982467651
0.6801936030387878
0.6863298416137695
0.6717318892478943
0.6757085919380188
0.6737383008003235
0.6818994283676147
0.6777278184890747
0.6830813884735107
0.6773158311843872
0.6889775991439819
0.6721829175949097
0.6796311140060425
0.68337482213974
0.6790059208869934
0.6738978624343872
0.6764668822288513
0.6862294673919678
0.681896984577179
0.6869080662727356
0.6776209473609924
0.6784396171569824
0.6905065774917603
0.6811425685882568
0.6840077042579651
0.6868234872817993
0.6856499910354614
0.6762691736221313
0.6852653622627258
0.682918906211853
0.6813790202140808
0.6851115226745605
0.6925565600395203
0.6774714589118958
0.6715154051780701
0.6837908029556274
0.682612419128418
0.673869788646698
0.6828872561454773
0.6772149205207825
0.691496729850769
0.6868767142295837
0.6744112372398376
0.6865324974060059
0.6804749965667725
0.6919705271720886
0.6861317753791809
0.6732343435287476
0.6806191205978394
0.6890202760696411
0.6862156391143799
0.6847640872001648
0.674562394618988
0.6837996244430542
0.6853953003883362
0.6922640800476074
0.6835342645645142
0.68779057264328
0.6758157014846802
0.6826304793357849
0.6810394525527954
0.6815529465675354
0.6844664216041565
0.6790838241577148
0.6699596047401428
0.6891961097717285
0.6823418140411377
0.6826657652854919
0.677005410194397
0.6817429661750793
0.6855482459068298
0.6819086670875549
0.6784833669662476
0.6821600198745728
0.6830861568450928
0.6854259967803955
0.6809923648834229
0.6874297857284546
0.675457239151001
0.683722734451294
0.6815015077590942
0.6849384903907776
0.678982675075531
0.6783806085586548
0.682992160320282
0.6850016117095947
0.6859927177429199
0.680347740650177
0.6839734315872192
0.6840876340866089
0.6864059567451477
0.6772681474685669
0.6857660412788391
0.6765824556350708
0.6860479116439819
0.6867256760597229
0.6815592646598816
0.683059573173523
0.6869682669639587
0.681778073310852
0.6755315661430359
0.6852471232414246
0.692780613899231
0.684843122959137
0.6814778447151184
0.6835013628005981
0.6776711344718933
0.6751805543899536
0.6848158836364746
0.6759913563728333
0.6874017715454102
0.6809898018836975
0.6982946395874023
0.6835273504257202
0.6848735809326172
0.6912027597427368
0.681012749671936
0.6696491837501526
0.6844654083251953
0.6823614239692688
0.6857588291168213
0.6782650947570801
0.6805681586265564
0.6887186169624329
0.6823588609695435
0.684161901473999
0.6868149638175964
0.679036021232605
0.6858042478561401
0.6792876124382019
0.6832962036132812
0.6833630204200745
0.6805053949356079
0.6823281049728394
0.685366153717041
0.6786251068115234
0.6909588575363159
0.6796335577964783
0.6944921016693115
0.6785139441490173
0.6888072490692139
0.6881603598594666
0.6818415522575378
0.6732460856437683
0.673912763595581
0.6761443018913269
0.6817373037338257
0.6861727833747864
0.673987865447998
0.6846189498901367
0.6785094141960144
0.682671308517456
0.6936389207839966
0.6778745055198669
0.6859238147735596
0.6790792346000671
0.680946409702301
0.6869858503341675
0.6818343997001648
0.6875426173210144
0.6909961700439453
0.6884697079658508
0.6795475482940674
0.6760067343711853
0.6866430640220642
0.6733671426773071
0.6834105253219604
0.6847134232521057
0.6841080188751221
0.682069718837738
0.6776144504547119
0.6781938076019287
0.6835049986839294
0.6794852614402771
0.6776297688484192
0.6854272484779358
0.677432119846344
0.6776959300041199
0.678720235824585
0.6742061376571655
0.6904518008232117
0.6802214980125427
0.6785587072372437
0.6785158514976501
0.673910915851593
0.6868317127227783
0.6847462058067322
0.6791553497314453
0.6889696717262268
0.6923839449882507
0.6797544956207275
0.6902223229408264
0.6805582642555237
0.6811312437057495
0.6823229193687439
0.6816318035125732
0.6839598417282104
0.6793894171714783
0.6743521690368652
0.6829720735549927
0.6815823912620544
0.6868904829025269
0.6804012656211853
0.6797086000442505
0.6758930683135986
0.6845160722732544
0.6756772398948669
0.6831774711608887
0.6833405494689941
0.6890676021575928
0.6880766749382019
0.6852611303329468
0.6809865832328796
0.6789999008178711
0.6842330694198608
0.6858481764793396
0.6851310133934021
0.6771396994590759
0.6780288815498352
0.6898061633110046
0.6847689747810364
0.6841443777084351
0.6784238219261169
0.6881860494613647
0.6795265674591064
0.6789379119873047
0.681499719619751
0.6766201257705688
0.6788507103919983
0.6861538290977478
0.6778590083122253
0.6890239119529724
0.6832389235496521
0.6850216388702393
0.6847509741783142
0.6797865033149719
0.6892898678779602
0.6847609877586365
0.6841743588447571
0.682972252368927
0.6847870349884033
0.6781070232391357
0.6792177557945251
0.6787985563278198
0.68399578332901
0.6823420524597168
0.6823776364326477
0.6823269128799438
0.6818186640739441
0.6828593611717224
0.6814171075820923
0.682859480381012
0.6923697590827942
0.6835578680038452
0.6771878004074097
0.6871763467788696
0.6811524629592896
0.6784961819648743
0.6820685863494873
0.679876983165741
0.687026858329773
0.6792007088661194
0.6821864247322083
0.687067985534668
0.6772489547729492
0.6819484829902649
0.6802842020988464
0.6829951405525208
0.6850727796554565
0.6783549189567566
0.6761205196380615
0.6775283217430115
0.6684573888778687
0.6833359003067017
0.6856899261474609
0.6862937808036804
0.6854453086853027
0.6868495345115662
0.6803420186042786
0.6861629486083984
0.6841742992401123
0.6813969016075134
0.6886335015296936
0.6855118870735168
0.6799339056015015
0.6793517470359802
0.6859108209609985
0.6795753836631775
0.6799011826515198
0.6848562955856323
0.6873142123222351
0.6807904243469238
0.679448664188385
0.6759806871414185
0.681973397731781
0.6765077710151672
0.6869238018989563
0.6866094470024109
0.6848490238189697
0.6824756860733032
0.6686684489250183
0.6894877552986145
0.6787994503974915
0.6917673945426941
0.6841357350349426
0.679601788520813
0.6730223894119263
0.6783753037452698
0.6805996894836426
0.6842065453529358
0.6814629435539246
0.6894166469573975
0.6776900291442871
0.6783828735351562
0.6808236837387085
0.6828411221504211
0.675223171710968
0.6781319379806519
0.6884233355522156
0.6757542490959167
0.6898823976516724
0.6735527515411377
0.6846849322319031
0.6841225624084473
0.6812257766723633
0.6866003274917603
0.6799097061157227
0.6731361150741577
0.6788614392280579
0.6807242631912231
0.6835490465164185
0.6859897971153259
0.6907300353050232
0.692811131477356
0.6847733855247498
0.6836658120155334
0.677547037601471
0.6802884936332703
0.6839103102684021
0.6789312362670898
0.6774333715438843
0.6798607707023621
0.6839655041694641
0.6829482913017273
0.6794710159301758
0.6884015798568726
0.6792272925376892
0.6898224949836731
0.6776429414749146
0.6883300542831421
0.6756836771965027
0.6814076900482178
0.677033543586731
0.7002193331718445
0.6797618269920349
0.6795949935913086
0.6829918622970581
0.6814227104187012
0.6807442903518677
0.6816778182983398
0.6769309043884277
0.6853540539741516
0.6811602115631104
0.6762213706970215
0.6914385557174683
0.6916931867599487
0.6781096458435059
0.6863132119178772
0.6804220676422119
0.678981363773346
0.6804442405700684
0.6752946376800537
0.6732416152954102
0.6803799867630005
0.6907138824462891
0.684913158416748
0.6736076474189758
0.6814955472946167
0.6817338466644287
0.671183168888092
0.688291609287262
0.685705840587616
0.6766400933265686
0.6863147020339966
0.6814764142036438
0.6809123158454895
0.6780757904052734
0.6737040281295776
0.6819618344306946
0.6861008405685425
0.6830665469169617
0.6835112571716309
0.6765986084938049
0.6720563173294067
0.6818837523460388
0.6790884137153625
0.6841372847557068
0.679602861404419
0.6814672350883484
0.6879068613052368
0.6907683610916138
0.6854945421218872
0.6867810487747192
0.6790341734886169
0.6910841464996338
0.6864843368530273
0.6872427463531494
0.6795692443847656
0.6847665309906006
0.6885483860969543
0.6820130348205566
0.6862826347351074
0.6834352612495422
0.6824118494987488
0.6804479956626892
0.6859564185142517
0.6859873533248901
0.6895908713340759
0.6861507892608643
0.6789239048957825
0.6735311150550842
0.6793726086616516
0.6830764412879944
0.6856573820114136
0.682801365852356
0.6894299983978271
0.6770939230918884
0.6764875054359436
0.686328113079071
0.6868249773979187
0.6796143054962158
0.68267422914505
0.687838077545166
0.6762918829917908
0.6842749714851379
0.6832488775253296
0.6909715533256531
0.6873089075088501
0.6783958673477173
0.6748644113540649
0.6825152039527893
0.6844713091850281
0.6833272576332092
0.6836143136024475
0.68021160364151
0.6862186789512634
0.6833212971687317
0.6742132306098938
0.6866704225540161
0.6825984120368958
0.6847958564758301
0.6831516027450562
0.6743415594100952
0.6860202550888062
0.6731170415878296
0.6767774820327759
0.6794686913490295
0.678524374961853
0.6822608709335327
0.6778690218925476
0.6820854544639587
0.6717645525932312
0.6843217015266418
0.6853067278862
0.6949115991592407
0.6818423271179199
0.6773239374160767
0.6796908974647522
0.6844037771224976
0.677154004573822
0.6701023578643799
0.6770436763763428
0.6864861845970154
0.6879202127456665
0.6882466077804565
0.6817207932472229
0.6762723922729492
0.6851885318756104
0.6890356540679932
0.6727273464202881
0.6841235160827637
0.6752125024795532
0.6793463826179504
0.6855151653289795
0.6855379939079285
0.6758710145950317
0.684833824634552
0.6832413673400879
0.6823248863220215
0.6817678213119507
0.6741850972175598
0.685077428817749
0.6847758293151855
0.6861136555671692
0.6759393811225891
0.6847859621047974
0.6917662024497986
0.6696661114692688
0.6839180588722229
0.6819259524345398
0.671827495098114
0.6856822371482849
0.6740686893463135
0.6740335822105408
0.6813299655914307
0.6864064931869507
0.6788368821144104
0.6868106722831726
0.6835561990737915
0.6754014492034912
0.6799160242080688
0.6741683483123779
0.6857522130012512
0.6760649681091309
0.6879202723503113
0.6823438405990601
0.6843188405036926
0.6929923892021179
0.6844242215156555
0.6736764907836914
0.6940434575080872
0.6831191182136536
0.6781919598579407
0.6868282556533813
0.6771783828735352
0.6841839551925659
0.6749012470245361
0.6831238865852356
0.6820583343505859
0.6807374954223633
0.6895739436149597
0.6853694915771484
0.6797871589660645
0.6851674318313599
0.6801336407661438
0.6729000806808472
0.6722279191017151
0.6837653517723083
0.6782439947128296
0.671963632106781
0.6738699674606323
0.6799163222312927
0.6862469911575317
0.6733515858650208
0.6851248145103455
0.682889461517334
0.6771063804626465
0.6854516863822937
0.6835402250289917
0.6876941919326782
0.6803303360939026
0.6874536275863647
0.6844407320022583
0.678887128829956
0.6775542497634888
0.6801168918609619
0.677191972732544
0.68094402551651
0.6814066767692566
0.6807880997657776
0.6801179051399231
0.6774246692657471
0.685490071773529
0.6851527094841003
0.6841540932655334
0.6773880124092102
0.6763734221458435
0.6859840750694275
0.6845778822898865
0.6775379776954651
0.688216507434845
0.6914482116699219
0.6858134269714355
0.6843018531799316
0.6770207285881042
0.6799889206886292
0.6811361312866211
0.6871872544288635
0.6830712556838989
0.6805527210235596
0.6766694188117981
0.6861209273338318
0.6855064034461975
0.6887612342834473
0.678118884563446
0.680640459060669
0.6865062713623047
0.6807657480239868
0.681043267250061
0.6779200434684753
0.6817429661750793
0.6739201545715332
0.6804637312889099
0.6760425567626953
0.6828342080116272
0.6807602047920227
0.6833178400993347
0.6808751225471497
0.6854802370071411
0.6821726560592651
0.6743486523628235
0.6827026009559631
0.6783846616744995
0.6815024614334106
0.6761020421981812
0.6824414730072021
0.680706799030304
0.6902847290039062
0.6743631362915039
0.6850311160087585
0.6757248640060425
0.6856716275215149
0.6813387274742126
0.6782373785972595
0.680881679058075
0.692324161529541
0.6952595710754395
0.683887779712677
0.6899862289428711
0.676612377166748
0.6783742904663086
0.6757593154907227
0.6818148493766785
0.6798178553581238
0.6831007599830627
0.6842361092567444
0.6798925399780273
0.6828199028968811
0.6799448132514954
0.6770424246788025
0.6780311465263367
0.6840173006057739
0.6807380318641663
0.6858113408088684
0.6755834817886353
0.6790869235992432
0.6852389574050903
0.6746212840080261
0.6834129691123962
0.6835810542106628
0.6881041526794434
0.6899222731590271
0.6775455474853516
0.6807183623313904
0.6829587817192078
0.6794966459274292
0.6748999357223511
0.676914632320404
0.6836079955101013
0.6855832934379578
0.6726843118667603
0.6803526878356934
0.6831594705581665
0.6859837174415588
0.6803185939788818
0.6742285490036011
0.6791840195655823
0.6858813762664795
0.680488109588623
0.6798573136329651
0.6870057582855225
0.6855260729789734
0.6802135109901428
0.6828534007072449
0.6850942969322205
0.6841077208518982
0.6812534332275391
0.6821631193161011
0.6780461668968201
0.680801510810852
0.6946813464164734
0.6799143552780151
0.6809070110321045
0.6798086166381836
0.6850973963737488
0.674213707447052
0.6874005794525146
0.6801704168319702
0.6800014972686768
0.6774192452430725
0.6808082461357117
0.6878548264503479
0.6799443960189819
0.6753710508346558
0.6793850064277649
0.679904043674469
0.6848841309547424
0.6804440021514893
0.6753458976745605
0.679995596408844
0.6755232810974121
0.6797841787338257
0.6781345009803772
0.685731828212738
0.6870703101158142
0.6829713582992554
0.6806419491767883
0.6805261373519897
0.6904919147491455
0.685287356376648
0.6814484000205994
0.6778631210327148
0.6833356022834778
0.6836580634117126
0.6826460957527161
0.6706900000572205
0.681036114692688
0.6826497912406921
0.6789029836654663
0.6870548129081726
0.6837406754493713
0.6846863031387329
0.687113344669342
0.6781041622161865
0.6709405779838562
0.6718165278434753
0.6835812926292419
0.6763505339622498
0.6843007802963257
0.6801670789718628
0.6839896440505981
0.6768819093704224
0.6841282248497009
0.6898223757743835
0.6804430484771729
0.6905504465103149
0.6767216920852661
0.6788942813873291
0.6790286302566528
0.684780478477478
0.688988208770752
0.6893898844718933
0.6779131293296814
0.682762861251831
0.6972445249557495
0.6841875910758972
0.6824475526809692
0.6829902529716492
0.682435929775238
0.6886042952537537
0.6789108514785767
0.6869978904724121
0.6836084723472595
0.6885543465614319
0.6839755773544312
0.6783783435821533
0.6750012636184692
0.6830583810806274
0.6855581998825073
0.684023916721344
0.6824979186058044
0.6938367486000061
0.6755865812301636
0.6784115433692932
0.6763780117034912
0.6748762726783752
0.6774411201477051
0.6807184815406799
0.6866361498832703
0.6798716187477112
0.6889860033988953
0.6833443641662598
0.6843437552452087
0.6861255764961243
0.6843847632408142
0.6745619177818298
0.6763203740119934
0.6870786547660828
0.6801051497459412
0.6779715418815613
0.6797510385513306
0.6733983159065247
0.6886393427848816
0.6796180009841919
0.6879616379737854
0.6858959794044495
0.6819339394569397
0.6871346235275269
0.6771664023399353
0.6734756231307983
0.6796516180038452
0.677386462688446
0.6848829984664917
0.6778936982154846
0.6852479577064514
0.6822455525398254
0.6670016646385193
0.6842175126075745
0.6780303716659546
0.6822620034217834
0.6777409315109253
0.6785837411880493
0.6789263486862183
0.6774699687957764
0.6934708952903748
0.6795316338539124
0.6778228878974915
0.6763553619384766
0.6816735863685608
0.6830334663391113
0.6788290739059448
0.6874333024024963
0.6798510551452637
0.6766599416732788
0.6816224455833435
0.6810200810432434
0.6893795132637024
0.682502031326294
0.6827352046966553
0.676715075969696
0.6859863996505737
0.6809532046318054
0.6817544102668762
0.6922836303710938
0.6822082996368408
0.6945968866348267
0.683707058429718
0.6830757856369019
0.6826358437538147
0.6812825202941895
0.6776971220970154
0.6749697923660278
0.6753512024879456
0.6844525933265686
0.6817386150360107
0.6807916760444641
0.6913941502571106
0.6836204528808594
0.6836627721786499
0.6734639406204224
0.6730482578277588
0.6754617094993591
0.6841122508049011
0.6804749965667725
0.6809482574462891
0.6777541637420654
0.6808028221130371
0.6967175602912903
0.6841088533401489
0.6779317259788513
0.6830114126205444
0.6807090044021606
0.6819107532501221
0.6861991286277771
0.6827541589736938
0.6754308938980103
0.6753822565078735
0.6841895580291748
0.6858067512512207
0.6866436004638672
0.6762043833732605
0.6853432059288025
0.691193163394928
0.6827600002288818
0.685326337814331
0.6894850730895996
0.6784260869026184
0.6801072359085083
0.6806963086128235
0.6815832257270813
0.681346595287323
0.6774019002914429
0.6813902854919434
0.6874467730522156
0.6801344752311707
0.6815531849861145
0.6818459033966064
0.67939692735672
0.6802983283996582
0.6765131950378418
0.6791070699691772
0.6834712624549866
0.6844220757484436
0.6770011186599731
0.6772436499595642
0.6874679327011108
0.6750457882881165
0.6864987015724182
0.6876855492591858
0.6894029974937439
0.6858106255531311
0.6839905977249146
0.6724485158920288
0.6729727387428284
0.6716021299362183
0.6817532777786255
0.6800941824913025
0.6856420040130615
0.683286726474762
0.679271399974823
0.6898598074913025
0.6839314103126526
0.6831111907958984
0.685870885848999
0.6793789863586426
0.6861160397529602
0.6803045868873596
0.6749562621116638
0.6800527572631836
0.6726768612861633
0.6751357913017273
0.6821912527084351
0.6772430539131165
0.6843671798706055
0.6862342357635498
0.6833910346031189
0.6835968494415283
0.686976432800293
0.6792816519737244
0.6802994012832642
0.686638593673706
0.6841883659362793
0.686672568321228
0.6848504543304443
0.6729105114936829
0.6879934072494507
0.675080418586731
0.6835463643074036
0.6851480603218079
0.682489812374115
0.6827462911605835
0.683570146560669
0.6843183040618896
0.6843293309211731
0.6795424818992615
0.6814826130867004
0.6765671372413635
0.6821846961975098
0.6718825697898865
0.6847334504127502
0.6749807596206665
0.6899992227554321
0.6796008944511414
0.6758676767349243
0.6797043681144714
0.6935608983039856
0.6785122752189636
0.6836791634559631
0.681649386882782
0.6719829440116882
0.6859651803970337
0.6763917207717896
0.6713088750839233
0.6771305799484253
0.6848852634429932
0.6847288608551025
0.6781249046325684
0.6810126900672913
0.6769054532051086
0.6800348162651062
0.6814420223236084
0.6847143173217773
0.6852097511291504
0.6828112006187439
0.6861611008644104
0.6881222128868103
0.6849559545516968
0.6797284483909607
0.6826945543289185
0.6779257655143738
0.6775115728378296
0.6827473044395447
0.6752923727035522
0.6774924397468567
0.6801193356513977
0.6757021546363831
0.6820162534713745
0.6790614128112793
0.6820774078369141
0.6859106421470642
0.6864840984344482
0.6845045685768127
0.6848839521408081
0.6860290169715881
0.6785303354263306
0.6866937279701233
0.6852981448173523
0.685492753982544
0.6760109066963196
0.6797766089439392
0.6853601336479187
0.6784313917160034
0.7009562849998474
0.6876904368400574
0.6868454217910767
0.6800432801246643
0.67795330286026
0.6780713796615601
0.6829906702041626
0.6796044111251831
0.6860343217849731
0.6747933626174927
0.6849543452262878
0.6845628023147583
0.6795151233673096
0.67529296875
0.688149631023407
0.6796921491622925
0.6833207011222839
0.6788691282272339
0.6790826320648193
0.6821162104606628
0.6847314834594727
0.674086332321167
0.695171594619751
0.6765190958976746
0.6836346983909607
0.6817832589149475
0.6765891313552856
0.6794674396514893
0.6790882349014282
0.6801537871360779
0.692664384841919
0.6769638061523438
0.6781020164489746
0.6875832676887512
0.6831104159355164
0.6842000484466553
0.6751601696014404
0.6852282881736755
0.6843907833099365
0.6750757098197937
0.6799842119216919
0.6827237606048584
0.682439386844635
0.6815111041069031
0.6889379024505615
0.6734703779220581
0.6853115558624268
0.6784376502037048
0.6780049204826355
0.6820104718208313
0.6765846610069275
0.6770763993263245
0.6868890523910522
0.6882451772689819
0.683800995349884
0.6836245059967041
0.6746966242790222
0.6727944612503052
0.6816154718399048
0.67574143409729
0.6920536160469055
0.6873876452445984
0.6810882091522217
0.6848003268241882
0.7015724778175354
0.6806238889694214
0.6836240291595459
0.674701452255249
0.681007981300354
0.6847318410873413
0.6708316802978516
0.6766176223754883
0.6934499740600586
0.6797382831573486
0.684938371181488
0.6799716353416443
0.6903824210166931
0.679657518863678
0.686631977558136
0.6786537170410156
0.6884024739265442
0.6745544672012329
0.6810550689697266
0.6791266798973083
0.6846662759780884
0.6828699111938477
0.6812604665756226
0.6932615041732788
0.6812086701393127
0.6812671422958374
0.675119936466217
0.682616651058197
0.6849990487098694
0.6833379864692688
0.6797336339950562
0.6771593689918518
0.6781677603721619
0.6800231337547302
0.685739278793335
0.675491213798523
0.6794397830963135
0.6850427389144897
0.6773527264595032
0.686916708946228
0.688178300857544
0.6875157356262207
0.6779248118400574
0.6807577013969421
0.6873012185096741
0.6786321997642517
0.6816456913948059
0.6903107166290283
0.6809707880020142
0.6788367033004761
0.6835095286369324
0.6799734830856323
0.6846734881401062
0.6806883215904236
0.6844584345817566
0.6924639344215393
0.6803914904594421
0.6753237247467041
0.6785404086112976
0.6770893335342407
0.6791552305221558
0.6815224289894104
0.6860857009887695
0.6799880862236023
0.6882236003875732
0.6858404278755188
0.697379469871521
0.6831836700439453
0.6814543604850769
0.6788838505744934
0.6808722615242004
0.677166223526001
0.6756412386894226
0.6825533509254456
0.6811180710792542
0.6827154755592346
0.6834392547607422
0.678726315498352
0.681348979473114
0.6806127429008484
0.6886947751045227
0.6877961158752441
0.6847512722015381
0.6812944412231445
0.6799693703651428
0.6830520033836365
0.6763755083084106
0.6788141131401062
0.6806601881980896
0.6870128512382507
0.6783093810081482
0.6791954636573792
0.6731623411178589
0.6869564056396484
0.6790120005607605
0.6818255186080933
0.6827616691589355
0.684746503829956
0.6844691634178162
0.6805968880653381
0.6781306266784668
0.6820829510688782
0.6741591095924377
0.6884261965751648
0.6851036548614502
0.6847306489944458
0.6850154995918274
0.6771089434623718
0.6839851140975952
0.6831486821174622
0.6809045076370239
0.6804317235946655
0.6787899136543274
0.6842185258865356
0.6884232759475708
0.6765286326408386
0.6757548451423645
0.6887004375457764
0.6780772805213928
0.6818581223487854
0.6880925297737122
0.6761829257011414
0.675432562828064
0.6725470423698425
0.6798677444458008
0.6809579730033875
0.6723223924636841
0.6901671290397644
0.6772533655166626
0.684238851070404
0.6815869212150574
0.6795972585678101
0.6858717799186707
0.6850928068161011
0.680182933807373
0.6851859092712402
0.6864873766899109
0.6776868104934692
0.6917978525161743
0.6782487630844116
0.6984350681304932
0.6832518577575684
0.6775527596473694
0.6825618743896484
0.6735089421272278
0.6845462918281555
0.688733696937561
0.6752132773399353
0.6804779767990112
0.6850665211677551
0.6834670901298523
0.6863885521888733
0.6822252869606018
0.6822778582572937
0.677754819393158
0.6849861741065979
0.6805544495582581
0.6822962164878845
0.6830291152000427
0.6779223084449768
0.6821632385253906
0.6792290806770325
0.6824285387992859
0.6814476251602173
0.6885957717895508
0.6824360489845276
0.6749427318572998
0.6863127946853638
0.6799518465995789
0.6768890023231506
0.6855663657188416
0.6731155514717102
0.6839078664779663
0.6875193119049072
0.6813295483589172
0.6859650015830994
0.6882570385932922
0.6766837239265442
0.6806378960609436
0.6786035299301147
0.6814829707145691
0.6844850182533264
0.6807113885879517
0.6751928925514221
0.6784488558769226
0.6820885539054871
0.6905784606933594
0.6996145844459534
0.6860953569412231
0.6782249212265015
0.6839777827262878
0.6928484439849854
0.6858446002006531
0.68033367395401
0.6761344075202942
0.6834074854850769
0.6804362535476685
0.6781561374664307
0.6814088225364685
0.6824225783348083
0.6813004612922668
0.6821255087852478
0.6788791418075562
0.6754976511001587
0.6830785274505615
0.6837590932846069
0.6830086708068848
0.683803379535675
0.6861608624458313
0.6826304197311401
0.6838708519935608
0.6750996112823486
0.6895413398742676
0.667366623878479
0.6861756443977356
0.6825674176216125
0.6854990720748901
0.6772255897521973
0.6877252459526062
0.6836080551147461
0.6768843531608582
0.6772638559341431
0.6846904158592224
0.6909023523330688
0.6931789517402649
0.6769144535064697
0.6778204441070557
0.6801117062568665
0.6843008995056152
0.6771197319030762
0.6832538843154907
0.685994029045105
0.6795457601547241
0.685175359249115
0.6827375292778015
0.6894668936729431
0.6728631854057312
0.682858407497406
0.6776167750358582
0.6807926297187805
0.6906774640083313
0.6880713701248169
0.6831805109977722
0.6806776523590088
0.6854009628295898
0.6815555095672607
0.6854663491249084
0.688993513584137
0.681391716003418
0.6826367378234863
0.6847173571586609
0.6761229634284973
0.6885417103767395
0.6804447770118713
0.6744848489761353
0.686928391456604
0.6847584843635559
0.683478832244873
0.6872416734695435
0.6805582046508789
0.6885967254638672
0.6784063577651978
0.6843044757843018
0.6813173294067383
0.6812069416046143
0.6760970950126648
0.6794641017913818
0.6765609979629517
0.6885182857513428
0.6760118007659912
0.6911589503288269
0.6874706745147705
0.6819623708724976
0.6891147494316101
0.6806045174598694
0.6827303767204285
0.6795350313186646
0.6884254813194275
0.6804137825965881
0.6765645146369934
0.6773118376731873
0.6848235130310059
0.6792435646057129
0.6789969801902771
0.6836236119270325
0.6782532334327698
0.6834034323692322
0.6798633337020874
0.6772699356079102
0.6777787804603577
0.6909005045890808
0.6828852891921997
0.6818468570709229
0.6746616363525391
0.6839462518692017
0.6887069344520569
0.6795583963394165
0.67897629737854
0.6853503584861755
0.6844847798347473
0.6832532286643982
0.6830971240997314
0.6830541491508484
0.6928752064704895
0.6831312775611877
0.6806407570838928
0.6768487691879272
0.6775227785110474
0.6825198531150818
0.6795693039894104
0.6850676536560059
0.6814041137695312
0.6828410029411316
0.6761476397514343
0.6801023483276367
0.6870555877685547
0.6783396601676941
0.6815078854560852
0.695372462272644
0.6840783357620239
0.6836112141609192
0.6785605549812317
0.6863561868667603
0.693750262260437
0.6777509450912476
0.6765006184577942
0.6762686967849731
0.6767213344573975
0.6802451610565186
0.6853735446929932
0.682113528251648
0.6942502856254578
0.6829939484596252
0.6840507388114929
0.683159351348877
0.6791861653327942
0.6896505355834961
0.6793404817581177
0.6758137345314026
0.6661273241043091
0.6823393702507019
0.6947829723358154
0.6686503887176514
0.6686165928840637
0.688185453414917
0.6829122304916382
0.6788474321365356
0.6731318831443787
0.6714338064193726
0.6820825338363647
0.6905848383903503
0.6810925006866455
0.6838160753250122
0.6802694797515869
0.681942343711853
0.6852366328239441
0.6779288649559021
0.6896969079971313
0.6808202862739563
0.6826141476631165
0.6815565824508667
0.6868770718574524
0.681474506855011
0.6818712949752808
0.6760165691375732
0.6786287426948547
0.6791978478431702
0.6745044589042664
0.6767711043357849
0.6755236387252808
0.6835541725158691
0.6869761943817139
0.6818512082099915
0.6796577572822571
0.6873113512992859
0.6789912581443787
0.6981380581855774
0.6790122389793396
0.6889570951461792
0.6777738332748413
0.6879043579101562
0.6836156249046326
0.6883074045181274
0.6788073182106018
0.6842305064201355
0.6855341792106628
0.6790398955345154
0.6826075911521912
0.6812909841537476
0.6744131445884705
0.6771283149719238
0.6808269023895264
0.6930970549583435
0.6819858551025391
0.673941433429718
0.6893197894096375
0.6793370842933655
0.6830900311470032
0.6775304079055786
0.6854961514472961
0.6811100840568542
0.6829391121864319
0.673336923122406
0.6745592355728149
0.6810205578804016
0.6821738481521606
0.6900923252105713
0.6824840307235718
0.6800300478935242
0.6779735088348389
0.6848413348197937
0.6708120107650757
0.6886159777641296
0.6862969994544983
0.6905697584152222
0.6850845217704773
0.6778151392936707
0.6863835453987122
0.674176812171936
0.6859605312347412
0.6837438941001892
0.6802881360054016
0.6834959983825684
0.6792820692062378
0.6838633418083191
0.6852276921272278
0.6812259554862976
0.6747412085533142
0.6764675378799438
0.6775606274604797
0.6828837394714355
0.677074134349823
0.682269811630249
0.6790333390235901
0.6861050128936768
0.6832245588302612
0.6785848736763
0.6806942820549011
0.6809827089309692
0.6776894330978394
0.6714150309562683
0.6849988102912903
0.6837624907493591
0.6757323145866394
0.6836382746696472
0.6856227517127991
0.6951053142547607
0.6732149124145508
0.6896835565567017
0.6827683448791504
0.6726181507110596
0.6818191409111023
0.6817978024482727
0.6965011954307556
0.6839183568954468
0.6830968260765076
0.6772832870483398
0.672910213470459
0.6825411319732666
0.7049568295478821
0.6782705783843994
0.6803053617477417
0.6871165633201599
0.6804254055023193
0.6841673851013184
0.6757155060768127
0.6844555139541626
0.6777591705322266
0.6775293350219727
0.6681496500968933
0.6797255873680115
0.6782180666923523
0.6730063557624817
0.6840997338294983
0.6853203177452087
0.6797857880592346
0.6855125427246094
0.673687756061554
0.6777496337890625
0.6805007457733154
0.6791232824325562
0.6805517673492432
0.6859366297721863
0.6832193732261658
0.6836333274841309
0.6821032762527466
0.6882255673408508
0.673233151435852
0.6847378015518188
0.6696053743362427
0.6747090816497803
0.6828741431236267
0.6786797642707825
0.6796285510063171
0.6934201121330261
0.6845746040344238
0.6825966238975525
0.6808273792266846
0.6774100661277771
0.6844651699066162
0.6730484366416931
0.6778591275215149
0.6838189363479614
0.6897659301757812
0.6838015913963318
0.6796553730964661
0.6830846667289734
0.6817470788955688
0.6921192407608032
0.6851814985275269
0.6739451289176941
0.6855719685554504
0.6780880093574524
0.6832924485206604
0.6881380677223206
0.6884975433349609
0.6683763861656189
0.6813022494316101
0.6770336031913757
0.6869940757751465
0.6811875700950623
0.6789096593856812
0.6806383728981018
0.6790722012519836
0.6779614090919495
0.680105447769165
0.678946316242218
0.6815937161445618
0.6903923153877258
0.6797173619270325
0.6772251129150391
0.6785526275634766
0.6792680621147156
0.6834166646003723
0.6793115735054016
0.6797379851341248
0.67482990026474
0.6865993142127991
0.6866151094436646
0.6817402839660645
0.6779060959815979
0.6797233819961548
0.6775177717208862
0.6845600605010986
0.6741779446601868
0.6781545877456665
0.679574728012085
0.6852317452430725
0.6798845529556274
0.6823834180831909
0.6812757253646851
0.6828599572181702
0.6836369037628174
0.6774594783782959
0.677160382270813
0.6830175518989563
0.6812537312507629
0.6793940663337708
0.6825563311576843
0.6777724623680115
0.6799880266189575
0.6825482845306396
0.6766542196273804
0.6828151345252991
0.6786028146743774
0.6743239760398865
0.6785774827003479
0.6787149310112
0.6806613802909851
0.6883408427238464
0.6871899962425232
0.6800095438957214
0.6865536570549011
0.6862055063247681
0.6754681468009949
0.6858460307121277
0.6837424635887146
0.6732284426689148
0.6847062706947327
0.6882637143135071
0.6814718246459961
0.6886101961135864
0.6776865124702454
0.6807973980903625
0.6792356967926025
0.6817675232887268
0.6813576221466064
0.6830066442489624
0.6713380217552185
0.6810408234596252
0.6790943145751953
0.6797112226486206
0.6923102736473083
0.679070234298706
0.6829262375831604
0.6787736415863037
0.6792073845863342
0.6768351793289185
0.6869087219238281
0.676608681678772
0.6839081048965454
0.6881272196769714
0.6799815893173218
0.6831651926040649
0.6830645799636841
0.6698192358016968
0.6805213093757629
0.6817914247512817
0.6853516697883606
0.6802027225494385
0.6803086400032043
0.6825118660926819
0.6848641037940979
0.678191065788269
0.6821942925453186
0.6790019273757935
0.6865507960319519
0.6759393215179443
0.6821925044059753
0.6757416725158691
0.6873700618743896
0.6744780540466309
0.6804528832435608
0.6833895444869995
0.680823802947998
0.6761155128479004
0.6782544851303101
0.688021719455719
0.6745968461036682
0.6891088485717773
0.6772049069404602
0.6887568235397339
0.6845579743385315
0.6840320825576782
0.6783469915390015
0.6818035840988159
0.6824257373809814
0.68465256690979
0.6871106624603271
0.6748880743980408
0.6784330606460571
0.6803691983222961
0.6712377667427063
0.6762286424636841
0.6721923351287842
0.685572624206543
0.6802382469177246
0.6801362037658691
0.6802983283996582
0.6829882860183716
0.6818277835845947
0.6752975583076477
0.6747088432312012
0.6815400123596191
0.6860755681991577
0.6946171522140503
0.6820360422134399
0.694318950176239
0.6871473789215088
0.6743195056915283
0.6883617043495178
0.6711403131484985
0.6840062141418457
0.6733519434928894
0.6784153580665588
0.6777553558349609
0.6895813345909119
0.6841181516647339
0.6816821694374084
0.6771848797798157
0.6827836632728577
0.6871343851089478
0.6867139339447021
0.6874801516532898
0.6879125833511353
0.6781261563301086
0.6719058156013489
0.6895276308059692
0.682724118232727
0.6879940032958984
0.6878747940063477
0.6767843961715698
0.6865987777709961
0.6814613938331604
0.6755277514457703
0.6840030550956726
0.6833390593528748
0.6848232746124268
0.6753629446029663
0.6798580288887024
0.6817495822906494
0.6753438115119934
0.6779518127441406
0.6757773756980896
0.6785178780555725
0.6961758136749268
0.6766880750656128
0.6835808157920837
0.6839645504951477
0.6766743659973145
0.6869499087333679
0.6782897710800171
0.6850175857543945
0.6856718063354492
0.6754555106163025
0.6815316081047058
0.6812003254890442
0.6929749250411987
0.6732896566390991
0.6857638955116272
0.6788901090621948
0.6725460886955261
0.6754187345504761
0.6892713904380798
0.680417537689209
0.6882666349411011
0.6837442517280579
0.686554491519928
0.6836581230163574
0.687726616859436
0.682009756565094
0.683594822883606
0.6899656653404236
0.6836931705474854
0.6848775744438171
0.6841019988059998
0.6838074922561646
0.6892885565757751
0.6805553436279297
0.6855517029762268
0.6832476258277893
0.6758149862289429
0.6763606071472168
0.684070885181427
0.6745518445968628
0.6861070990562439
0.6895614862442017
0.6813655495643616
0.6735965013504028
0.6795094013214111
0.6823621988296509
0.6793591380119324
0.679428219795227
0.6839893460273743
0.6841095089912415
0.6766095757484436
0.6748707890510559
0.6826567649841309
0.689583420753479
0.6779723167419434
0.6725559234619141
0.6743462085723877
0.6876662969589233
0.6904091238975525
0.6756726503372192
0.6821913123130798
0.6762048602104187
0.684787929058075
0.6797659397125244
0.6783908605575562
0.6796094179153442
0.6835140585899353
0.6815024614334106
0.6856949925422668
0.6779648065567017
0.6822200417518616
0.6835338473320007
0.6800528764724731
0.6771008372306824
0.6840350031852722
0.6850908994674683
0.6778626441955566
0.6802908182144165
0.6862486600875854
0.6746063828468323
0.6834408640861511
0.6797991394996643
0.688971221446991
0.686008870601654
0.6681172251701355
0.6793286800384521
0.6843829154968262
0.6914453506469727
0.6718345284461975
0.6774914264678955
0.6795870661735535
0.6811529397964478
0.679625391960144
0.6773203611373901
0.6829902529716492
0.6869385838508606
0.6853519678115845
0.685008704662323
0.6915029883384705
0.684600293636322
0.6794032454490662
0.6782084703445435
0.6775521039962769
0.6840295791625977
0.6919510960578918
0.6800953149795532
0.6735482811927795
0.685670793056488
0.6777747869491577
0.6845584511756897
0.676601767539978
0.6838828325271606
0.6800321340560913
0.677621603012085
0.6776815056800842
0.6816533207893372
0.6761142611503601
0.6789571642875671
0.6742437481880188
0.6847786903381348
0.6768677234649658
0.6813419461250305
0.6845867037773132
0.6821566224098206
0.6740742325782776
0.6771270632743835
0.6885570883750916
0.6831698417663574
0.6797268390655518
0.6762923002243042
0.678809404373169
0.6857821941375732
0.682092547416687
0.6751529574394226
0.6793169379234314
0.6746116876602173
0.6796260476112366
0.674949049949646
0.6765884757041931
0.6795997023582458
0.6807489395141602
0.679751992225647
0.6896697282791138
0.6848968863487244
0.6898892521858215
0.6834909319877625
0.6799007058143616
0.6862116456031799
0.6790304780006409
0.6881109476089478
0.6796355247497559
0.6816892623901367
0.678865373134613
0.6778202056884766
0.6838072538375854
0.6789683699607849
0.6809788942337036
0.6875556707382202
0.6793504357337952
0.6784510016441345
0.6808418035507202
0.6709436774253845
0.6838762760162354
0.6788769364356995
0.6807352304458618
0.6773679256439209
0.6732226014137268
0.6819621324539185
0.6804023385047913
0.675201952457428
0.6727400422096252
0.6781562566757202
0.6894059181213379
0.6809232234954834
0.6704169511795044
0.6817013025283813
0.6757481694221497
0.6754867434501648
0.6767778992652893
0.6831175684928894
0.6759131550788879
0.682574450969696
0.6689897775650024
0.6785366535186768
0.682289719581604
0.6800891757011414
0.6821229457855225
0.686786949634552
0.6811777353286743
0.6867450475692749
0.6729496121406555
0.6825355887413025
0.6852352619171143
0.691105306148529
0.6841968297958374
0.6772434115409851
0.687606930732727
0.683556318283081
0.6866488456726074
0.682367742061615
0.6713497638702393
0.685885488986969
0.6804854869842529
0.6802002191543579
0.6839635372161865
0.6807180643081665
0.6787548661231995
0.6920931935310364
0.6805583238601685
0.6829058527946472
0.6921032667160034
0.6782559156417847
0.6853638291358948
0.6765018701553345
0.6857069730758667
0.6773185133934021
0.6778954863548279
0.682616114616394
0.6754322052001953
0.6829627752304077
0.6890361905097961
0.6784666180610657
0.693918764591217
0.6803387403488159
0.685210645198822
0.6741287708282471
0.6789687871932983
0.6804269552230835
0.6766539812088013
0.6857719421386719
0.6850913763046265
0.6786652207374573
0.6832028031349182
0.6861059069633484
0.680412769317627
0.674375057220459
0.6877744793891907
0.6881759166717529
0.6834417581558228
0.6779411435127258
0.6844336986541748
0.6856829524040222
0.6795096397399902
0.6834813952445984
0.6826818585395813
0.6733887791633606
0.6745330691337585
0.689640462398529
0.682341456413269
0.6809512972831726
0.6693317890167236
0.6843302845954895
0.6812533140182495
0.6835384368896484
0.6809670925140381
0.6865967512130737
0.6856822371482849
0.681082010269165
0.6869226694107056
0.682105302810669
0.6817131638526917
0.6795094609260559
0.6838094592094421
0.6850993037223816
0.6865505576133728
0.6767940521240234
0.6844598650932312
0.6771126389503479
0.6757135987281799
0.6829260587692261
0.6893560886383057
0.6750797033309937
0.6772235631942749
0.6831093430519104
0.6822449564933777
0.6764153838157654
0.6798614263534546
0.6809056997299194
0.6862127184867859
0.6799042820930481
0.6819164156913757
0.676903486251831
0.6896831393241882
0.6751444935798645
0.6811352968215942
0.6883028745651245
0.683635413646698
0.677293062210083
0.6863850355148315
0.6782829761505127
0.6780841946601868
0.6879245638847351
0.6963910460472107
0.6788369417190552
0.6829628944396973
0.672109842300415
0.6764465570449829
0.680349588394165
0.6794227957725525
0.688357412815094
0.6763429641723633
0.6798840761184692
0.6811558604240417
0.679999589920044
0.6767669320106506
0.6834217309951782
0.6824212670326233
0.6806856393814087
0.6797287464141846
0.6779604554176331
0.6751871705055237
0.6764217019081116
0.6790761947631836
0.6834409236907959
0.6759735941886902
0.6742674708366394
0.6820946335792542
0.6796784400939941
0.6771974563598633
0.679813027381897
0.6844579577445984
0.6789938807487488
0.6785992980003357
0.6827795505523682
0.6821557879447937
0.6781136393547058
0.6810574531555176
0.6813846230506897
0.6843700408935547
0.6801406741142273
0.6825124025344849
0.6751853823661804
0.6868529319763184
0.6850544810295105
0.6792888641357422
0.6816887259483337
0.6815534830093384
0.6875588893890381
0.6760045289993286
0.6752020120620728
0.7016342282295227
0.6750935912132263
0.6826585531234741
0.6808731555938721
0.7048356533050537
0.6809794306755066
0.6732718348503113
0.6794988512992859
0.6807294487953186
0.6801466345787048
0.6770163774490356
0.6751285791397095
0.6797486543655396
0.6752548813819885
0.6828950047492981
0.6843496561050415
0.6829341650009155
0.6891970634460449
0.6824557781219482
0.6816757321357727
0.6719366312026978
0.6805875897407532
0.6819198131561279
0.6694803833961487
0.6767238974571228
0.677741289138794
0.686504065990448
0.6817818284034729
0.6819480061531067
0.6822240352630615
0.6836027503013611
0.6880775690078735
0.697646975517273
0.6848147511482239
0.6889141201972961
0.6867014765739441
0.676345705986023
0.6802354454994202
0.6831939816474915
0.6812106966972351
0.685978889465332
0.6712757349014282
0.688755214214325
0.6764544248580933
0.6759684085845947
0.6911407113075256
0.689834713935852
0.6903369426727295
0.6793484091758728
0.6828644275665283
0.6841789484024048
0.680992841720581
0.6733312606811523
0.6953951120376587
0.6913920640945435
0.6930980086326599
0.6894454956054688
0.6721428036689758
0.6862924695014954
0.6809525489807129
0.6894727349281311
0.6780556440353394
0.6833900809288025
0.6771164536476135
0.6754195690155029
0.6796194314956665
0.6849700808525085
0.6924148201942444
0.6849256753921509
0.6942554712295532
0.6795769929885864
0.6777104139328003
0.687578558921814
0.6806250810623169
0.6748139262199402
0.6806252598762512
0.6881268620491028
0.6795013546943665
0.681908369064331
0.6892021894454956
0.6744934916496277
0.6803811192512512
0.6928726434707642
0.6752334237098694
0.6833119988441467
0.6715124249458313
0.6783567070960999
0.6809908151626587
0.6793144345283508
0.6777441501617432
0.6848391890525818
0.6773090958595276
0.6747444868087769
0.6761243343353271
0.6780185699462891
0.6830893754959106
0.6825562715530396
0.6944548487663269
0.6811624765396118
0.6762557625770569
0.6725630760192871
0.6980674266815186
0.6818168759346008
0.6823264360427856
0.6801341772079468
0.6878160834312439
0.6829373836517334
0.6736480593681335
0.6811152100563049
0.6778101921081543
0.6801296472549438
0.6803239583969116
0.6818491816520691
0.6843979954719543
0.6846633553504944
0.6829236745834351
0.6763043403625488
0.6862364411354065
0.6837225556373596
0.6784424781799316
0.68842613697052
0.6752986311912537
0.6859247088432312
0.6716277003288269
0.6802747249603271
0.6819207072257996
0.6849745512008667
0.6811031699180603
0.6923481822013855
0.6734452247619629
0.6805998682975769
0.6782227754592896
0.6775906085968018
0.6838074922561646
0.6784340739250183
0.6889035701751709
0.688739001750946
0.6738563179969788
0.6789706349372864
0.6881703734397888
0.6844380497932434
0.6726592779159546
0.6815924644470215
0.6841931343078613
0.6762705445289612
0.6810801029205322
0.6820917725563049
0.6892433166503906
0.69826740026474
0.6748001575469971
0.6806526184082031
0.6772732138633728
0.6823580265045166
0.6763532161712646
0.6868491768836975
0.6846488118171692
0.6884446740150452
0.6840506196022034
0.6828850507736206
0.6808377504348755
0.6757439970970154
0.6841568946838379
0.6809864044189453
0.6799071431159973
0.6756775975227356
0.6877828240394592
0.6829667091369629
0.6786279082298279
0.6950373649597168
0.6946092844009399
0.6831840872764587
0.6903689503669739
0.6859164834022522
0.678203284740448
0.6788442134857178
0.6796315312385559
0.681768000125885
0.6789326667785645
0.6757017374038696
0.686115562915802
0.6784995198249817
0.682483971118927
0.6842972040176392
0.6887665390968323
0.6809186339378357
0.6794422268867493
0.6758272051811218
0.6848323941230774
0.6812404990196228
0.6817852258682251
0.6812712550163269
0.6748934984207153
0.6781964898109436
0.6817201375961304
0.6921355128288269
0.6723334789276123
0.691705584526062
0.6785675287246704
0.6879501342773438
0.673767626285553
0.6825619339942932
0.6786980032920837
0.6808995604515076
0.6825015544891357
0.6807095408439636
0.6819323897361755
0.6838036179542542
0.6865694522857666
0.686564564704895
0.6766924262046814
0.6898065805435181
0.6834391951560974
0.6865946054458618
0.6802799105644226
0.6826263070106506
0.674462080001831
0.6860150694847107
0.6794037818908691
0.6799277663230896
0.6865066885948181
0.6781511902809143
0.6828421950340271
0.6778914332389832
0.6801157593727112
0.6770471334457397
0.682495653629303
0.6887170672416687
0.6752116680145264
0.6776227355003357
0.6809765696525574
0.68565833568573
0.6829718351364136
0.6782953143119812
0.688507616519928
0.6903411149978638
0.6766293048858643
0.6838441491127014
0.6841021180152893
0.6796456575393677
0.6820106506347656
0.6748376488685608
0.6845375895500183
0.6787934303283691
0.6853311657905579
0.6796620488166809
0.6824237704277039
0.6799181699752808
0.6851308345794678
0.6783856749534607
0.6738801598548889
0.6795133948326111
0.6818063855171204
0.6800003051757812
0.6755748987197876
0.6790432333946228
0.6777032613754272
0.6835583448410034
0.6785880327224731
0.6807889938354492
0.6776717901229858
0.6791830658912659
0.6770990490913391
0.6807793974876404
0.6903166770935059
0.6809512972831726
0.6757726073265076
0.6818419098854065
0.6881496906280518
0.6871160268783569
0.6842554211616516
0.684017539024353
0.6777735352516174
0.678564190864563
0.6783616542816162
0.6850439310073853
0.6780173778533936
0.6811165809631348
0.6777213215827942
0.6753271222114563
0.6796056032180786
0.6841086745262146
0.6787731647491455
0.6842451095581055
0.6773093342781067
0.679889440536499
0.6813656091690063
0.6859557032585144
0.6775317788124084
0.6795098185539246
0.6806074976921082
0.6758885979652405
0.687511146068573
0.6752071380615234
0.6812835931777954
0.6799386143684387
0.6858291625976562
0.6793645620346069
0.6787375211715698
0.6803289651870728
0.6788758039474487
0.6828529238700867
0.6862576007843018
0.6917993426322937
0.6892078518867493
0.6816930770874023
0.6782785654067993
0.6788944005966187
0.6784201860427856
0.6749653220176697
0.6805408596992493
0.6930972933769226
0.6805148124694824
0.6849905848503113
0.6864340901374817
0.674771249294281
0.683352530002594
0.6852177381515503
0.679080069065094
0.6863117814064026
0.678387463092804
0.6835488080978394
0.6755633354187012
0.6836096048355103
0.6876989603042603
0.6821627616882324
0.6801866292953491
0.6810212135314941
0.6783109307289124
0.6927574276924133
0.6753433346748352
0.6787480115890503
0.6721450686454773
0.6823256015777588
0.6869942545890808
0.6797643303871155
0.6794475317001343
0.6771702766418457
0.6934202313423157
0.6815436482429504
0.6885001063346863
0.6896478533744812
0.6831260919570923
0.6857731938362122
0.6800898909568787
0.6841568946838379
0.679692804813385
0.6817395091056824
0.6729905605316162
0.6797337532043457
0.6810153126716614
0.6815618276596069
0.6797524690628052
0.6853376030921936
0.6798681020736694
0.6754388809204102
0.6851971745491028
0.6810070872306824
0.6822007894515991
0.6877570152282715
0.6730808615684509
0.6851908564567566
0.6946659684181213
0.6830324530601501
0.6866730451583862
0.6744106411933899
0.6898518800735474
0.6840950846672058
0.6744017004966736
0.6897984743118286
0.6835732460021973
0.68189936876297
0.6793652176856995
0.6838290095329285
0.679802417755127
0.6807352304458618
0.682390570640564
0.6759351491928101
0.6850115656852722
0.6843340396881104
0.6838013529777527
0.6708455085754395
0.6744503378868103
0.6770444512367249
0.6836696863174438
0.6795443296432495
0.6780662536621094
0.6853219866752625
0.6924794316291809
0.6822442412376404
0.6779152750968933
0.6786296963691711
0.6790410280227661
0.6812874674797058
0.6846500039100647
0.6815864443778992
0.6876527667045593
0.6827442049980164
0.681524395942688
0.6801016330718994
0.6833480000495911
0.6767393350601196
0.6831278800964355
0.6899896860122681
0.6843116283416748
0.6747080087661743
0.6765409708023071
0.6807299256324768
0.6889978647232056
0.6799810528755188
0.6843382716178894
0.6845440864562988
0.6802709698677063
0.6749231219291687
0.6836710572242737
0.6813075542449951
0.6723054647445679
0.677032470703125
0.6907521486282349
0.6840617060661316
0.6831281185150146
0.6812190413475037
0.6791110634803772
0.6826791167259216
0.6783561110496521
0.6920799612998962
0.6764142513275146
0.679879367351532
0.6892337799072266
0.6788030862808228
0.6833829879760742
0.680725634098053
0.6819482445716858
0.6807346343994141
0.6866008639335632
0.6931343078613281
0.6760192513465881
0.6866340637207031
0.6785731911659241
0.6721600890159607
0.6836293339729309
0.6780288815498352
0.6849396824836731
0.6872899532318115
0.6808534860610962
0.6819559931755066
0.6857900619506836
0.6773772239685059
0.6724509596824646
0.6763282418251038
0.6821193099021912
0.6782978177070618
0.6875891089439392
0.6793608069419861
0.6766656637191772
0.6803252100944519
0.6841908097267151
0.6751883029937744
0.6801914572715759
0.677107036113739
0.6854272484779358
0.6818782091140747
0.674170970916748
0.6780744791030884
0.6759001016616821
0.6799439191818237
0.6875453591346741
0.6798557639122009
0.6792324781417847
0.6732142567634583
0.6865538358688354
0.6776066422462463
0.6748660802841187
0.6741741299629211
0.679556131362915
0.6757721900939941
0.6794941425323486
0.6880365610122681
0.69362473487854
0.6907685399055481
0.682110071182251
0.6933974027633667
0.6796930432319641
0.6791788935661316
0.6789209842681885
0.6804391741752625
0.6774929165840149
0.6799121499061584
0.693649172782898
0.6846423149108887
0.6801861524581909
0.6786197423934937
0.6843713521957397
0.6885349154472351
0.6739686727523804
0.688328742980957
0.6817979216575623
0.6899606585502625
0.6915711760520935
0.683013916015625
0.6819541454315186
0.6737205386161804
0.6835776567459106
0.680250883102417
0.6850277185440063
0.6801653504371643
0.6919436454772949
0.6764572262763977
0.6753719449043274
0.6889899969100952
0.6806405782699585
0.684287965297699
0.6847793459892273
0.675182580947876
0.6853002905845642
0.6708287000656128
0.6837887763977051
0.6816427111625671
0.6788098216056824
0.6859861612319946
0.6820297241210938
0.6823968887329102
0.6893627047538757
0.682219386100769
0.6854814887046814
0.6843664646148682
0.6836861371994019
0.6756265759468079
0.6783479452133179
0.6811432838439941
0.6824532151222229
0.6817717552185059
0.6792162656784058
0.6978740096092224
0.6842579245567322
0.679275631904602
0.6779448986053467
0.6852882504463196
0.6869160532951355
0.6826513409614563
0.6817607283592224
0.6774492263793945
0.6779934167861938
0.6819882988929749
0.6837919354438782
0.6807259917259216
0.6826177835464478
0.6734356880187988
0.681195855140686
0.682021975517273
0.6789959669113159
0.6786251068115234
0.6899020671844482
0.6800940036773682
0.6808205246925354
0.6852587461471558
0.6808965802192688
0.6879088282585144
0.6744763851165771
0.6811510920524597
0.6791436076164246
0.6852530837059021
0.6876651644706726
0.6845595836639404
0.6751590967178345
0.6722190976142883
0.67737877368927
0.6885248422622681
0.6798684000968933
0.682680606842041
0.6800636649131775
0.6789519190788269
0.6826125979423523
0.6839615702629089
0.6782230734825134
0.6742391586303711
0.6865515112876892
0.6828824877738953
0.6833498477935791
0.6754918694496155
0.678168773651123
0.681983232498169
0.6866052150726318
0.6788826584815979
0.6808598041534424
0.6812289953231812
0.6824540495872498
0.6709340214729309
0.6839987635612488
0.6741219162940979
0.6824471950531006
0.6749393343925476
0.6848887205123901
0.6782805919647217
0.6959787011146545
0.6816249489784241
0.6852249503135681
0.6794305443763733
0.6805795431137085
0.6769508123397827
0.673689067363739
0.67977374792099
0.6843843460083008
0.6720259785652161
0.6920948028564453
0.6845558285713196
0.6858546137809753
0.6834197044372559
0.6791691184043884
0.6774801015853882
0.6758015155792236
0.6778809428215027
0.6812909841537476
0.6796717047691345
0.6762934327125549
0.6816322207450867
0.6903146505355835
0.6971250176429749
0.6795201897621155
0.6890652179718018
0.6814441680908203
0.6786548495292664
0.6783347129821777
0.6775559782981873
0.6818767786026001
0.6768137216567993
0.6780068278312683
0.6746998429298401
0.6768622398376465
0.6855730414390564
0.6804046034812927
0.6802203059196472
0.677949845790863
0.6844344139099121
0.6844010353088379
0.6807085275650024
0.6832889914512634
0.677334725856781
0.6717974543571472
0.6760790348052979
0.6820229291915894
0.671878457069397
0.6826896071434021
0.6754119992256165
0.6898956298828125
0.676518976688385
0.677147626876831
0.6773011684417725
0.6771405935287476
0.6786125898361206
0.6812008023262024
0.6749874353408813
0.6767496466636658
0.6755663156509399
0.6840174198150635
0.6749926209449768
0.6800075769424438
0.678500771522522
0.6974783539772034
0.6773172616958618
0.6795429587364197
0.6765968799591064
0.6798250675201416
0.6745133996009827
0.6846129894256592
0.6782678365707397
0.6875180602073669
0.6821189522743225
0.678892970085144
0.683035671710968
0.6830062866210938
0.6836166381835938
0.6815307140350342
0.6788538694381714
0.6764429211616516
0.6757174730300903
0.6735248565673828
0.679777204990387
0.6774961948394775
0.6790568232536316
0.6794286966323853
0.6841704845428467
0.6850851774215698
0.6839327812194824
0.6830973625183105
0.6753153800964355
0.6868137121200562
0.67576003074646
0.6773733496665955
0.6824532151222229
0.6880764365196228
0.6761397123336792
0.6806864738464355
0.6847885251045227
0.6811198592185974
0.6802425384521484
0.6845192313194275
0.6838961839675903
0.6853240132331848
0.6773630976676941
0.6773830652236938
0.6850775480270386
0.6752152442932129
0.6749590039253235
0.6827852129936218
0.6853771209716797
0.7013416290283203
0.6765565872192383
0.687017023563385
0.6892361640930176
0.683500349521637
0.686677098274231
0.6912909150123596
0.6804187893867493
0.6880639791488647
0.6789456605911255
0.6835950613021851
0.6788743734359741
0.6794373393058777
0.6820762753486633
0.6845314502716064
0.6783474087715149
0.6841219663619995
0.681370198726654
0.6743005514144897
0.6729704737663269
0.6829714179039001
0.6761660575866699
0.6859790682792664
0.6793746948242188
0.6870598793029785
0.6753886938095093
0.6793941855430603
0.6773889660835266
0.673515796661377
0.6823186278343201
0.68546462059021
0.6712605357170105
0.6803568601608276
0.6909812092781067
0.6833474040031433
0.6788515448570251
0.6822119951248169
0.6843454241752625
0.6828214526176453
0.6749370098114014
0.6757834553718567
0.6802144646644592
0.6860756278038025
0.6811181902885437
0.6788968443870544
0.6733409762382507
0.6808948516845703
0.6835495233535767
0.6925919651985168
0.6942285895347595
0.6782853007316589
0.6851710677146912
0.6769466400146484
0.6830335855484009
0.6800839304924011
0.6815334558486938
0.6827559471130371
0.675269365310669
0.6810556650161743
0.6880097389221191
0.6797040700912476
0.6799513697624207
0.6762758493423462
0.6786676049232483
0.6871657967567444
0.6766914129257202
0.6849479079246521
0.689126193523407
0.683214545249939
0.6922958493232727
0.6808115839958191
0.6766364574432373
0.6844475865364075
0.6802334189414978
0.6754096746444702
0.6827515363693237
0.6834890842437744
0.6813327074050903
0.6822599172592163
0.6759015917778015
0.6786537766456604
0.6916847229003906
0.6884050369262695
0.6775513887405396
0.6834379434585571
0.6782933473587036
0.6883028745651245
0.682471513748169
0.6790145039558411
0.6764212846755981
0.6796781420707703
0.6808193325996399
0.6788181066513062
0.6781421899795532
0.6852089166641235
0.6806202530860901
0.6734780073165894
0.6865887641906738
0.6836972832679749
0.6817416548728943
0.688730001449585
0.6820248961448669
0.6856570839881897
0.6847867965698242
0.687110185623169
0.6832969188690186
0.6887449622154236
0.6776111721992493
0.6814423203468323
0.6788110136985779
0.6809674501419067
0.6723406910896301
0.6752422451972961
0.6842043995857239
0.6776800155639648
0.6885172724723816
0.6896037459373474
0.6723809838294983
0.685642421245575
0.6796493530273438
0.6837025284767151
0.6801819801330566
0.6774472594261169
0.6833319067955017
0.6820904016494751
0.6758028268814087
0.6855531334877014
0.6886096596717834
0.6778255701065063
0.6821931600570679
0.6868816018104553
0.680305004119873
0.6878309845924377
0.6881125569343567
0.6831584572792053
0.6843187808990479
0.6880962252616882
0.6794784069061279
0.6814832091331482
0.6828787326812744
0.6806850433349609
0.6767371296882629
0.6801750063896179
0.6820824146270752
0.6747741103172302
0.686826765537262
0.6761111617088318
0.6848976612091064
0.6722834706306458
0.6774081587791443
0.6729889512062073
0.6814494132995605
0.6887058615684509
0.6785962581634521
0.6792709231376648
0.6823369264602661
0.6858713030815125
0.6775182485580444
0.6813248991966248
0.680263876914978
0.685880720615387
0.682820737361908
0.6818642020225525
0.6807123422622681
0.67538982629776
0.6786815524101257
0.6842172741889954
0.6827525496482849
0.6912314295768738
0.6849256753921509
0.6831910610198975
0.6778891086578369
0.6877093315124512
0.6824694275856018
0.6885707974433899
0.6791586875915527
0.6831927299499512
0.6800780296325684
0.6872121691703796
0.6862184405326843
0.6767675280570984
0.6804677248001099
0.6836123466491699
0.6877317428588867
0.688506007194519
0.6756922602653503
0.6754141449928284
0.6809881925582886
0.6789186000823975
0.6765904426574707
0.6917998194694519
0.6812487244606018
0.6803498864173889
0.6890709400177002
0.6806908249855042
0.6765697598457336
0.6861773133277893
0.6783891320228577
0.6817920804023743
0.6775904297828674
0.6881536841392517
0.6823092699050903
0.6759920716285706
0.6777917742729187
0.689415693283081
0.6891741752624512
0.6816486716270447
0.6836952567100525
0.6816823482513428
0.6799913644790649
0.6836779713630676
0.6860365867614746
0.6785553693771362
0.6837788224220276
0.6792731285095215
0.6782529354095459
0.6820865273475647
0.6817080974578857
0.679794192314148
0.6819315552711487
0.6837344169616699
0.6854410171508789
0.6728096008300781
0.699028491973877
0.6860222816467285
0.676934003829956
0.688595712184906
0.6777489185333252
0.6841434240341187
0.6807799339294434
0.6740652918815613
0.6828094720840454
0.6744161248207092
0.6835117340087891
0.6789732575416565
0.681157112121582
0.6785113215446472
0.6810654401779175
0.686748743057251
0.6776397824287415
0.680187463760376
0.678396463394165
0.6898590326309204
0.6796033978462219
0.6900704503059387
0.6881694197654724
0.6813067197799683
0.6784251928329468
0.6838608980178833
0.6820873022079468
0.6775071024894714
0.6911630034446716
0.6915881037712097
0.6805058717727661
0.6836755871772766
0.6779651045799255
0.6771473288536072
0.6864047050476074
0.6757822036743164
0.6746575832366943
0.673566460609436
0.6852731704711914
0.6769697070121765
0.6731676459312439
0.6788312196731567
0.6758710145950317
0.6818959712982178
0.6797564029693604
0.6811719536781311
0.6825240850448608
0.6883202195167542
0.6871750354766846
0.6783288717269897
0.6847072839736938
0.6731871962547302
0.6772684454917908
0.6770342588424683
0.6798151135444641
0.6816202998161316
0.6864433884620667
0.6835854053497314
0.683503270149231
0.67777019739151
0.6847296357154846
0.6796396970748901
0.6839430928230286
0.688003420829773
0.6847417950630188
0.6815914511680603
0.7079371809959412
0.6927514672279358
0.6805353760719299
0.6785879135131836
0.6808186173439026
0.6785258054733276
0.6761289238929749
0.6818302869796753
0.6830910444259644
0.6863687038421631
0.6792999505996704
0.677131712436676
0.670712411403656
0.6835218667984009
0.6777006387710571
0.6784899234771729
0.6798693537712097
0.6748121380805969
0.6790416240692139
0.6940792798995972
0.6709619164466858
0.6803929209709167
0.6833128929138184
0.6803696155548096
0.6896593570709229
0.671802282333374
0.676846444606781
0.6893318891525269
0.6777911186218262
0.6787319183349609
0.6884344220161438
0.6877269744873047
0.6809548139572144
0.6899904012680054
0.6749343872070312
0.6912544965744019
0.6784257888793945
0.6806883811950684
0.6819696426391602
0.6702973246574402
0.6883290410041809
0.6886200904846191
0.6772354245185852
0.6877062320709229
0.6800364851951599
0.6798720955848694
0.6840779185295105
0.6870630383491516
0.6807379126548767
0.6803690791130066
0.6765654683113098
0.6820489764213562
0.6757920980453491
0.6801416277885437
0.6802093386650085
0.6807307600975037
0.69460529088974
0.6817519664764404
0.6773157119750977
0.6933844089508057
0.692961573600769
0.6763138771057129
0.6798327565193176
0.6784188151359558
0.6875959634780884
0.6833102107048035
0.6828423142433167
0.6819013953208923
0.6824237108230591
0.681800127029419
0.68295818567276
0.6805415153503418
0.6781222820281982
0.6918085813522339
0.6935458183288574
0.6882143020629883
0.6824786067008972
0.6781616806983948
0.6843396425247192
0.6770630478858948
0.6809719800949097
0.678676426410675
0.6773385405540466
0.6775670647621155
0.6812998652458191
0.6855786442756653
0.6821043491363525
0.6737570762634277
0.6767061948776245
0.6804890632629395
0.678681492805481
0.6795618534088135
0.6846347451210022
0.6778734922409058
0.6824204325675964
0.6836263537406921
0.6850948333740234
0.6739684343338013
0.6774584650993347
0.6805263757705688
0.6792743802070618
0.6812779307365417
0.6823557019233704
0.6742013096809387
0.6729165315628052
0.677297830581665
0.6926620602607727
0.6785702109336853
0.679580569267273
0.6795685291290283
0.6776912808418274
0.6875022053718567
0.6833194494247437
0.6791262030601501
0.6763601899147034
0.6795361042022705
0.6841814517974854
0.6855553984642029
0.6796984076499939
0.6915605068206787
0.6757940649986267
0.6787002682685852
0.6862986087799072
0.6824009418487549
0.6878275871276855
0.6788626909255981
0.6770565509796143
0.6797211766242981
0.6818834543228149
0.6764593124389648
0.6832055449485779
0.6902551651000977
0.6729467511177063
0.6841436624526978
0.6728711724281311
0.682470977306366
0.6850478053092957
0.6730218529701233
0.6787111163139343
0.673572838306427
0.6834180355072021
0.6824513077735901
0.6779942512512207
0.677886962890625
0.6871738433837891
0.6785567998886108
0.6768941283226013
0.6852216720581055
0.6824398636817932
0.6859716176986694
0.6854519248008728
0.6714913845062256
0.6742857098579407
0.6805603504180908
0.6711019277572632
0.6871750950813293
0.687102198600769
0.6804009675979614
0.6805006861686707
0.6852533221244812
0.6754693388938904
0.689466655254364
0.682327389717102
0.6751124262809753
0.6806052923202515
0.6839035153388977
0.6881248354911804
0.6756235361099243
0.6771460771560669
0.6855077743530273
0.6744900941848755
0.6821076273918152
0.6839976906776428
0.6825947165489197
0.6786781549453735
0.6842671036720276
0.6833528876304626
0.6839276552200317
0.6835139393806458
0.683158814907074
0.6855082511901855
0.6872634887695312
0.686400830745697
0.6771166920661926
0.676220178604126
0.6835737824440002
0.6795622706413269
0.682408332824707
0.6796055436134338
0.6869766116142273
0.6841824650764465
0.6872272491455078
0.6799848079681396
0.6875572800636292
0.6777231097221375
0.6807969808578491
0.6880248188972473
0.6806859970092773
0.6827595829963684
0.6846529245376587
0.6857283115386963
0.6773486733436584
0.6810948252677917
0.6935222744941711
0.6704027652740479
0.6874457001686096
0.6920567154884338
0.6827991008758545
0.677141547203064
0.6828299760818481
0.6854120492935181
0.6761460900306702
0.6830412149429321
0.6922944188117981
0.6834321022033691
0.6716712713241577
0.6788049340248108
0.6817182898521423
0.6835039854049683
0.6822224259376526
0.6753714084625244
0.6940770745277405
0.6873310804367065
0.6770493984222412
0.6771541237831116
0.6826024651527405
0.6860823035240173
0.6865602731704712
0.6756349802017212
0.674111008644104
0.6774492859840393
0.6724955439567566
0.6762522459030151
0.6755306720733643
0.6829447746276855
0.6802117824554443
0.6696205735206604
0.6834835410118103
0.6783574223518372
0.6871265769004822
0.6895653605461121
0.6808528304100037
0.6873757839202881
0.6794160008430481
0.681710422039032
0.6766788363456726
0.6841893196105957
0.6824046969413757
0.6748104095458984
0.6872879862785339
0.6808837056159973
0.6830276250839233
0.6784435510635376
0.6861752271652222
0.6736857295036316
0.6837683916091919
0.6775683164596558
0.6803198456764221
0.6880362629890442
0.6754540205001831
0.6778587102890015
0.6787133812904358
0.679359495639801
0.6763960719108582
0.6804602146148682
0.6854801774024963
0.6768258810043335
0.6821591854095459
0.6829707622528076
0.676520824432373
0.6889629364013672
0.6795608401298523
0.6849190592765808
0.6809723377227783
0.6825667023658752
0.6801198720932007
0.6819022297859192
0.6751550436019897
0.6832243204116821
0.6837814450263977
0.6720333099365234
0.6867262721061707
0.6820318102836609
0.6749212145805359
0.6890210509300232
0.6782049536705017
0.6895359754562378
0.6767334342002869
0.6825565099716187
0.6802380681037903
0.686251699924469
0.683255672454834
0.684794008731842
0.6821374893188477
0.6743857860565186
0.6806221604347229
0.6725113987922668
0.6793885231018066
0.6812430024147034
0.6837709546089172
0.673758864402771
0.683303952217102
0.682130753993988
0.685063362121582
0.6769062876701355
0.6726634502410889
0.6798197627067566
0.691753625869751
0.6842427253723145
0.6703625321388245
0.6857190728187561
0.6879956722259521
0.6749497056007385
0.6813657283782959
0.6825606226921082
0.6788578629493713
0.6883196234703064
0.6710477471351624
0.6828911304473877
0.6783698201179504
0.6732815504074097
0.6808851957321167
0.6860828995704651
0.6800079345703125
0.675987958908081
0.6817050576210022
0.679741621017456
0.6832402944564819
0.6773264408111572
0.6777119636535645
0.68412184715271
0.680259644985199
0.6904141902923584
0.6783946752548218
0.6795796751976013
0.683259904384613
0.6868707537651062
0.6850848197937012
0.6881991624832153
0.6937021017074585
0.6790749430656433
0.6734803318977356
0.6790425181388855
0.6803720593452454
0.6788625717163086
0.6829419136047363
0.6737046837806702
0.6734675765037537
0.6818085312843323
0.6748213171958923
0.6935329437255859
0.6809341311454773
0.6828802227973938
0.6882615685462952
0.6848352551460266
0.6815106868743896
0.685942530632019
0.6790911555290222
0.6851317286491394
0.6838770508766174
0.6861277222633362
0.6905650496482849
0.6715320944786072
0.7069971561431885
0.6776406764984131
0.7040746808052063
0.6805824041366577
0.6746086478233337
0.6727662086486816
0.6781803965568542
0.6802965402603149
0.6871410608291626
0.677202582359314
0.674425482749939
0.6814219951629639
0.6766297817230225
0.690785825252533
0.684918224811554
0.6857991218566895
0.683706521987915
0.6987559199333191
0.6784662008285522
0.6828598380088806
0.687163233757019
0.6894078254699707
0.6758264899253845
0.680535078048706
0.6787649989128113
0.6759862899780273
0.6746411919593811
0.684756338596344
0.6905834674835205
0.6817790269851685
0.6753106117248535
0.6793038249015808
0.6691427826881409
0.6892223954200745
0.6754987835884094
0.6777880191802979
0.6754834651947021
0.6881672143936157
0.6826736330986023
0.6860125064849854
0.678575336933136
0.6797406077384949
0.6821283102035522
0.6798821091651917
0.6755215525627136
0.6818710565567017
0.6745291352272034
0.6821468472480774
0.6886416077613831
0.6807748079299927
0.687382161617279
0.6824054718017578
0.6768317818641663
0.6831333041191101
0.6822858452796936
0.6675025820732117
0.6827724575996399
0.6844151616096497
0.6867367625236511
0.6829990148544312
0.6832640171051025
0.6772592663764954
0.6842008233070374
0.6863883137702942
0.6866965293884277
0.6805273294448853
0.6746888160705566
0.6796075105667114
0.6910173892974854
0.6777512431144714
0.6911774277687073
0.6800653338432312
0.6857657432556152
0.6815275549888611
0.6880486011505127
0.6832370162010193
0.6865890622138977
0.6806851625442505
0.6838029026985168
0.6874419450759888
0.6906082630157471
0.6882222294807434
0.6774224042892456
0.6774328947067261
0.6842684745788574
0.6813787817955017
0.6836046576499939
0.684163510799408
0.6827237606048584
0.6849266290664673
0.6789495348930359
0.6854434609413147
0.6843783259391785
0.6802345514297485
0.6868157386779785
0.6796218156814575
0.6837306022644043
0.6835837960243225
0.6816110014915466
0.6837353706359863
0.6797432899475098
0.6791195869445801
0.682264506816864
0.6853742003440857
0.6773326396942139
0.678305983543396
0.6759812831878662
0.6843972206115723
0.682334303855896
0.6771960258483887
0.6730819940567017
0.6845253705978394
0.6797589659690857
0.6828330159187317
0.6768569946289062
0.6884031891822815
0.6852805614471436
0.6864235997200012
0.6865066289901733
0.6893818378448486
0.6800065636634827
0.6845390200614929
0.67853844165802
0.6829992532730103
0.6836584806442261
0.6678112745285034
0.6743690967559814
0.6814247369766235
0.68169105052948
0.6811037659645081
0.682091474533081
0.6803615093231201
0.6771348118782043
0.6820654273033142
0.6872484683990479
0.6941656470298767
0.6892545223236084
0.6802650690078735
0.6790540218353271
0.6821885704994202
0.6789060831069946
0.6849219799041748
0.6746083498001099
0.6827555894851685
0.6767258048057556
0.6819893717765808
0.6779775619506836
0.6832431554794312
0.6801607608795166
0.6818307638168335
0.6722424626350403
0.6812444925308228
0.6847949624061584
0.6861210465431213
0.678726315498352
0.6752385497093201
0.6787967681884766
0.6802241206169128
0.6793018579483032
0.6796686053276062
0.687982976436615
0.6825541257858276
0.6879072785377502
0.6801062822341919
0.6773409247398376
0.682426929473877
0.6801494359970093
0.6820911765098572
0.6794092059135437
0.6776174902915955
0.6879048347473145
0.6765220165252686
0.6865140795707703
0.6843238472938538
0.6905105710029602
0.6795855760574341
0.6827006340026855
0.6810160875320435
0.6731001138687134
0.6843699812889099
0.674675464630127
0.686436116695404
0.6858139038085938
0.6878312230110168
0.6959741711616516
0.6763938069343567
0.6801798939704895
0.6951376795768738
0.6865592002868652
0.686438798904419
0.6893925666809082
0.6813846826553345
0.6797115802764893
0.6812452077865601
0.6890257000923157
0.685584306716919
0.6804274320602417
0.6772359013557434
0.6739521622657776
0.6811543703079224
0.6752197742462158
0.6856345534324646
0.6767348051071167
0.6826818585395813
0.6803966760635376
0.6798362135887146
0.6704744100570679
0.6799612045288086
0.6723313331604004
0.6885729432106018
0.682152509689331
0.6890724301338196
0.6994977593421936
0.6863337159156799
0.677814781665802
0.6867592334747314
0.6851625442504883
0.6857225894927979
0.6938493251800537
0.6892519593238831
0.6934383511543274
0.6818113923072815
0.6767013669013977
0.6717724204063416
0.6735542416572571
0.6768370270729065
0.6734266877174377
0.6785180568695068
0.6813271045684814
0.6758044362068176
0.6728028059005737
0.6859376430511475
0.6793723702430725
0.6787965297698975
0.6822834610939026
0.6882058382034302
0.68337482213974
0.6890041828155518
0.6780745387077332
0.6779370903968811
0.6755592823028564
0.6938942670822144
0.6801962852478027
0.6796625256538391
0.6869990825653076
0.6787571310997009
0.6793466806411743
0.6741718053817749
0.6774977445602417
0.6883895397186279
0.6863507032394409
0.6770850419998169
0.6774718165397644
0.6763787865638733
0.6761677265167236
0.6767784357070923
0.6875965595245361
0.6855282783508301
0.686403751373291
0.6748037934303284
0.6831684112548828
0.6742315292358398
0.6731007695198059
0.6822487711906433
0.6823484897613525
0.6848645806312561
0.6819583177566528
0.6863608360290527
0.690837562084198
0.6810758709907532
0.6780257821083069
0.689404308795929
0.6806674599647522
0.6825113296508789
0.6814888715744019
0.6818636655807495
0.6749736666679382
0.6800631284713745
0.6798988580703735
0.6815962195396423
0.6856160163879395
0.685911238193512
0.6765307784080505
0.6816975474357605
0.6813907027244568
0.6829642057418823
0.6853483319282532
0.683090090751648
0.6812779307365417
0.6878170371055603
0.674029529094696
0.6772867441177368
0.6783581376075745
0.6795684695243835
0.6836835741996765
0.6841810345649719
0.6830403208732605
0.6738409996032715
0.6744847297668457
0.6834203600883484
0.679662823677063
0.6794145703315735
0.6772417426109314
0.675653874874115
0.677208423614502
0.6752527952194214
0.6784518957138062
0.6844915151596069
0.674102783203125
0.6804307103157043
0.6817663908004761
0.6781060695648193
0.6772149205207825
0.6909708976745605
0.6806386709213257
0.6882726550102234
0.6936655044555664
0.7005326747894287
0.6880550384521484
0.6831948161125183
0.6764370203018188
0.6841241121292114
0.6791869401931763
0.6749606728553772
0.6817444562911987
0.6803308725357056
0.6852319240570068
0.6820745468139648
0.6821799874305725
0.6840509176254272
0.6721814870834351
0.6804985404014587
0.6766029596328735
0.6866998076438904
0.6807934045791626
0.6825005412101746
0.6849939823150635
0.6794622540473938
0.6799988746643066
0.6806560754776001
0.6825964450836182
0.685693085193634
0.6842591762542725
0.6746401190757751
0.6891182065010071
0.6789547204971313
0.7044395208358765
0.6772404909133911
0.6829127669334412
0.685775101184845
0.6827340722084045
0.6875473260879517
0.6871080994606018
0.6794071793556213
0.6836002469062805
0.6791232824325562
0.6799411177635193
0.6867249608039856
0.6860865354537964
0.6818976402282715
0.681838870048523
0.684206485748291
0.6848641037940979
0.6783857345581055
0.6805412173271179
0.6857655644416809
0.6756302118301392
0.6810656189918518
0.6800935864448547
0.6821175217628479
0.6786670684814453
0.6790174841880798
0.6783924698829651
0.6820110082626343
0.6861671209335327
0.6840258240699768
0.6853739619255066
0.6822269558906555
0.6802523136138916
0.6839117407798767
0.6702919006347656
0.6822490692138672
0.6845606565475464
0.6786490082740784
0.6746178269386292
0.6842417120933533
0.6833508014678955
0.6824562549591064
0.6818997859954834
0.673873782157898
0.6767586469650269
0.6821670532226562
0.6933103799819946
0.6780279278755188
0.6737509965896606
0.672410786151886
0.6813565492630005
0.6817301511764526
0.6858603954315186
0.6774671077728271
0.6857621073722839
0.6844915747642517
0.6785458326339722
0.6834943294525146
0.6832219958305359
0.6841633915901184
0.6845077276229858
0.6836303472518921
0.6838629841804504
0.6801111102104187
0.6766741871833801
0.6804558634757996
0.6810235977172852
0.6735920906066895
0.6754688620567322
0.675456166267395
0.6849352121353149
0.6820347905158997
0.6871092319488525
0.6893382668495178
0.6793426871299744
0.6849511861801147
0.6800301671028137
0.6730382442474365
0.6843279004096985
0.6792847514152527
0.6805844306945801
0.6799275279045105
0.6788371205329895
0.6773232221603394
0.6821964979171753
0.6820970177650452
0.6827293038368225
0.6842852234840393
0.6793166995048523
0.6763513684272766
0.6849953532218933
0.681780993938446
0.6850754022598267
0.683318555355072
0.6878964900970459
0.6811723709106445
0.6817522048950195
0.686374306678772
0.6811485886573792
0.6847681999206543
0.6811073422431946
0.6829893589019775
0.6921664476394653
0.6879124641418457
0.6800364255905151
0.6826950311660767
0.678132951259613
0.6856527924537659
0.6799641847610474
0.6812981367111206
0.6728768348693848
0.6852648258209229
0.6825304627418518
0.6824600100517273
0.6800603866577148
0.6874099373817444
0.6769481897354126
0.6711406111717224
0.6864557266235352
0.6844998598098755
0.6868271231651306
0.6808080077171326
0.6748777031898499
0.6938880085945129
0.679039716720581
0.6859487891197205
0.6739680767059326
0.6856354475021362
0.6865867972373962
0.6787561178207397
0.6806700229644775
0.678697943687439
0.685405433177948
0.6821820735931396
0.6800988912582397
0.6769331097602844
0.6810573935508728
0.6779345273971558
0.6851907968521118
0.6782294511795044
0.6795839071273804
0.6857259273529053
0.6816365122795105
0.6827690005302429
0.6815130710601807
0.6846926808357239
0.6735574007034302
0.6802923083305359
0.6786853075027466
0.6805803179740906
0.685538113117218
0.685160219669342
0.6889499425888062
0.6822892427444458
0.680522084236145
0.6820910573005676
0.6786348223686218
0.6762236952781677
0.6809899210929871
0.6876186728477478
0.6768308877944946
0.6834720373153687
0.6960598826408386
0.6841959953308105
0.6863537430763245
0.6803746223449707
0.6777254939079285
0.6849697232246399
0.6690787672996521
0.6848305463790894
0.6871214509010315
0.6804868578910828
0.6792439222335815
0.6919161081314087
0.6834821105003357
0.6886644959449768
0.6843973398208618
0.6843065619468689
0.6791485548019409
0.679528534412384
0.6740273237228394
0.6860629916191101
0.690269947052002
0.673926591873169
0.68723464012146
0.6730464696884155
0.6751488447189331
0.6800829768180847
0.6835246682167053
0.6781001091003418
0.6779398918151855
0.6828330159187317
0.6836362481117249
0.6823288202285767
0.6782777309417725
0.6734726428985596
0.6785438060760498
0.6774719953536987
0.6759902834892273
0.6809773445129395
0.6804679036140442
0.6918247938156128
0.6847512722015381
0.6794106364250183
0.675215482711792
0.6848565936088562
0.6849551796913147
0.6864880323410034
0.6770311594009399
0.6855815052986145
0.6829922795295715
0.6785867810249329
0.6806688904762268
0.6878076195716858
0.6895405650138855
0.6790717244148254
0.6790135502815247
0.6787596344947815
0.6839660406112671
0.6804556846618652
0.6823476552963257
0.6850245594978333
0.683283805847168
0.674847424030304
0.6761941313743591
0.6832116842269897
0.680866539478302
0.6809877753257751
0.684059202671051
0.6813660860061646
0.6840988397598267
0.680916965007782
0.6834084391593933
0.6827012300491333
0.6798005104064941
0.6778191924095154
0.6847739815711975
0.6858917474746704
0.6746435165405273
0.6824047565460205
0.6814188957214355
0.677946925163269
0.6923057436943054
0.6790561079978943
0.7027719020843506
0.6822648644447327
0.6739774942398071
0.6845006942749023
0.6772428154945374
0.6873326301574707
0.670238733291626
0.683143138885498
0.6791679859161377
0.6868298649787903
0.6746616363525391
0.6781062483787537
0.6845714449882507
0.6892316937446594
0.6833807826042175
0.6850274205207825
0.6759586334228516
0.6860755681991577
0.6735211610794067
0.679347038269043
0.6851719617843628
0.6794079542160034
0.6725773811340332
0.6841177940368652
0.6842616200447083
0.6842645406723022
0.6826629042625427
0.6684720516204834
0.6857188940048218
0.6801499128341675
0.6832100749015808
0.6885021924972534
0.6810911893844604
0.684472918510437
0.6850683689117432
0.6787910461425781
0.6860365867614746
0.6791563630104065
0.6763046383857727
0.6795188188552856
0.678894579410553
0.6796007752418518
0.682377815246582
0.675335705280304
0.6732192039489746
0.6863254308700562
0.678766667842865
0.6767997145652771
0.6836943030357361
0.6811742186546326
0.6887518167495728
0.6750535368919373
0.680882453918457
0.688201367855072
0.6762180328369141
0.6737392544746399
0.6788462996482849
0.6949312090873718
0.6793796420097351
0.6746161580085754
0.6940087080001831
0.6797555685043335
0.6834774017333984
0.678398847579956
0.6903165578842163
0.6789270639419556
0.686424195766449
0.6810468435287476
0.6805930733680725
0.6821229457855225
0.6825459003448486
0.678303062915802
0.6821146011352539
0.6830148696899414
0.673503577709198
0.6787943840026855
0.6908937692642212
0.677849292755127
0.6818327903747559
0.6768865585327148
0.6838695406913757
0.6818103790283203
0.6805163025856018
0.6844056248664856
0.6831446290016174
0.6807175874710083
0.6770220398902893
0.6879022717475891
0.6828157901763916
0.6765978932380676
0.679785430431366
0.6904404759407043
0.6783681511878967
0.6768511533737183
0.683716356754303
0.6845459938049316
0.6786539554595947
0.6853063702583313
0.6836420893669128
0.6810850501060486
0.6771541833877563
0.6858452558517456
0.678187370300293
0.6814151406288147
0.6801934838294983
0.6813217997550964
0.6727489829063416
0.6801021695137024
0.6866518259048462
0.6766924262046814
0.6775269508361816
0.687576413154602
0.672173023223877
0.676642656326294
0.6840805411338806
0.6777791380882263
0.6821588277816772
0.6827809810638428
0.6810394525527954
0.6743820309638977
0.6786802411079407
0.6789423823356628
0.6862601637840271
0.6784090995788574
0.6800059676170349
0.6816589832305908
0.6860501766204834
0.6799497604370117
0.6941534280776978
0.6834537982940674
0.6835150122642517
0.6852328777313232
0.6810265183448792
0.6675291657447815
0.6897162795066833
0.6909851431846619
0.6811416745185852
0.6800411939620972
0.6834694743156433
0.6722360253334045
0.6771459579467773
0.682309627532959
0.6741268038749695
0.6776485443115234
0.6883665919303894
0.6780979633331299
0.6809034943580627
0.6793113350868225
0.6789762377738953
0.6810262799263
0.681765079498291
0.6901568174362183
0.6806194186210632
0.6816908121109009
0.679546594619751
0.6751359105110168
0.6871011257171631
0.6820172667503357
0.6783570647239685
0.680355966091156
0.683202862739563
0.677212119102478
0.6838417649269104
0.6827936172485352
0.6821976900100708
0.675011157989502
0.6804466247558594
0.6823501586914062
0.6788166165351868
0.6879855394363403
0.6814189553260803
0.6875445246696472
0.6816176176071167
0.6832194328308105
0.6811390519142151
0.6730104088783264
0.6811030507087708
0.684923529624939
0.6820597052574158
0.6849297285079956
0.6850892305374146
0.6840874552726746
0.6788666248321533
0.6845189332962036
0.6845535039901733
0.6811890006065369
0.6824982166290283
0.6853541135787964
0.6842303276062012
0.6842396855354309
0.6840371489524841
0.6857259273529053
0.6847236752510071
0.6824849247932434
0.6771721243858337
0.6850321292877197
0.6765669584274292
0.6811802983283997
0.6822741031646729
0.6797218322753906
0.6906920671463013
0.6813758611679077
0.6843827962875366
0.6804433465003967
0.6854662299156189
0.6810007095336914
0.683487057685852
0.6841347217559814
0.6762161254882812
0.6881813406944275
0.6847125887870789
0.6793810129165649
0.6831695437431335
0.6826328039169312
0.6700274348258972
0.6855223178863525
0.6893190741539001
0.7009312510490417
0.6823607087135315
0.6859970688819885
0.6797665953636169
0.6817167401313782
0.6887915730476379
0.6836885213851929
0.689532995223999
0.6791974306106567
0.6779897212982178
0.690967857837677
0.6839833855628967
0.6806331872940063
0.6799183487892151
0.6802803874015808
0.6815465092658997
0.6873186826705933
0.6765010356903076
0.6819961667060852
0.6853734850883484
0.6860243678092957
0.673955500125885
0.6767758131027222
0.6773598194122314
0.6816803216934204
0.6792752146720886
0.68172287940979
0.6818408370018005
0.6806453466415405
0.6860107183456421
0.6785964369773865
0.6768192052841187
0.6743155121803284
0.6845586895942688
0.6906623840332031
0.6745017170906067
0.6908408403396606
0.6765923500061035
0.6723058223724365
0.6791558265686035
0.6838340759277344
0.6858949661254883
0.68852299451828
0.6757662296295166
0.6787866353988647
0.6884505748748779
0.6763458251953125
0.6750332117080688
0.6833478212356567
0.6870810389518738
0.6855852603912354
0.6838659048080444
0.6733227968215942
0.6754302382469177
0.6786566376686096
0.6803868412971497
0.6821025609970093
0.6792338490486145
0.6856683492660522
0.6773166656494141
0.6802216172218323
0.6827340722084045
0.6839296221733093
0.6823187470436096
0.6863937377929688
0.6912617087364197
0.6876726746559143
0.6799563765525818
0.6846250891685486
0.6912544965744019
0.6895615458488464
0.6784417033195496
0.687035858631134
0.6828332543373108
0.6777464151382446
0.6774022579193115
0.6912164092063904
0.6788644194602966
0.6843082904815674
0.6790686249732971
0.683961808681488
0.6893453001976013
0.671747624874115
0.6814495325088501
0.6820656657218933
0.6734822988510132
0.6837509274482727
0.6797940731048584
0.6849642395973206
0.6792522668838501
0.679449737071991
0.6906293630599976
0.6843317747116089
0.6748765707015991
0.6781004667282104
0.6732051968574524
0.6781349182128906
0.6832351684570312
0.6848943829536438
0.6811461448669434
0.6845317482948303
0.6879451870918274
0.6779327392578125
0.6795840263366699
0.6901100277900696
0.6841871738433838
0.6855385303497314
0.6766993999481201
0.687114417552948
0.6732099056243896
0.6768954992294312
0.6847946047782898
0.6741576194763184
0.6930291652679443
0.684479832649231
0.6887332201004028
0.6817309856414795
0.676103949546814
0.6906954050064087
0.6996132731437683
0.6812853217124939
0.6834672093391418
0.6831840872764587
0.680594801902771
0.6849504709243774
0.6843857765197754
0.6806983351707458
0.6852578520774841
0.6807078719139099
0.6820120811462402
0.683837354183197
0.6797239184379578
0.6808788776397705
0.6756686568260193
0.6843634843826294
0.6814733147621155
0.6732873320579529
0.6767604351043701
0.6823505163192749
0.6741685271263123
0.6780713796615601
0.6815352439880371
0.6816099882125854
0.6812703013420105
0.6809173822402954
0.6745169758796692
0.6851336359977722
0.6741271018981934
0.6783761382102966
0.6779463291168213
0.6753063201904297
0.6873331665992737
0.6800534129142761
0.6748428344726562
0.6842814683914185
0.6755762100219727
0.6781458258628845
0.6884433031082153
0.6841331720352173
0.6841164231300354
0.6832002997398376
0.6857331395149231
0.6759250164031982
0.6784622073173523
0.6848025918006897
0.6833770871162415
0.68401700258255
0.6742443442344666
0.682426929473877
0.684939444065094
0.6821075677871704
0.683340311050415
0.6783368587493896
0.6817082166671753
0.6812667846679688
0.6857398748397827
0.6785645484924316
0.6769985556602478
0.6767511367797852
0.6770349740982056
0.6930263042449951
0.6745402216911316
0.6787330508232117
0.6787933111190796
0.6839038133621216
0.6814008355140686
0.6759522557258606
0.6799410581588745
0.6825903058052063
0.681860625743866
0.6888574361801147
0.6796912550926208
0.6779975891113281
0.6766940355300903
0.6804583072662354
0.6839373111724854
0.683015763759613
0.6831518411636353
0.685172438621521
0.6701914668083191
0.6760355830192566
0.6720436811447144
0.6811205148696899
0.6838777661323547
0.6803627610206604
0.6864129304885864
0.6739434003829956
0.6791255474090576
0.6810643076896667
0.685362696647644
0.675959587097168
0.6810063719749451
0.6810235977172852
0.6843267679214478
0.6740186214447021
0.682186484336853
0.6836128234863281
0.6794317364692688
0.6810904741287231
0.6802261471748352
0.679259717464447
0.6860629320144653
0.6813899874687195
0.6823910474777222
0.6780800819396973
0.6762335300445557
0.6895902752876282
0.6746324896812439
0.6816896200180054
0.6874096393585205
0.6763228178024292
0.6778964996337891
0.6854543685913086
0.6895692944526672
0.6811254024505615
0.675452709197998
0.6712937355041504
0.6825467944145203
0.6712930798530579
0.6844919919967651
0.6849497556686401
0.6804500818252563
0.6813010573387146
0.6791170239448547
0.6901149749755859
0.6846956610679626
0.6894749402999878
0.6786439418792725
0.6844276785850525
0.681138277053833
0.6923678517341614
0.6787612438201904
0.6798064708709717
0.6887277364730835
0.676471471786499
0.6814362406730652
0.6795399785041809
0.6761780977249146
0.6873579621315002
0.6814126968383789
0.6819553375244141
0.6765894889831543
0.6810470819473267
0.6889403462409973
0.688688337802887
0.6817209124565125
0.676922619342804
0.6881792545318604
0.6799099445343018
0.6866528987884521
0.688621461391449
0.6785215735435486
0.6851052045822144
0.6808160543441772
0.6814481616020203
0.6785662174224854
0.6732873320579529
0.6880132555961609
0.6799407005310059
0.6810038089752197
0.6848136782646179
0.6778887510299683
0.6826817393302917
0.6770260334014893
0.6829000115394592
0.6816530227661133
0.6870484948158264
0.684293806552887
0.6769376397132874
0.680573046207428
0.6732479333877563
0.6885972619056702
0.6826685070991516
0.6851210594177246
0.6737086176872253
0.6783859133720398
0.6736506223678589
0.6910854578018188
0.6705982685089111
0.6828343272209167
0.6790890693664551
0.67294842004776
0.6748723983764648
0.6821657419204712
0.6848923563957214
0.6885375380516052
0.6779446601867676
0.6808552742004395
0.6893662810325623
0.6825577020645142
0.6756901144981384
0.6784167885780334
0.6727164387702942
0.6777533292770386
0.6908115148544312
0.6862526535987854
0.6801548600196838
0.6828211545944214
0.669991135597229
0.6788168549537659
0.6759048700332642
0.6830987334251404
0.6873972415924072
0.6859855055809021
0.6862891316413879
0.6787352561950684
0.6737633347511292
0.6836729645729065
0.6815167665481567
0.6765292286872864
0.6795547604560852
0.6773900389671326
0.6819725036621094
0.6785326600074768
0.684983491897583
0.6786894798278809
0.6819518804550171
0.6783749461174011
0.6794493198394775
0.6783460378646851
0.6747573018074036
0.6795447468757629
0.6804984211921692
0.6814393401145935
0.6788598895072937
0.6752414703369141
0.6826537251472473
0.6837271451950073
0.6840754151344299
0.6738024353981018
0.6730087995529175
0.682715892791748
0.675035834312439
0.6790080070495605
0.6835022568702698
0.6883188486099243
0.6704375743865967
0.6792750954627991
0.6771793365478516
0.6735120415687561
0.6798579096794128
0.6908010840415955
0.6957675218582153
0.6807309985160828
0.6783241629600525
0.6837781667709351
0.6772929430007935
0.6806349158287048
0.6837570071220398
0.6742632389068604
0.6837506294250488
0.6874700784683228
0.6874159574508667
0.6821902990341187
0.6839297413825989
0.6802264451980591
0.6845535635948181
0.677526593208313
0.676505982875824
0.6783676147460938
0.6804235577583313
0.6848472952842712
0.6818957328796387
0.6815327405929565
0.6774920225143433
0.6857211589813232
0.6844691038131714
0.6823830008506775
0.678328812122345
0.6842793226242065
0.6850411891937256
0.6746712327003479
0.6877071857452393
0.67177814245224
0.679931104183197
0.6899957656860352
0.6724364161491394
0.6776567697525024
0.6880632638931274
0.6745250821113586
0.68001389503479
0.6912310719490051
0.6749513149261475
0.6846178770065308
0.6815916299819946
0.6817068457603455
0.6775298118591309
0.6819913387298584
0.6804895401000977
0.6818280816078186
0.6814368963241577
0.6826980710029602
0.6877040266990662
0.6853983998298645
0.6914507150650024
0.6944612860679626
0.6834224462509155
0.6785783767700195
0.6811967492103577
0.6868824362754822
0.6868138909339905
0.6768389344215393
0.6862876415252686
0.6799331903457642
0.681494951248169
0.6727755665779114
0.6835193037986755
0.6845724582672119
0.6860890984535217
0.6790320873260498
0.6845210790634155
0.681774377822876
0.6783485412597656
0.6796106696128845
0.6843004822731018
0.6834787130355835
0.6881538033485413
0.6798367500305176
0.6838098168373108
0.681942343711853
0.6877407431602478
0.6800781488418579
0.6817980408668518
0.688072919845581
0.6839063763618469
0.6772658824920654
0.6845957040786743
0.673003077507019
0.6811255216598511
0.6917638778686523
0.6769660711288452
0.6871411800384521
0.6894159317016602
0.676792562007904
0.6825708150863647
0.679922342300415
0.6825419068336487
0.681816577911377
0.6825968027114868
0.6821410059928894
0.677683413028717
0.6850020885467529
0.6749383211135864
0.6747951507568359
0.6845023036003113
0.6801121234893799
0.6839002370834351
0.6890714764595032
0.6802563667297363
0.6789692044258118
0.6899873614311218
0.6812404990196228
0.6810205578804016
0.6903204321861267
0.6902502179145813
0.688357412815094
0.6786155104637146
0.6752253174781799
0.6848788857460022
0.6788048148155212
0.6846016049385071
0.6811749935150146
0.6772513389587402
0.676329493522644
0.6819056272506714
0.6792056560516357
0.6815468072891235
0.6830059885978699
0.6794772148132324
0.6786161065101624
0.6767053008079529
0.6925662159919739
0.6893613338470459
0.682261049747467
0.6915289759635925
0.674776554107666
0.681258499622345
0.687315821647644
0.6826138496398926
0.6899870038032532
0.6806311011314392
0.6789988875389099
0.6786748766899109
0.6783546805381775
0.6774656772613525
0.681065559387207
0.6723619699478149
0.6729986667633057
0.6797876954078674
0.6826156377792358
0.6762797236442566
0.6822258830070496
0.6858955025672913
0.6853078007698059
0.6808733344078064
0.6813080906867981
0.6830755472183228
0.6762166023254395
0.6759888529777527
0.6710131168365479
0.6815015077590942
0.6775380969047546
0.682620644569397
0.6828650832176208
0.6971324682235718
0.6801784634590149
0.6783257126808167
0.675601601600647
0.6847792267799377
0.6837762594223022
0.6786864399909973
0.6792264580726624
0.6789401173591614
0.6818325519561768
0.6766599416732788
0.6773107051849365
0.6934280395507812
0.6838623285293579
0.6768870949745178
0.6921777725219727
0.6805101037025452
0.6803304553031921
0.681824803352356
0.6871457695960999
0.6802040934562683
0.6720409393310547
0.7014210820198059
0.6789169311523438
0.6788420677185059
0.6722313761711121
0.6837132573127747
0.6774213314056396
0.6804336309432983
0.6804611682891846
0.6853137612342834
0.6868637204170227
0.6812213063240051
0.6953848004341125
0.6852065920829773
0.6844924688339233
0.6814863681793213
0.680359959602356
0.6838415265083313
0.6797204613685608
0.6856546401977539
0.6844401955604553
0.684270441532135
0.6714845299720764
0.6803545951843262
0.6830311417579651
0.6803786754608154
0.6857742071151733
0.6821318864822388
0.6756980419158936
0.678192138671875
0.6834895610809326
0.686530590057373
0.6765788197517395
0.6815333962440491
0.6782468557357788
0.6775422692298889
0.6798664927482605
0.6834887266159058
0.6940292119979858
0.6710206270217896
0.6773173809051514
0.6783266067504883
0.6848074197769165
0.6814425587654114
0.6856369972229004
0.684188961982727
0.6846488118171692
0.6858112215995789
0.6876222491264343
0.6848737001419067
0.6820433735847473
0.6812512278556824
0.678557813167572
0.6834675073623657
0.6919376254081726
0.6764461398124695
0.6781080961227417
0.6834772229194641
0.6762213110923767
0.6763002872467041
0.6740577816963196
0.6811096668243408
0.6846314668655396
0.6762292981147766
0.6763306856155396
0.6797699928283691
0.6772797703742981
0.6819024085998535
0.6788026094436646
0.6891495585441589
0.6801643967628479
0.6781227588653564
0.6847248077392578
0.6855024695396423
0.686324954032898
0.6819165945053101
0.6788115501403809
0.6787807941436768
0.6754955053329468
0.6820333003997803
0.686367928981781
0.6789331436157227
0.674785852432251
0.6844009160995483
0.6805169582366943
0.6810739040374756
0.6830041408538818
0.6851746439933777
0.6917498707771301
0.682016134262085
0.6883942484855652
0.6845234632492065
0.7031201720237732
0.6704525351524353
0.6714634299278259
0.6819538474082947
0.6833641529083252
0.6829695701599121
0.6789747476577759
0.6818289160728455
0.6813669800758362
0.679176390171051
0.6814109086990356
0.6864105463027954
0.6826969981193542
0.6756495833396912
0.6861734986305237
0.6814334392547607
0.6732473969459534
0.6821743845939636
0.6778963804244995
0.680224597454071
0.6839906573295593
0.6765985488891602
0.6789427399635315
0.6761053800582886
0.6974431872367859
0.7006692886352539
0.6772867441177368
0.6889201402664185
0.6844173669815063
0.6918954253196716
0.6718414425849915
0.6814332008361816
0.68292635679245
0.6824226975440979
0.6792954802513123
0.6806932091712952
0.6831112504005432
0.6823533177375793
0.6834193468093872
0.6776044368743896
0.6736992597579956
0.6789251565933228
0.6728579998016357
0.6917693018913269
0.6871747374534607
0.6784920692443848
0.678339421749115
0.6818602085113525
0.6833751797676086
0.684990406036377
0.6925689578056335
0.6789531111717224
0.6872797012329102
0.6806289553642273
0.6785291433334351
0.6848870515823364
0.6807357668876648
0.6914992332458496
0.6831729412078857
0.6963675618171692
0.6765151619911194
0.6862179040908813
0.6882081031799316
0.6845967173576355
0.6772804856300354
0.6847329139709473
0.6795406341552734
0.6798500418663025
0.6819329857826233
0.6819939017295837
0.6841256022453308
0.674254298210144
0.6798889636993408
0.6828570365905762
0.679170548915863
0.6841989159584045
0.683882474899292
0.6757950782775879
0.6783915758132935
0.6900478005409241
0.6827635765075684
0.679135799407959
0.6831757426261902
0.6844391226768494
0.6875118613243103
0.678772509098053
0.676517128944397
0.6782565712928772
0.6811673045158386
0.671646237373352
0.6835081577301025
0.678525984287262
0.6889114379882812
0.6771659255027771
0.6890659332275391
0.6810442209243774
0.692096471786499
0.6860682368278503
0.680063009262085
0.6727109551429749
0.6773786544799805
0.6862183809280396
0.6735156774520874
0.680945634841919
0.6808470487594604
0.6771241426467896
0.6744371056556702
0.6853241920471191
0.6820104718208313
0.6856961250305176
0.687831461429596
0.6884428858757019
0.6820977926254272
0.6854807138442993
0.6869338750839233
0.6776833534240723
0.6773437261581421
0.6818037033081055
0.6812829375267029
0.6807875037193298
0.6751660704612732
0.6842678785324097
0.6781837940216064
0.6866876482963562
0.680962085723877
0.6836434006690979
0.6784946322441101
0.6799340844154358
0.675873875617981
0.6747612357139587
0.6826834678649902
0.681761622428894
0.6812463402748108
0.6800320744514465
0.6829468011856079
0.6914483904838562
0.6866225004196167
0.6761767864227295
0.681585431098938
0.6821985244750977
0.6800937652587891
0.6922567486763
0.6768584251403809
0.6771817207336426
0.6752679347991943
0.6863243579864502
0.6841483116149902
0.6813881397247314
0.6829503178596497
0.6882762908935547
0.6795770525932312
0.6756730079650879
0.6773678064346313
0.681817889213562
0.678991973400116
0.6923158764839172
0.6799491047859192
0.6831839084625244
0.6828622221946716
0.6884922385215759
0.6812728047370911
0.6746321320533752
0.6699435710906982
0.6796634197235107
0.6818112730979919
0.6923166513442993
0.6833919286727905
0.6854476928710938
0.6785802245140076
0.6799718737602234
0.6759790182113647
0.6798557639122009
0.6808907985687256
0.6766083240509033
0.6805172562599182
0.6862307786941528
0.6850914359092712
0.6732921600341797
0.6813014149665833
0.6818261742591858
0.6768555045127869
0.6858914494514465
0.6897368431091309
0.6900691390037537
0.6760693192481995
0.6876230239868164
0.6840646266937256
0.6838266849517822
0.6835334300994873
0.6817888617515564
0.690467119216919
0.68637615442276
0.6894124150276184
0.6781193017959595
0.6752841472625732
0.6851089596748352
0.6768999695777893
0.6784300208091736
0.6799442768096924
0.6863100528717041
0.6786934733390808
0.6882450580596924
0.677314281463623
0.6790406703948975
0.6941412091255188
0.6799967885017395
0.6756225824356079
0.6777476668357849
0.6773228049278259
0.6822253465652466
0.6868865489959717
0.6780634522438049
0.6815447807312012
0.6783831715583801
0.6845701336860657
0.6795735359191895
0.6776205897331238
0.6715960502624512
0.6849084496498108
0.6874679923057556
0.6810818314552307
0.6726247072219849
0.6737658381462097
0.681079089641571
0.6835391521453857
0.6764736771583557
0.6829909682273865
0.6937728524208069
0.6726205945014954
0.6781142950057983
0.687602698802948
0.6830928325653076
0.6804965734481812
0.6782863736152649
0.6796740293502808
0.6753477454185486
0.6810491681098938
0.6811957955360413
0.6899119019508362
0.6763386726379395
0.6669333577156067
0.6793153882026672
0.6817255020141602
0.6828527450561523
0.6791926622390747
0.6839640736579895
0.682754635810852
0.6769182085990906
0.6818971037864685
0.6771783232688904
0.6843147873878479
0.6786102652549744
0.6832989454269409
0.6777477860450745
0.6807253956794739
0.6800853610038757
0.6831357479095459
0.6838141083717346
0.6849603652954102
0.682208240032196
0.6813778877258301
0.677401602268219
0.6842071413993835
0.6837612390518188
0.6871732473373413
0.6846643090248108
0.676848292350769
0.6775497198104858
0.6809087991714478
0.6790547966957092
0.6829230189323425
0.6825429797172546
0.6795895099639893
0.6825690269470215
0.6851363778114319
0.671076238155365
0.679064154624939
0.6863453984260559
0.6742643713951111
0.6838461756706238
0.6823065280914307
0.6815534234046936
0.6750884652137756
0.6721720695495605
0.6783708333969116
0.6801980137825012
0.6760055422782898
0.6679439544677734
0.6781545281410217
0.6876146197319031
0.6836290955543518
0.6793912649154663
0.6828194856643677
0.6940060257911682
0.6831289529800415
0.6839806437492371
0.689917802810669
0.6823567152023315
0.6755430698394775
0.681712806224823
0.6750366687774658
0.6811699867248535
0.6765526533126831
0.6851931810379028
0.6815815567970276
0.6815330386161804
0.6891269087791443
0.6855283975601196
0.6815589070320129
0.6811172366142273
0.685749888420105
0.6773417592048645
0.6847713589668274
0.6898707747459412
0.6902105212211609
0.6876978874206543
0.6764429807662964
0.6798171401023865
0.6832693815231323
0.690005898475647
0.6675767302513123
0.6804859042167664
0.682864248752594
0.6854866743087769
0.6807188987731934
0.6774126887321472
0.68434739112854
0.6838808655738831
0.6804574728012085
0.6732088327407837
0.6737526655197144
0.6839004755020142
0.686137855052948
0.6883264183998108
0.6787502765655518
0.6791926026344299
0.6774117946624756
0.6876403093338013
0.6804308295249939
0.6739402413368225
0.6897037029266357
0.676672101020813
0.6685888767242432
0.6757569313049316
0.676904559135437
0.6858230829238892
0.6801723837852478
0.6787558794021606
0.6859734654426575
0.6871890425682068
0.6812599897384644
0.681706964969635
0.6882627010345459
0.6787973642349243
0.6785951256752014
0.6825006008148193
0.6749109029769897
0.6755039095878601
0.6882202625274658
0.6874852180480957
0.6890667676925659
0.6797824501991272
0.6827943325042725
0.692969560623169
0.6773487329483032
0.6811649799346924
0.7002584338188171
0.6800582408905029
0.683525562286377
0.6849746704101562
0.6858569383621216
0.6837945580482483
0.6805601716041565
0.6796329021453857
0.6895722150802612
0.6919946670532227
0.675306499004364
0.6860089898109436
0.6818817853927612
0.6813061237335205
0.6780969500541687
0.6800872683525085
0.676808774471283
0.6937600374221802
0.6852818131446838
0.6821260452270508
0.6789607405662537
0.6814594268798828
0.6868106722831726
0.6749879717826843
0.680573582649231
0.6890202164649963
0.6890308260917664
0.6794958710670471
0.6780655384063721
0.6711503863334656
0.6813062429428101
0.6727892160415649
0.6807054877281189
0.679505467414856
0.6746578812599182
0.6928673982620239
0.676882803440094
0.683691680431366
0.6808129549026489
0.6802262663841248
0.6840726137161255
0.6867431402206421
0.6752021312713623
0.6900216341018677
0.67911297082901
0.6829633712768555
0.6973878145217896
0.6863210797309875
0.6754275560379028
0.6825764775276184
0.6782093644142151
0.6797952055931091
0.6788901686668396
0.6876415014266968
0.6803682446479797
0.688217282295227
0.6844399571418762
0.6774556040763855
0.673977792263031
0.6775259971618652
0.6836523413658142
0.6761735081672668
0.6833105087280273
0.6803101301193237
0.6818515658378601
0.6886599659919739
0.6831989884376526
0.6826494932174683
0.6838607788085938
0.6768560409545898
0.6779182553291321
0.679619312286377
0.6821017861366272
0.6850820779800415
0.682398796081543
0.6870296597480774
0.6848653554916382
0.6801949143409729
0.6851750016212463
0.6732994318008423
0.6906039714813232
0.6867241263389587
0.6830394864082336
0.6840389370918274
0.6783037781715393
0.6898342370986938
0.6750692129135132
0.6876659989356995
0.6832088828086853
0.6826381683349609
0.6761094927787781
0.6769182682037354
0.6797755360603333
0.6849223375320435
0.683430016040802
0.6830017566680908
0.684724748134613
0.683194637298584
0.6807590126991272
0.6794370412826538
0.6812865734100342
0.677910566329956
0.6758440136909485
0.6831886768341064
0.6836719512939453
0.673311173915863
0.6874157190322876
0.6881978511810303
0.6727785468101501
0.6800910830497742
0.6720203757286072
0.6823270916938782
0.6778733134269714
0.6765879392623901
0.6765543818473816
0.6724388599395752
0.683168351650238
0.6928261518478394
0.6816431283950806
0.6739150285720825
0.6788105964660645
0.6749420762062073
0.6762408018112183
0.6819653511047363
0.6866349577903748
0.6842997074127197
0.687928318977356
0.6805797219276428
0.679347038269043
0.6819050312042236
0.6753545999526978
0.6842730641365051
0.6764490008354187
0.6815218329429626
0.695911705493927
0.6751195788383484
0.6875166296958923
0.6837465763092041
0.6793371438980103
0.6838122010231018
0.6798562407493591
0.6829915046691895
0.6848710179328918
0.6752988696098328
0.683625340461731
0.6899921298027039
0.689852774143219
0.6899808645248413
0.6813512444496155
0.6844063401222229
0.6853175759315491
0.6865296363830566
0.6805706024169922
0.6761926412582397
0.6791833639144897
0.6850114464759827
0.6911851167678833
0.6816957592964172
0.6881536841392517
0.6716770529747009
0.6804280281066895
0.6887743473052979
0.6835155487060547
0.677798867225647
0.68468177318573
0.6798189282417297
0.6844821572303772
0.6791383624076843
0.6794739961624146
0.6790871620178223
0.678837776184082
0.688544750213623
0.6758407354354858
0.6839146614074707
0.6805493235588074
0.6813040971755981
0.6706410050392151
0.6841872930526733
0.6775913238525391
0.6797350645065308
0.6795694231987
0.6723182201385498
0.6782849431037903
0.680382490158081
0.6826555132865906
0.6774518489837646
0.6773349642753601
0.6764897108078003
0.6836854815483093
0.6814917922019958
0.6777985692024231
0.6826017498970032
0.6773476600646973
0.6756423711776733
0.6794725656509399
0.6878886818885803
0.6844443678855896
0.675613284111023
0.6779176592826843
0.676185667514801
0.6762458682060242
0.6807543635368347
0.6760485172271729
0.6696904897689819
0.6798310875892639
0.6845701932907104
0.681570291519165
0.6977567672729492
0.6797993779182434
0.6807849407196045
0.6825075149536133
0.6926608085632324
0.6775659918785095
0.6804858446121216
0.6731151938438416
0.6783276200294495
0.6862687468528748
0.6807695627212524
0.6763594746589661
0.6786357760429382
0.6805625557899475
0.6810289621353149
0.6819477677345276
0.679511547088623
0.6813283562660217
0.6793779134750366
0.6775460839271545
0.6783414483070374
0.6790132522583008
0.6785515546798706
0.6807395219802856
0.679336428642273
0.6804972887039185
0.692736804485321
0.6849035024642944
0.6884896159172058
0.6844639778137207
0.6728880405426025
0.6812512278556824
0.6860635876655579
0.6906920671463013
0.6777699589729309
0.6813969016075134
0.6800635457038879
0.68373703956604
0.6770986914634705
0.6753443479537964
0.6805580258369446
0.6828004121780396
0.6807692050933838
0.6692352294921875
0.6788268089294434
0.6777418255805969
0.6848946213722229
0.682487964630127
0.6767534613609314
0.6816077828407288
0.6782431602478027
0.6789455413818359
0.6790082454681396
0.6908701658248901
0.6726104617118835
0.6797625422477722
0.6786056160926819
0.6815035939216614
0.6841872930526733
0.6855126619338989
0.6896981000900269
0.6780304908752441
0.672214686870575
0.6780208349227905
0.6783268451690674
0.6790432929992676
0.68324214220047
0.691391110420227
0.6759427785873413
0.6830099821090698
0.6904207468032837
0.6813930869102478
0.6865597367286682
0.6752917170524597
0.6835679411888123
0.6835730075836182
0.6857491731643677
0.6876922249794006
0.6909723281860352
0.6817092299461365
0.6826050877571106
0.6850497722625732
0.6857476234436035
0.6814663410186768
0.6820407509803772
0.6730819344520569
0.6829893589019775
0.6866084337234497
0.6823551058769226
0.6849485635757446
0.6799106001853943
0.6742836236953735
0.6909003257751465
0.6831498146057129
0.6691174507141113
0.6784529685974121
0.6731449365615845
0.678954541683197
0.6821465492248535
0.6776262521743774
0.6781681776046753
0.6872187852859497
0.6754377484321594
0.6823954582214355
0.6773809194564819
0.6799339056015015
0.6763591766357422
0.6775815486907959
0.6873992085456848
0.6835079193115234
0.6835774779319763
0.6846383213996887
0.6887534260749817
0.6720450520515442
0.6865357160568237
0.6724955439567566
0.683106005191803
0.680573582649231
0.6772119402885437
0.6903566718101501
0.6759173274040222
0.6814990043640137
0.6736685037612915
0.673304557800293
0.6765449047088623
0.6787254810333252
0.6824109554290771
0.6866073608398438
0.6801761388778687
0.6718273758888245
0.6909716725349426
0.6750110387802124
0.6771580576896667
0.6781272292137146
0.6784822940826416
0.6824100613594055
0.6866804361343384
0.6811352372169495
0.6769809722900391
0.68278968334198
0.686067521572113
0.6823664903640747
0.6945168972015381
0.6785489916801453
0.6791204810142517
0.6788007020950317
0.6779894828796387
0.674903392791748
0.6807530522346497
0.679385244846344
0.6810935139656067
0.67618328332901
0.6809800863265991
0.6822944283485413
0.6808642148971558
0.692614734172821
0.6785048842430115
0.6922917366027832
0.6834049224853516
0.6820864081382751
0.6801788210868835
0.6838886737823486
0.6858732104301453
0.6808209419250488
0.6864784955978394
0.6873405575752258
0.6862471699714661
0.6834882497787476
0.6867883801460266
0.6744099855422974
0.6818520426750183
0.6774868965148926
0.6823983192443848
0.7025448679924011
0.6821401715278625
0.6825940012931824
0.6788404583930969
0.6831446886062622
0.6798163056373596
0.676813542842865
0.6824731826782227
0.678966224193573
0.6900977492332458
0.6846962571144104
0.6904438734054565
0.6867824792861938
0.6766893863677979
0.6816142201423645
0.6825049519538879
0.6733474731445312
0.6789681315422058
0.6881407499313354
0.6799688339233398
0.6764659285545349
0.6791628003120422
0.6732814908027649
0.6884533762931824
0.6820275783538818
0.675430178642273
0.6777666807174683
0.6875815391540527
0.6812914609909058
0.6868612766265869
0.6764684319496155
0.6752201914787292
0.6832485795021057
0.6739535331726074
0.6861993670463562
0.6809636950492859
0.6802277565002441
0.6741231083869934
0.6853196024894714
0.681118369102478
0.6763890981674194
0.682343065738678
0.6793195009231567
0.6849616169929504
0.6818536520004272
0.6842126846313477
0.6842398643493652
0.6780312061309814
0.6796903610229492
0.6781391501426697
0.699131429195404
0.6891911625862122
0.6854618787765503
0.683280885219574
0.6793308258056641
0.6759960055351257
0.6782857179641724
0.6812806129455566
0.6804054975509644
0.6864597201347351
0.6862726211547852
0.6867693662643433
0.6815891265869141
0.6848591566085815
0.6788939237594604
0.6773175597190857
0.6811392307281494
0.681073009967804
0.6837775111198425
0.6865606904029846
0.6790861487388611
0.6859817504882812
0.6896283626556396
0.6778581738471985
0.679884672164917
0.6797401905059814
0.6899732947349548
0.6871806383132935
0.6856976747512817
0.6884735822677612
0.6802377104759216
0.6766194105148315
0.6754130721092224
0.6772651672363281
0.6819026470184326
0.6761407852172852
0.6816734075546265
0.6817137598991394
0.6833807229995728
0.6830450892448425
0.6816087961196899
0.6871442794799805
0.676426112651825
0.6744830012321472
0.684885561466217
0.6816043853759766
0.6830090284347534
0.6812914609909058
0.6764017939567566
0.6733719110488892
0.681469738483429
0.6797298789024353
0.681246817111969
0.6808098554611206
0.6834371089935303
0.6819248199462891
0.6797390580177307
0.6776905655860901
0.6890710592269897
0.6812808513641357
0.6824058890342712
0.6755222082138062
0.6734876036643982
0.6799038052558899
0.6770563721656799
0.6791311502456665
0.6775044202804565
0.6733421087265015
0.6825741529464722
0.6765530109405518
0.6774634122848511
0.6803135871887207
0.684137761592865
0.6790895462036133
0.6732394695281982
0.6814537644386292
0.6831644177436829
0.6765947937965393
0.6753711700439453
0.6827766299247742
0.676953136920929
0.675212562084198
0.6859298944473267
0.683076024055481
0.6775417327880859
0.6900756359100342
0.6900736689567566
0.679564356803894
0.6846656799316406
0.6800609230995178
0.6878678798675537
0.6825310587882996
0.6740735173225403
0.6777826547622681
0.6769424080848694
0.6726146340370178
0.668160080909729
0.6862632036209106
0.6826586127281189
0.6815535426139832
0.6804481148719788
0.6712694764137268
0.6767431497573853
0.6783005595207214
0.6850455403327942
0.6774290800094604
0.6797835826873779
0.6812765598297119
0.6827458739280701
0.6850990653038025
0.6835858821868896
0.6790821552276611
0.683975338935852
0.6756633520126343
0.6835552453994751
0.6926925778388977
0.6891782879829407
0.6824504137039185
0.6780767440795898
0.6787758469581604
0.6791593432426453
0.6817140579223633
0.6827587485313416
0.6848458051681519
0.6837244629859924
0.6916888356208801
0.6902111768722534
0.6836626529693604
0.6848605871200562
0.6826984286308289
0.6900243759155273
0.671816349029541
0.6727716326713562
0.6723034977912903
0.6787816286087036
0.6812905669212341
0.666278064250946
0.6877079010009766
0.6823534369468689
0.6800360083580017
0.6860181093215942
0.6815770864486694
0.6840561032295227
0.6729125380516052
0.6777523756027222
0.6827231645584106
0.684469997882843
0.6767897605895996
0.6866090893745422
0.6767252087593079
0.6774887442588806
0.6856256723403931
0.6836013793945312
0.6830847263336182
0.6797415614128113
0.6766979694366455
0.6794198155403137
0.6797676682472229
0.6873493790626526
0.680732011795044
0.6851907968521118
0.682293713092804
0.6869122982025146
0.6767016053199768
0.685826301574707
0.6832682490348816
0.6771140694618225
0.6896944046020508
0.6748871803283691
0.676867663860321
0.6749753952026367
0.6740080118179321
0.6918432116508484
0.6789191961288452
0.6863499283790588
0.6817592978477478
0.687712550163269
0.686570405960083
0.6810188889503479
0.6813491582870483
0.6910427808761597
0.6826335787773132
0.6891464591026306
0.6822078824043274
0.6793608665466309
0.6772199273109436
0.6777311563491821
0.6829268336296082
0.680730938911438
0.6845363974571228
0.681143045425415
0.6860103607177734
0.6738981604576111
0.6718317866325378
0.6758964657783508
0.6774638295173645
0.6788375973701477
0.6801146268844604
0.683795690536499
0.6765047311782837
0.6829957365989685
0.6872238516807556
0.683174192905426
0.6790530681610107
0.677375316619873
0.6742132306098938
0.6940177083015442
0.6715922355651855
0.6826373338699341
0.692596971988678
0.6776902675628662
0.6685923933982849
0.6736389398574829
0.6826698780059814
0.6897460222244263
0.6781765818595886
0.686325192451477
0.683412492275238
0.6880227327346802
0.6873050928115845
0.675778329372406
0.677082896232605
0.680307149887085
0.6865646243095398
0.6865243315696716
0.6840000152587891
0.6804684400558472
0.6831536889076233
0.6859089732170105
0.6766443252563477
0.6773397922515869
0.6769963502883911
0.6847934722900391
0.6839870810508728
0.6896041035652161
0.6819590926170349
0.6827762722969055
0.6793117523193359
0.6790185570716858
0.682571291923523
0.681218147277832
0.6779752969741821
0.6813665628433228
0.6871637105941772
0.684756338596344
0.6861757040023804
0.6763606667518616
0.6754353642463684
0.6936475038528442
0.6807432174682617
0.6766984462738037
0.6842126846313477
0.6739436984062195
0.6810929775238037
0.6815219521522522
0.6809369325637817
0.6936395764350891
0.6773950457572937
0.67107093334198
0.6783268451690674
0.6796325445175171
0.6914647817611694
0.6847975850105286
0.6911054253578186
0.6847251653671265
0.6768351197242737
0.6827767491340637
0.6785966753959656
0.6764512062072754
0.676436185836792
0.6801585555076599
0.6864547729492188
0.6788986921310425
0.6720720529556274
0.6797811985015869
0.6821020245552063
0.6785443425178528
0.6737869381904602
0.6856937408447266
0.679328978061676
0.6863056421279907
0.6800608038902283
0.6856321692466736
0.6827768683433533
0.6745786070823669
0.6925982236862183
0.6833006739616394
0.6728610992431641
0.6852028965950012
0.6709340214729309
0.6824166178703308
0.6805996298789978
0.6826837062835693
0.6733606457710266
0.6798898577690125
0.6818065047264099
0.6764724254608154
0.6758344769477844
0.6802528500556946
0.6726767420768738
0.6781708598136902
0.684439480304718
0.6826822757720947
0.677609920501709
0.6767893433570862
0.6885796189308167
0.6809648871421814
0.6874116063117981
0.6759215593338013
0.6874182820320129
0.6765400767326355
0.6811193823814392
0.6830981373786926
0.6719668507575989
0.6773425936698914
0.6823015213012695
0.6786829233169556
0.6925436854362488
0.6751610040664673
0.6818127036094666
0.6775016188621521
0.6928516030311584
0.688683807849884
0.675543487071991
0.6807717680931091
0.6807453632354736
0.6790937781333923
0.682875394821167
0.6727519035339355
0.6885716915130615
0.6838806867599487
0.6794931292533875
0.6788662075996399
0.6800165772438049
0.6755412220954895
0.6806449890136719
0.6808932423591614
0.6759936213493347
0.6883653998374939
0.6796970367431641
0.6817048192024231
0.6723970174789429
0.6864786148071289
0.6898981928825378
0.6861183643341064
0.6847406029701233
0.6781426072120667
0.68325275182724
0.6899905204772949
0.6769258975982666
0.6824651956558228
0.6880006194114685
0.6836966872215271
0.6822476387023926
0.6796733140945435
0.6866565942764282
0.6777945756912231
0.6816446185112
0.6783202290534973
0.6751347780227661
0.6769753098487854
0.6799638867378235
0.6862354278564453
0.675263524055481
0.6721874475479126
0.6734830141067505
0.6853847503662109
0.6786927580833435
0.67586749792099
0.6741209030151367
0.6836817860603333
0.6899891495704651
0.675872266292572
0.6772220730781555
0.6754477620124817
0.6725868582725525
0.6820360422134399
0.6790614724159241
0.682582676410675
0.6876691579818726
0.6720733642578125
0.6813858151435852
0.6757764220237732
0.6784389019012451
0.6820183992385864
0.6764144897460938
0.6861045956611633
0.675072431564331
0.6917998194694519
0.6880719661712646
0.6754172444343567
0.6782070398330688
0.6741850972175598
0.6801480054855347
0.6808894872665405
0.6847567558288574
0.688573956489563
0.6807036399841309
0.6822814345359802
0.6865895390510559
0.6769880652427673
0.6756513118743896
0.6872294545173645
0.6791720986366272
0.6768977046012878
0.6835141777992249
0.6814640760421753
0.6809818148612976
0.6804399490356445
0.6810307502746582
0.6819366216659546
0.6811127662658691
0.6852197051048279
0.6816895008087158
0.6798493266105652
0.6827468872070312
0.6817980408668518
0.6875095367431641
0.6876721382141113
0.6813339591026306
0.6861138939857483
0.6815996170043945
0.6820734143257141
0.6767829656600952
0.6767642498016357
0.6808122992515564
0.6925158500671387
0.6873123049736023
0.6920822262763977
0.6848793625831604
0.692332923412323
0.6859990954399109
0.6948816776275635
0.6758856773376465
0.6760864853858948
0.6844417452812195
0.6754606366157532
0.6823204755783081
0.6899698376655579
0.6778962016105652
0.6819416284561157
0.6843300461769104
0.6876992583274841
0.6769750118255615
0.679908037185669
0.6981410980224609
0.6842067837715149
0.6777926683425903
0.6848816275596619
0.6960321068763733
0.6842343211174011
0.6762906312942505
0.6820198893547058
0.6814910173416138
0.6856871247291565
0.6873776316642761
0.6779686212539673
0.6813176870346069
0.6795771718025208
0.6781353950500488
0.6833599805831909
0.6813796162605286
0.6881200075149536
0.6884008646011353
0.6816409826278687
0.6808027625083923
0.6713886857032776
0.6843094825744629
0.6822232007980347
0.6815457344055176
0.6799340844154358
0.6867713928222656
0.6852834224700928
0.6799352765083313
0.6821883916854858
0.6722657680511475
0.6871314644813538
0.6839057803153992
0.6763715744018555
0.6844601035118103
0.6843352317810059
0.6806936860084534
0.6865153908729553
0.6959072351455688
0.6748209595680237
0.6903082132339478
0.683616578578949
0.673690915107727
0.6791777610778809
0.6767203211784363
0.6890552043914795
0.6777304410934448
0.6805073618888855
0.6723962426185608
0.6896791458129883
0.6767857074737549
0.6861167550086975
0.6799331903457642
0.680785059928894
0.6813798546791077
0.6814336776733398
0.672920823097229
0.6807233691215515
0.6800475120544434
0.6962621808052063
0.6835974454879761
0.6811444759368896
0.6812491416931152
0.6846981048583984
0.68153977394104
0.6709749102592468
0.6825504302978516
0.6771408319473267
0.6794615983963013
0.6976349353790283
0.6766573190689087
0.6851056218147278
0.6803796887397766
0.6793413162231445
0.6857631802558899
0.6830808520317078
0.6737324595451355
0.6861310601234436
0.6850451231002808
0.6808761358261108
0.6781912446022034
0.6862220764160156
0.6779242157936096
0.6882683634757996
0.6753129363059998
0.6852189302444458
0.6924570202827454
0.6769284009933472
0.6790354251861572
0.6854246854782104
0.688567578792572
0.6788305044174194
0.68044114112854
0.6764649748802185
0.6885297298431396
0.6802929639816284
0.6712573766708374
0.6755454540252686
0.67757248878479
0.6755848526954651
0.6823524236679077
0.6848556399345398
0.6825242638587952
0.6844276189804077
0.6867921948432922
0.6913946270942688
0.6749313473701477
0.6777539849281311
0.6802663803100586
0.6889152526855469
0.6786532402038574
0.6794208884239197
0.683576226234436
0.6818307042121887
0.6802458763122559
0.6822664141654968
0.6790592670440674
0.6776799559593201
0.6752264499664307
0.6834447979927063
0.6801568865776062
0.675068199634552
0.6853585243225098
0.6830090880393982
0.6758832335472107
0.6833544969558716
0.676428496837616
0.6761136651039124
0.6764917969703674
0.6810990571975708
0.69182288646698
0.6747772693634033
0.679652214050293
0.6815035343170166
0.6795114874839783
0.676159679889679
0.6818298697471619
0.6816731691360474
0.6759493350982666
0.674872636795044
0.6844040155410767
0.6775980591773987
0.6833387017250061
0.682282567024231
0.6753113269805908
0.6753247976303101
0.6858528852462769
0.6831567883491516
0.6816762089729309
0.6776736974716187
0.6778075098991394
0.6926932334899902
0.6862769722938538
0.6776404976844788
0.68473881483078
0.6836013793945312
0.6795139908790588
0.6785194873809814
0.6653817892074585
0.6871662735939026
0.6825551986694336
0.6776884198188782
0.6814557313919067
0.6869458556175232
0.6814424991607666
0.6865473389625549
0.67684406042099
0.6827691793441772
0.6838090419769287
0.6795075535774231
0.6793928146362305
0.6882668137550354
0.6883511543273926
0.6780033111572266
0.6894127130508423
0.6861086487770081
0.6769850254058838
0.6776553988456726
0.6792409420013428
0.6804548501968384
0.6841081976890564
0.6812798380851746
0.6811630129814148
0.68460613489151
0.673162043094635
0.6761400699615479
0.6879644989967346
0.6803597211837769
0.6800941824913025
0.6808099150657654
0.681575357913971
0.6851819157600403
0.6720119118690491
0.6736010313034058
0.6784138083457947
0.6799831390380859
0.6837202906608582
0.6783989071846008
0.6834254860877991
0.6784640550613403
0.6833727955818176
0.6761549711227417
0.6808801293373108
0.6834162473678589
0.6797439455986023
0.6765305995941162
0.6949249505996704
0.6804286241531372
0.6864706873893738
0.6879667639732361
0.6783974170684814
0.6807668805122375
0.6832455396652222
0.6867971420288086
0.6781361699104309
0.6805649399757385
0.6736202239990234
0.6774634718894958
0.6851757764816284
0.6748740077018738
0.6853371262550354
0.6728256344795227
0.6982164978981018
0.6890816688537598
0.6740503907203674
0.6840133666992188
0.6790180802345276
0.6917465329170227
0.6798481345176697
0.6784403920173645
0.6826011538505554
0.6769281029701233
0.6845886707305908
0.6876827478408813
0.6850531697273254
0.6865362524986267
0.6788040399551392
0.6796532869338989
0.6736123561859131
0.6801180243492126
0.682763934135437
0.6810862421989441
0.6841553449630737
0.6792673468589783
0.6832649111747742
0.6802626252174377
0.6829256415367126
0.6883442401885986
0.6675567626953125
0.6781432032585144
0.6923761367797852
0.6851330995559692
0.6788444519042969
0.674490213394165
0.679501473903656
0.6827859282493591
0.6838407516479492
0.6773812174797058
0.683779239654541
0.6826586723327637
0.6798768639564514
0.6863446831703186
0.6838445663452148
0.6767382025718689
0.6886277198791504
0.683498203754425
0.6844789981842041
0.6885530352592468
0.6671658754348755
0.6829649806022644
0.6823283433914185
0.6885024905204773
0.6886692047119141
0.6830933094024658
0.6797505021095276
0.678748607635498
0.6816940307617188
0.6873772144317627
0.6722781658172607
0.6913490891456604
0.6852104067802429
0.6960395574569702
0.6838355660438538
0.6843990683555603
0.6774671673774719
0.6830863356590271
0.6754079461097717
0.6754881739616394
0.6799524426460266
0.6854350566864014
0.6812072396278381
0.6847062706947327
0.6779906153678894
0.6763004064559937
0.6762621402740479
0.6844168901443481
0.6712262034416199
0.6881397366523743
0.6728723645210266
0.6737417578697205
0.6835885047912598
0.672439694404602
0.6852746605873108
0.6831713318824768
0.6876446604728699
0.6802197694778442
0.6764959692955017
0.6928519606590271
0.672520637512207
0.6748234629631042
0.6755737066268921
0.6905776858329773
0.669880211353302
0.6827023029327393
0.6817686557769775
0.6858368515968323
0.6840733885765076
0.6785738468170166
0.6871328949928284
0.6891722083091736
0.6860446929931641
0.6784504055976868
0.6766612529754639
0.678729236125946
0.6775638461112976
0.676749050617218
0.688657820224762
0.6791768670082092
0.6741530895233154
0.6868188977241516
0.680290699005127
0.6870496273040771
0.6835044026374817
0.6808750629425049
0.6774618029594421
0.6844406127929688
0.6797349452972412
0.6817370057106018
0.6858976483345032
0.6956023573875427
0.6878815293312073
0.6783557534217834
0.6847258806228638
0.6744654774665833
0.6866559386253357
0.6807677745819092
0.6741427779197693
0.6753034591674805
0.6800100803375244
0.6835319995880127
0.6841285228729248
0.6840798258781433
0.6748815178871155
0.6846521496772766
0.6818110942840576
0.6795367002487183
0.678229808807373
0.6854502558708191
0.6829248666763306
0.685631275177002
0.6846845149993896
0.6808711290359497
0.6768483519554138
0.6819020509719849
0.6797853112220764
0.681262731552124
0.6892242431640625
0.6790894865989685
0.6808000206947327
0.6886520385742188
0.6759299635887146
0.6793014407157898
0.6830663681030273
0.685569703578949
0.6828598976135254
0.6780120134353638
0.6774066090583801
0.6804327368736267
0.6860364675521851
0.6737371683120728
0.6807148456573486
0.6797013878822327
0.6840293407440186
0.6760880351066589
0.6846418380737305
0.6915750503540039
0.6884251236915588
0.6840237379074097
0.6794894933700562
0.6769827604293823
0.6820673942565918
0.6803241968154907
0.677520215511322
0.6829299926757812
0.6782646775245667
0.6809016466140747
0.6760411858558655
0.6832547783851624
0.675790011882782
0.6874707341194153
0.6775563359260559
0.6807054877281189
0.6881154179573059
0.6874848008155823
0.688783586025238
0.669384241104126
0.6748971343040466
0.6836283802986145
0.6831331849098206
0.6828625798225403
0.6793643832206726
0.686339259147644
0.6826828718185425
0.6822773814201355
0.6867507100105286
0.6819303631782532
0.6825428009033203
0.6741775274276733
0.6836453080177307
0.6802517175674438
0.6896026730537415
0.676880955696106
0.6791245341300964
0.6847753524780273
0.6752455234527588
0.6806097626686096
0.6913259029388428
0.6818537712097168
0.6785375475883484
0.6791495084762573
0.6853768229484558
0.6833373308181763
0.6899901628494263
0.6864169836044312
0.682184636592865
0.678069531917572
0.6714906692504883
0.6859526634216309
0.6751733422279358
0.6850478053092957
0.6761410236358643
0.6810965538024902
0.6904966831207275
0.6804764270782471
0.6760323643684387
0.6837403774261475
0.6777679324150085
0.6853482127189636
0.6812015771865845
0.685135543346405
0.6805599927902222
0.6846921443939209
0.6811296939849854
0.6854892373085022
0.6899769902229309
0.6820226311683655
0.6778302788734436
0.670573890209198
0.6963842511177063
0.685892641544342
0.6749468445777893
0.6871235966682434
0.6792526245117188
0.6899054646492004
0.6800029277801514
0.6694990396499634
0.6813876628875732
0.6926445960998535
0.6864942908287048
0.6796405911445618
0.6800643801689148
0.6861735582351685
0.6802456378936768
0.6805415153503418
0.679576575756073
0.6808158159255981
0.6769659519195557
0.6795135736465454
0.6890127062797546
0.6835214495658875
0.684502363204956
0.678253173828125
0.6911327242851257
0.6813538670539856
0.6699740886688232
0.6853178143501282
0.6820155382156372
0.6864654421806335
0.6845626831054688
0.6751842498779297
0.6761559247970581
0.6786860823631287
0.6751452088356018
0.6842728853225708
0.6899309754371643
0.6753841042518616
0.6824964284896851
0.6881390810012817
0.6778302192687988
0.6964502334594727
0.6857638955116272
0.6861836910247803
0.6760289669036865
0.6763248443603516
0.6792084574699402
0.6717531085014343
0.6896405816078186
0.6810839176177979
0.6749285459518433
0.6765648722648621
0.6791913509368896
0.6812514662742615
0.6844337582588196
0.685326337814331
0.6811352968215942
0.6825095415115356
0.6747259497642517
0.6877515912055969
0.6767861247062683
0.694756269454956
0.6781983375549316
0.6816601753234863
0.6802030801773071
0.6926079392433167
0.6904383301734924
0.6823887825012207
0.67799311876297
0.675147533416748
0.6766104102134705
0.6794430613517761
0.6795672178268433
0.6793859601020813
0.6890344023704529
0.6832665205001831
0.6825791001319885
0.6884800791740417
0.6851970553398132
0.6825032830238342
0.6794888973236084
0.6789958477020264
0.6846176385879517
0.6898541450500488
0.6810441017150879
0.6738454103469849
0.6847642660140991
0.6809905171394348
0.6799905896186829
0.6791966557502747
0.6805744767189026
0.6810828447341919
0.6820177435874939
0.6735180616378784
0.6743282675743103
0.679535984992981
0.6826612949371338
0.6811110973358154
0.6754482388496399
0.6844485402107239
0.6795853972434998
0.6767535209655762
0.687063455581665
0.6864888668060303
0.6776164174079895
0.6770058870315552
0.6793619990348816
0.6865161657333374
0.6816151738166809
0.6810883283615112
0.6895356178283691
0.683246910572052
0.6804178357124329
0.6772475242614746
0.6780251264572144
0.6847476363182068
0.6856530904769897
0.6805928349494934
0.6777893900871277
0.6839830875396729
0.6801819801330566
0.6767293214797974
0.6806247234344482
0.6854345798492432
0.6816591620445251
0.6767052412033081
0.6783512830734253
0.6865177154541016
0.6792515516281128
0.67715984582901
0.681459903717041
0.6754517555236816
0.6864897012710571
0.676071047782898
0.6861293911933899
0.6869016885757446
0.6774919629096985
0.6787278652191162
0.6767696738243103
0.6940729022026062
0.6901945471763611
0.6775006055831909
0.6725916266441345
0.6870946884155273
0.6791723966598511
0.6826564073562622
0.6901940107345581
0.6792723536491394
0.6838275194168091
0.6898496150970459
0.6797202229499817
0.6764658689498901
0.6822848916053772
0.6794489622116089
0.6816505789756775
0.6754634380340576
0.6765987873077393
0.6875676512718201
0.681676983833313
0.6849257946014404
0.6841713190078735
0.6814324259757996
0.682214081287384
0.6748606562614441
0.6753865480422974
0.6807355880737305
0.686771035194397
0.676215648651123
0.6813526153564453
0.6809555292129517
0.679824709892273
0.674120306968689
0.6744378209114075
0.6735809445381165
0.6755627393722534
0.6893813610076904
0.677003026008606
0.6755053400993347
0.6900324821472168
0.6879374980926514
0.6726660132408142
0.6776465773582458
0.6789494156837463
0.6802944540977478
0.6893539428710938
0.6814088225364685
0.6730623245239258
0.6839687824249268
0.6795433163642883
0.6853719353675842
0.6843428611755371
0.6932156085968018
0.6915148496627808
0.6796877384185791
0.6824641227722168
0.685523271560669
0.6775638461112976
0.686963677406311
0.6853569746017456
0.6904332041740417
0.6815872192382812
0.6822347044944763
0.6806644201278687
0.6808110475540161
0.667839765548706
0.6829439997673035
0.6798375248908997
0.6732246279716492
0.6798460483551025
0.6782419681549072
0.6780663132667542
0.6707153916358948
0.6828514337539673
0.6742013692855835
0.6816761493682861
0.6855639219284058
0.6800037622451782
0.6766762137413025
0.6847254037857056
0.6840393543243408
0.6801977157592773
0.6772040128707886
0.6996172666549683
0.6785227060317993
0.6816617846488953
0.6848713755607605
0.6752774715423584
0.6814148426055908
0.6769033074378967
0.6723414063453674
0.6801367998123169
0.6759589910507202
0.6811308860778809
0.6801596879959106
0.6814125776290894
0.6781514286994934
0.6838037371635437
0.6677045822143555
0.6869233846664429
0.6851337552070618
0.6836976408958435
0.6832296848297119
0.6852569580078125
0.6812421083450317
0.6742814779281616
0.6758788228034973
0.6830428838729858
0.673588752746582
0.6767773032188416
0.6825586557388306
0.6859171986579895
0.6817976236343384
0.6818384528160095
0.6879501938819885
0.6819513440132141
0.6779030561447144
0.6868177652359009
0.6840291023254395
0.6883472800254822
0.682984471321106
0.6716673970222473
0.6687170267105103
0.6792466640472412
0.6820616722106934
0.6726626753807068
0.6819079518318176
0.6782203912734985
0.683032214641571
0.6764257550239563
0.6771116852760315
0.6863151788711548
0.6764755249023438
0.682511568069458
0.6856317520141602
0.6768085956573486
0.6854259371757507
0.6811113953590393
0.6770917177200317
0.6847664713859558
0.6789251565933228
0.6902655959129333
0.6826594471931458
0.6825264096260071
0.6804994940757751
0.6751166582107544
0.6821231842041016
0.6811895370483398
0.6885361075401306
0.684065043926239
0.6872519254684448
0.6855871081352234
0.6751721501350403
0.6802468299865723
0.689911425113678
0.6838518381118774
0.6850914359092712
0.6809677481651306
0.6798114776611328
0.6844095587730408
0.6831787824630737
0.6841203570365906
0.6753466725349426
0.6835998892784119
0.6796861290931702
0.6820415258407593
0.6861975789070129
0.6736732721328735
0.6818006038665771
0.6810898184776306
0.6903584599494934
0.6728222966194153
0.6736761331558228
0.6755641102790833
0.6810750961303711
0.6845792531967163
0.6758332252502441
0.6801401376724243
0.6728774905204773
0.6774519085884094
0.6789563298225403
0.6852601170539856
0.6828873157501221
0.6955325603485107
0.6911623477935791
0.6828615665435791
0.6833709478378296
0.6825639009475708
0.6851518750190735
0.6872997283935547
0.6858738660812378
0.686145544052124
0.6792666912078857
0.6879830360412598
0.6792641282081604
0.6768961548805237
0.6820709109306335
0.6965542435646057
0.6833027005195618
0.6822159290313721
0.6816346049308777
0.6784917712211609
0.6827641129493713
0.6829193830490112
0.6843671202659607
0.6732366681098938
0.6879864931106567
0.6771738529205322
0.6857466697692871
0.6691486239433289
0.6797159314155579
0.6847469210624695
0.684079110622406
0.6721354722976685
0.6785278916358948
0.681276261806488
0.679660439491272
0.6772542595863342
0.6703441739082336
0.6768960952758789
0.6778867244720459
0.6841170787811279
0.6838873624801636
0.684594452381134
0.6806308627128601
0.6785570979118347
0.6764097213745117
0.6859126091003418
0.6808669567108154
0.6770653128623962
0.6848840713500977
0.6800574064254761
0.6789376735687256
0.6884799599647522
0.6795341372489929
0.6814250349998474
0.6748145222663879
0.6787844300270081
0.685958981513977
0.6884450912475586
0.6803581714630127
0.6806778311729431
0.6773889064788818
0.6700133085250854
0.6845496892929077
0.6818869113922119
0.6870397925376892
0.6850540041923523
0.6755828857421875
0.6980994343757629
0.6793343424797058
0.6758485436439514
0.6854716539382935
0.6871504783630371
0.6752354502677917
0.6817153692245483
0.6772971749305725
0.6848110556602478
0.6812213063240051
0.6848481893539429
0.6809172630310059
0.6850698590278625
0.6804044246673584
0.6900999546051025
0.6854478120803833
0.6797739863395691
0.6820024847984314
0.6754781603813171
0.6781681180000305
0.6896142363548279
0.6750330328941345
0.6903255581855774
0.6741381287574768
0.684520423412323
0.6850305199623108
0.6872386336326599
0.6815698742866516
0.6789369583129883
0.6890055537223816
0.6758504509925842
0.672561764717102
0.6886156797409058
0.6793456077575684
0.6783962249755859
0.6844554543495178
0.6838151812553406
0.6790752410888672
0.6749098300933838
0.685039758682251
0.6822846531867981
0.6730183959007263
0.6800123453140259
0.6913368105888367
0.6927332878112793
0.6860256195068359
0.6695593595504761
0.682057797908783
0.6804901957511902
0.6736189723014832
0.6714962720870972
0.6800500750541687
0.6830851435661316
0.6866809129714966
0.6778952479362488
0.6853616833686829
0.6828776001930237
0.677973210811615
0.6664471626281738
0.6816239356994629
0.6768450736999512
0.681049644947052
0.673576831817627
0.6750187277793884
0.6788009405136108
0.6763392686843872
0.6811106204986572
0.6857314705848694
0.6771634221076965
0.6778713464736938
0.6769177317619324
0.672095000743866
0.6750512719154358
0.6849387288093567
0.6795787215232849
0.6790162324905396
0.684666633605957
0.6732410192489624
0.6758285760879517
0.674822211265564
0.6755578517913818
0.686528742313385
0.6850491166114807
0.6788948178291321
0.6851068139076233
0.6860176920890808
0.6919662356376648
0.6752691268920898
0.6699668765068054
0.6818366050720215
0.6752587556838989
0.6836263537406921
0.6844799518585205
0.6807186007499695
0.6881970167160034
0.6781051754951477
0.6802448630332947
0.6873752474784851
0.6745681762695312
0.6731485724449158
0.6934949159622192
0.6801702380180359
0.6810919046401978
0.6866759061813354
0.6767308712005615
0.6830345988273621
0.6791509985923767
0.6773826479911804
0.6733978986740112
0.6782575845718384
0.6842214465141296
0.673630952835083
0.6848825216293335
0.6814988851547241
0.6755654215812683
0.677148163318634
0.6864409446716309
0.6845261454582214
0.6858373880386353
0.6858127117156982
0.687324047088623
0.6826990842819214
0.6839234232902527
0.6800010204315186
0.676354169845581
0.6803582906723022
0.6801509261131287
0.6794692873954773
0.6746231317520142
0.682107150554657
0.6908412575721741
0.6787735819816589
0.6833710670471191
0.687960684299469
0.6799319982528687
0.679837167263031
0.6846829056739807
0.6775084137916565
0.6811655759811401
0.6713748574256897
0.6869187951087952
0.6783732771873474
0.6805701851844788
0.6791598200798035
0.6832945942878723
0.676358163356781
0.6741617321968079
0.6843457818031311
0.685179591178894
0.6857588291168213
0.6896755695343018
0.6802276372909546
0.6945459246635437
0.6789335012435913
0.682923436164856
0.6780558824539185
0.6853144764900208
0.6756823658943176
0.6847553849220276
0.6703174114227295
0.676964282989502
0.6756339073181152
0.6786172986030579
0.6773605346679688
0.6869280934333801
0.6783266663551331
0.6793156266212463
0.6919366717338562
0.6842614412307739
0.6797691583633423
0.6854312419891357
0.6769790649414062
0.6802555322647095
0.6834467053413391
0.6878567934036255
0.6829077005386353
0.6789946556091309
0.684089183807373
0.6742104291915894
0.6755625605583191
0.6763942241668701
0.680868923664093
0.6802905797958374
0.6804965138435364
0.681656002998352
0.6844495534896851
0.6765832901000977
0.6803000569343567
0.6800773739814758
0.6890215277671814
0.6908071637153625
0.6850870847702026
0.6844587922096252
0.6788884997367859
0.6816214919090271
0.6777198910713196
0.6832720041275024
0.6767219305038452
0.6812282800674438
0.6885070204734802
0.6860890984535217
0.6769092679023743
0.6805955767631531
0.68405681848526
0.6777175664901733
0.6848423480987549
0.686850905418396
0.6789475679397583
0.6816890239715576
0.685027003288269
0.6816513538360596
0.6766524910926819
0.6736630797386169
0.6816527247428894
0.6822585463523865
0.673394501209259
0.6718515157699585
0.6837825179100037
0.6818860769271851
0.686546802520752
0.6914599537849426
0.6806870102882385
0.6807482242584229
0.685468316078186
0.6794761419296265
0.6765434145927429
0.6870404481887817
0.6757332682609558
0.6764459013938904
0.6809713840484619
0.6842544674873352
0.6728301644325256
0.6794896125793457
0.6779493093490601
0.688981831073761
0.6888725757598877
0.6774534583091736
0.6873672604560852
0.6888170838356018
0.6785708069801331
0.6828224658966064
0.6719642281532288
0.6784428358078003
0.6898191571235657
0.6753970384597778
0.6781410574913025
0.6922668218612671
0.6928305625915527
0.6715917587280273
0.6747533679008484
0.6892829537391663
0.6807044744491577
0.6822834014892578
0.6773155927658081
0.6805664896965027
0.6839451789855957
0.6854763031005859
0.6756454706192017
0.6893286108970642
0.6814398169517517
0.6845304369926453
0.6754210591316223
0.6794042587280273
0.683001697063446
0.6773967742919922
0.6867948770523071
0.6746008992195129
0.6743497252464294
0.6757152080535889
0.681610643863678
0.6783100962638855
0.6825012564659119
0.692812442779541
0.6844871044158936
0.6824915409088135
0.6792335510253906
0.6823667883872986
0.6827247738838196
0.6709408164024353
0.6841524243354797
0.676173210144043
0.6824249625205994
0.6841878294944763
0.6796866655349731
0.673454225063324
0.6769470572471619
0.6804705858230591
0.6840732097625732
0.6810651421546936
0.6821170449256897
0.6882323026657104
0.6796498894691467
0.6771595478057861
0.6834888458251953
0.6764327883720398
0.6810993552207947
0.6842997670173645
0.680899977684021
0.6816608905792236
0.6781819462776184
0.6849868297576904
0.6877925992012024
0.6708505153656006
0.6835371851921082
0.6778138279914856
0.6803750395774841
0.6782629489898682
0.6835444569587708
0.6773809790611267
0.681551992893219
0.6844335794448853
0.6758436560630798
0.6789657473564148
0.6732739806175232
0.6861943006515503
0.6756687164306641
0.6857869029045105
0.6795408725738525
0.6749489903450012
0.6911014318466187
0.6840811967849731
0.681412398815155
0.6734568476676941
0.6912620067596436
0.6845681071281433
0.6840148568153381
0.6812276840209961
0.6757588982582092
0.6767038702964783
0.6830780506134033
0.6756234169006348
0.6850185394287109
0.6865867376327515
0.677005410194397
0.6868942379951477
0.681412398815155
0.688325047492981
0.6838632225990295
0.6783481240272522
0.6833989024162292
0.6806833744049072
0.6780322790145874
0.682462751865387
0.6797536015510559
0.6775994896888733
0.6849870085716248
0.680148720741272
0.6738455295562744
0.6828149557113647
0.6786738634109497
0.6926888227462769
0.6929634809494019
0.6816201210021973
0.6806281805038452
0.6797688603401184
0.6766710877418518
0.6839904189109802
0.6789444088935852
0.6809517741203308
0.6773038506507874
0.6751564741134644
0.6811162233352661
0.6901024580001831
0.6824110150337219
0.6810850501060486
0.6809125542640686
0.6846781373023987
0.6779298186302185
0.6822628378868103
0.6853792071342468
0.680557131767273
0.6801477074623108
0.680640697479248
0.6844724416732788
0.6739988923072815
0.6861085891723633
0.6847862005233765
0.6880683898925781
0.685728907585144
0.6770572662353516
0.6772114038467407
0.6864059567451477
0.6762539148330688
0.679330050945282
0.6947699189186096
0.6762760281562805
0.6878329515457153
0.6768823266029358
0.6768295764923096
0.6827572584152222
0.686369776725769
0.6864175200462341
0.6821653842926025
0.6859210729598999
0.6769801378250122
0.6817901730537415
0.685063362121582
0.6852759718894958
0.6808905601501465
0.6790682077407837
0.6815740466117859
0.6821306347846985
0.6856443881988525
0.6875710487365723
0.6728835701942444
0.6733716130256653
0.7010284066200256
0.683932900428772
0.683706521987915
0.6795770525932312
0.6805906891822815
0.6825908422470093
0.6850253939628601
0.6745578646659851
0.6837286949157715
0.6826897859573364
0.6825257539749146
0.6768558025360107
0.6824347376823425
0.682188093662262
0.6972408294677734
0.679419994354248
0.6787168979644775
0.6864954829216003
0.6850544214248657
0.6752404570579529
0.6770697236061096
0.6755681037902832
0.6804452538490295
0.6782572865486145
0.6892903447151184
0.6880135536193848
0.6832322478294373
0.6814081072807312
0.6817043423652649
0.6779322028160095
0.6823948621749878
0.6795454025268555
0.685060441493988
0.6790120005607605
0.6843060851097107
0.6815535426139832
0.6720003485679626
0.6799091100692749
0.6791477799415588
0.680167555809021
0.6835014820098877
0.6762300133705139
0.6890203952789307
0.6833502054214478
0.6783202886581421
0.6864357590675354
0.6820700764656067
0.6743936538696289
0.6797037124633789
0.6796875596046448
0.6852076649665833
0.6785086989402771
0.6773821115493774
0.673736035823822
0.6967480182647705
0.6770886182785034
0.6848889589309692
0.6852483153343201
0.679100513458252
0.69093918800354
0.6782308220863342
0.6780276894569397
0.6895260214805603
0.6822285652160645
0.692481279373169
0.6766802668571472
0.6819523572921753
0.6825364828109741
0.6789995431900024
0.6822589635848999
0.6833512187004089
0.6832935214042664
0.6821012496948242
0.6853997707366943
0.6841686367988586
0.6740378737449646
0.6807843446731567
0.6810644268989563
0.6850582361221313
0.6846178770065308
0.6741715669631958
0.6890015602111816
0.6791800260543823
0.6848997473716736
0.6828310489654541
0.6831786036491394
0.677859365940094
0.6801658272743225
0.6883248090744019
0.6809567809104919
0.6762743592262268
0.6761236190795898
0.676591157913208
0.6838803887367249
0.6765886545181274
0.6861491203308105
0.6761489510536194
0.6783447265625
0.6814581155776978
0.6731818318367004
0.6808366775512695
0.6814883947372437
0.6814274191856384
0.6868749856948853
0.6855179071426392
0.6792530417442322
0.6860089302062988
0.6807391047477722
0.6817989945411682
0.673622190952301
0.6969619989395142
0.6769622564315796
0.6719791293144226
0.6807227730751038
0.6887884140014648
0.679329514503479
0.6771767139434814
0.6778922080993652
0.6788500547409058
0.6881434917449951
0.683322012424469
0.6818671226501465
0.6808563470840454
0.6837978363037109
0.67359459400177
0.6888481378555298
0.674125611782074
0.6778513789176941
0.6844905018806458
0.6794676780700684
0.6871392130851746
0.6801156997680664
0.6806719303131104
0.6803673505783081
0.6863729953765869
0.6820192933082581
0.6790308952331543
0.6880437731742859
0.6837351322174072
0.6839825510978699
0.6841456294059753
0.6893302202224731
0.6744824647903442
0.6875909566879272
0.677125096321106
0.6771119832992554
0.686044454574585
0.6787800788879395
0.6798129677772522
0.6864140033721924
0.6871188282966614
0.6752462387084961
0.6754312515258789
0.6775991916656494
0.6911271810531616
0.6878362894058228
0.6813009977340698
0.6809543371200562
0.6868735551834106
0.6750748157501221
0.6814581155776978
0.6860572099685669
0.680593729019165
0.6726265549659729
0.6866069436073303
0.6787030696868896
0.684372067451477
0.685481607913971
0.6873500943183899
0.6758691668510437
0.672605574131012
0.679358720779419
0.6776997447013855
0.6797473430633545
0.683792233467102
0.6829794645309448
0.6817247867584229
0.6795598864555359
0.6816251277923584
0.6829813122749329
0.689848780632019
0.6753038167953491
0.6773948073387146
0.6912491321563721
0.6784002184867859
0.6822910308837891
0.6789425015449524
0.6824225187301636
0.6892695426940918
0.673598051071167
0.6748366951942444
0.6768093109130859
0.6744273900985718
0.688639760017395
0.6767863631248474
0.6739426851272583
0.6860290169715881
0.6760615706443787
0.6747442483901978
0.6921213865280151
0.6741027235984802
0.6780090928077698
0.6794658303260803
0.6900627613067627
0.6789494752883911
0.6782256960868835
0.6728617548942566
0.6783789992332458
0.6853737235069275
0.6811516284942627
0.6803423762321472
0.6837244033813477
0.6804642677307129
0.6800183653831482
0.6813915967941284
0.6818186044692993
0.6767876744270325
0.6798230409622192
0.6819162368774414
0.6865770816802979
0.6780216097831726
0.6809412837028503
0.6784791350364685
0.6756755113601685
0.6767900586128235
0.6748068928718567
0.6839003562927246
0.679713785648346
0.6810511946678162
0.6787145733833313
0.6770155429840088
0.683704137802124
0.6869432926177979
0.6866450905799866
0.677340030670166
0.678157389163971
0.6815765500068665
0.6812352538108826
0.6744698882102966
0.6886592507362366
0.6838701367378235
0.6831737160682678
0.6800527572631836
0.6784352660179138
0.6910025477409363
0.6830700635910034
0.6826719641685486
0.6818084120750427
0.6806148886680603
0.6780385375022888
0.6795697808265686
0.6874175071716309
0.6827480792999268
0.6778497099876404
0.6799176931381226
0.6821632981300354
0.6745310425758362
0.6794249415397644
0.6875642538070679
0.6731619834899902
0.6819862723350525
0.678629457950592
0.6842056512832642
0.6783874034881592
0.6826395988464355
0.6752670407295227
0.6765767335891724
0.6777027249336243
0.6895875930786133
0.668968141078949
0.6827737092971802
0.681395411491394
0.6762093305587769
0.6834220886230469
0.6804132461547852
0.679267168045044
0.6845351457595825
0.6821898818016052
0.6841880083084106
0.6773179173469543
0.6824880242347717
0.6862757802009583
0.6834369897842407
0.6746452450752258
0.682521402835846
0.6860166192054749
0.6714102029800415
0.6838717460632324
0.6800624132156372
0.6781434416770935
0.6844478845596313
0.6772162914276123
0.6830089688301086
0.6867518424987793
0.6799472570419312
0.6804293394088745
0.6820555329322815
0.6799523234367371
0.6804015636444092
0.6810728907585144
0.6812503337860107
0.6774938702583313
0.683281421661377
0.678526759147644
0.6840621829032898
0.6874864101409912
0.683051347732544
0.6795067191123962
0.6811127066612244
0.6797375082969666
0.680309534072876
0.6846405267715454
0.6789551973342896
0.6770861148834229
0.6820248365402222
0.678725004196167
0.6840866208076477
0.689711332321167
0.6785185933113098
0.6823185086250305
0.6761669516563416
0.6817708015441895
0.6769489645957947
0.6824654340744019
0.6860893964767456
0.6726598739624023
0.6763628721237183
0.6800854802131653
0.6762968897819519
0.67758709192276
0.6857340931892395
0.6844161748886108
0.6838234663009644
0.6916670203208923
0.6771044135093689
0.6883724331855774
0.6849814653396606
0.680410623550415
0.6830946803092957
0.6853392720222473
0.6739103198051453
0.6764420866966248
0.6838260293006897
0.6859269738197327
0.6891350746154785
0.6866425275802612
0.6840368509292603
0.675101637840271
0.6846650242805481
0.6761184334754944
0.6751376986503601
0.6762945055961609
0.6790592074394226
0.6842160820960999
0.6836839914321899
0.676314651966095
0.6887326836585999
0.6822587847709656
0.6850645542144775
0.680190920829773
0.6866663098335266
0.6796448826789856
0.6825212836265564
0.6803951859474182
0.6722413301467896
0.6806430816650391
0.6808597445487976
0.6823075413703918
0.6833475232124329
0.676916241645813
0.6931984424591064
0.6770496368408203
0.6805206537246704
0.668073296546936
0.6833884716033936
0.6812462210655212
0.6775253415107727
0.6708975434303284
0.6885834336280823
0.6893835067749023
0.6785572171211243
0.680866539478302
0.6732159852981567
0.6844196319580078
0.6821105480194092
0.67063969373703
0.675258457660675
0.6799294352531433
0.6770002841949463
0.6702896356582642
0.6817992925643921
0.6806721687316895
0.6787145733833313
0.6879156827926636
0.68520188331604
0.6781006455421448
0.681036114692688
0.6788104176521301
0.6760797500610352
0.684109628200531
0.6785087585449219
0.6828038692474365
0.6776441335678101
0.6784301400184631
0.6759757995605469
0.6888619065284729
0.6757689714431763
0.6689414381980896
0.6783415675163269
0.6931872367858887
0.6875568628311157
0.6771289706230164
0.6859081983566284
0.6721870303153992
0.6784278750419617
0.6775436401367188
0.6839590072631836
0.6775224804878235
0.6717115044593811
0.6749424338340759
0.6750036478042603
0.6832417249679565
0.6913134455680847
0.6771197319030762
0.6864316463470459
0.7044338583946228
0.6800721287727356
0.6829825043678284
0.6792044639587402
0.6804510354995728
0.6771240234375
0.689852774143219
0.6784641146659851
0.6848016381263733
0.6697800159454346
0.6846754550933838
0.6800045967102051
0.6742410063743591
0.6851421594619751
0.6766011714935303
0.6735286712646484
0.6813135147094727
0.6734268069267273
0.6779370903968811
0.6800540089607239
0.690444827079773
0.679566502571106
0.6837943196296692
0.6803489923477173
0.6755388379096985
0.6787422299385071
0.688118577003479
0.677718997001648
0.6827616691589355
0.6826702952384949
0.6777234673500061
0.6810435652732849
0.6795967817306519
0.6826804280281067
0.6760486960411072
0.6862472295761108
0.684424877166748
0.6813804507255554
0.6795961260795593
0.6814101338386536
0.682608425617218
0.6808661222457886
0.6841000914573669
0.682098925113678
0.6780678033828735
0.6797327399253845
0.6824482679367065
0.6862685084342957
0.6800885200500488
0.683043360710144
0.6765543818473816
0.6771656274795532
0.6810289025306702
0.6812611818313599
0.6783686876296997
0.6832408905029297
0.6745288372039795
0.6814641356468201
0.6811162829399109
0.6848820447921753
0.6770653128623962
0.6793237328529358
0.687435507774353
0.6819462180137634
0.6799153089523315
0.6815487146377563
0.6789224743843079
0.6808037757873535
0.6797844171524048
0.6783585548400879
0.6792603135108948
0.6820129156112671
0.68840491771698
0.6813064217567444
0.6839129328727722
0.678925633430481
0.6760422587394714
0.6894195079803467
0.6773561239242554
0.680443286895752
0.6753190755844116
0.6832718849182129
0.6894940733909607
0.6712668538093567
0.6848230361938477
0.6794230937957764
0.6787055730819702
0.6831479072570801
0.6790996789932251
0.6778325438499451
0.6921926736831665
0.6819838881492615
0.676907479763031
0.6811383366584778
0.6747817993164062
0.6743564009666443
0.6841768026351929
0.680737316608429
0.6852499842643738
0.684833824634552
0.673710286617279
0.6782525777816772
0.6799346208572388
0.6781792640686035
0.6790244579315186
0.681032121181488
0.6763582825660706
0.6827134490013123
0.685791015625
0.682420551776886
0.6838613748550415
0.678939700126648
0.6782565712928772
0.6727685928344727
0.6799097657203674
0.680993914604187
0.6750151515007019
0.6801508069038391
0.6840561628341675
0.6825409531593323
0.6832759976387024
0.6791133880615234
0.6848904490470886
0.68355792760849
0.6793188452720642
0.6786823868751526
0.6953520178794861
0.6808792948722839
0.6847253441810608
0.6741381287574768
0.6909750699996948
0.6834729909896851
0.681002676486969
0.6720187664031982
0.6820621490478516
0.6825670599937439
0.6848966479301453
0.6845249533653259
0.672057569026947
0.6802719235420227
0.6755689978599548
0.685072660446167
0.6774883270263672
0.6788136959075928
0.6782141327857971
0.6729931235313416
0.6759099960327148
0.6707282662391663
0.6769411563873291
0.6853750348091125
0.6791452765464783
0.6809329390525818
0.6779515743255615
0.6732219457626343
0.6830687522888184
0.681466817855835
0.6894755363464355
0.6761147379875183
0.6784949898719788
0.6821773052215576
0.6832114458084106
0.6823781132698059
0.677929162979126
0.67564857006073
0.6867719292640686
0.6830621957778931
0.6881613731384277
0.6761860847473145
0.6818712949752808
0.6831441521644592
0.6810088753700256
0.6791357398033142
0.6907306909561157
0.6805033087730408
0.6869467496871948
0.6819546222686768
0.6850002408027649
0.6803897619247437
0.6840503215789795
0.67849200963974
0.6818880438804626
0.6744837164878845
0.6834209561347961
0.6806668639183044
0.680779218673706
0.6817538738250732
0.6751682758331299
0.676654040813446
0.689751148223877
0.6711581945419312
0.6790732145309448
0.6805635690689087
0.6774731874465942
0.6803261637687683
0.6881393194198608
0.6831003427505493
0.6758327484130859
0.6878811120986938
0.675908625125885
0.6800901889801025
0.6762818694114685
0.675683319568634
0.6766068339347839
0.6753326654434204
0.6774105429649353
0.6823768615722656
0.6762714982032776
0.6792649626731873
0.6765756607055664
0.6879090070724487
0.68100905418396
0.678616464138031
0.6876304149627686
0.6766651272773743
0.6852561831474304
0.6865741610527039
0.6817207932472229
0.6744776964187622
0.6832950115203857
0.6879494190216064
0.6771240234375
0.6799618601799011
0.6808455586433411
0.6708925366401672
0.6809305548667908
0.6812238097190857
0.6870025396347046
0.6772034764289856
0.6802862286567688
0.6764231324195862
0.6807163953781128
0.6920992136001587
0.6777863502502441
0.6863407492637634
0.679049551486969
0.6860293745994568
0.6968380212783813
0.6794582605361938
0.6829894781112671
0.6875411868095398
0.6851549744606018
0.6805768609046936
0.6814094185829163
0.6822975277900696
0.6870207190513611
0.68293696641922
0.6788433790206909
0.675711452960968
0.6852073669433594
0.6751419305801392
0.6834343075752258
0.6869538426399231
0.6910727620124817
0.6814104318618774
0.6961546540260315
0.6817072033882141
0.6855918169021606
0.6798678040504456
0.6773359179496765
0.6815891265869141
0.6722633838653564
0.6893011331558228
0.6873700618743896
0.676681399345398
0.6770424246788025
0.6811558604240417
0.677157998085022
0.677884042263031
0.6784708499908447
0.6895225644111633
0.6871500611305237
0.6919411420822144
0.6746914982795715
0.6749212741851807
0.6911534070968628
0.6789754033088684
0.6800833940505981
0.6760550737380981
0.6732306480407715
0.6755396723747253
0.6813308596611023
0.6723280549049377
0.6831159591674805
0.6854342222213745
0.6762886047363281
0.6711999177932739
0.6870627999305725
0.6814308762550354
0.6881420612335205
0.6785106062889099
0.6801782250404358
0.6967949867248535
0.6851749420166016
0.6851555705070496
0.6842477321624756
0.6798034906387329
0.6793688535690308
0.6681012511253357
0.683627724647522
0.6783545017242432
0.6906888484954834
0.6819522380828857
0.6838104724884033
0.6867128610610962
0.6840877532958984
0.6863622665405273
0.67928546667099
0.6737536191940308
0.6841099858283997
0.6832490563392639
0.6840928196907043
0.67949378490448
0.6836304664611816
0.678682267665863
0.6811052560806274
0.682695746421814
0.6762478351593018
0.6813886165618896
0.6718441843986511
0.6806839108467102
0.6780136823654175
0.6727984547615051
0.6740222573280334
0.672021746635437
0.6869494318962097
0.6831305027008057
0.6741402745246887
0.6834964752197266
0.6758853197097778
0.6873548626899719
0.6829203367233276
0.6777223944664001
0.680536687374115
0.6880634427070618
0.6838012337684631
0.6870860457420349
0.6809272170066833
0.675442099571228
0.68227219581604
0.6801573038101196
0.6851621270179749
0.6800643801689148
0.6850337982177734
0.679739236831665
0.6882675290107727
0.6814579367637634
0.6791714429855347
0.6771519184112549
0.6806148886680603
0.6769832372665405
0.6845317482948303
0.6851544976234436
0.6833840012550354
0.6798144578933716
0.6851051449775696
0.6809387803077698
0.6784411668777466
0.6772565245628357
0.6822684407234192
0.6714462637901306
0.6816403269767761
0.682551920413971
0.6847134828567505
0.6811197400093079
0.680496335029602
0.6760607361793518
0.6794487237930298
0.6801139116287231
0.6868910193443298
0.6783294677734375
0.6775122284889221
0.677893340587616
0.6764262318611145
0.6814808249473572
0.6812300682067871
0.6843140721321106
0.6710677146911621
0.680386483669281
0.6861741542816162
0.6869813203811646
0.6774826049804688
0.6759561896324158
0.6875479817390442
0.6882444024085999
0.6877807974815369
0.6729228496551514
0.673416256904602
0.6780572533607483
0.6805914044380188
0.679631769657135
0.68161541223526
0.6798823475837708
0.6947468519210815
0.6776154637336731
0.684537947177887
0.687227725982666
0.6747264266014099
0.675775945186615
0.6896476149559021
0.6705048680305481
0.6882748603820801
0.686046302318573
0.6834763288497925
0.670005202293396
0.6793942451477051
0.6865463256835938
0.683959424495697
0.678337574005127
0.6766399145126343
0.6902506351470947
0.6870441436767578
0.682504415512085
0.681067943572998
0.6801233291625977
0.6926061511039734
0.6830229759216309
0.6799435019493103
0.6783742904663086
0.6818665862083435
0.675017237663269
0.6893599629402161
0.7070963978767395
0.6821997761726379
0.6887432336807251
0.6922067999839783
0.6865938901901245
0.6771456599235535
0.6776955723762512
0.6806437373161316
0.6740646362304688
0.6821657419204712
0.6774827241897583
0.6777344346046448
0.6802557706832886
0.684316098690033
0.6810863614082336
0.6839723587036133
0.6771398782730103
0.6776849627494812
0.6833993196487427
0.6770838499069214
0.6763107776641846
0.6794517040252686
0.6755392551422119
0.6877571940422058
0.6778011322021484
0.6835271716117859
0.6810598373413086
0.6791036128997803
0.6892886757850647
0.6777915358543396
0.6892904043197632
0.6888281106948853
0.6880723237991333
0.6773598790168762
0.6820772290229797
0.6809068322181702
0.6835013031959534
0.6809744238853455
0.6856743693351746
0.6725645065307617
0.6831828951835632
0.6840447187423706
0.6795691847801208
0.6888909935951233
0.6792004108428955
0.6857720613479614
0.6854608654975891
0.6881957054138184
0.6791581511497498
0.6739230155944824
0.6782025098800659
0.6856254935264587
0.6819448471069336
0.6879869103431702
0.6765141487121582
0.6804606914520264
0.6739931702613831
0.6807758808135986
0.6869065761566162
0.6763313412666321
0.6862849593162537
0.6749124526977539
0.6819546222686768
0.6856305599212646
0.6835535764694214
0.6821199655532837
0.6953454613685608
0.6807113885879517
0.6861823201179504
0.6817473769187927
0.682989776134491
0.6729851961135864
0.6794636845588684
0.6830114722251892
0.6830501556396484
0.6761977672576904
0.6765320897102356
0.6918208599090576
0.6853305101394653
0.6859657764434814
0.687332272529602
0.6804850697517395
0.6846075057983398
0.675991415977478
0.6846786141395569
0.6790226697921753
0.6792110800743103
0.6784111261367798
0.6782512068748474
0.6884906888008118
0.6759450435638428
0.6876922845840454
0.6751707792282104
0.6860503554344177
0.6759128570556641
0.6739208102226257
0.6762967705726624
0.6772034168243408
0.6954764723777771
0.6873229742050171
0.6813433170318604
0.6871529221534729
0.677911102771759
0.6826326847076416
0.6816580295562744
0.6717180609703064
0.6752402186393738
0.6784292459487915
0.6769135594367981
0.6783271431922913
0.6735356450080872
0.6859226822853088
0.6819134950637817
0.6843149662017822
0.6810958385467529
0.6902369260787964
0.6959490776062012
0.6887816190719604
0.6809664964675903
0.6850113868713379
0.687160313129425
0.6893808841705322
0.6869053840637207
0.6881322264671326
0.6748752593994141
0.6779258847236633
0.68137127161026
0.6811408996582031
0.6826449632644653
0.6733657121658325
0.6702717542648315
0.6743782758712769
0.6852542757987976
0.6776159405708313
0.6784216165542603
0.6805583238601685
0.6781253814697266
0.6787739396095276
0.6804184913635254
0.6829665303230286
0.6786777377128601
0.6837638020515442
0.6934593915939331
0.6756155490875244
0.6779605746269226
0.6841421127319336
0.6847013235092163
0.6805959343910217
0.687938392162323
0.6969162225723267
0.6821308732032776
0.6833792924880981
0.6722905039787292
0.6798449158668518
0.6868922710418701
0.6836608648300171
0.6805818676948547
0.6839181184768677
0.6760923862457275
0.6710156202316284
0.6743746995925903
0.6673820614814758
0.6757551431655884
0.6746412515640259
0.6763477325439453
0.6793389916419983
0.6850000023841858
0.674626886844635
0.6784331202507019
0.6879059076309204
0.6847360134124756
0.680749237537384
0.6851511597633362
0.6765159368515015
0.6793277263641357
0.6794357299804688
0.6829736828804016
0.6824244856834412
0.6789788603782654
0.6778661608695984
0.6801096200942993
0.6764471530914307
0.6709335446357727
0.67714524269104
0.6837041974067688
0.6666107773780823
0.6843485832214355
0.6816453337669373
0.6735710501670837
0.6822412610054016
0.6798561811447144
0.6778777241706848
0.679497241973877
0.6808275580406189
0.6819332838058472
0.6854472756385803
0.6879043579101562
0.673423707485199
0.6882396936416626
0.6829827427864075
0.6728136539459229
0.68514484167099
0.6830132603645325
0.6840434670448303
0.6783269047737122
0.6856164932250977
0.6723983883857727
0.6835500597953796
0.6786466240882874
0.6752150654792786
0.6775375008583069
0.6794672012329102
0.686252772808075
0.6836788058280945
0.6823886632919312
0.6735734939575195
0.6823079586029053
0.6897779703140259
0.6933335661888123
0.6872385740280151
0.6726396083831787
0.6773377656936646
0.6787739396095276
0.6763641238212585
0.6778601408004761
0.6777049899101257
0.6769376993179321
0.6933751702308655
0.6878578066825867
0.6763530969619751
0.6846628189086914
0.680396318435669
0.6860626935958862
0.6785857081413269
0.6758071780204773
0.6870678067207336
0.6726594567298889
0.678843080997467
0.680695652961731
0.6845788359642029
0.6773581504821777
0.6763231754302979
0.6868506073951721
0.6782307624816895
0.6784451007843018
0.6804836392402649
0.6819838881492615
0.6856189370155334
0.6743321418762207
0.6791111826896667
0.6769004464149475
0.6858903169631958
0.6754616498947144
0.6870150566101074
0.6779295206069946
0.687884509563446
0.6790330410003662
0.6911450624465942
0.6840596795082092
0.6782349348068237
0.6841879487037659
0.6864175200462341
0.6783168315887451
0.6811608076095581
0.6743353605270386
0.6806994080543518
0.6850023865699768
0.6819976568222046
0.6788702011108398
0.6783374547958374
0.6741493940353394
0.6743728518486023
0.6860682964324951
0.6862019300460815
0.682323157787323
0.6823861002922058
0.6825845837593079
0.6814738512039185
0.6825510263442993
0.6874686479568481
0.6841451525688171
0.6857542395591736
0.686996579170227
0.6787898540496826
0.6823338270187378
0.681147575378418
0.6823334097862244
0.677914559841156
0.6805282831192017
0.6760002970695496
0.6780700087547302
0.6836413145065308
0.6773319840431213
0.6771457195281982
0.6789800524711609
0.6702414751052856
0.6799971461296082
0.6763496994972229
0.6890422105789185
0.6809663772583008
0.6793670058250427
0.681773841381073
0.6815252900123596
0.6926838755607605
0.680254340171814
0.6753982305526733
0.6755682229995728
0.6803227663040161
0.6874510645866394
0.6797669529914856
0.6843038201332092
0.6825177073478699
0.6821591854095459
0.6793762445449829
0.6848762035369873
0.6799613833427429
0.6879372596740723
0.6772552728652954
0.6773672103881836
0.6854521036148071
0.6762301325798035
0.6866940259933472
0.6739256978034973
0.684653639793396
0.6779769659042358
0.6867031455039978
0.6827236413955688
0.6774447560310364
0.6892879009246826
0.6793850064277649
0.6771358847618103
0.6740314364433289
0.6762332916259766
0.6827940344810486
0.6853923797607422
0.6878888607025146
0.6747657060623169
0.6788455843925476
0.686825692653656
0.6750091910362244
0.6806058287620544
0.6811237931251526
0.6840314269065857
0.6766900420188904
0.6935927271842957
0.685394823551178
0.6737957000732422
0.6915567517280579
0.6751951575279236
0.6780586838722229
0.6805537343025208
0.6863977313041687
0.6798956394195557
0.6787394285202026
0.6878188252449036
0.6835873126983643
0.6715542674064636
0.6747361421585083
0.6740322113037109
0.6861134171485901
0.6842230558395386
0.6780081987380981
0.676306962966919
0.6863287687301636
0.6813848614692688
0.6861230134963989
0.6763166189193726
0.6809592843055725
0.6659006476402283
0.6810736060142517
0.6800732016563416
0.6902768015861511
0.679327130317688
0.6812825798988342
0.6864842176437378
0.6820698976516724
0.6822555661201477
0.6845459938049316
0.6846511960029602
0.691800057888031
0.6719281673431396
0.6760489344596863
0.6741729974746704
0.6796715259552002
0.6738221049308777
0.6824659109115601
0.6855589747428894
0.6803839206695557
0.673470139503479
0.6770569086074829
0.6968192458152771
0.6785420179367065
0.6815320253372192
0.6839907169342041
0.6770889759063721
0.6867960691452026
0.6820879578590393
0.6770620346069336
0.676988959312439
0.6731569766998291
0.6788906455039978
0.678621768951416
0.6778555512428284
0.6863783001899719
0.6744240522384644
0.6726608872413635
0.6762555837631226
0.6834904551506042
0.6791951656341553
0.6827013492584229
0.6836736798286438
0.6838636994361877
0.6753190159797668
0.6770995259284973
0.6773865818977356
0.6768524646759033
0.667809784412384
0.6784939169883728
0.6856122016906738
0.6776224970817566
0.6837975382804871
0.6901397109031677
0.6856019496917725
0.6864422559738159
0.6819151639938354
0.6723430156707764
0.6858790516853333
0.6804861426353455
0.6838858723640442
0.6829248070716858
0.6789342761039734
0.6769585013389587
0.6757597923278809
0.6727237105369568
0.6803004741668701
0.6733582615852356
0.673020601272583
0.6793264150619507
0.6759357452392578
0.6783961653709412
0.6806713938713074
0.6800642609596252
0.6789844632148743
0.6856940984725952
0.6733060479164124
0.6830511093139648
0.690406858921051
0.6820041537284851
0.6824212670326233
0.686357319355011
0.6797985434532166
0.6811145544052124
0.6836715340614319
0.6840293407440186
0.672272801399231
0.6862344145774841
0.6839454770088196
0.6799275279045105
0.6787297129631042
0.6795057654380798
0.6787566542625427
0.6837416887283325
0.6829179525375366
0.681159496307373
0.6821045875549316
0.6869128346443176
0.6813915967941284
0.676712691783905
0.6814785599708557
0.675601065158844
0.6817357540130615
0.6837021708488464
0.6849303841590881
0.6776947379112244
0.6743742823600769
0.6835423707962036
0.6848958134651184
0.6896467804908752
0.6758856177330017
0.6885261535644531
0.6777965426445007
0.6774067282676697
0.6878551244735718
0.6688728332519531
0.6790188550949097
0.6838834285736084
0.6860376000404358
0.6782009601593018
0.6862927675247192
0.6799262762069702
0.6806452870368958
0.6814424991607666
0.6662022471427917
0.6804559230804443
0.6787108182907104
0.6837949752807617
0.6772289872169495
0.6835716962814331
0.6732021570205688
0.6786894202232361
0.6768389344215393
0.6856392621994019
0.6855394840240479
0.6793620586395264
0.6782703995704651
0.6829589605331421
0.6744639277458191
0.6772811412811279
0.674677312374115
0.6755844354629517
0.6823344230651855
0.6730248928070068
0.6774782538414001
0.6764072179794312
0.6781101226806641
0.6805561780929565
0.6792800426483154
0.6707590818405151
0.6829046607017517
0.6746611595153809
0.6796833872795105
0.6765949130058289
0.6866636872291565
0.6789169311523438
0.6873034834861755
0.6840928792953491
0.6812147498130798
0.6751886010169983
0.6755227446556091
0.691612720489502
0.6764844059944153
0.6795002222061157
0.6781027317047119
0.6789361238479614
0.6829710602760315
0.6745808720588684
0.6744446754455566
0.6825832724571228
0.682119607925415
0.6763838529586792
0.6803366541862488
0.6779816746711731
0.6798825263977051
0.6832399964332581
0.6838741302490234
0.679839551448822
0.6829792261123657
0.6800382733345032
0.6795871257781982
0.6833224296569824
0.6845971941947937
0.6768693923950195
0.6816915273666382
0.6822207570075989
0.6740977168083191
0.6775903105735779
0.6890374422073364
0.6833406686782837
0.6917473077774048
0.6901025176048279
0.6702370047569275
0.6808973550796509
0.6806974411010742
0.6810641288757324
0.6827811598777771
0.6858128309249878
0.6831260323524475
0.6855277419090271
0.6768548488616943
0.6798422932624817
0.6801097989082336
0.6728243827819824
0.69368577003479
0.6749933958053589
0.682070791721344
0.6816823482513428
0.6795678734779358
0.6794162392616272
0.683228611946106
0.6756929755210876
0.6874373555183411
0.676477313041687
0.6780514717102051
0.6821945309638977
0.6889311075210571
0.6861616373062134
0.6777097582817078
0.6858888268470764
0.6897791028022766
0.6777281761169434
0.6738744378089905
0.6796004772186279
0.6773046851158142
0.6847564578056335
0.6880504488945007
0.6771711111068726
0.679999589920044
0.6826686859130859
0.689759373664856
0.683082103729248
0.6821618676185608
0.6878347992897034
0.6850689649581909
0.6807987689971924
0.6780164241790771
0.685164749622345
0.6791740655899048
0.6742798686027527
0.6795018911361694
0.6801710724830627
0.6818414926528931
0.6855692267417908
0.6846921443939209
0.6790013909339905
0.6805513501167297
0.6789823770523071
0.68702232837677
0.6731574535369873
0.6881203055381775
0.677019476890564
0.6819820404052734
0.6773896813392639
0.6784173846244812
0.68845134973526
0.6750920414924622
0.6757000088691711
0.6781952977180481
0.677941620349884
0.6763068437576294
0.6785675287246704
0.6722142100334167
0.6756783723831177
0.6735277771949768
0.6881279349327087
0.6799836158752441
0.6741735339164734
0.6962745785713196
0.6811299920082092
0.6791559457778931
0.678780198097229
0.6808836460113525
0.6755140423774719
0.6789652705192566
0.6846575140953064
0.6828981637954712
0.6818848252296448
0.6738538146018982
0.680241584777832
0.6866436004638672
0.6787164807319641
0.68260657787323
0.6808115243911743
0.6853156685829163
0.6768262982368469
0.6811496615409851
0.6878102421760559
0.6797439455986023
0.6823840141296387
0.6736814975738525
0.6827305555343628
0.6870260238647461
0.688866138458252
0.6810648441314697
0.6795501112937927
0.6839421391487122
0.68311607837677
0.6770637035369873
0.6818855404853821
0.6851065754890442
0.6838232278823853
0.7007254958152771
0.6784650087356567
0.6799425482749939
0.6899813413619995
0.6808052659034729
0.681812584400177
0.6757534742355347
0.6761687397956848
0.6777412295341492
0.6770347952842712
0.7008442878723145
0.6827187538146973
0.6764834523200989
0.6790452003479004
0.6720079779624939
0.671987771987915
0.6836339831352234
0.6795483827590942
0.6826890110969543
0.6771013736724854
0.6754320859909058
0.6759648323059082
0.679474413394928
0.6887818574905396
0.6762803792953491
0.6792371273040771
0.6827454566955566
0.6734169721603394
0.681951642036438
0.6856286525726318
0.6768398284912109
0.6799861788749695
0.6765901446342468
0.6861833333969116
0.6802113652229309
0.6879462003707886
0.6824642419815063
0.6855236291885376
0.6750907301902771
0.6843838691711426
0.679728090763092
0.6824358701705933
0.6910526156425476
0.6802076697349548
0.6803622841835022
0.6775719523429871
0.6765146255493164
0.6768044233322144
0.6776461005210876
0.6717009544372559
0.6849119067192078
0.6798114776611328
0.6760076880455017
0.6805794835090637
0.6771306395530701
0.6778625249862671
0.682772696018219
0.6820945143699646
0.6823368072509766
0.6857485175132751
0.6833329796791077
0.6834759712219238
0.6940904855728149
0.6909266710281372
0.6775900721549988
0.6809451580047607
0.6753376722335815
0.6896475553512573
0.6778018474578857
0.6810867190361023
0.6774924397468567
0.6754868626594543
0.6748485565185547
0.6710516214370728
0.6834268569946289
0.6857924461364746
0.6783063411712646
0.6814571619033813
0.6817722320556641
0.6843380928039551
0.6762109994888306
0.6794374585151672
0.6757049560546875
0.6738110184669495
0.6802526116371155
0.6705910563468933
0.6844314932823181
0.6818508505821228
0.6831490993499756
0.6797282099723816
0.6800713539123535
0.674498975276947
0.689716100692749
0.6755104064941406
0.6919007301330566
0.6835201978683472
0.6777036786079407
0.6767838001251221
0.6829778552055359
0.6901941299438477
0.6816733479499817
0.6768651008605957
0.6863642334938049
0.6849647164344788
0.6802688837051392
0.6826620101928711
0.685798168182373
0.6891475915908813
0.6882885694503784
0.6806552410125732
0.6830888390541077
0.679920494556427
0.6777946352958679
0.6794343590736389
0.675710916519165
0.6792659759521484
0.6741005778312683
0.6792651414871216
0.6877201199531555
0.6878752708435059
0.681612491607666
0.6832203269004822
0.680647611618042
0.6801168322563171
0.678000271320343
0.677495002746582
0.674228847026825
0.6836999654769897
0.6779476404190063
0.6829715371131897
0.6759170293807983
0.6846387386322021
0.6743928790092468
0.6806960105895996
0.6800487637519836
0.6790239810943604
0.6870803833007812
0.6826699376106262
0.6761202812194824
0.6939923763275146
0.70143723487854
0.6828287243843079
0.6811105608940125
0.6759569048881531
0.6809002757072449
0.6877743601799011
0.6822529435157776
0.6828469038009644
0.6828852891921997
0.6855206489562988
0.6845977306365967
0.6821405291557312
0.6825154423713684
0.6785904169082642
0.6790974736213684
0.6806676983833313
0.6805436611175537
0.6851136684417725
0.6733866930007935
0.67927485704422
0.6761085987091064
0.6832350492477417
0.6888698935508728
0.6842946410179138
0.6761751174926758
0.6804282665252686
0.6832993030548096
0.681708812713623
0.6787903308868408
0.683786928653717
0.6765320897102356
0.6902046799659729
0.677964448928833
0.675648033618927
0.6771730184555054
0.6788302659988403
0.6892261505126953
0.684772789478302
0.6786172389984131
0.6806696057319641
0.6746611595153809
0.6805191040039062
0.6814013123512268
0.6856169700622559
0.6776778101921082
0.6830421686172485
0.6799110770225525
0.6791828870773315
0.6872925758361816
0.6792265772819519
0.6806351542472839
0.6800040602684021
0.6812843680381775
0.6770791411399841
0.6846289038658142
0.6815961599349976
0.6733828783035278
0.6889041662216187
0.6768480539321899
0.6800523400306702
0.6811724305152893
0.6936352849006653
0.674739420413971
0.6765962243080139
0.6723499298095703
0.6745752096176147
0.6784979104995728
0.685102641582489
0.6736423373222351
0.680054783821106
0.6773591041564941
0.6757373213768005
0.681601345539093
0.6867164969444275
0.6843774318695068
0.6771645545959473
0.6685414910316467
0.68015456199646
0.6909664273262024
0.6878018379211426
0.6810042858123779
0.67852383852005
0.6800074577331543
0.673700749874115
0.6819243431091309
0.6899816393852234
0.6771504282951355
0.6825505495071411
0.6835079193115234
0.6858228445053101
0.6766571402549744
0.6804176568984985
0.6863964796066284
0.6838974356651306
0.6770018935203552
0.6844215393066406
0.6827065348625183
0.6831116080284119
0.6769506335258484
0.6842678189277649
0.6771768927574158
0.6789860725402832
0.6735776662826538
0.6745896339416504
0.6808342337608337
0.6842913031578064
0.6815069913864136
0.6896451115608215
0.6796867847442627
0.6821743249893188
0.6760992407798767
0.6812379956245422
0.6883066892623901
0.6803175806999207
0.6827051639556885
0.6828339099884033
0.6672630906105042
0.6768780946731567
0.6754615902900696
0.6846683025360107
0.6848758459091187
0.6898722648620605
0.6837197542190552
0.6851462721824646
0.6792620420455933
0.678464949131012
0.6846380233764648
0.6761602163314819
0.682471752166748
0.6777849197387695
0.6798467636108398
0.6823570132255554
0.6850099563598633
0.6799160838127136
0.6810906529426575
0.6840941309928894
0.678289532661438
0.6861038208007812
0.682052493095398
0.6843035221099854
0.6770570874214172
0.6835614442825317
0.6799564361572266
0.6848659515380859
0.6846301555633545
0.6793795228004456
0.6822841763496399
0.6752153635025024
0.6835682988166809
0.6863890290260315
0.6709740161895752
0.6782941222190857
0.683157205581665
0.6792102456092834
0.6854230761528015
0.677678108215332
0.6836549043655396
0.6887262463569641
0.678493857383728
0.6776037216186523
0.6922969818115234
0.6754956245422363
0.6832461953163147
0.6852508783340454
0.6818860769271851
0.6751731634140015
0.6792387366294861
0.6835498213768005
0.6778542399406433
0.6834318041801453
0.6808936595916748
0.6800127029418945
0.6809308528900146
0.6803261637687683
0.6882045865058899
0.6776018738746643
0.6902124881744385
0.6805076003074646
0.6869024634361267
0.675281822681427
0.6885632872581482
0.6759893298149109
0.690129280090332
0.6814219355583191
0.6828722953796387
0.6842755675315857
0.6782599091529846
0.6836058497428894
0.6844080090522766
0.6763861775398254
0.6798174977302551
0.6773737072944641
0.6731570363044739
0.674951434135437
0.6800347566604614
0.6841375827789307
0.6828808188438416
0.6787765622138977
0.6804057359695435
0.6838957667350769
0.6843834519386292
0.6893110275268555
0.6769543886184692
0.6812620162963867
0.68025803565979
0.6782482862472534
0.6804159283638
0.677432656288147
0.6745007634162903
0.6755146384239197
0.6838276386260986
0.6875837445259094
0.6827099919319153
0.6814809441566467
0.6718389987945557
0.6818573474884033
0.6728553771972656
0.6794254183769226
0.6899070739746094
0.6760011315345764
0.6806400418281555
0.6762794852256775
0.6707372665405273
0.6820682287216187
0.6955559253692627
0.6835033893585205
0.6744903326034546
0.6767144203186035
0.6882590651512146
0.6794392466545105
0.6856264472007751
0.6801691651344299
0.6765907406806946
0.6836766004562378
0.6767759919166565
0.678687572479248
0.6809773445129395
0.6873704195022583
0.6807777285575867
0.6925678253173828
0.6781744360923767
0.6817067265510559
0.6867040395736694
0.6715443134307861
0.6805664300918579
0.6837670803070068
0.6825712323188782
0.6830167770385742
0.6795001029968262
0.680901825428009
0.6884785890579224
0.6832798719406128
0.6800399422645569
0.6768335103988647
0.6889739036560059
0.6720857620239258
0.6750748157501221
0.6923040747642517
0.6822807788848877
0.682552695274353
0.6825839877128601
0.680442214012146
0.6798993349075317
0.6873564720153809
0.6805200576782227
0.6798273921012878
0.6736371517181396
0.6781195402145386
0.6750316023826599
0.674730658531189
0.6787371039390564
0.6761112213134766
0.6787864565849304
0.6821293830871582
0.6763205528259277
0.6786084771156311
0.6711773872375488
0.6791277527809143
0.6819841265678406
0.6895037293434143
0.6838623285293579
0.6901535391807556
0.679591715335846
0.6800550818443298
0.6750243902206421
0.6776970028877258
0.6806724667549133
0.6794013977050781
0.6760202050209045
0.6825119256973267
0.6817501187324524
0.6756929755210876
0.673092246055603
0.6805664300918579
0.6780276298522949
0.6740905046463013
0.6808916926383972
0.6828039884567261
0.6804848313331604
0.6791046261787415
0.6856303215026855
0.6797119975090027
0.6888837218284607
0.6741904020309448
0.6811317801475525
0.6811978220939636
0.6800691485404968
0.6775204539299011
0.6738806366920471
0.6865115761756897
0.6818198561668396
0.684454083442688
0.6835969686508179
0.6884590983390808
0.6763477921485901
0.6773844361305237
0.6795341968536377
0.6726598143577576
0.6776285767555237
0.677237868309021
0.6848688125610352
0.6826220154762268
0.6791251301765442
0.6744418144226074
0.6803829669952393
0.6844977736473083
0.6764187216758728
0.6845758557319641
0.6781378984451294
0.6808022260665894
0.6811649799346924
0.6819987893104553
0.6890885829925537
0.681056022644043
0.6903747320175171
0.6751765608787537
0.6843011379241943
0.694446325302124
0.6801714301109314
0.676834762096405
0.674584150314331
0.6781572699546814
0.6820891499519348
0.6871437430381775
0.6936372518539429
0.6779214143753052
0.6773703694343567
0.6793385148048401
0.6822801232337952
0.6823177933692932
0.673849880695343
0.6790151000022888
0.6781968474388123
0.6735915541648865
0.6763207316398621
0.6795141696929932
0.6808233857154846
0.6738888621330261
0.6908071637153625
0.6759551763534546
0.6827320456504822
0.6802799105644226
0.6939815878868103
0.6837627291679382
0.6818705797195435
0.6820053458213806
0.6716396808624268
0.6825333833694458
0.6853061318397522
0.6772264838218689
0.6839554309844971
0.6836147904396057
0.6870174407958984
0.6767410635948181
0.6809378266334534
0.6828442215919495
0.6763010025024414
0.6844680905342102
0.6759174466133118
0.6785396933555603
0.6828425526618958
0.6863771677017212
0.6816419959068298
0.6741181015968323
0.6789434552192688
0.6930176019668579
0.6855459213256836
0.6865237355232239
0.6802112460136414
0.6817218065261841
0.6965283155441284
0.681533694267273
0.6789474487304688
0.6823115348815918
0.6754269003868103
0.6776226162910461
0.6753649115562439
0.6814586520195007
0.6711576581001282
0.6781335473060608
0.680813193321228
0.6783955693244934
0.6781916618347168
0.6950872540473938
0.6865221858024597
0.6899391412734985
0.6833666563034058
0.6817331314086914
0.6839264035224915
0.6823785305023193
0.6803063750267029
0.6851196885108948
0.6721022129058838
0.6830318570137024
0.6842772364616394
0.6830142736434937
0.6881537437438965
0.6761977672576904
0.6830312609672546
0.6816649436950684
0.6851585507392883
0.6832243800163269
0.6810595393180847
0.6762948036193848
0.6744330525398254
0.6772281527519226
0.6825547814369202
0.680136501789093
0.6816818714141846
0.6701312065124512
0.6859549880027771
0.6801406145095825
0.6772238612174988
0.6814150214195251
0.6911337971687317
0.6802576184272766
0.6828234195709229
0.6860916018486023
0.6751326322555542
0.6813058853149414
0.6848993301391602
0.6952669620513916
0.6829733848571777
0.6781661510467529
0.6795189380645752
0.6777779459953308
0.6806862354278564
0.6760547161102295
0.6817541122436523
0.6845486164093018
0.6767533421516418
0.6738892793655396
0.677793562412262
0.6789383292198181
0.6783056259155273
0.6815199255943298
0.6806919574737549
0.6813676953315735
0.6861895322799683
0.6864028573036194
0.6783444285392761
0.6778257489204407
0.6889718770980835
0.6844226121902466
0.6879391670227051
0.6786138415336609
0.6681146621704102
0.6775417923927307
0.6795229911804199
0.6772330403327942
0.682799220085144
0.6850908994674683
0.6860606670379639
0.6801939606666565
0.6776238679885864
0.6712157130241394
0.6775497794151306
0.681837260723114
0.6912651658058167
0.6904720664024353
0.6864851713180542
0.6889439225196838
0.6716084480285645
0.6822013854980469
0.6782677173614502
0.673878014087677
0.675466775894165
0.6762214303016663
0.6743674874305725
0.686202347278595
0.6791428327560425
0.6814365386962891
0.6747908592224121
0.6794927716255188
0.6838456392288208
0.6774224042892456
0.6777105331420898
0.6867399215698242
0.6702006459236145
0.6837913990020752
0.683165431022644
0.6855789422988892
0.6812160015106201
0.683426022529602
0.6839879751205444
0.682881236076355
0.6941421031951904
0.6819548606872559
0.6777204275131226
0.6818256974220276
0.6935814023017883
0.6737414598464966
0.6869572997093201
0.671873927116394
0.6840826869010925
0.6738575100898743
0.680263876914978
0.6928712129592896
0.6810922026634216
0.6808094382286072
0.678215503692627
0.6714840531349182
0.6821972727775574
0.6750441193580627
0.6781091690063477
0.6750797033309937
0.6810898780822754
0.6815191507339478
0.6805274486541748
0.6808110475540161
0.6894876956939697
0.6802623271942139
0.6830506324768066
0.680636465549469
0.680277407169342
0.6757110357284546
0.6872494220733643
0.6832086443901062
0.67838454246521
0.6826525926589966
0.6767386794090271
0.6776056289672852
0.6759710311889648
0.6752567291259766
0.6889350414276123
0.6770071983337402
0.6812552809715271
0.6846645474433899
0.6840605735778809
0.6803690791130066
0.6888256072998047
0.6868299245834351
0.6830700039863586
0.6747453808784485
0.6712004542350769
0.6787412166595459
0.6837723255157471
0.6742818355560303
0.6837321519851685
0.6787551045417786
0.6763412356376648
0.6754708290100098
0.6818515658378601
0.6836706399917603
0.6796985864639282
0.6895511746406555
0.6819921731948853
0.693680465221405
0.67983478307724
0.6896140575408936
0.6878266334533691
0.6815198063850403
0.6785265803337097
0.6947828531265259
0.6816558837890625
0.683979332447052
0.6831095814704895
0.6783120036125183
0.68674635887146
0.6771790981292725
0.6763218641281128
0.6817010641098022
0.6823436617851257
0.6830534338951111
0.6793955564498901
0.6919929385185242
0.6773291826248169
0.6798690557479858
0.6795926690101624
0.6887996792793274
0.6822710633277893
0.6784879565238953
0.6966356635093689
0.6812514066696167
0.6832621097564697
0.6912530064582825
0.6820920705795288
0.6927400827407837
0.6769512891769409
0.6729307770729065
0.6756414771080017
0.680057942867279
0.6722838878631592
0.6919848918914795
0.6802390813827515
0.6789519786834717
0.6807281970977783
0.6799465417861938
0.6830599904060364
0.6878702640533447
0.6776944994926453
0.675801157951355
0.6767805814743042
0.687563955783844
0.6794630885124207
0.6763668060302734
0.6828420162200928
0.6883414387702942
0.6796780228614807
0.682737410068512
0.6851165890693665
0.6894129514694214
0.6875190734863281
0.690204918384552
0.6825519800186157
0.6859564781188965
0.6746717095375061
0.6783803105354309
0.6831576824188232
0.6771595478057861
0.6888979077339172
0.6813281774520874
0.6859544515609741
0.6804599165916443
0.6832082867622375
0.6806616187095642
0.6795587539672852
0.677528977394104
0.6806378364562988
0.6760087013244629
0.6863963007926941
0.6824042797088623
0.6782745718955994
0.6755475401878357
0.6807254552841187
0.6773297190666199
0.6757898926734924
0.6836183071136475
0.683680534362793
0.6747936010360718
0.6808182597160339
0.6820043921470642
0.6824934482574463
0.6816226243972778
0.6861385703086853
0.6801936030387878
0.6768795251846313
0.6729406118392944
0.6880247592926025
0.6748837232589722
0.6807355284690857
0.680486261844635
0.6912522315979004
0.6836832761764526
0.6823602914810181
0.6864434480667114
0.6758130788803101
0.6899299621582031
0.680068850517273
0.6774939298629761
0.681489109992981
0.6775476336479187
0.6772341728210449
0.6853968501091003
0.6775354146957397
0.6824344992637634
0.6828243732452393
0.6796467900276184
0.6819936037063599
0.6813726425170898
0.6819725036621094
0.6836921572685242
0.6793656349182129
0.6861746907234192
0.6804118156433105
0.683682382106781
0.6804147362709045
0.6859467625617981
0.6773849725723267
0.6788226962089539
0.6721985936164856
0.6912667155265808
0.6780356764793396
0.6813160181045532
0.6813112497329712
0.679066002368927
0.6756503582000732
0.6827121376991272
0.6829391717910767
0.6810721158981323
0.6817570924758911
0.6877205967903137
0.6838959455490112
0.6837897300720215
0.6719788312911987
0.6766111254692078
0.6767006516456604
0.6818007826805115
0.6757007837295532
0.6840339303016663
0.6753178238868713
0.6781483292579651
0.6792891621589661
0.6830136775970459
0.6759762763977051
0.6727761626243591
0.6766350865364075
0.6780758500099182
0.6780807375907898
0.6796854734420776
0.6955954432487488
0.6686434745788574
0.6819919347763062
0.6790461540222168
0.6811575889587402
0.6812512278556824
0.6741554737091064
0.6765833497047424
0.6861311793327332
0.6954386830329895
0.6810048222541809
0.6747792363166809
0.6785681247711182
0.6768141388893127
0.6794770359992981
0.6833423376083374
0.6847352385520935
0.6867610812187195
0.6758205890655518
0.6816127896308899
0.6787606477737427
0.6817629933357239
0.6735185980796814
0.6756101846694946
0.6694304347038269
0.6815879344940186
0.682500958442688
0.6876823306083679
0.6845504641532898
0.6834911704063416
0.6766684651374817
0.6782268285751343
0.6720569729804993
0.6795819997787476
0.6750432848930359
0.6778056025505066
0.6824573874473572
0.6824018955230713
0.6832009553909302
0.6761280298233032
0.6861884593963623
0.6767434477806091
0.6748005747795105
0.6907211542129517
0.6778050661087036
0.6885703802108765
0.687736988067627
0.6817177534103394
0.6873237490653992
0.6810945868492126
0.6831204295158386
0.6810390949249268
0.6889879107475281
0.671811580657959
0.6890900135040283
0.6756935715675354
0.6785181164741516
0.689623236656189
0.6743716597557068
0.6785843968391418
0.6775597333908081
0.6863685846328735
0.673852801322937
0.6767529249191284
0.6752623319625854
0.6838435530662537
0.6840078234672546
0.6776013374328613
0.6839969158172607
0.6805770397186279
0.6775578856468201
0.6778594851493835
0.6833393573760986
0.684903085231781
0.6817843317985535
0.6837773323059082
0.6911771297454834
0.6911364197731018
0.6843997240066528
0.6911584734916687
0.675488293170929
0.6745701432228088
0.6783493161201477
0.6751633286476135
0.682625412940979
0.685158371925354
0.6882916688919067
0.6856955885887146
0.6857914328575134
0.6743754148483276
0.6785422563552856
0.676777184009552
0.678269624710083
0.6815412044525146
0.6815351247787476
0.6836350560188293
0.6790803074836731
0.6800937652587891
0.6924293041229248
0.6809924244880676
0.681300699710846
0.6782650947570801
0.6895715594291687
0.6749904155731201
0.6825095415115356
0.6760109663009644
0.6771622896194458
0.6921632885932922
0.6731399297714233
0.6861427426338196
0.6856245398521423
0.6777997612953186
0.6839125156402588
0.687544584274292
0.6806713938713074
0.6770924925804138
0.6834157705307007
0.672421932220459
0.6869287490844727
0.690157949924469
0.6798731088638306
0.6840561032295227
0.6811038851737976
0.6797202229499817
0.6821801066398621
0.6867527365684509
0.6807080507278442
0.6819271445274353
0.6750404834747314
0.6751782894134521
0.686048150062561
0.6760440468788147
0.6802876591682434
0.6833042502403259
0.6827107071876526
0.6704311370849609
0.6783698797225952
0.6836527585983276
0.6826447248458862
0.6768379211425781
0.6757794618606567
0.6807210445404053
0.6841067671775818
0.6760560274124146
0.6740897297859192
0.6764844059944153
0.683281421661377
0.6792420744895935
0.6829593181610107
0.686959981918335
0.6823214888572693
0.6757773756980896
0.6778595447540283
0.6759606003761292
0.6746012568473816
0.6794521808624268
0.6811167597770691
0.6818785071372986
0.6810132265090942
0.6861072778701782
0.6859760284423828
0.6801791787147522
0.6818624138832092
0.6877238750457764
0.6808867454528809
0.6784141063690186
0.6838842630386353
0.6857184171676636
0.6847413182258606
0.6858663558959961
0.6854445934295654
0.6874508261680603
0.676009476184845
0.6829790472984314
0.6837507486343384
0.6860507726669312
0.6811736822128296
0.6858310699462891
0.6885569095611572
0.680480420589447
0.6853660345077515
0.6828527450561523
0.6874394416809082
0.6735924482345581
0.6817383170127869
0.6792094111442566
0.6715478897094727
0.6817161440849304
0.6821292638778687
0.6770704984664917
0.6831178069114685
0.6804600954055786
0.6779715418815613
0.680448055267334
0.6926624178886414
0.6821489930152893
0.6735446453094482
0.6845170259475708
0.6746627688407898
0.6723631024360657
0.674626886844635
0.6774551868438721
0.679220974445343
0.6757671236991882
0.6738460659980774
0.6787655353546143
0.6812099814414978
0.6804355382919312
0.6791055202484131
0.679507315158844
0.6803414225578308
0.6802566051483154
0.6807761788368225
0.6760470867156982
0.6858744621276855
0.6772332787513733
0.6877230405807495
0.6829699277877808
0.6806497573852539
0.6745238304138184
0.683548629283905
0.6920807361602783
0.6800464987754822
0.6771900057792664
0.6896607875823975
0.678946316242218
0.6777404546737671
0.6781348586082458
0.6851789355278015
0.6861323714256287
0.6723732352256775
0.6834828853607178
0.6773637533187866
0.6903411746025085
0.6832659840583801
0.6751231551170349
0.6851004958152771
0.6740136742591858
0.675229012966156
0.6771244406700134
0.6830230355262756
0.6894097328186035
0.6785427331924438
0.6802142262458801
0.6851695775985718
0.6777834892272949
0.6862114071846008
0.6856896877288818
0.6805635094642639
0.6809110641479492
0.6878414750099182
0.684294581413269
0.6799660921096802
0.6748984456062317
0.6812302470207214
0.6828480362892151
0.6834701895713806
0.6797693967819214
0.6847829222679138
0.68352210521698
0.6811382174491882
0.678783118724823
0.681978702545166
0.686993420124054
0.6769106984138489
0.6831859946250916
0.6770685315132141
0.6795247197151184
0.6827961802482605
0.6826838850975037
0.6888651847839355
0.6745067238807678
0.6828274130821228
0.6781934499740601
0.6798213720321655
0.6819378733634949
0.6830649971961975
0.6845579743385315
0.6826539635658264
0.6812360286712646
0.6832823157310486
0.6860948801040649
0.6823644638061523
0.6847852468490601
0.6845351457595825
0.6848373413085938
0.6764457821846008
0.6810152530670166
0.6836260557174683
0.6812200546264648
0.6747989654541016
0.6801794171333313
0.6800855398178101
0.6833117008209229
0.6800345778465271
0.675147294998169
0.6815165877342224
0.6754646897315979
0.6780626773834229
0.6748238801956177
0.6788806915283203
0.679286003112793
0.6779924631118774
0.6757846474647522
0.6863220930099487
0.6766707301139832
0.6762300133705139
0.6810685992240906
0.6802128553390503
0.6811371445655823
0.6781953573226929
0.6880711913108826
0.678584098815918
0.6898418068885803
0.6874477863311768
0.6792721152305603
0.6799959540367126
0.676198422908783
0.6830635666847229
0.6836296319961548
0.6827053427696228
0.6794511079788208
0.6740286350250244
0.6833891868591309
0.6830892562866211
0.672497570514679
0.6746214628219604
0.6779516339302063
0.6773881912231445
0.6881288886070251
0.6834851503372192
0.6778396368026733
0.6774594783782959
0.6774532794952393
0.6807127594947815
0.6890804171562195
0.6783708333969116
0.674440324306488
0.6807505488395691
0.6737263798713684
0.6764326095581055
0.6924563050270081
0.6850154995918274
0.6780841946601868
0.6819103360176086
0.6871922016143799
0.6880840063095093
0.6747328639030457
0.686863899230957
0.6836733818054199
0.6695178747177124
0.6778393387794495
0.6769683361053467
0.6922073364257812
0.6829463243484497
0.6853698492050171
0.6742644906044006
0.6819409132003784
0.6795705556869507
0.6738201379776001
0.6791751384735107
0.6819443702697754
0.6729751825332642
0.68393474817276
0.6861841678619385
0.6753932237625122
0.6884984374046326
0.6821062564849854
0.6776699423789978
0.6778732538223267
0.6835910081863403
0.6774172782897949
0.674030601978302
0.685361385345459
0.6799634695053101
0.6900779008865356
0.6757083535194397
0.6750003695487976
0.6857081055641174
0.684769332408905
0.6855730414390564
0.6745026707649231
0.6825902462005615
0.6817526817321777
0.6826558113098145
0.6854711174964905
0.6826358437538147
0.6864330172538757
0.6757670640945435
0.6839763522148132
0.680486798286438
0.6735528707504272
0.6865864992141724
0.6797786951065063
0.6818633675575256
0.6803646087646484
0.680282711982727
0.6750584840774536
0.6901726722717285
0.6792582273483276
0.672474205493927
0.6712800860404968
0.6763440370559692
0.6784661412239075
0.6859222650527954
0.6770118474960327
0.6776244640350342
0.6750407218933105
0.6839038729667664
0.6784169673919678
0.6823696494102478
0.678490161895752
0.6855370402336121
0.6781768798828125
0.6765645146369934
0.6729570627212524
0.6767292618751526
0.6789299249649048
0.6810078620910645
0.6803016066551208
0.6770805716514587
0.681990921497345
0.687716543674469
0.6782140731811523
0.6823635101318359
0.6855844855308533
0.6866134405136108
0.6800458431243896
0.6834508180618286
0.6735769510269165
0.6805623769760132
0.6857526302337646
0.6864632368087769
0.6833884716033936
0.6930367350578308
0.6787208914756775
0.6859771609306335
0.685188889503479
0.6815309524536133
0.6822123527526855
0.6858020424842834
0.6801206469535828
0.6824196577072144
0.6788747906684875
0.679607093334198
0.6820529699325562
0.6832989454269409
0.6797388195991516
0.677685022354126
0.6761748194694519
0.6853305101394653
0.6712300777435303
0.6754888892173767
0.6850840449333191
0.6812105774879456
0.6808399558067322
0.6776437163352966
0.6770331859588623
0.6866865754127502
0.6749957799911499
0.687191367149353
0.6803184151649475
0.6859122514724731
0.674647331237793
0.6736297011375427
0.6891019344329834
0.6811832785606384
0.6870794892311096
0.6803631782531738
0.6898060441017151
0.6870718598365784
0.6772568225860596
0.6814623475074768
0.6802263259887695
0.6796514987945557
0.6834425330162048
0.6785485744476318
0.6863948106765747
0.6896553039550781
0.6830923557281494
0.6781541705131531
0.6758806705474854
0.6791303157806396
0.6885712742805481
0.6900894641876221
0.6735324859619141
0.6812081336975098
0.6762731671333313
0.6766893863677979
0.6854196190834045
0.6795625686645508
0.6749130487442017
0.6820369958877563
0.679611325263977
0.6854430437088013
0.6772638559341431
0.680335283279419
0.684610903263092
0.6804577708244324
0.6808503866195679
0.6733649969100952
0.6803709268569946
0.6819801926612854
0.6781196594238281
0.6724039912223816
0.6827230453491211
0.6789484024047852
0.6924850344657898
0.6718106269836426
0.6837949156761169
0.6870750188827515
0.6819174289703369
0.6771504282951355
0.681338369846344
0.6858534812927246
0.6793964505195618
0.6817517280578613
0.6818087697029114
0.6795845031738281
0.6816534996032715
0.6795662045478821
0.6850892901420593
0.6810818314552307
0.6870343685150146
0.6848888993263245
0.6763585805892944
0.6864222884178162
0.6823068857192993
0.6879740357398987
0.6818817257881165
0.674720048904419
0.6793459057807922
0.6889491677284241
0.6806083917617798
0.6862804889678955
0.6855902671813965
0.6826258301734924
0.6846972107887268
0.671638548374176
0.6842762231826782
0.6890732049942017
0.6816602349281311
0.6824663877487183
0.6830105185508728
0.6843780875205994
0.6872636675834656
0.6745538711547852
0.6774252653121948
0.6725748777389526
0.6712119579315186
0.6768583655357361
0.6773459911346436
0.6811525225639343
0.6723885536193848
0.6825360655784607
0.684366762638092
0.6802796721458435
0.683157205581665
0.687723696231842
0.6899805068969727
0.6784190535545349
0.6832743287086487
0.6744853258132935
0.6753547191619873
0.6757805943489075
0.6814184188842773
0.6789251565933228
0.6810836791992188
0.6798104047775269
0.6911216974258423
0.6814622282981873
0.6849818229675293
0.6771492958068848
0.6853671669960022
0.6793636083602905
0.6783328652381897
0.6858794093132019
0.6833177804946899
0.6771436929702759
0.6816802620887756
0.6763457655906677
0.6737877726554871
0.6750487089157104
0.6757947206497192
0.6818587779998779
0.6732131838798523
0.6851378083229065
0.6841614842414856
0.6811451315879822
0.6838921308517456
0.6791999936103821
0.6865686178207397
0.681545078754425
0.6928936839103699
0.6857022047042847
0.6827371120452881
0.682196319103241
0.682921290397644
0.6821388602256775
0.6815988421440125
0.6927134394645691
0.6785668134689331
0.6830012202262878
0.6722634434700012
0.6871282458305359
0.6885026693344116
0.6778993010520935
0.6792880892753601
0.6829487681388855
0.682304859161377
0.674203634262085
0.6782009601593018
0.6774497628211975
0.6878370046615601
0.6778639554977417
0.6865526437759399
0.6738930344581604
0.6843522787094116
0.6729015707969666
0.6854353547096252
0.6863955855369568
0.6899396181106567
0.6783709526062012
0.6823239326477051
0.6760322451591492
0.6719002723693848
0.6807698607444763
0.6805040836334229
0.6797598600387573
0.6835455298423767
0.6839212775230408
0.6856433749198914
0.6753034591674805
0.6785544753074646
0.6785092949867249
0.6791160106658936
0.6833928823471069
0.6823616623878479
0.6794114708900452
0.6860082745552063
0.6865296363830566
0.6769915223121643
0.6826115250587463
0.6797207593917847
0.6823967695236206
0.677629292011261
0.700713038444519
0.6803964376449585
0.6829245090484619
0.6869354248046875
0.6836305856704712
0.6815134882926941
0.685588538646698
0.6817448735237122
0.6741162538528442
0.6799510717391968
0.6912941336631775
0.6716369986534119
0.681228518486023
0.682777464389801
0.6776090264320374
0.6769911646842957
0.6793556809425354
0.6755247712135315
0.6777746677398682
0.6831219792366028
0.6822953224182129
0.678289532661438
0.677559494972229
0.6715288162231445
0.6832746267318726
0.6930669546127319
0.681211531162262
0.6939560174942017
0.6744052171707153
0.6721575260162354
0.6781067252159119
0.6763900518417358
0.6809465289115906
0.6778784990310669
0.6815510392189026
0.6798801422119141
0.681577742099762
0.6908230781555176
0.7059500217437744
0.6786448359489441
0.6795704960823059
0.6778378486633301
0.6805274486541748
0.6767119765281677
0.6878520846366882
0.6788513660430908
0.6721783876419067
0.6750833988189697
0.6759326457977295
0.6745333671569824
0.6861708760261536
0.6868129372596741
0.6780368685722351
0.6832703351974487
0.6877835392951965
0.6771087646484375
0.6810883283615112
0.6814277172088623
0.6800392270088196
0.6839756369590759
0.680289089679718
0.6849994659423828
0.6827867031097412
0.6797353029251099
0.67743319272995
0.6799418330192566
0.6865289807319641
0.6739563345909119
0.6837586760520935
0.6740776300430298
0.6808632612228394
0.6828428506851196
0.69123375415802
0.6826381683349609
0.6874036192893982
0.6836262345314026
0.6768374443054199
0.680270254611969
0.687322199344635
0.6764997839927673
0.680660605430603
0.6738938093185425
0.6799184679985046
0.6725428700447083
0.6814637780189514
0.6818457841873169
0.6757845878601074
0.6807289123535156
0.6885610222816467
0.6768783330917358
0.6799230575561523
0.6830384135246277
0.678840160369873
0.6782104969024658
0.6835598349571228
0.6807798147201538
0.678091824054718
0.6893036961555481
0.677987813949585
0.6829895973205566
0.6845970749855042
0.6803945302963257
0.6821643114089966
0.6819764375686646
0.6733778715133667
0.6748440265655518
0.6734076738357544
0.6812378168106079
0.6743509769439697
0.6898272633552551
0.6853345632553101
0.6831995844841003
0.6931214332580566
0.6805364489555359
0.6800273656845093
0.6900987029075623
0.6829833984375
0.691778302192688
0.6822891235351562
0.6848995685577393
0.6793467402458191
0.6823029518127441
0.6797831058502197
0.6785789132118225
0.6826401352882385
0.6802347898483276
0.6806695461273193
0.6848025321960449
0.6783756017684937
0.6828070878982544
0.692284345626831
0.6815539002418518
0.6860876679420471
0.6785924434661865
0.6823119521141052
0.6788432002067566
0.6781319975852966
0.6841424107551575
0.6886166930198669
0.6853389739990234
0.6740233302116394
0.679783284664154
0.6781192421913147
0.6823607683181763
0.6739069223403931
0.6791795492172241
0.6868122816085815
0.6804779171943665
0.6757405400276184
0.7015506029129028
0.6769699454307556
0.6811585426330566
0.6872788667678833
0.6809781193733215
0.6808390617370605
0.682451605796814
0.6713595986366272
0.683372974395752
0.6772477030754089
0.6830742955207825
0.6845595240592957
0.6825787425041199
0.6831279397010803
0.6794415712356567
0.6770904660224915
0.6900432705879211
0.6773939728736877
0.6804523468017578
0.6701405048370361
0.6832062602043152
0.6869330406188965
0.6826491951942444
0.6816273331642151
0.6841663718223572
0.680653989315033
0.6773964166641235
0.6858537793159485
0.6788806915283203
0.6767986416816711
0.6760110259056091
0.6721705198287964
0.6815171837806702
0.6826422810554504
0.6783843040466309
0.6845576167106628
0.6814701557159424
0.6730167865753174
0.6770006418228149
0.6877742409706116
0.6805713772773743
0.6888361573219299
0.6829694509506226
0.6816492080688477
0.6926804780960083
0.6866961121559143
0.6796367168426514
0.6774731874465942
0.6806251406669617
0.6827489733695984
0.6817339062690735
0.6820386648178101
0.6761921644210815
0.6805821657180786
0.6847984194755554
0.6839793920516968
0.6860028505325317
0.683363676071167
0.6970512866973877
0.6776687502861023
0.678412914276123
0.6831973791122437
0.6807984709739685
0.6821298599243164
0.67891526222229
0.6802632212638855
0.677623450756073
0.6849597692489624
0.679321825504303
0.6826360821723938
0.6767711043357849
0.6833965182304382
0.6765613555908203
0.6790589690208435
0.6771877408027649
0.7117181420326233
0.6887806057929993
0.6829831004142761
0.6907800436019897
0.6874154806137085
0.6923550367355347
0.6840835213661194
0.6784696578979492
0.6752299666404724
0.6787386536598206
0.6776630282402039
0.6723674535751343
0.675222635269165
0.6736343502998352
0.6695474982261658
0.6774676442146301
0.6823385953903198
0.6859982013702393
0.6787168979644775
0.6832249164581299
0.677186131477356
0.6799996495246887
0.6759197115898132
0.6804226040840149
0.6824067234992981
0.6700795292854309
0.6705224514007568
0.6901005506515503
0.6785792708396912
0.681071400642395
0.6832020878791809
0.6785584092140198
0.6849223375320435
0.6786250472068787
0.6807032823562622
0.6928578019142151
0.6755311489105225
0.675901472568512
0.6794320344924927
0.6794224381446838
0.6806009411811829
0.6776600480079651
0.6850970983505249
0.6768137812614441
0.6807023882865906
0.6776710152626038
0.6882666349411011
0.6865292191505432
0.682976245880127
0.6781986951828003
0.694379448890686
0.6784889698028564
0.6788814067840576
0.6831585764884949
0.6850466728210449
0.6889464855194092
0.6795833706855774
0.6774984002113342
0.6875693202018738
0.680030345916748
0.679855465888977
0.6729145050048828
0.679995596408844
0.682707667350769
0.6853055357933044
0.6849462389945984
0.6783785820007324
0.679969072341919
0.6793766021728516
0.6855077147483826
0.6843758821487427
0.6747209429740906
0.6777943968772888
0.6854280829429626
0.6722429990768433
0.6757217645645142
0.6885682940483093
0.6798238754272461
0.6795191764831543
0.6787573099136353
0.6803507804870605
0.6784020066261292
0.6837167739868164
0.6807700395584106
0.6795247197151184
0.6807218790054321
0.6839709281921387
0.6760559678077698
0.6865745782852173
0.6825832724571228
0.6736564040184021
0.6717472076416016
0.6848418712615967
0.6867045760154724
0.6814125776290894
0.6744084358215332
0.684906005859375
0.6813085079193115
0.6870606541633606
0.6806447505950928
0.6881356239318848
0.6802825927734375
0.6762264966964722
0.6845996379852295
0.6767086386680603
0.6903253197669983
0.676284909248352
0.6891586184501648
0.6797387003898621
0.6911014318466187
0.6774137020111084
0.677478015422821
0.6787299513816833
0.6775470972061157
0.6849583983421326
0.6810300350189209
0.6798220276832581
0.6715086102485657
0.6825873851776123
0.6861435174942017
0.674714207649231
0.6885661482810974
0.6870267987251282
0.6813351511955261
0.6804643869400024
0.685775876045227
0.6797887682914734
0.6821140646934509
0.6827757358551025
0.6796035766601562
0.6793864369392395
0.68171226978302
0.6714342832565308
0.6771418452262878
0.6806201338768005
0.6776883006095886
0.682393491268158
0.6842433214187622
0.6751211881637573
0.6921406388282776
0.6846556067466736
0.6865379810333252
0.6819363236427307
0.6828492283821106
0.6969817280769348
0.680992603302002
0.6785176396369934
0.6825825572013855
0.6762920022010803
0.6823543906211853
0.6778309941291809
0.6890775561332703
0.6853646039962769
0.6690186858177185
0.6737725734710693
0.6857096552848816
0.6790544390678406
0.6847077012062073
0.6744604110717773
0.6852859854698181
0.6804261207580566
0.6780046224594116
0.6790637373924255
0.6784372329711914
0.6860479712486267
0.6813332438468933
0.6777843236923218
0.6774438619613647
0.6832782030105591
0.6824914813041687
0.6833364963531494
0.6791309714317322
0.6784654855728149
0.6789098978042603
0.6709028482437134
0.6799740791320801
0.6885334849357605
0.6754648089408875
0.6784155368804932
0.6839350461959839
0.6766650676727295
0.6849173307418823
0.6812979578971863
0.6760510802268982
0.68900465965271
0.6801326274871826
0.6785817742347717
0.6783187985420227
0.68108731508255
0.6806340217590332
0.6862677335739136
0.673001229763031
0.6801655888557434
0.691435694694519
0.6876615285873413
0.6817595362663269
0.6773925423622131
0.6847083568572998
0.6823949813842773
0.6819810271263123
0.6815646886825562
0.6843731999397278
0.6795141696929932
0.6763157844543457
0.6868971586227417
0.6832072138786316
0.6797612309455872
0.6770250797271729
0.672136127948761
0.6794894337654114
0.6738108396530151
0.6870376467704773
0.6740439534187317
0.698293924331665
0.686660885810852
0.6889979243278503
0.6804516315460205
0.6706708073616028
0.6880314350128174
0.6812854409217834
0.681865394115448
0.6830553412437439
0.6811642646789551
0.6800663471221924
0.674960732460022
0.6763509511947632
0.6781447529792786
0.6786044239997864
0.6885124444961548
0.6750499606132507
0.6806409358978271
0.684005081653595
0.6805704236030579
0.687435507774353
0.6862073540687561
0.6753818988800049
0.67631995677948
0.677661120891571
0.670849084854126
0.6798222661018372
0.6851270198822021
0.6823676228523254
0.6812448501586914
0.6785460114479065
0.6774093508720398
0.6772476434707642
0.6794673204421997
0.6841942071914673
0.6842469573020935
0.6836873292922974
0.6802289485931396
0.6809291243553162
0.6820294260978699
0.6827846169471741
0.6818854808807373
0.6772900223731995
0.6818721890449524
0.678828239440918
0.6803885102272034
0.6823483109474182
0.6843605637550354
0.684463620185852
0.672926664352417
0.6856096386909485
0.6778730154037476
0.6829520463943481
0.6772246360778809
0.6761017441749573
0.6830256581306458
0.6932651400566101
0.6761055588722229
0.6787870526313782
0.6711987853050232
0.683888852596283
0.6836579442024231
0.6807616949081421
0.682447075843811
0.6868848204612732
0.6828621029853821
0.6842547655105591
0.6806163787841797
0.680549144744873
0.68113774061203
0.6894140243530273
0.6853315830230713
0.6744080781936646
0.674187183380127
0.6817150712013245
0.6844750046730042
0.6839736700057983
0.6773324608802795
0.676068902015686
0.6861796379089355
0.6699196696281433
0.679397702217102
0.674721360206604
0.6841818690299988
0.6796890497207642
0.6794590353965759
0.6817713379859924
0.6774802803993225
0.6781859993934631
0.6815008521080017
0.6826390027999878
0.6777796745300293
0.6779686212539673
0.6781410574913025
0.6849928498268127
0.6819074153900146
0.6816197037696838
0.6816766262054443
0.6788145303726196
0.6770915985107422
0.6844457983970642
0.6802120804786682
0.6809117197990417
0.6797256469726562
0.6783080101013184
0.678969144821167
0.6831449270248413
0.6800389885902405
0.6770139932632446
0.6808452010154724
0.6814068555831909
0.681289553642273
0.6911212801933289
0.6726102828979492
0.6835941672325134
0.6782403588294983
0.6918534636497498
0.689652681350708
0.6793907880783081
0.6811338067054749
0.6803733110427856
0.6836457848548889
0.6841532588005066
0.680681049823761
0.6842544078826904
0.687424898147583
0.6845601797103882
0.6767683625221252
0.6632204651832581
0.6852691173553467
0.6800413131713867
0.677478015422821
0.6754236221313477
0.696408212184906
0.6854100823402405
0.6771031022071838
0.6775468587875366
0.6832417249679565
0.6811718344688416
0.6730568408966064
0.6814992427825928
0.6830471158027649
0.6851233839988708
0.6833913326263428
0.6835795640945435
0.6835500001907349
0.6830140352249146
0.6801242828369141
0.6776764988899231
0.6792566776275635
0.6877501606941223
0.6911424994468689
0.6775914430618286
0.6740021705627441
0.6736474633216858
0.6856016516685486
0.6869271993637085
0.680801272392273
0.6939927339553833
0.6795685291290283
0.6783466935157776
0.6799991130828857
0.6872944831848145
0.6794495582580566
0.6789199113845825
0.6793633699417114
0.6882935762405396
0.67326420545578
0.6778461337089539
0.6843509674072266
0.6804389953613281
0.6869714856147766
0.6791527271270752
0.6719908714294434
0.6784706711769104
0.6881945133209229
0.6828342080116272
0.6829200983047485
0.6887048482894897
0.6844045519828796
0.6869211792945862
0.6824967265129089
0.6771220564842224
0.677643895149231
0.6835651397705078
0.6758914589881897
0.6810025572776794
0.6743980646133423
0.691652238368988
0.6866519451141357
0.6967499852180481
0.6819952130317688
0.6830382943153381
0.6818674206733704
0.6730896234512329
0.6832389235496521
0.6822980046272278
0.6756516695022583
0.6793701648712158
0.6871512532234192
0.6832730174064636
0.6794369220733643
0.6789059638977051
0.6798616051673889
0.6861476898193359
0.6916481256484985
0.6867942810058594
0.6794113516807556
0.6802595257759094
0.6756468415260315
0.6885506510734558
0.6819759011268616
0.6800826787948608
0.6816524863243103
0.6928688883781433
0.6782387495040894
0.6785404086112976
0.6771309971809387
0.674392580986023
0.6771457195281982
0.6898245811462402
0.6768814325332642
0.6798920631408691
0.6724019050598145
0.6844757199287415
0.6803483963012695
0.6765350699424744
0.681878387928009
0.6814681887626648
0.6789546012878418
0.6771935820579529
0.680090069770813
0.6765311360359192
0.6789854764938354
0.6812263131141663
0.6770731806755066
0.6734544634819031
0.6831235289573669
0.6821133494377136
0.6729235649108887
0.6777579188346863
0.684847354888916
0.6922400593757629
0.6857315897941589
0.6794523596763611
0.6757521033287048
0.680911123752594
0.6776161193847656
0.6779099106788635
0.6837048530578613
0.6864022016525269
0.6808958649635315
0.6777779459953308
0.6833463311195374
0.6757586002349854
0.6847153902053833
0.6948492527008057
0.6882708072662354
0.6784456372261047
0.6776856780052185
0.6815624833106995
0.6708359718322754
0.6790409088134766
0.684457540512085
0.6797780394554138
0.6848573684692383
0.6808724999427795
0.6788420677185059
0.6834397912025452
0.6780516505241394
0.6769652366638184
0.673707127571106
0.6794952750205994
0.6803890466690063
0.6814979910850525
0.6836501955986023
0.6769704222679138
0.6790227890014648
0.6832214593887329
0.6781200766563416
0.676767885684967
0.6869692206382751
0.6760145425796509
0.6751620769500732
0.6801000237464905
0.6818663477897644
0.6868042349815369
0.6816444396972656
0.6874521970748901
0.679225504398346
0.683930516242981
0.6806420683860779
0.67428058385849
0.6837897300720215
0.6819199323654175
0.6823413372039795
0.6785696148872375
0.6781578063964844
0.6823952198028564
0.68093341588974
0.6822001338005066
0.6853547096252441
0.6827518343925476
0.6796824336051941
0.6763661503791809
0.6796098947525024
0.6793312430381775
0.6781978607177734
0.6836286783218384
0.680006206035614
0.689360499382019
0.6852867007255554
0.6816473603248596
0.6735860705375671
0.6814687252044678
0.6809870600700378
0.6752250790596008
0.6756386160850525
0.678227961063385
0.6799566745758057
0.6846421360969543
0.6863552331924438
0.6750249266624451
0.6743320226669312
0.6830272078514099
0.6753576397895813
0.6895456910133362
0.6808849573135376
0.6843772530555725
0.6860776543617249
0.6837340593338013
0.6723386645317078
0.6799097657203674
0.6859690546989441
0.6884733438491821
0.6746402382850647
0.6828612089157104
0.6842139959335327
0.685865044593811
0.6821694374084473
0.686089813709259
0.6765554547309875
0.6763803362846375
0.6750749349594116
0.6751233339309692
0.6795964241027832
0.6816446185112
0.677398145198822
0.682804524898529
0.6733909845352173
0.6824602484703064
0.6865494847297668
0.6766173839569092
0.6793866753578186
0.688726007938385
0.6745492219924927
0.6811740398406982
0.6874725818634033
0.6871646642684937
0.6798872351646423
0.6819594502449036
0.6725860238075256
0.6713986396789551
0.6779665946960449
0.6816403865814209
0.6833799481391907
0.6821618676185608
0.6813201904296875
0.6823553442955017
0.6739227175712585
0.6838595271110535
0.6837540864944458
0.678112268447876
0.6879236102104187
0.6845502853393555
0.6830222606658936
0.6819299459457397
0.6712275743484497
0.6808475255966187
0.6844347715377808
0.6808853149414062
0.6818214654922485
0.6830854415893555
0.6849668622016907
0.6795616745948792
0.6748424172401428
0.679002046585083
0.6795415282249451
0.6898720264434814
0.6789466738700867
0.6856591701507568
0.6827779412269592
0.67503422498703
0.6751968860626221
0.6824954748153687
0.6813991665840149
0.6852074265480042
0.6749366521835327
0.6784993410110474
0.676438570022583
0.6825767159461975
0.6779974102973938
0.6816427111625671
0.6777901649475098
0.674001932144165
0.677966833114624
0.6875026822090149
0.681013286113739
0.6759011149406433
0.6788046956062317
0.6949571371078491
0.6866866946220398
0.6811590790748596
0.6763027906417847
0.678435206413269
0.6804619431495667
0.6807429194450378
0.6840363144874573
0.6854096055030823
0.6870503425598145
0.6782540082931519
0.6794625520706177
0.6758019328117371
0.6782006621360779
0.6816052794456482
0.6770758628845215
0.6932066082954407
0.6781384944915771
0.6829611659049988
0.6836307644844055
0.6765641570091248
0.6777558326721191
0.6727262735366821
0.6767133474349976
0.6821417808532715
0.6956435441970825
0.6908103227615356
0.6954755187034607
0.6796131730079651
0.6815542578697205
0.6720119714736938
0.6750940084457397
0.6824044585227966
0.6767926812171936
0.6903924345970154
0.6791610717773438
0.6798739433288574
0.6819933652877808
0.683168351650238
0.6855385303497314
0.6783360242843628
0.6857256293296814
0.6796895861625671
0.6876710057258606
0.6747328042984009
0.6784269213676453
0.6826757788658142
0.6733635663986206
0.6821592450141907
0.6765996217727661
0.681698739528656
0.6769732236862183
0.6857751607894897
0.6793200373649597
0.6901471614837646
0.680748462677002
0.6863935589790344
0.668969452381134
0.6782705783843994
0.6849284172058105
0.6750032901763916
0.6800451874732971
0.6790682077407837
0.675510823726654
0.6724568009376526
0.6840996146202087
0.6846261620521545
0.6834553480148315
0.682881236076355
0.6736757755279541
0.6800794005393982
0.6796228289604187
0.686333179473877
0.677818238735199
0.6806116104125977
0.6811866164207458
0.6866952180862427
0.6835422515869141
0.6830640435218811
0.6750891804695129
0.6790852546691895
0.6757676601409912
0.6839361786842346
0.6730054020881653
0.6840137839317322
0.6933403015136719
0.6802765727043152
0.684535801410675
0.6811459064483643
0.6761307120323181
0.6861944794654846
0.6757444739341736
0.685825765132904
0.6872472763061523
0.675169825553894
0.682902991771698
0.6863064765930176
0.6815217733383179
0.6749927997589111
0.6837279200553894
0.6830581426620483
0.6914280652999878
0.6827368140220642
0.6779358386993408
0.6808321475982666
0.6801679134368896
0.6854206919670105
0.6744399070739746
0.6743407249450684
0.6847124695777893
0.6731711626052856
0.670399010181427
0.6819141507148743
0.6773681044578552
0.6809163689613342
0.6808038353919983
0.687035322189331
0.6822666525840759
0.6810415983200073
0.6737508177757263
0.6726110577583313
0.682199239730835
0.670730471611023
0.6787920594215393
0.672504723072052
0.6830288171768188
0.6804202795028687
0.6827560663223267
0.6838595271110535
0.6831004023551941
0.6791753172874451
0.6867791414260864
0.6803288459777832
0.6810252070426941
0.6839144229888916
0.6814461946487427
0.6837485432624817
0.6760392189025879
0.6913238167762756
0.6859230399131775
0.6880358457565308
0.6814259886741638
0.6788596510887146
0.6816631555557251
0.6791063547134399
0.6982747912406921
0.6721729636192322
0.6766459345817566
0.6832730174064636
0.6774966716766357
0.6831260323524475
0.6824036836624146
0.6808930039405823
0.6765012741088867
0.6890400052070618
0.686704695224762
0.67923903465271
0.6749650835990906
0.6831490397453308
0.6748086810112
0.6721197962760925
0.6806426048278809
0.6760724782943726
0.6805566549301147
0.6832383275032043
0.6813585758209229
0.6801000237464905
0.6815736293792725
0.6870935559272766
0.6855998039245605
0.6837983727455139
0.6833124160766602
0.6791206002235413
0.6713946461677551
0.6786038279533386
0.6878885626792908
0.6796366572380066
0.6729701161384583
0.6804578304290771
0.6782770156860352
0.6779651045799255
0.6776757836341858
0.67234206199646
0.6796469688415527
0.662828266620636
0.6751301288604736
0.6782028675079346
0.67826247215271
0.6777664422988892
0.6791589260101318
0.6801611185073853
0.6827511191368103
0.6876518726348877
0.6851012706756592
0.6766801476478577
0.6837866306304932
0.6872789859771729
0.6803473234176636
0.6859713196754456
0.6776749491691589
0.6844474077224731
0.67445969581604
0.6863139271736145
0.6761959195137024
0.6779258847236633
0.6839205622673035
0.6737403869628906
0.6857947111129761
0.6791285872459412
0.6759616136550903
0.6775933504104614
0.6843451857566833
0.682969331741333
0.6858507394790649
0.6760676503181458
0.6803032755851746
0.6771643161773682
0.6840300559997559
0.6804264783859253
0.6751381158828735
0.67815762758255
0.6835832595825195
0.6810334324836731
0.6821412444114685
0.6791124939918518
0.6854992508888245
0.6877667307853699
0.6815983057022095
0.6765276193618774
0.6819031834602356
0.6762531399726868
0.6808684468269348
0.6844608783721924
0.6752848625183105
0.6754329204559326
0.6808874011039734
0.6826494932174683
0.6833494901657104
0.679071307182312
0.6815750598907471
0.6735472679138184
0.6820214986801147
0.6825692653656006
0.6789736151695251
0.6849335432052612
0.6772943735122681
0.693631649017334
0.6884598731994629
0.6923404335975647
0.6802018880844116
0.6775652170181274
0.6821961402893066
0.675972580909729
0.6935724020004272
0.6809936761856079
0.6727964878082275
0.6806363463401794
0.6765302419662476
0.6873157620429993
0.6790774464607239
0.684625506401062
0.6857950687408447
0.6825100779533386
0.6790070533752441
0.6749376058578491
0.6780765056610107
0.675244927406311
0.6775926947593689
0.6856576800346375
0.6761510968208313
0.6857485175132751
0.6787999272346497
0.6874517798423767
0.6780178546905518
0.6819086074829102
0.6811109781265259
0.6861874461174011
0.6743022799491882
0.6813609004020691
0.6730849146842957
0.6725770235061646
0.6817206144332886
0.6673092246055603
0.6753678321838379
0.6812698245048523
0.6801257729530334
0.6857576370239258
0.6733826994895935
0.6752914190292358
0.6787367463111877
0.6782342791557312
0.6851426362991333
0.6777971386909485
0.6859689950942993
0.6879226565361023
0.6773073077201843
0.6785021424293518
0.6871845126152039
0.6824306845664978
0.6795051693916321
0.6835179924964905
0.68642258644104
0.6809197664260864
0.6837764382362366
0.6876665949821472
0.683400571346283
0.6808764934539795
0.6746221780776978
0.6775850653648376
0.6766960024833679
0.6774199604988098
0.679126501083374
0.6831716895103455
0.6847516894340515
0.6715242266654968
0.6787747144699097
0.6824036836624146
0.6813336610794067
0.6828117370605469
0.6838953495025635
0.6822096705436707
0.6877518892288208
0.6861429810523987
0.6802284717559814
0.6805353164672852
0.6814256310462952
0.6758905649185181
0.6855993270874023
0.6747105717658997
0.6850577592849731
0.6760671138763428
0.6805889010429382
0.6818193197250366
0.6823896169662476
0.6881207823753357
0.6807383894920349
0.6831365823745728
0.6824756860733032
0.6803131699562073
0.678901195526123
0.6864392757415771
0.6886197328567505
0.6729379892349243
0.6816304326057434
0.6810094714164734
0.6782152652740479
0.6835324764251709
0.6867496371269226
0.6815428733825684
0.6764520406723022
0.6750729084014893
0.6896501183509827
0.6767489314079285
0.6787781715393066
0.6818810701370239
0.681418240070343
0.6802489161491394
0.6797736287117004
0.6783040165901184
0.682567298412323
0.6783432960510254
0.6732914447784424
0.6825274229049683
0.6812293529510498
0.6885406374931335
0.6737108826637268
0.6780922412872314
0.6844334006309509
0.68120938539505
0.6852526068687439
0.674427330493927
0.6843808889389038
0.6686798334121704
0.6896901726722717
0.6775103807449341
0.6791220307350159
0.6897687315940857
0.6812493801116943
0.6808897256851196
0.6716692447662354
0.6798742413520813
0.6828088760375977
0.6796441674232483
0.6850021481513977
0.6853108406066895
0.6936646103858948
0.6808909773826599
0.6808920502662659
0.6804190874099731
0.6725523471832275
0.6921287775039673
0.6817386746406555
0.6775597333908081
0.6775991916656494
0.6779329180717468
0.6902777552604675
0.6797509789466858
0.6699364185333252
0.6807284355163574
0.67679363489151
0.6787136793136597
0.6742453575134277
0.6691187024116516
0.6834707856178284
0.6789025068283081
0.6775404214859009
0.6734482645988464
0.6768864393234253
0.6866165399551392
0.6834497451782227
0.6812841892242432
0.6809135675430298
0.6809886693954468
0.6894534826278687
0.6863324046134949
0.6832141876220703
0.6745486259460449
0.6882209777832031
0.6885092258453369
0.6758262515068054
0.6766238808631897
0.6717755794525146
0.6795413494110107
0.6705285906791687
0.6831722855567932
0.6824592351913452
0.6841038465499878
0.673041820526123
0.6781896948814392
0.678672730922699
0.6776067018508911
0.6814621090888977
0.6717105507850647
0.6893596649169922
0.6793072819709778
0.6803918480873108
0.6794342994689941
0.6795501112937927
0.680098295211792
0.6854273080825806
0.6902195811271667
0.6765909790992737
0.6799089312553406
0.6727967858314514
0.6869775652885437
0.6812527179718018
0.6774970293045044
0.675055980682373
0.6847525835037231
0.6859418749809265
0.6751570105552673
0.6868138909339905
0.6860951781272888
0.6834409832954407
0.67367023229599
0.6796327233314514
0.6894595623016357
0.6746521592140198
0.684575080871582
0.6732349395751953
0.6735286116600037
0.6873040795326233
0.6734174489974976
0.6864261627197266
0.672716498374939
0.6871646642684937
0.6831600666046143
0.6803991198539734
0.6936923265457153
0.6823111772537231
0.6841294169425964
0.6810373067855835
0.6782578229904175
0.6800636649131775
0.6881851553916931
0.6782297492027283
0.6802487969398499
0.6807969808578491
0.6853072047233582
0.6925135254859924
0.6814688444137573
0.6857143640518188
0.6758371591567993
0.6822272539138794
0.6843888759613037
0.6757705211639404
0.6803381443023682
0.6887161135673523
0.688741147518158
0.6799509525299072
0.6768572926521301
0.6833732724189758
0.6850582957267761
0.6780058741569519
0.6699734926223755
0.6838905811309814
0.6848796010017395
0.6782020330429077
0.6757581233978271
0.6768860220909119
0.6763941645622253
0.6769903898239136
0.6830693483352661
0.685766875743866
0.6796655654907227
0.6743035912513733
0.6744725704193115
0.6782382726669312
0.6775369048118591
0.6810290217399597
0.6828038692474365
0.6719689965248108
0.6799660325050354
0.6779816746711731
0.6811599731445312
0.6850810647010803
0.6857960820198059
0.6798751950263977
0.6779581308364868
0.6780988574028015
0.6774957776069641
0.6787315011024475
0.6930415630340576
0.6825267672538757
0.6823620200157166
0.67934250831604
0.6777257919311523
0.6847894191741943
0.6752892732620239
0.6791132688522339
0.6786964535713196
0.6875024437904358
0.681197464466095
0.6857326626777649
0.6815223097801208
0.6830024719238281
0.683527410030365
0.6803873777389526
0.6777953505516052
0.679688572883606
0.6749609112739563
0.6744927167892456
0.7007707357406616
0.6809206008911133
0.6847748160362244
0.6723714470863342
0.6829680800437927
0.6905517578125
0.6800529360771179
0.6800227761268616
0.6799021363258362
0.6791514754295349
0.682091474533081
0.6829918026924133
0.6781675815582275
0.6805594563484192
0.6842034459114075
0.6929255127906799
0.6767426133155823
0.6762828230857849
0.6792817115783691
0.6825333833694458
0.6813426613807678
0.6824569702148438
0.6806095838546753
0.6771798729896545
0.6787000298500061
0.6784864068031311
0.6793857216835022
0.6802432537078857
0.6826528310775757
0.6795143485069275
0.6759820580482483
0.6864529252052307
0.6770320534706116
0.6777710318565369
0.6792311072349548
0.6830387115478516
0.6834027767181396
0.6878868937492371
0.6772385239601135
0.677509605884552
0.6795787811279297
0.6862096786499023
0.6715949773788452
0.6736497282981873
0.6767171025276184
0.693705141544342
0.6904162764549255
0.6784734725952148
0.6867747902870178
0.6929812431335449
0.6820448637008667
0.6833934783935547
0.6791146993637085
0.6956874132156372
0.687549889087677
0.6893231868743896
0.6768884658813477
0.6824161410331726
0.6802738308906555
0.6744347810745239
0.6830512881278992
0.693988025188446
0.6782827377319336
0.6755014061927795
0.6809782981872559
0.6760997772216797
0.6757357716560364
0.6754622459411621
0.6805098652839661
0.6889292597770691
0.6748371720314026
0.6768925189971924
0.6785931587219238
0.6772750616073608
0.683953046798706
0.690828800201416
0.6797757744789124
0.6713557839393616
0.6817217469215393
0.6734649538993835
0.6756525635719299
0.6799136996269226
0.6844346523284912
0.6841999888420105
0.6798239350318909
0.6780176758766174
0.6766680479049683
0.6815838813781738
0.6828334927558899
0.682896614074707
0.6784375905990601
0.6785629391670227
0.6711251735687256
0.6875638961791992
0.6802359819412231
0.6794034838676453
0.6759861707687378
0.6778788566589355
0.680022120475769
0.6840359568595886
0.6757009029388428
0.6842979192733765
0.6860259771347046
0.6828404664993286
0.6788469552993774
0.6784748435020447
0.6728225946426392
0.6825901865959167
0.6812744140625
0.6847521066665649
0.675130307674408
0.6810998916625977
0.6777253746986389
0.6884316802024841
0.6823124885559082
0.6857145428657532
0.6837860941886902
0.6822823286056519
0.6799108386039734
0.6874681115150452
0.6756489872932434
0.6812731027603149
0.6693810224533081
0.6815225481987
0.6792164444923401
0.6837443709373474
0.6848633289337158
0.6792527437210083
0.6828509569168091
0.6814775466918945
0.6778687834739685
0.6712731122970581
0.6821702718734741
0.6789014339447021
0.678239107131958
0.6870725154876709
0.6783812046051025
0.6857258677482605
0.678734540939331
0.6772189736366272
0.6806994080543518
0.6840614676475525
0.6682388782501221
0.6725490689277649
0.6772512197494507
0.685496985912323
0.6779603362083435
0.6760923862457275
0.6795381903648376
0.6892557144165039
0.6803470253944397
0.6844251751899719
0.6801665425300598
0.6798559427261353
0.6853455901145935
0.6719695329666138
0.6770270466804504
0.6841875910758972
0.6768187284469604
0.6857695579528809
0.6774201989173889
0.6887440085411072
0.6790141463279724
0.6716051697731018
0.6789208054542542
0.6789627075195312
0.6855713725090027
0.675192654132843
0.682300865650177
0.679881751537323
0.6828098297119141
0.683217465877533
0.6912736296653748
0.6794968843460083
0.6894317269325256
0.6765737533569336
0.6828601956367493
0.6764348745346069
0.6831763386726379
0.673760175704956
0.6824478507041931
0.6843327283859253
0.6775222420692444
0.6785615086555481
0.6862032413482666
0.676992654800415
0.6801208853721619
0.6873519420623779
0.688874363899231
0.6794251799583435
0.6756482124328613
0.6806930303573608
0.6840953230857849
0.6808532476425171
0.6785306930541992
0.6753595471382141
0.6790370345115662
0.6863868236541748
0.6823974847793579
0.6857735514640808
0.6813531517982483
0.6811465620994568
0.675355076789856
0.6829835772514343
0.6806008219718933
0.6847368478775024
0.6734827160835266
0.673319399356842
0.6825094819068909
0.6756454706192017
0.6778101921081543
0.6816888451576233
0.6806040406227112
0.6831086277961731
0.6753707528114319
0.6759394407272339
0.6859138011932373
0.6782349944114685
0.6854793429374695
0.6836366653442383
0.68575519323349
0.6764339208602905
0.6708607077598572
0.6812617182731628
0.6789457201957703
0.6743773221969604
0.6756251454353333
0.6846795678138733
0.6769325137138367
0.6691696643829346
0.6796435117721558
0.6787418127059937
0.6792617440223694
0.6801777482032776
0.6804003119468689
0.6842331886291504
0.6806515455245972
0.6796084046363831
0.6859012246131897
0.6803542971611023
0.6691403388977051
0.6842988133430481
0.6778672337532043
0.6863751411437988
0.6828023195266724
0.6858826279640198
0.6758905053138733
0.6772379875183105
0.6844577789306641
0.6832209229469299
0.6848074197769165
0.6786293387413025
0.6782547235488892
0.677955150604248
0.6787392497062683
0.685168981552124
0.6814050674438477
0.6813898682594299
0.6873411536216736
0.6761317253112793
0.6795336604118347
0.678911566734314
0.684705376625061
0.6787009835243225
0.6778872013092041
0.6784561276435852
0.6813945770263672
0.6782741546630859
0.6798995137214661
0.6771401166915894
0.6812961101531982
0.6768943071365356
0.6852695345878601
0.684573769569397
0.679169237613678
0.684539258480072
0.6798778176307678
0.6795284748077393
0.6757336854934692
0.6920396685600281
0.6764823198318481
0.6870913505554199
0.6870594620704651
0.6738461256027222
0.6775551438331604
0.6791961789131165
0.6745100021362305
0.6738185882568359
0.685737133026123
0.6748320460319519
0.6813033223152161
0.6862003207206726
0.6753965616226196
0.6869857907295227
0.6855713129043579
0.6732935905456543
0.6821072101593018
0.6845225691795349
0.6817184686660767
0.6762608289718628
0.6763097047805786
0.6845173835754395
0.6830374598503113
0.6832743287086487
0.6787248253822327
0.6830880641937256
0.6799451112747192
0.6825506091117859
0.6799238324165344
0.694166362285614
0.679729163646698
0.6736534833908081
0.6916103363037109
0.6813369989395142
0.6753331422805786
0.6929765343666077
0.6802950501441956
0.6782475709915161
0.6760426163673401
0.6768621206283569
0.6804978847503662
0.676544189453125
0.6857360601425171
0.6826833486557007
0.6906641721725464
0.6717283129692078
0.6834020018577576
0.681122362613678
0.6766218543052673
0.674281120300293
0.6781863570213318
0.6662513613700867
0.6807801127433777
0.6738464832305908
0.6857906579971313
0.6819595098495483
0.6708977818489075
0.6817474961280823
0.6865987777709961
0.6827523708343506
0.6777693629264832
0.6773604154586792
0.6828445196151733
0.6822084784507751
0.679947555065155
0.6827520728111267
0.6913816332817078
0.6829500198364258
0.6811438798904419
0.6799371838569641
0.6798991560935974
0.687319815158844
0.6826147437095642
0.6843796968460083
0.6732895374298096
0.6771160364151001
0.6914547085762024
0.6714129447937012
0.6787760853767395
0.6736977100372314
0.6735246777534485
0.6756534576416016
0.6702207326889038
0.6874873042106628
0.6854624152183533
0.6772142648696899
0.6810552477836609
0.6738383769989014
0.6834365725517273
0.6810089349746704
0.6934197545051575
0.681938886642456
0.6866152286529541
0.680980384349823
0.6668471097946167
0.6917808055877686
0.6819667816162109
0.6790106892585754
0.677558183670044
0.683194637298584
0.6802381277084351
0.6866959929466248
0.6770961880683899
0.6817858219146729
0.6850300431251526
0.6797881126403809
0.6800192594528198
0.6795104146003723
0.6790990233421326
0.674565315246582
0.6848335862159729
0.6869025230407715
0.6750651597976685
0.6819695234298706
0.6774901747703552
0.6890181303024292
0.678726315498352
0.6816425919532776
0.6898581981658936
0.6892759799957275
0.676257312297821
0.6784142255783081
0.6773546934127808
0.6839351654052734
0.684278130531311
0.678792417049408
0.683835506439209
0.6797422170639038
0.6711426973342896
0.6763899326324463
0.6839479207992554
0.6804363131523132
0.6906328797340393
0.6723582148551941
0.6909427642822266
0.6772586703300476
0.6798101663589478
0.6841992735862732
0.6816807389259338
0.6837451457977295
0.6773765683174133
0.6778939962387085
0.6825556755065918
0.6847988367080688
0.6903323531150818
0.6806904673576355
0.6800643801689148
0.6898689270019531
0.6791459321975708
0.6839781403541565
0.6765804290771484
0.6793872117996216
0.6773058772087097
0.6733179092407227
0.6790636777877808
0.6794251799583435
0.6779904961585999
0.6760776042938232
0.6833266019821167
0.6801508069038391
0.6889112591743469
0.6874850988388062
0.6763052344322205
0.6756247878074646
0.6835354566574097
0.6799095273017883
0.6817399263381958
0.6726663112640381
0.6805406808853149
0.6774057149887085
0.6852253675460815
0.671597421169281
0.6795731782913208
0.6760997772216797
0.6737217307090759
0.6868585348129272
0.6780796647071838
0.6806316375732422
0.6876336336135864
0.6771593689918518
0.6801881194114685
0.6833710074424744
0.6832548975944519
0.6768266558647156
0.683368980884552
0.6828700304031372
0.6824344396591187
0.6765730381011963
0.6893475651741028
0.6842504739761353
0.6801338791847229
0.679398775100708
0.6765936017036438
0.676541268825531
0.6800195574760437
0.6772865653038025
0.681377112865448
0.6784996390342712
0.6864220499992371
0.674272358417511
0.6844448447227478
0.6813188791275024
0.6814060211181641
0.6737949252128601
0.6736233234405518
0.6832714080810547
0.6717017292976379
0.688599705696106
0.6805254220962524
0.6826038956642151
0.6741074323654175
0.6797966957092285
0.6781613230705261
0.6799748539924622
0.6732235550880432
0.680959165096283
0.7012004256248474
0.6894065141677856
0.6960763931274414
0.6841694116592407
0.6749612092971802
0.678699791431427
0.6809436082839966
0.674244225025177
0.6777179837226868
0.6751413345336914
0.6765409111976624
0.6778088808059692
0.6754015684127808
0.679141640663147
0.6814104318618774
0.6776803731918335
0.6712124347686768
0.6779083013534546
0.6888841986656189
0.6828051805496216
0.6785268783569336
0.674699068069458
0.675967276096344
0.6918004155158997
0.6894674897193909
0.6861873865127563
0.6829261183738708
0.679159939289093
0.6748550534248352
0.6879451870918274
0.6797040700912476
0.6818552017211914
0.6785333752632141
0.6885853409767151
0.6766283512115479
0.6827551126480103
0.6783643960952759
0.6786608099937439
0.6857536435127258
0.6786545515060425
0.6779098510742188
0.6903185844421387
0.6809714436531067
0.6821585893630981
0.6774768829345703
0.6932735443115234
0.6863315105438232
0.6795781254768372
0.6794543266296387
0.6792476177215576
0.6750756502151489
0.685387134552002
0.683163046836853
0.6747517585754395
0.68642657995224
0.6831102967262268
0.6872556805610657
0.6849945187568665
0.67882239818573
0.6747545599937439
0.6829817295074463
0.6775891184806824
0.6788238883018494
0.6750785112380981
0.6749019622802734
0.6733012795448303
0.6851593852043152
0.6827307939529419
0.6826155185699463
0.6830995082855225
0.6868143677711487
0.679334282875061
0.6782892346382141
0.6787712574005127
0.6798210740089417
0.6805399060249329
0.6820618510246277
0.67849200963974
0.6807653307914734
0.6772853136062622
0.6727111339569092
0.675251841545105
0.6826572418212891
0.6830147504806519
0.6874620914459229
0.6904105544090271
0.6777020692825317
0.7016270160675049
0.6781001091003418
0.688890278339386
0.6841944456100464
0.6811039447784424
0.6795517206192017
0.6762707233428955
0.6794407963752747
0.6875106692314148
0.6868381500244141
0.6840394735336304
0.6776031255722046
0.6798750162124634
0.6814684271812439
0.6865991353988647
0.6884733438491821
0.6821662187576294
0.6839427351951599
0.6835874319076538
0.6720026135444641
0.6806337833404541
0.6870896220207214
0.6785148978233337
0.6872382760047913
0.6732010245323181
0.6830937266349792
0.6753649115562439
0.6827343106269836
0.6799570918083191
0.6812962293624878
0.6819524765014648
0.6845731139183044
0.6690377593040466
0.685539186000824
0.6780732870101929
0.6825438141822815
0.6781282424926758
0.672714114189148
0.680242121219635
0.6879457235336304
0.6808795928955078
0.6812454462051392
0.6740829348564148
0.6864163875579834
0.6797688007354736
0.6869722604751587
0.6777513027191162
0.6918104290962219
0.6819453835487366
0.6788048148155212
0.6817911863327026
0.6813322901725769
0.6899735331535339
0.6810441613197327
0.6780431866645813
0.6850696206092834
0.6795269846916199
0.6827023029327393
0.680404543876648
0.6842207908630371
0.6928716897964478
0.6838812232017517
0.6869428157806396
0.6858752369880676
0.6836734414100647
0.6808345317840576
0.6779850125312805
0.6761248707771301
0.678688645362854
0.6796159744262695
0.6748809814453125
0.685096263885498
0.6730033159255981
0.6796939373016357
0.6686904430389404
0.6703633069992065
0.681171715259552
0.6779771447181702
0.6807785034179688
0.6864568591117859
0.6812078356742859
0.6824660301208496
0.6831544637680054
0.6761952042579651
0.6814614534378052
0.6833189725875854
0.6793044805526733
0.6785215735435486
0.6768181920051575
0.6835763454437256
0.6803066730499268
0.6841418743133545
0.6787191033363342
0.6815921664237976
0.6811334490776062
0.6780450344085693
0.6762809157371521
0.6904276013374329
0.6807138323783875
0.6773513555526733
0.6796472668647766
0.6754637360572815
0.6811885833740234
0.6857871413230896
0.6784989833831787
0.6740639209747314
0.6734018325805664
0.6825428605079651
0.6893095374107361
0.6765748262405396
0.677299439907074
0.6818207502365112
0.6754551529884338
0.6940287947654724
0.6762057542800903
0.6832334399223328
0.6755126714706421
0.6817536354064941
0.6786694526672363
0.6930386424064636
0.6776648759841919
0.6788042783737183
0.6844460368156433
0.67424076795578
0.6900544762611389
0.6728094220161438
0.6819318532943726
0.6876084208488464
0.6761490702629089
0.6756755113601685
0.677562415599823
0.6840968132019043
0.6794918775558472
0.6698265671730042
0.6946508288383484
0.6870472431182861
0.68448805809021
0.6840026378631592
0.6773087382316589
0.6791903376579285
0.6779648065567017
0.6780440807342529
0.6793524622917175
0.6707308292388916
0.6812708377838135
0.675167977809906
0.6752521991729736
0.6756110191345215
0.6944054365158081
0.6813470721244812
0.6860397458076477
0.6828579902648926
0.6777940392494202
0.6783745884895325
0.6860005259513855
0.668537437915802
0.6838626861572266
0.6865137219429016
0.6741103529930115
0.6794213652610779
0.6856477856636047
0.6757360696792603
0.6852254271507263
0.6782205700874329
0.685775876045227
0.6746950745582581
0.6878073811531067
0.6876956224441528
0.6801022887229919
0.6819155812263489
0.6824111342430115
0.6931492686271667
0.6813752055168152
0.6855571269989014
0.6723949909210205
0.6926373839378357
0.6872643828392029
0.6859410405158997
0.682325005531311
0.6868797540664673
0.6902901530265808
0.680791437625885
0.681669294834137
0.6823379397392273
0.6821885704994202
0.6782215237617493
0.6806370615959167
0.6760678291320801
0.6775586009025574
0.6861221790313721
0.6800279021263123
0.6878060102462769
0.6771571636199951
0.6840419173240662
0.6742960810661316
0.6788718700408936
0.676789402961731
0.6719844937324524
0.6774442195892334
0.6885616183280945
0.6750930547714233
0.6795589327812195
0.6843166351318359
0.6770989298820496
0.6765096187591553
0.6889532804489136
0.6744946241378784
0.678928792476654
0.6843039989471436
0.6774681210517883
0.6860409379005432
0.6779242157936096
0.6761215329170227
0.6769044399261475
0.6878615617752075
0.6822078227996826
0.685067892074585
0.6816285252571106
0.6850987076759338
0.681280791759491
0.6814994812011719
0.6778692603111267
0.6737436056137085
0.684374988079071
0.683490514755249
0.6849892139434814
0.6818835735321045
0.6748120784759521
0.6794837117195129
0.6739404797554016
0.6852041482925415
0.6824026107788086
0.683352530002594
0.6823704242706299
0.680571973323822
0.6799965500831604
0.6882128119468689
0.6805789470672607
0.6831756234169006
0.6835882067680359
0.6775332093238831
0.6842259168624878
0.6762163639068604
0.6792994737625122
0.683177649974823
0.68184494972229
0.6858394742012024
0.6867357492446899
0.6758219599723816
0.6765130758285522
0.6892417073249817
0.677931010723114
0.6790105700492859
0.6792289018630981
0.6782071590423584
0.6831601858139038
0.683470606803894
0.6851872801780701
0.6784824728965759
0.6813878417015076
0.6749731302261353
0.6860623955726624
0.6843917965888977
0.6793620586395264
0.679175853729248
0.6803757548332214
0.6837418079376221
0.6687091588973999
0.6814334988594055
0.6751242876052856
0.680587887763977
0.6755677461624146
0.6812324523925781
0.679978609085083
0.6817644238471985
0.6810421943664551
0.6817715764045715
0.6791815161705017
0.6839502453804016
0.6800763010978699
0.6796173453330994
0.6745033860206604
0.6904868483543396
0.6769073009490967
0.6830809116363525
0.680213451385498
0.6818261742591858
0.6755182147026062
0.6740530729293823
0.6868494153022766
0.6779500842094421
0.6751134395599365
0.6743322610855103
0.6947075724601746
0.6777928471565247
0.6765249371528625
0.6817710399627686
0.6755290627479553
0.6822070479393005
0.6761048436164856
0.6896165013313293
0.6832910180091858
0.6871669292449951
0.682046115398407
0.6879502534866333
0.6843011975288391
0.6813388466835022
0.6781531572341919
0.6756218075752258
0.681706428527832
0.6847212314605713
0.6874668002128601
0.6731203198432922
0.689537763595581
0.6832940578460693
0.6812514066696167
0.6796347498893738
0.6854603886604309
0.6806771159172058
0.6784558296203613
0.675475001335144
0.6867943406105042
0.6828184127807617
0.6823457479476929
0.6883496642112732
0.6775081753730774
0.67203688621521
0.6822423338890076
0.687498152256012
0.6771856546401978
0.6783880591392517
0.6859708428382874
0.6843316555023193
0.6808781623840332
0.6769534945487976
0.6801405549049377
0.6750814318656921
0.6714746356010437
0.6836260557174683
0.6826004981994629
0.6797953844070435
0.6882699728012085
0.6853531002998352
0.6858800053596497
0.6793781518936157
0.6937040090560913
0.6803814768791199
0.6867244839668274
0.6838960647583008
0.672955334186554
0.6860771775245667
0.6789638996124268
0.6785272359848022
0.6776037812232971
0.6778741478919983
0.6831271648406982
0.6724634170532227
0.6688892245292664
0.6827729344367981
0.6735718846321106
0.6755094528198242
0.6813150644302368
0.6781091094017029
0.6818459033966064
0.6737744808197021
0.681063711643219
0.684390127658844
0.6774715781211853
0.674381673336029
0.6856440901756287
0.6810048818588257
0.673007607460022
0.6767879724502563
0.6771880388259888
0.6837049126625061
0.6809545755386353
0.6800370812416077
0.6821502447128296
0.6795139908790588
0.6856725811958313
0.6878826022148132
0.6845917701721191
0.6798904538154602
0.6884307265281677
0.6774166822433472
0.6872061491012573
0.6892039179801941
0.6746586561203003
0.6732749342918396
0.6807334423065186
0.6780509352684021
0.6683303713798523
0.6836406588554382
0.6792625784873962
0.6754556894302368
0.6837262511253357
0.6827006340026855
0.6983721852302551
0.6868265867233276
0.6884283423423767
0.6855683922767639
0.6743408441543579
0.687052309513092
0.6762344837188721
0.682772696018219
0.6817145943641663
0.6853135824203491
0.6771287322044373
0.6732216477394104
0.6737402677536011
0.6841222047805786
0.6745617389678955
0.6758860945701599
0.685586154460907
0.683539092540741
0.6817744970321655
0.688075065612793
0.6849393248558044
0.6841422915458679
0.6749839186668396
0.6673822999000549
0.6837015748023987
0.6804951429367065
0.6752593517303467
0.6852709054946899
0.6732505559921265
0.6836979985237122
0.6747677326202393
0.6806706190109253
0.6835165023803711
0.6840975880622864
0.6828972101211548
0.6734961271286011
0.6818215847015381
0.6734413504600525
0.6780028939247131
0.6846410036087036
0.6802505254745483
0.6770874857902527
0.6813977956771851
0.6789781451225281
0.6724696755409241
0.6801239252090454
0.6664605736732483
0.6883283257484436
0.6802402138710022
0.678187906742096
0.679577648639679
0.6816891431808472
0.6705984473228455
0.6775966882705688
0.6839727759361267
0.6785231828689575
0.6807425618171692
0.6853768229484558
0.676973283290863
0.683810830116272
0.6821191906929016
0.6829779148101807
0.67185378074646
0.6772138476371765
0.6847025752067566
0.6718251705169678
0.6875381469726562
0.6810032725334167
0.679680585861206
0.6691907644271851
0.6723980903625488
0.6778298616409302
0.6758711934089661
0.6709762811660767
0.6759871244430542
0.6806054711341858
0.6812933683395386
0.6824035048484802
0.6781697273254395
0.6858686208724976
0.6831182241439819
0.6831151843070984
0.6723008751869202
0.6751086711883545
0.6741033792495728
0.6766064167022705
0.68223637342453
0.6820516586303711
0.6766635775566101
0.6757360696792603
0.6843040585517883
0.6844168305397034
0.6799536943435669
0.6760299801826477
0.681475818157196
0.6862304210662842
0.6791829466819763
0.6687117218971252
0.6811874508857727
0.6836104393005371
0.6776213049888611
0.6770524978637695
0.6799285411834717
0.6839494109153748
0.6804358959197998
0.6727178692817688
0.6869341135025024
0.6862843036651611
0.6860385537147522
0.680055558681488
0.6765259504318237
0.6897842288017273
0.6762414574623108
0.6830130815505981
0.6823554635047913
0.672252893447876
0.6753341555595398
0.6759588122367859
0.6775172352790833
0.6790383458137512
0.6772875189781189
0.6766417026519775
0.6853700280189514
0.6812735199928284
0.6723103523254395
0.6854892373085022
0.6834688186645508
0.6788085103034973
0.6851616501808167
0.6930438280105591
0.676656186580658
0.6786044836044312
0.681344747543335
0.683207094669342
0.6828150749206543
0.6830658912658691
0.6823750734329224
0.6802658438682556
0.6824007630348206
0.6734070777893066
0.673342227935791
0.6859502196311951
0.6863712668418884
0.6740491390228271
0.6760872602462769
0.681488573551178
0.6713525652885437
0.6772001385688782
0.6749907732009888
0.6876305937767029
0.6818363666534424
0.6751316785812378
0.683969259262085
0.67664635181427
0.6816982626914978
0.676516056060791
0.6814070343971252
0.6779288649559021
0.6787195205688477
0.6834022998809814
0.6818455457687378
0.686029851436615
0.6844949722290039
0.6798192858695984
0.6876251697540283
0.6809290051460266
0.6746949553489685
0.6744329333305359
0.683017373085022
0.6920655369758606
0.6793879866600037
0.6894927024841309
0.677822470664978
0.6812703013420105
0.6765673160552979
0.6837542653083801
0.68045973777771
0.6817945241928101
0.67979496717453
0.6767244935035706
0.6814252734184265
0.6849449276924133
0.6906794905662537
0.678684651851654
0.6930286288261414
0.686105489730835
0.6788159608840942
0.6777774095535278
0.6844257116317749
0.6805134415626526
0.6766448020935059
0.6808507442474365
0.6844388842582703
0.6845149397850037
0.6805261969566345
0.6805818676948547
0.676948070526123
0.6928784847259521
0.6821743845939636
0.6864410042762756
0.6749692559242249
0.6850719451904297
0.6828088164329529
0.6740012764930725
0.6852748990058899
0.6807042956352234
0.678770124912262
0.6824243664741516
0.6806904673576355
0.6760624051094055
0.6834262609481812
0.6796424388885498
0.6752961277961731
0.6808649301528931
0.6870154142379761
0.6764329075813293
0.6774328947067261
0.6748802661895752
0.6881113648414612
0.6991859674453735
0.6749067306518555
0.6837485432624817
0.6761210560798645
0.6895225644111633
0.6865174770355225
0.6755259037017822
0.6824889183044434
0.6790452599525452
0.6842081546783447
0.6795287132263184
0.6788452863693237
0.6798267364501953
0.6851170063018799
0.6816160082817078
0.6807935237884521
0.6882325410842896
0.6778255105018616
0.6796936988830566
0.6881591081619263
0.6828867793083191
0.6764740943908691
0.6801648736000061
0.6807718873023987
0.6804836988449097
0.6813466548919678
0.6810287237167358
0.686350405216217
0.682535707950592
0.6761806607246399
0.6828646659851074
0.6844213604927063
0.6749608516693115
0.677695631980896
0.6775326728820801
0.6770787239074707
0.6854482293128967
0.68003249168396
0.6789205074310303
0.6796063780784607
0.6783612966537476
0.6805823445320129
0.6845567226409912
0.6740407347679138
0.6690665483474731
0.6868075728416443
0.6796258687973022
0.682314932346344
0.6816554069519043
0.6780967116355896
0.6797969937324524
0.6715950965881348
0.687558114528656
0.6782533526420593
0.6804006695747375
0.6818980574607849
0.6749623417854309
0.6913302540779114
0.6787643432617188
0.6813557744026184
0.677012026309967
0.6756085157394409
0.6851653456687927
0.6704456210136414
0.6795118451118469
0.680752694606781
0.6850426197052002
0.6760848760604858
0.6786495447158813
0.6778532862663269
0.685929000377655
0.6771563291549683
0.6807677149772644
0.6810560822486877
0.6764234900474548
0.6739935278892517
0.6796974539756775
0.6758456230163574
0.6893092393875122
0.6832370162010193
0.6760572791099548
0.6810937523841858
0.6740138530731201
0.6730892062187195
0.6778671145439148
0.6746001243591309
0.6742498874664307
0.677727460861206
0.6767199039459229
0.6952258348464966
0.6717779040336609
0.6756103038787842
0.6797885894775391
0.6711661219596863
0.680214524269104
0.6817231774330139
0.6907147765159607
0.6745473146438599
0.6815384030342102
0.6836483478546143
0.680466890335083
0.6770520210266113
0.6918548345565796
0.6746914386749268
0.6772947311401367
0.6773204207420349
0.6829874515533447
0.6828184127807617
0.692021906375885
0.674585223197937
0.6849528551101685
0.6852512359619141
0.6845431327819824
0.675871729850769
0.6818386912345886
0.681050181388855
0.6800981760025024
0.678798496723175
0.672631025314331
0.681516706943512
0.6714553833007812
0.6814879775047302
0.6747336983680725
0.6825016140937805
0.6746636629104614
0.6744422316551208
0.6811091303825378
0.6745978593826294
0.681678056716919
0.6787863969802856
0.6787418723106384
0.680157482624054
0.6824175715446472
0.6748839020729065
0.6735051870346069
0.6857646107673645
0.6758764386177063
0.6893063187599182
0.66994708776474
0.6757151484489441
0.6780035495758057
0.6864564418792725
0.6759869456291199
0.6851252317428589
0.6741576194763184
0.6819369792938232
0.6884362101554871
0.678659975528717
0.6757401823997498
0.6754966974258423
0.6715565323829651
0.6904512047767639
0.6782697439193726
0.673530101776123
0.6758279800415039
0.6819798946380615
0.6847673654556274
0.6805114150047302
0.6826345920562744
0.6963202357292175
0.6922378540039062
0.6786653995513916
0.6773663759231567
0.6891499161720276
0.680198073387146
0.6835572719573975
0.6746281385421753
0.6786333322525024
0.6798731088638306
0.680728018283844
0.6839489936828613
0.6799336075782776
0.6753173470497131
0.6755110621452332
0.6822186708450317
0.6743340492248535
0.6799044013023376
0.680875301361084
0.6786340475082397
0.6790711879730225
0.6816559433937073
0.6782104969024658
0.6702454686164856
0.6857098937034607
0.6833715438842773
0.6837530136108398
0.6779030561447144
0.6762340664863586
0.6812334656715393
0.686172604560852
0.6773070693016052
0.6847413182258606
0.6828887462615967
0.6825280785560608
0.6857948899269104
0.6736271381378174
0.6771321892738342
0.6787617206573486
0.6759318709373474
0.6831575036048889
0.6785436868667603
0.6778762936592102
0.6865051984786987
0.6740320920944214
0.690607488155365
0.6728793978691101
0.6733092665672302
0.6772551536560059
0.6811038851737976
0.6871911883354187
0.6771910190582275
0.6786455512046814
0.6856906414031982
0.6754209995269775
0.6802638173103333
0.6846271753311157
0.674431324005127
0.6743085384368896
0.6821902394294739
0.6862495541572571
0.6763039231300354
0.6758130192756653
0.6810208559036255
0.6753724217414856
0.6783034801483154
0.6795546412467957
0.6828306317329407
0.683007001876831
0.6771854162216187
0.679287850856781
0.6839979887008667
0.6917285323143005
0.6750959157943726
0.6811177134513855
0.6729604005813599
0.677901566028595
0.6699442267417908
0.6795860528945923
0.6795932650566101
0.6811807155609131
0.6783370971679688
0.6906929016113281
0.6848880648612976
0.6830791234970093
0.6794353723526001
0.6791202425956726
0.6813744902610779
0.6780284643173218
0.6770532727241516
0.6863918900489807
0.6879861950874329
0.6856687664985657
0.6808971762657166
0.6842212677001953
0.6789233088493347
0.6793230175971985
0.6842950582504272
0.6751640439033508
0.6777765154838562
0.6824349164962769
0.672683835029602
0.6781793236732483
0.6787319183349609
0.6849018931388855
0.6784246563911438
0.6826584935188293
0.6768192052841187
0.6768627762794495
0.6839505434036255
0.6673131585121155
0.6777116060256958
0.6735813617706299
0.6789359450340271
0.6826271414756775
0.6940231919288635
0.6836181879043579
0.6775406002998352
0.6864389181137085
0.6803436875343323
0.6871583461761475
0.6842743754386902
0.6806567311286926
0.6816847920417786
0.6688003540039062
0.6879743933677673
0.6781277060508728
0.6742296814918518
0.6852852702140808
0.6888296008110046
0.6769074201583862
0.6790399551391602
0.6763936877250671
0.6867200136184692
0.6785935163497925
0.6760613918304443
0.6804797053337097
0.6873450875282288
0.6808080673217773
0.6764264106750488
0.6747700572013855
0.6741619110107422
0.6814990639686584
0.6822921633720398
0.6783775091171265
0.6738296747207642
0.6810111403465271
0.6869360208511353
0.6703535318374634
0.6793166399002075
0.678774356842041
0.6835759282112122
0.6770544648170471
0.6827706694602966
0.6877902746200562
0.6827656626701355
0.6758388876914978
0.6823177337646484
0.6845206022262573
0.6817642450332642
0.6809351444244385
0.6795274615287781
0.6768392324447632
0.6806573867797852
0.6800575852394104
0.6764813661575317
0.6815199851989746
0.6879419088363647
0.6741578578948975
0.6760130524635315
0.677057683467865
0.6816052198410034
0.6802475452423096
0.6751136183738708
0.6768661737442017
0.6858394742012024
0.675707995891571
0.6800796985626221
0.6777799129486084
0.6863129734992981
0.6823279857635498
0.6777988076210022
0.6726805567741394
0.687063455581665
0.6777767539024353
0.6818856000900269
0.6825708150863647
0.7112378478050232
0.6791723370552063
0.6757450103759766
0.6848493218421936
0.6848734021186829
0.6867066025733948
0.6842146515846252
0.6787100434303284
0.681014895439148
0.6780118942260742
0.677459180355072
0.678626537322998
0.6871165633201599
0.6785943508148193
0.6814079880714417
0.6707478165626526
0.6726118922233582
0.6915463209152222
0.6834741234779358
0.68076092004776
0.6811702847480774
0.6819790005683899
0.6769958734512329
0.6771886348724365
0.6841339468955994
0.6788890957832336
0.6920283436775208
0.6924953460693359
0.6805233955383301
0.6724347472190857
0.6931629180908203
0.6866965889930725
0.6742184162139893
0.6790048480033875
0.6827633380889893
0.6790220737457275
0.6798673868179321
0.6713185906410217
0.6771114468574524
0.6820628643035889
0.6832066178321838
0.6908520460128784
0.6840174794197083
0.6759138703346252
0.6743543148040771
0.677173912525177
0.678996741771698
0.6841022372245789
0.6742113828659058
0.677933394908905
0.6746948957443237
0.6765741109848022
0.6820967793464661
0.6877319812774658
0.686107873916626
0.6757432222366333
0.6925826072692871
0.677371084690094
0.685619592666626
0.679257333278656
0.6743521094322205
0.6812250018119812
0.6777387261390686
0.6819909811019897
0.6892051100730896
0.6754884719848633
0.6814775466918945
0.6768096089363098
0.67995285987854
0.6779425740242004
0.6871263980865479
0.6855148673057556
0.6858444213867188
0.6770192384719849
0.6827691793441772
0.6795763969421387
0.6828312277793884
0.6711215376853943
0.6768341064453125
0.6823570132255554
0.6792282462120056
0.6867222189903259
0.6770386695861816
0.68431556224823
0.6852026581764221
0.6839644908905029
0.684138298034668
0.6883200407028198
0.6725831031799316
0.6821783185005188
0.6731522083282471
0.6732980608940125
0.6885287761688232
0.6853370070457458
0.6814714074134827
0.6832546591758728
0.6772472262382507
0.6829683780670166
0.6703881025314331
0.6712918281555176
0.6866703033447266
0.6852313876152039
0.6957718729972839
0.6824954152107239
0.6843221783638
0.6753221750259399
0.6827002763748169
0.6794798374176025
0.6756587624549866
0.6841321587562561
0.676104724407196
0.6918044090270996
0.6844048500061035
0.6811262965202332
0.6853219866752625
0.6787229776382446
0.6806417107582092
0.684665858745575
0.6872830986976624
0.6952981352806091
0.6814174652099609
0.6923221349716187
0.6806921362876892
0.6736611723899841
0.6794120073318481
0.6732824444770813
0.6772926449775696
0.6811961531639099
0.6807519793510437
0.6790544390678406
0.6819440722465515
0.6745343804359436
0.6821618676185608
0.6851312518119812
0.6855275630950928
0.6819616556167603
0.6828311681747437
0.6763911843299866
0.6793349981307983
0.6777289509773254
0.6690369248390198
0.680873692035675
0.6756016612052917
0.6759831309318542
0.6850802898406982
0.6786649227142334
0.6807123422622681
0.6804133653640747
0.6898953914642334
0.6782740354537964
0.6848043203353882
0.6781889796257019
0.6722236275672913
0.6832237839698792
0.6856999397277832
0.6818881034851074
0.6848835945129395
0.6799899339675903
0.6865707039833069
0.6740418672561646
0.6730843782424927
0.6752666234970093
0.6818346977233887
0.675883412361145
0.6843047142028809
0.6733362674713135
0.6785508394241333
0.6777586936950684
0.6773849725723267
0.6762449741363525
0.6913775205612183
0.6850500106811523
0.6762579679489136
0.6814055442810059
0.6806040406227112
0.6862655282020569
0.6746249198913574
0.6830482482910156
0.6834883689880371
0.6843175888061523
0.6874057650566101
0.6785464882850647
0.6797986626625061
0.6806327700614929
0.6776772141456604
0.6851077675819397
0.6772252917289734
0.682528555393219
0.6692911982536316
0.6741933822631836
0.6740580797195435
0.6778117418289185
0.6735854744911194
0.6806584000587463
0.6845364570617676
0.6727620959281921
0.6771048903465271
0.682845950126648
0.6788923740386963
0.6850334405899048
0.6869099736213684
0.6814947128295898
0.6739715337753296
0.6889724135398865
0.678900420665741
0.6828234791755676
0.6788591146469116
0.6833435297012329
0.6818498969078064
0.6786255836486816
0.6818168759346008
0.6784502267837524
0.6782967448234558
0.681086003780365
0.6683948636054993
0.6770904660224915
0.6807289123535156
0.672435462474823
0.6766414046287537
0.6807477474212646
0.6688196659088135
0.6814116835594177
0.6799554824829102
0.6870388388633728
0.682253360748291
0.6847959756851196
0.6776673793792725
0.6790798306465149
0.68535977602005
0.6717544198036194
0.685115396976471
0.682063639163971
0.682131290435791
0.6770055294036865
0.6812614798545837
0.673904299736023
0.6819076538085938
0.6831346154212952
0.6827276349067688
0.6782455444335938
0.6749038696289062
0.6902859807014465
0.6766726970672607
0.6863689422607422
0.6778562068939209
0.6822871565818787
0.6768054962158203
0.6828344464302063
0.683597207069397
0.6850972175598145
0.6836827993392944
0.6785106658935547
0.6834662556648254
0.6721968650817871
0.6802843809127808
0.6847408413887024
0.680284857749939
0.6819449663162231
0.6758610606193542
0.6788228750228882
0.6880583167076111
0.6814563274383545
0.6875208616256714
0.682611346244812
0.6746902465820312
0.6841173768043518
0.6853350400924683
0.6855491399765015
0.7008232474327087
0.6767100095748901
0.682712197303772
0.6876084208488464
0.6835744976997375
0.6810270547866821
0.6776361465454102
0.689484715461731
0.6796486377716064
0.6852028965950012
0.6766889691352844
0.685992419719696
0.686897873878479
0.6787126064300537
0.6735885739326477
0.6774368286132812
0.6855408549308777
0.6844512820243835
0.6779504418373108
0.6840063333511353
0.6825633645057678
0.6852302551269531
0.6766677498817444
0.6766694188117981
0.6779650449752808
0.6765915155410767
0.6850755214691162
0.6861737966537476
0.6892095804214478
0.6837239265441895
0.68196702003479
0.6745209693908691
0.6745327711105347
0.6891841888427734
0.6880201697349548
0.6771134734153748
0.6796688437461853
0.6840249300003052
0.6786414980888367
0.6815731525421143
0.6785457134246826
0.6767705678939819
0.6843833327293396
0.6759595274925232
0.678621768951416
0.6834818124771118
0.6841471195220947
0.6785346865653992
0.6712906360626221
0.6819486618041992
0.6768906712532043
0.6806302666664124
0.6837143898010254
0.6827070713043213
0.6834707856178284
0.6851108074188232
0.6877978444099426
0.6840623021125793
0.6761846542358398
0.6831080317497253
0.684185266494751
0.6821014285087585
0.6788864135742188
0.6877660751342773
0.6799222230911255
0.6793756484985352
0.6723686456680298
0.6820552945137024
0.6884894967079163
0.6876975893974304
0.6805875897407532
0.6820048689842224
0.6797490119934082
0.6789000034332275
0.692116916179657
0.6792713403701782
0.6785067915916443
0.6816792488098145
0.6709786057472229
0.6807886958122253
0.6793515086174011
0.683233916759491
0.6793527007102966
0.6767675280570984
0.6796337366104126
0.6830376982688904
0.6746588349342346
0.6771374940872192
0.674763560295105
0.6769051551818848
0.6814249753952026
0.6737198829650879
0.6920718550682068
0.6789604425430298
0.670738160610199
0.6840977668762207
0.6819910407066345
0.6875796318054199
0.6887208223342896
0.6801149249076843
0.675322949886322
0.6822224855422974
0.6761380434036255
0.6850817203521729
0.6827022433280945
0.6854322552680969
0.6764664649963379
0.6840428709983826
0.6732158660888672
0.6812695860862732
0.6847056746482849
0.6791559457778931
0.6871939897537231
0.6733679175376892
0.6803369522094727
0.6746671795845032
0.6783279776573181
0.6739380955696106
0.6766237020492554
0.6803624033927917
0.6839853525161743
0.6806094646453857
0.684616208076477
