32.6068229675293
18.660707473754883
9.59481143951416
9.85308837890625
7.534616947174072
4.5770955085754395
3.8773398399353027
3.7131314277648926
2.9208812713623047
2.549764633178711
2.1983232498168945
2.5228464603424072
1.7174452543258667
1.6193403005599976
1.781921148300171
1.7037887573242188
1.6756232976913452
1.5595688819885254
1.3106247186660767
1.2501108646392822
1.4196799993515015
1.3072925806045532
1.2265254259109497
1.2258659601211548
1.305271863937378
1.0486021041870117
1.2345494031906128
1.1693788766860962
1.150451421737671
1.0719082355499268
1.1052544116973877
1.0174487829208374
1.1456319093704224
1.254131555557251
0.9853913187980652
1.1030558347702026
1.0805013179779053
1.140718936920166
0.9658706784248352
0.9768201112747192
1.0958853960037231
0.9503625631332397
0.9401593208312988
0.9989010095596313
0.952576756477356
0.9777367115020752
0.9602236151695251
0.967961311340332
0.9089745283126831
1.0141186714172363
0.9218318462371826
0.9723758697509766
0.9470106363296509
0.9243758320808411
0.8061355948448181
0.9261264801025391
0.9045084118843079
0.7953924536705017
0.885401725769043
0.8587945699691772
0.8368108868598938
0.8124282956123352
0.8462840914726257
0.927969753742218
0.8251301050186157
0.8650793433189392
0.8469589352607727
0.8361039757728577
0.8324038982391357
0.8444536924362183
0.810405433177948
0.8030494451522827
0.8194758892059326
0.841940701007843
0.8233444690704346
0.8404026627540588
0.8427581191062927
0.7694656252861023
0.7809617519378662
0.7920613288879395
0.7965317964553833
0.8327023386955261
0.8144200444221497
0.8273752927780151
0.7985795140266418
0.7647696137428284
0.8059289455413818
0.8109293580055237
0.8154749274253845
0.8543063402175903
0.79332435131073
0.7575608491897583
0.7762978076934814
0.7904567718505859
0.7835257649421692
0.7812318205833435
0.7779203653335571
0.7202661037445068
0.7757375240325928
0.8061333298683167
0.8020727634429932
0.8076136708259583
0.7890515923500061
0.7639589905738831
0.7550144791603088
0.7834471464157104
0.7485982179641724
0.7524384260177612
0.7848826050758362
0.7507453560829163
0.7339076995849609
0.7459681034088135
0.7888015508651733
0.7530667781829834
0.7666851282119751
0.7936350703239441
0.7264741659164429
0.7520589828491211
0.7443422079086304
0.7482410669326782
0.7426841855049133
0.7311996817588806
0.7240585088729858
0.7467221617698669
0.7375279068946838
0.7451717257499695
0.7402768731117249
0.7229717373847961
0.7461512088775635
0.7571583986282349
0.7351350784301758
0.751404881477356
0.751396894454956
0.7647408246994019
0.7667638659477234
0.7635018825531006
0.732725977897644
0.7427374124526978
0.7248950004577637
0.7336506843566895
0.7312955260276794
0.7453480362892151
0.7807762622833252
0.7678695917129517
0.7457590699195862
0.7521028518676758
0.7170429825782776
0.7767192125320435
0.7435082197189331
0.7169265151023865
0.740818202495575
0.7126162648200989
0.7751477360725403
0.7048938274383545
0.7361218929290771
0.7637216448783875
0.7521949410438538
0.72097247838974
0.7468335628509521
0.7462900876998901
0.7090782523155212
0.7557384967803955
0.7645043730735779
0.7555885910987854
0.7040747404098511
0.7308717370033264
0.7373479008674622
0.738909900188446
0.7276743650436401
0.7307567000389099
0.6911134123802185
0.7329748272895813
0.7474623918533325
0.7108732461929321
0.7107635736465454
0.7311156988143921
0.7272242903709412
0.7307893633842468
0.7521758079528809
0.716769814491272
0.7230042219161987
0.7352961301803589
0.7209421992301941
0.711416482925415
0.725581169128418
0.6942880153656006
0.7385137677192688
0.7497905492782593
0.7292253971099854
0.7018412947654724
0.7123122811317444
0.7294417023658752
0.7297921180725098
0.7150658965110779
0.733444094657898
0.7453842163085938
0.7298049926757812
0.7314789891242981
0.7215874791145325
0.7614754438400269
0.7069658637046814
0.7226225733757019
0.7069621682167053
0.717457115650177
0.7126771211624146
0.7192160487174988
0.7126839756965637
0.6966914534568787
0.7015315294265747
0.7467519640922546
0.7236483097076416
0.7561013102531433
0.7323703765869141
0.6947306990623474
0.6888380646705627
0.7290390133857727
0.7105153203010559
0.7248566746711731
0.7136366367340088
0.7109077572822571
0.6999937295913696
0.7237274050712585
0.71992427110672
0.7197025418281555
0.6961105465888977
0.7377128601074219
0.7159468531608582
0.709540843963623
0.7054868936538696
0.7067455053329468
0.7231679558753967
0.7336063981056213
0.7023247480392456
0.712187647819519
0.7307602167129517
0.7237845659255981
0.708558976650238
0.7248691320419312
0.7251775860786438
0.7282085418701172
0.6845882534980774
0.7274604439735413
0.7132261991500854
0.7237349152565002
0.7101317048072815
0.7157448530197144
0.7087206244468689
0.7151138186454773
0.7271093130111694
0.7108015418052673
0.7084133625030518
0.7187268733978271
0.7374143600463867
0.703653872013092
0.7150970697402954
0.7212815880775452
0.7112207412719727
0.7018312811851501
0.7270821332931519
0.7061755657196045
0.718822181224823
0.7319696545600891
0.7044512629508972
0.6995161771774292
0.7034807205200195
0.7060644030570984
0.7167390584945679
0.7054334282875061
0.7022758722305298
0.7084614634513855
0.7128546833992004
0.7265915870666504
0.6962011456489563
0.7012808918952942
0.7152397632598877
0.720134437084198
0.7108611464500427
0.7138397097587585
0.7123395204544067
0.7077637314796448
0.7119484543800354
0.7118476629257202
0.713729739189148
0.6892721056938171
0.7180949449539185
0.7119191288948059
0.701545000076294
0.6975034475326538
0.7012447118759155
0.7178124189376831
0.6974685788154602
0.6870070695877075
0.7176781892776489
0.6857876777648926
0.7178692817687988
0.707258939743042
0.6966420412063599
0.6994162797927856
0.6954428553581238
0.6973357796669006
0.7138447761535645
0.6984667181968689
0.7105503678321838
0.6900590658187866
0.7338242530822754
0.7238818407058716
0.7093532085418701
0.7076674699783325
0.6999656558036804
0.7118783593177795
0.695677638053894
0.7053958773612976
0.698684811592102
0.7006272673606873
0.7010779976844788
0.7152366042137146
0.7234770655632019
0.7088358998298645
0.7048805952072144
0.7042375206947327
0.7018405795097351
0.6996206045150757
0.6900454759597778
0.705359697341919
0.6911712884902954
0.7078431248664856
0.6999714374542236
0.7074886560440063
0.7048969864845276
0.7046951651573181
0.7030227184295654
0.7152645587921143
0.695371687412262
0.6942107081413269
0.6984320282936096
0.7031678557395935
0.7140154242515564
0.6984871029853821
0.7032414674758911
0.7057841420173645
0.7156420350074768
0.7104266285896301
0.7108134627342224
0.7297817468643188
0.7029560804367065
0.7035102248191833
0.7079581022262573
0.7131733298301697
0.714812159538269
0.6926032900810242
0.7089748382568359
0.7056471109390259
0.71867436170578
0.6916370987892151
0.689094066619873
0.6992493271827698
0.7027731537818909
0.7026442885398865
0.7099824547767639
0.7300786972045898
0.7124863266944885
0.6974200010299683
0.722692608833313
0.6909854412078857
0.701396644115448
0.6876370906829834
0.7142013907432556
0.6951672434806824
0.6971436142921448
0.6924034953117371
0.6934446096420288
0.7253815531730652
0.6934893131256104
0.7106055021286011
0.6883422136306763
0.7033707499504089
0.7013290524482727
0.7075251340866089
0.7010292410850525
0.7032811045646667
0.7029028534889221
0.7011380791664124
0.7011648416519165
0.7061023712158203
0.7158306241035461
0.6995205283164978
0.6990947723388672
0.7050209641456604
0.7077797651290894
0.7001475095748901
0.7126415371894836
0.6966550350189209
0.705166220664978
0.7016158699989319
0.7125104665756226
0.7036424875259399
0.7183032631874084
0.6962080001831055
0.6954919695854187
0.7087736129760742
0.6908184289932251
0.7051095366477966
0.7051265239715576
0.6990676522254944
0.6990819573402405
0.7052758932113647
0.7075021266937256
0.706802248954773
0.687713086605072
0.7088818550109863
0.7057297825813293
0.6928414702415466
0.7373273372650146
0.7013742327690125
0.6962243318557739
0.6929790377616882
0.6848659515380859
0.7064597606658936
0.7089542150497437
0.6888577938079834
0.6975371241569519
0.7008745670318604
0.6855629682540894
0.70401930809021
0.7243226170539856
0.7162519097328186
0.7071623802185059
0.710597574710846
0.7050860524177551
0.686640202999115
0.6899799704551697
0.6952642798423767
0.7031718492507935
0.697995662689209
0.6942591667175293
0.6918851137161255
0.704716145992279
0.6854468584060669
0.713761568069458
0.7101358771324158
0.7053231000900269
0.7000567317008972
0.6957893967628479
0.6890681982040405
0.7098434567451477
0.7116387486457825
0.6997155547142029
0.6944301128387451
0.6858841180801392
0.6856902837753296
0.6915155053138733
0.707107663154602
0.6993351578712463
0.6930977702140808
0.6952801942825317
0.7107042074203491
0.6948347091674805
0.7087177634239197
0.6922498345375061
0.711773157119751
0.6992504596710205
0.6923965215682983
0.7048658132553101
0.7024381756782532
0.671894371509552
0.7069838047027588
0.7046176791191101
0.7228242754936218
0.7035755515098572
0.6892257928848267
0.708849310874939
0.7000524401664734
0.6911513209342957
0.6891175508499146
0.6942138671875
0.7108951210975647
0.6938022375106812
0.6796658039093018
0.6818205714225769
0.7084314227104187
0.7009904980659485
0.6949034333229065
0.6984331607818604
0.6856540441513062
0.7088031768798828
0.6898244619369507
0.7274379730224609
0.6850557327270508
0.6905884146690369
0.6984860897064209
0.6976549625396729
0.7009066343307495
0.7122869491577148
0.6970990896224976
0.6993240118026733
0.6871991157531738
0.703709065914154
0.7022860646247864
0.710864245891571
0.6778452396392822
0.7058886289596558
0.7174540758132935
0.7008669376373291
0.6901181936264038
0.6849480867385864
0.6982342600822449
0.7012539505958557
0.7111240029335022
0.7133437395095825
0.6967813968658447
0.7058176398277283
0.6961672902107239
0.6956800818443298
0.7047569155693054
0.6980977058410645
0.6837764978408813
0.6999591588973999
0.6987022757530212
0.7021444439888
0.6912781000137329
0.7015939950942993
0.6991751790046692
0.6927195191383362
0.7087165713310242
0.6988751888275146
0.6988314986228943
0.6934040784835815
0.6772429347038269
0.68415367603302
0.7020096182823181
0.7033290863037109
0.6901457905769348
0.7027601599693298
0.6896256804466248
0.6913037896156311
0.6944219470024109
0.7118192315101624
0.7084003686904907
0.7003094553947449
0.6951165795326233
0.6866155862808228
0.6922081112861633
0.6853763461112976
0.6885107755661011
0.693354606628418
0.6866822838783264
0.6985892057418823
0.6988890171051025
0.6986165046691895
0.6970219612121582
0.7136303782463074
0.6894291043281555
0.7107505202293396
0.6988853216171265
0.7153202295303345
0.6916523575782776
0.6936975121498108
0.6984718441963196
0.6863817572593689
0.700567901134491
0.6998531222343445
0.6878003478050232
0.6979764103889465
0.702025830745697
0.6866803765296936
0.7002140879631042
0.6884323358535767
0.7020807266235352
0.697882890701294
0.706074595451355
0.7033390402793884
0.6878420114517212
0.6928130984306335
0.7025973796844482
0.69850093126297
0.6928208470344543
0.7011337280273438
0.6800012588500977
0.6973296999931335
0.6912062764167786
0.6794460415840149
0.6980350613594055
0.6858505010604858
0.6867261528968811
0.6837199330329895
0.7011920809745789
0.6871352791786194
0.6926515102386475
0.6820172667503357
0.7007616758346558
0.6946899890899658
0.6982075572013855
0.6991252899169922
0.69403076171875
0.6979236006736755
0.706487238407135
0.7000147104263306
0.6916812658309937
0.6982298493385315
0.6902119517326355
0.6754775643348694
0.7043261528015137
0.6826194524765015
0.6931366920471191
0.6858689785003662
0.6821316480636597
0.6985554695129395
0.7030963897705078
0.6978453993797302
0.7161699533462524
0.6902540922164917
0.6855132579803467
0.6948032379150391
0.6920844912528992
0.6879363656044006
0.6840285062789917
0.6885225772857666
0.7022814750671387
0.6793922185897827
0.7093574404716492
0.7035030722618103
0.691924512386322
0.6950246691703796
0.6850707530975342
0.6916028261184692
0.6885280013084412
0.698382556438446
0.6944804787635803
0.688647985458374
0.696792721748352
0.6965210437774658
0.6843420267105103
0.6869228482246399
0.6842983365058899
0.6768558621406555
0.6915894150733948
0.6813933253288269
0.6853342652320862
0.7079108953475952
0.698046088218689
0.6957687735557556
0.6911543607711792
0.706165611743927
0.6877764463424683
0.7004292607307434
0.6917806267738342
0.6906528472900391
0.6933331489562988
0.685545802116394
0.701748788356781
0.6881954669952393
0.6805962324142456
0.6845009922981262
0.6888775825500488
0.6922241449356079
0.6824317574501038
0.6784541606903076
0.6825208067893982
0.6991188526153564
0.7061071395874023
0.6945329904556274
0.6913821697235107
0.6826679110527039
0.6913986206054688
0.690056562423706
0.6812765598297119
0.6947745680809021
0.6971974968910217
0.7049987316131592
0.694480836391449
0.6853864192962646
0.6867119073867798
0.6870922446250916
0.6886164546012878
0.702623724937439
0.7054833769798279
0.6758201122283936
0.6840532422065735
0.6813346743583679
0.6953635811805725
0.6863639950752258
0.6778278946876526
0.6946219801902771
0.693408191204071
0.6899080872535706
0.694015383720398
0.6944905519485474
0.6931885480880737
0.6869477033615112
0.7053723931312561
0.686448872089386
0.6988231539726257
0.6885241270065308
0.7005496621131897
0.6998996734619141
0.69606614112854
0.6916115880012512
0.6868294477462769
0.6919676661491394
0.6926146149635315
0.7036730051040649
0.6946731209754944
0.6915192604064941
0.6920987963676453
0.6870577931404114
0.681675910949707
0.6919840574264526
0.6992685198783875
0.7026982307434082
0.7002471089363098
0.691957414150238
0.6812404990196228
0.6799810528755188
0.6885384321212769
0.7099711894989014
0.6852253675460815
0.683966875076294
0.687686026096344
0.6972019076347351
0.686812162399292
0.7042669653892517
0.6906651258468628
0.6916977763175964
0.6931384801864624
0.691071093082428
0.6910905241966248
0.7061546444892883
0.6967014074325562
0.7018330693244934
0.6973516345024109
0.6891013383865356
0.7020305395126343
0.6873615980148315
0.6868358254432678
0.6963372826576233
0.6853852272033691
0.7061702609062195
0.6908158659934998
0.6983717083930969
0.6860013604164124
0.7042353749275208
0.7032831311225891
0.6882503628730774
0.672563374042511
0.6879706978797913
0.6996598243713379
0.6893623471260071
0.6857089400291443
0.6877458691596985
0.698483943939209
0.6953246593475342
0.6887465715408325
0.7003098726272583
0.6999282836914062
0.6902979016304016
0.6910040974617004
0.6845439076423645
0.6759044528007507
0.6729117631912231
0.6869153380393982
0.681822657585144
0.6992098689079285
0.6927622556686401
0.7067426443099976
0.6901326179504395
0.6859724521636963
0.6919612884521484
0.6766014695167542
0.6950963139533997
0.7057851552963257
0.6983733177185059
0.6782403588294983
0.6978438496589661
0.7071021199226379
0.6850152611732483
0.6926780343055725
0.6885824799537659
0.6930413246154785
0.6932690739631653
0.6765109896659851
0.6787476539611816
0.690040111541748
0.6878918409347534
0.6894521117210388
0.6929376721382141
0.6963403820991516
0.6976041793823242
0.6859012246131897
0.7114009261131287
0.6859356760978699
0.6920848488807678
0.6758367419242859
0.6989153027534485
0.6798044443130493
0.6954070329666138
0.6742780208587646
0.6887672543525696
0.6953499913215637
0.7024443745613098
0.6885599493980408
0.6961828470230103
0.7039252519607544
0.6813569068908691
0.6908778548240662
0.6803255081176758
0.6837584376335144
0.6679730415344238
0.6978369951248169
0.6924592852592468
0.6839505434036255
0.6915184259414673
0.6984446048736572
0.7039471864700317
0.685153067111969
0.7055517435073853
0.6951010823249817
0.6833739280700684
0.695589005947113
0.690297544002533
0.6823078989982605
0.6919073462486267
0.6826395392417908
0.6840819120407104
0.6901391744613647
0.6855812668800354
0.7001971006393433
0.6963319182395935
0.687287449836731
0.6934674382209778
0.6980860829353333
0.692144513130188
0.6863793730735779
0.6976386904716492
0.6906185150146484
0.719335675239563
0.6944573521614075
0.6825680136680603
0.6950200796127319
0.6762312650680542
0.6934431195259094
0.6822836399078369
0.6815874576568604
0.6916326880455017
0.6884976029396057
0.6883057951927185
0.6935122013092041
0.6820874810218811
0.6923404335975647
0.696349024772644
0.6820518970489502
0.6999179124832153
0.6883664131164551
0.6908366084098816
0.6932331323623657
0.6913995742797852
0.6895058751106262
0.6950913667678833
0.6995760798454285
0.6819099187850952
0.6822589039802551
0.683847188949585
0.689468264579773
0.6952175498008728
0.7064841389656067
0.7069528698921204
0.6937069892883301
0.6914576888084412
0.6841937303543091
0.7048683762550354
0.6904198527336121
0.6940491199493408
0.6770021319389343
0.6943187117576599
0.6921257972717285
0.7060105204582214
0.6961997151374817
0.6845195889472961
0.6763135194778442
0.6951913833618164
0.6931923031806946
0.6906410455703735
0.668144166469574
0.6850740313529968
0.689362645149231
0.7127127051353455
0.6895540356636047
0.6896936297416687
0.6962282657623291
0.670922577381134
0.6710643172264099
0.6907495260238647
0.6920210123062134
0.6849495768547058
0.7002305388450623
0.6849434971809387
0.6826643347740173
0.7097370028495789
0.6950554251670837
0.6778461337089539
0.6945453882217407
0.6831670999526978
0.706244707107544
0.6816899180412292
0.6980831623077393
0.6978431344032288
0.6787723302841187
0.6911745071411133
0.7006697058677673
0.6864880919456482
0.6841414570808411
0.6923367381095886
0.7001527547836304
0.6935648322105408
0.6955312490463257
0.6874269843101501
0.7015097737312317
0.680035412311554
0.6862460374832153
0.6827794909477234
0.6920406818389893
0.6902554035186768
0.707465648651123
0.6896216869354248
0.684844434261322
0.6779007911682129
0.6813305616378784
0.6910488605499268
0.6867247223854065
0.6889302730560303
0.6845893859863281
0.6831052899360657
0.7047275900840759
0.7076908349990845
0.6882042288780212
0.6894360780715942
0.6923354864120483
0.703413724899292
0.6875011324882507
0.6871441602706909
0.6978897452354431
0.6826217770576477
0.6870242357254028
0.6890535354614258
0.6796398758888245
0.6875548362731934
0.6802734732627869
0.6866706013679504
0.6762199997901917
0.686111330986023
0.6987003087997437
0.6874604821205139
0.6768805384635925
0.6819977760314941
0.6908136010169983
0.6811484098434448
0.6791903972625732
0.6883462071418762
0.6913753151893616
0.6821743249893188
0.6839046478271484
0.7122562527656555
0.6875641942024231
0.7099500298500061
0.6801973581314087
0.6860065460205078
0.684069812297821
0.6851678490638733
0.6886634230613708
0.7022297382354736
0.6910184025764465
0.6735876798629761
0.6946696043014526
0.6783130168914795
0.6872292160987854
0.6762903332710266
0.6858083009719849
0.680374264717102
0.681672215461731
0.6977447271347046
0.6811084151268005
0.6800277233123779
0.6974591016769409
0.6877568960189819
0.6843387484550476
0.6824130415916443
0.6904633641242981
0.6772243976593018
0.691109299659729
0.6933056116104126
0.6911042928695679
0.6967133283615112
0.685370922088623
0.6815716028213501
0.6703634262084961
0.6900843977928162
0.6843403577804565
0.6775299906730652
0.6875600218772888
0.6911265254020691
0.7045121788978577
0.695397675037384
0.6957806944847107
0.6823663711547852
0.6853585839271545
0.6881524324417114
0.6892879605293274
0.6834434866905212
0.6969488263130188
0.6812781095504761
0.6833174228668213
0.6817619800567627
0.6933751702308655
0.697140634059906
0.7010132670402527
0.6922661662101746
0.6891189813613892
0.6862407922744751
0.7019511461257935
0.6888684630393982
0.6893391609191895
0.691192626953125
0.6797595024108887
0.7101916670799255
0.6824226975440979
0.6955980062484741
0.6910316944122314
0.6759427785873413
0.6811543107032776
0.6996275186538696
0.6820651292800903
0.6908462643623352
0.676886796951294
0.6926829218864441
0.6805341839790344
0.7011783719062805
0.7091785669326782
0.6878046989440918
0.7019367218017578
0.687122106552124
0.6979206204414368
0.7059693336486816
0.6805000305175781
0.6954197287559509
0.7026596665382385
0.6876124739646912
0.6855922937393188
0.6770271062850952
0.6983205676078796
0.6783496141433716
0.6827158331871033
0.684138834476471
0.6938834190368652
0.6850341558456421
0.6935221552848816
0.6969816088676453
0.6886819005012512
0.6890065670013428
0.682345986366272
0.70296710729599
0.6852338314056396
0.6948981881141663
0.6864856481552124
0.7041451334953308
0.6814455986022949
0.6954450011253357
0.6851351857185364
0.6666948795318604
0.6884632706642151
0.6874380111694336
0.6802199482917786
0.6930315494537354
0.6819867491722107
0.6902415752410889
0.6873930096626282
0.712644636631012
0.6953477263450623
0.6786492466926575
0.6883615851402283
0.6970194578170776
0.6930767893791199
0.6710557341575623
0.6899838447570801
0.687204122543335
0.6934636831283569
0.68448805809021
0.6839802861213684
0.6969128847122192
0.6921015381813049
0.6913758516311646
0.6711080074310303
0.6808521747589111
0.6810364723205566
0.6821994781494141
0.6900882720947266
0.6965466737747192
0.6833337545394897
0.6874567270278931
0.6808257699012756
0.6859272718429565
0.6833084225654602
0.694097638130188
0.6974911093711853
0.691736102104187
0.6857530474662781
0.684638261795044
0.6928056478500366
0.6930935382843018
0.6799439787864685
0.686610996723175
0.6826257705688477
0.6930362582206726
0.7037590146064758
0.6863393187522888
0.6840137839317322
0.6803459525108337
0.6863336563110352
0.6783965229988098
0.691415548324585
0.6732226014137268
0.6784369945526123
0.6812232732772827
0.6893349885940552
0.6986831426620483
0.6919112801551819
0.6946166753768921
0.7007060050964355
0.6735560894012451
0.6967343091964722
0.7034645676612854
0.6963546276092529
0.6952722668647766
0.7067274451255798
0.685553252696991
0.6775674819946289
0.6948956251144409
0.6876019239425659
0.6909189224243164
0.6793195009231567
0.6800965070724487
0.6941896080970764
0.6974833607673645
0.7010020613670349
0.6913896799087524
0.692314088344574
0.6906401515007019
0.6804360151290894
0.6923210620880127
0.6922765970230103
0.7047205567359924
0.6898931860923767
0.6969274282455444
0.687710165977478
0.6866068243980408
0.6863188743591309
0.681241512298584
0.6925362348556519
0.68421471118927
0.6818429231643677
0.6784786581993103
0.6954997777938843
0.6890822052955627
0.6929622888565063
0.681698739528656
0.6991193294525146
0.6777652502059937
0.6865033507347107
0.6947630047798157
0.7026848793029785
0.6939132809638977
0.678617537021637
0.6787776947021484
0.6753985285758972
0.6934638619422913
0.690977156162262
0.7012419700622559
0.6998311877250671
0.6970566511154175
0.6966173052787781
0.6861087679862976
0.6955438256263733
0.6897017955780029
0.6648690104484558
0.6830462217330933
0.6972569823265076
0.7052062749862671
0.695501983165741
0.6988455653190613
0.6981920599937439
0.7059204578399658
0.6944222450256348
0.6896932721138
0.6787668466567993
0.6860031485557556
0.6879767775535583
0.6859058141708374
0.6901370882987976
0.7026702165603638
0.7025067806243896
0.67414790391922
0.6991114020347595
0.6840996146202087
0.70010906457901
0.6956561207771301
0.6885663866996765
0.6810986995697021
0.6864346265792847
0.6904248595237732
0.6831750869750977
0.7084497213363647
0.7002900242805481
0.6848838329315186
0.7053855061531067
0.7054213881492615
0.6837562918663025
0.6890704035758972
0.6989686489105225
0.7060333490371704
0.6915467381477356
0.6995322704315186
0.6908851265907288
0.6847859025001526
0.6971652507781982
0.7024344205856323
0.6724092960357666
0.6928505301475525
0.6881203651428223
0.6864628791809082
0.6870361566543579
0.6900849938392639
0.6996985077857971
0.712525486946106
0.6845618486404419
0.6875364184379578
0.6712446212768555
0.68340003490448
0.6852501630783081
0.682471513748169
0.6779054403305054
0.6906417012214661
0.6854915618896484
0.6874275803565979
0.6892028450965881
0.6897213459014893
0.6845763325691223
0.6836417317390442
0.6937841773033142
0.6892372965812683
0.6973289847373962
0.6935294270515442
0.7074830532073975
0.686247706413269
0.6716715693473816
0.6882971525192261
0.7053801417350769
0.6993916630744934
0.682447075843811
0.6872320771217346
0.6773422956466675
0.6861142516136169
0.68777996301651
0.6812314987182617
0.6936381459236145
0.6807332038879395
0.7020868062973022
0.6961983442306519
0.6957710981369019
0.7058723568916321
0.6822270154953003
0.6919111013412476
0.6815436482429504
0.6765527725219727
0.7028598785400391
0.6728159785270691
0.6984162330627441
0.6807339787483215
0.6918850541114807
0.6733899116516113
0.6869226098060608
0.6877022385597229
0.6832349896430969
0.6958907842636108
0.6863314509391785
0.6975694894790649
0.69407719373703
0.6907073259353638
0.6870585680007935
0.6978090405464172
0.7032459378242493
0.6828708648681641
0.6933796405792236
0.6798379421234131
0.6950439810752869
0.6970831155776978
0.6874008178710938
0.6871470808982849
0.678490161895752
0.7076675295829773
0.6840080618858337
0.68292236328125
0.6985636949539185
0.6815018057823181
0.7057337760925293
0.692082405090332
0.698818564414978
0.679645836353302
0.6924974918365479
0.6835806965827942
0.690215528011322
0.6842235326766968
0.6804388761520386
0.6934180855751038
0.6938587427139282
0.6989444494247437
0.687194287776947
0.6920958757400513
0.6903933882713318
0.677373468875885
0.6915463805198669
0.677841305732727
0.6787424087524414
0.6832283735275269
0.684756338596344
0.6885945200920105
0.6910021305084229
0.6930550336837769
0.6882964372634888
0.7059627175331116
0.683391273021698
0.6845009326934814
0.7015092968940735
0.6907786130905151
0.6999351382255554
0.7007325291633606
0.7055337429046631
0.6818761229515076
0.6733769774436951
0.703906238079071
0.6836815476417542
0.675195038318634
0.6846394538879395
0.6968398690223694
0.6900564432144165
0.6828745007514954
0.6972560286521912
0.6886412501335144
0.6763774156570435
0.6844494938850403
0.6953685283660889
0.6840440034866333
0.6935437917709351
0.6760493516921997
0.6847198009490967
0.6859961152076721
0.6980020403862
0.6810427904129028
0.7037380337715149
0.6861690878868103
0.6872260570526123
0.6865030527114868
0.6996956467628479
0.681473970413208
0.6901078224182129
0.6900128126144409
0.6938158869743347
0.6869267225265503
0.6803231835365295
0.7072257399559021
0.6806094646453857
0.6709766983985901
0.6941062808036804
0.6965481042861938
0.6800673007965088
0.6829468607902527
0.693730890750885
0.6966043710708618
0.6789728403091431
0.6897293329238892
0.6882144212722778
0.6806430816650391
0.6843833327293396
0.6771426796913147
0.6960808038711548
0.6842942833900452
0.6938607096672058
0.6887959241867065
0.6816800236701965
0.6918264627456665
0.6910787224769592
0.6905966997146606
0.6843857169151306
0.6990845799446106
0.6968913078308105
0.6946020126342773
0.6906784176826477
0.6899213194847107
0.680833101272583
0.6931735277175903
0.6963122487068176
0.6854925155639648
0.6898752450942993
0.6823299527168274
0.6887531280517578
0.7038142085075378
0.6885123252868652
0.6845911741256714
0.6924417018890381
0.6812930107116699
0.6802747249603271
0.6888619661331177
0.6851814389228821
0.7022428512573242
0.679906964302063
0.6797458529472351
0.6968374252319336
0.6884344220161438
0.6797114014625549
0.6882752776145935
0.6814497709274292
0.6865692138671875
0.6913029551506042
0.6844367980957031
0.688612163066864
0.6708990335464478
0.6933000087738037
0.6774810552597046
0.6986897587776184
0.6919988989830017
0.6844986081123352
0.6856722235679626
0.6902565360069275
0.7105751633644104
0.6764225363731384
0.6945061683654785
0.6928514838218689
0.6801068782806396
0.6907166838645935
0.6861413717269897
0.6792839169502258
0.6900182962417603
0.6857936978340149
0.6859497427940369
0.7143669128417969
0.6905399560928345
0.6858919858932495
0.680428683757782
0.7058336138725281
0.6764525771141052
0.691787600517273
0.691673994064331
0.6816355586051941
0.696392297744751
0.6813687086105347
0.6788634657859802
0.6841543316841125
0.6881670355796814
0.6829832792282104
0.6994884014129639
0.6988939642906189
0.6862483620643616
0.6846985220909119
0.6832403540611267
0.6928250193595886
0.6819494962692261
0.6873638033866882
0.6826902031898499
0.6927323341369629
0.6797991394996643
0.6864006519317627
0.687652051448822
0.6987730860710144
0.6937757134437561
0.6805413365364075
0.69693922996521
0.6843920350074768
0.6965344548225403
0.7133311033248901
0.6784148216247559
0.6794594526290894
0.7020483016967773
0.6828940510749817
0.6971081495285034
0.6779841184616089
0.6973100900650024
0.690670371055603
0.6836254596710205
0.6891205906867981
0.6799712777137756
0.6923234462738037
0.6928105354309082
0.6904608011245728
0.6917805671691895
0.6879492998123169
0.6916438937187195
0.6880829930305481
0.682180643081665
0.6824257373809814
0.6891244053840637
0.6859265565872192
0.6852015256881714
0.6832302808761597
0.6899863481521606
0.6768192648887634
0.6973894238471985
0.6989390850067139
0.6861566305160522
0.6906450986862183
0.6890507340431213
0.6952866315841675
0.6715745329856873
0.702164888381958
0.7011823058128357
0.6817135810852051
0.6814627051353455
0.7003238797187805
0.6761718988418579
0.6853121519088745
0.6918891072273254
0.6941235661506653
0.6963049173355103
0.681782603263855
0.6796252727508545
0.6904546618461609
0.6986666917800903
0.6866859197616577
0.6874261498451233
0.6912326812744141
0.6895124316215515
0.6856429576873779
0.7038745284080505
0.6872772574424744
0.6882714629173279
0.6888954639434814
0.6776308417320251
0.6830728054046631
0.7016686201095581
0.6857155561447144
0.6922590732574463
0.6929070949554443
0.6965504288673401
0.6902100443840027
0.6911106109619141
0.7112606167793274
0.6760182976722717
0.6944646239280701
0.6826629042625427
0.6921271085739136
0.6923568844795227
0.6831992268562317
0.6856790781021118
0.698908269405365
0.6891373991966248
0.6946074366569519
0.6989573240280151
0.6890752911567688
0.6711001396179199
0.709190845489502
0.7108051180839539
0.6866703033447266
0.6926178336143494
0.6933805346488953
0.6871793270111084
0.6895595788955688
0.7070738673210144
0.6891797780990601
0.6795191764831543
0.6935670971870422
0.6991590857505798
0.6868269443511963
0.686843752861023
0.6812893152236938
0.6896061301231384
0.6874613761901855
0.6990803480148315
0.6963299512863159
0.6986189484596252
0.6878512501716614
0.6854842901229858
0.6644550561904907
0.6948561668395996
0.6788741946220398
0.6806268692016602
0.6901103258132935
0.6812239289283752
0.6905597448348999
0.6829487681388855
0.6988576650619507
0.6827266812324524
0.6951309442520142
0.7016264200210571
0.6901223659515381
0.690640389919281
0.690292477607727
0.6817881464958191
0.6827279925346375
0.6870039105415344
0.6953476667404175
0.6877797245979309
0.6789895296096802
0.6918324828147888
0.6785277128219604
0.6810237169265747
0.7000581622123718
0.6840090155601501
0.6897410750389099
0.6748390793800354
0.6908578872680664
0.6735019683837891
0.6805501580238342
0.6730009913444519
0.6968568563461304
0.6809602379798889
0.6925848722457886
0.7122468948364258
0.6902647614479065
0.7036240696907043
0.6931685209274292
0.6940569281578064
0.6911556720733643
0.688937246799469
0.6923456192016602
0.6968865990638733
0.6849496960639954
0.6859638690948486
0.6889267563819885
0.6953240633010864
0.6817114353179932
0.6939127445220947
0.6895526647567749
0.6973878145217896
0.6958368420600891
0.6849618554115295
0.7048735618591309
0.6956570744514465
0.6884276270866394
0.7074530720710754
0.6791478991508484
0.6870935559272766
0.7028899788856506
0.6755260229110718
0.694743812084198
0.6908091902732849
0.6871832013130188
0.6854514479637146
0.6866083145141602
0.6867376565933228
0.7021054625511169
0.6822949647903442
0.6953529715538025
0.6848155856132507
0.6971741914749146
0.68976891040802
0.6853460669517517
0.6837256550788879
0.6778406500816345
0.6745234131813049
0.6849225163459778
0.7018415927886963
0.6861984133720398
0.6886768937110901
0.7000707983970642
0.7074416875839233
0.685474693775177
0.6820410490036011
0.6790952682495117
0.690501868724823
0.6904709339141846
0.6788223385810852
0.7000040411949158
0.6958114504814148
0.6843371987342834
0.6898066997528076
0.701103925704956
0.6927879452705383
0.6794750690460205
0.6893649697303772
0.6904007196426392
0.689814567565918
0.6973967552185059
0.6889584064483643
0.692629873752594
0.6835599541664124
0.6924347877502441
0.6917113065719604
0.6861413717269897
0.6876649260520935
0.6827882528305054
0.6816062331199646
0.6946211457252502
0.6973018646240234
0.6897571086883545
0.6775058507919312
0.7000306248664856
0.6921489834785461
0.6750057339668274
0.6924145221710205
0.6947726011276245
0.6774733662605286
0.683037519454956
0.699609100818634
0.6897149085998535
0.6830489039421082
0.6854385137557983
0.6774657368659973
0.6988498568534851
0.6865513324737549
0.6984246969223022
0.678621232509613
0.6938505172729492
0.685302734375
0.690314769744873
0.6871129274368286
0.6913061141967773
0.6891363859176636
0.6928276419639587
0.6922475099563599
0.6718373894691467
0.6860918402671814
0.6878129243850708
0.6874385476112366
0.6804133057594299
0.6911711692810059
0.688025712966919
0.692166268825531
0.6878190636634827
0.6905685663223267
0.6829933524131775
0.6903924942016602
0.6904478669166565
0.6878564953804016
0.6963107585906982
0.6830849647521973
0.6935398578643799
0.6994343996047974
0.6761547327041626
0.6867293119430542
0.6958675384521484
0.6720765233039856
0.6850716471672058
0.6958246231079102
0.6887323260307312
0.6990415453910828
0.6824532151222229
0.6861801147460938
0.6934980750083923
0.6888042688369751
0.6824955940246582
0.6881113052368164
0.6821395754814148
0.68425053358078
0.6791512370109558
0.6839941143989563
0.6839868426322937
0.6900375485420227
0.6806291937828064
0.690771222114563
0.6850239038467407
0.678294837474823
0.6855570077896118
0.6801552176475525
0.6945188641548157
0.6877875328063965
0.6975468397140503
0.684219241142273
0.6951501369476318
0.689976155757904
0.6777631044387817
0.677422821521759
0.6850371360778809
0.6912497878074646
0.6914945244789124
0.6892185211181641
0.7027922868728638
0.6894118785858154
0.6827048659324646
0.6827815771102905
0.6944474577903748
0.6855300664901733
0.6848918199539185
0.7008069753646851
0.696661651134491
0.6797178387641907
0.6969498991966248
0.6941407322883606
0.6848170757293701
0.6925657987594604
0.6864249110221863
0.6764175891876221
0.7050626277923584
0.6867688894271851
0.6918054223060608
0.6929754614830017
0.6731637716293335
0.6925583481788635
0.6859277486801147
0.6846020221710205
0.698314368724823
0.6668376326560974
0.6866346001625061
0.6977235078811646
0.6983603835105896
0.6841013431549072
0.6987890005111694
0.6914406418800354
0.6919686794281006
0.7069984674453735
0.6963744163513184
0.6904361248016357
0.6896529793739319
0.6838245391845703
0.6877423524856567
0.6850252747535706
0.6747797131538391
0.6865912675857544
0.6861057877540588
0.6898337006568909
0.6738117933273315
0.6992581486701965
0.6855932474136353
0.7197869420051575
0.6868601441383362
0.6855819225311279
0.7023577094078064
0.6843918561935425
0.6799293160438538
0.693703830242157
0.6948857307434082
0.6846685409545898
0.679192066192627
0.6856259703636169
0.6975826025009155
0.6749308705329895
0.682864785194397
0.70522540807724
0.6828393340110779
0.6823064684867859
0.6786028742790222
0.6959724426269531
0.6827452778816223
0.677765965461731
0.6936513781547546
0.7009590268135071
0.6914638876914978
0.6833013892173767
0.6912699341773987
0.6943903565406799
0.6922851800918579
0.6981338858604431
0.6965538263320923
0.6770129799842834
0.6885253190994263
0.6914835572242737
0.6744444370269775
0.6832650303840637
0.6813799142837524
0.6996318101882935
0.6811772584915161
0.6902779340744019
0.6886343955993652
0.6963971257209778
0.6895809769630432
0.6861549615859985
0.6991900205612183
0.692377507686615
0.6884059906005859
0.6950024962425232
0.6893872022628784
0.6932793855667114
0.6894965171813965
0.6909589171409607
0.6968736052513123
0.6806914210319519
0.6985672116279602
0.6862282752990723
0.6937727332115173
0.6943668127059937
0.6813393235206604
0.6861531138420105
0.6854217648506165
0.6877315044403076
0.682202160358429
0.689911961555481
0.6966302394866943
0.6835680603981018
0.6757501363754272
0.6963469386100769
0.6978989243507385
0.6974378228187561
0.7023960947990417
0.6718490123748779
0.6996454000473022
0.7030587792396545
0.6996819972991943
0.6882333755493164
0.6771542429924011
0.682474672794342
0.6786230206489563
0.6809235215187073
0.6715795397758484
0.6912699341773987
0.6937354803085327
0.6865463256835938
0.7016818523406982
0.6806777119636536
0.6967654824256897
0.6873929500579834
0.6844677925109863
0.6815464496612549
0.6783626675605774
0.6820159554481506
0.6988025307655334
0.6860467791557312
0.6762018799781799
0.6878137588500977
0.6782335638999939
0.6912746429443359
0.685009777545929
0.6857395768165588
0.6951773762702942
0.6965955495834351
0.7030370831489563
0.6969736218452454
0.6836790442466736
0.6850710511207581
0.6924347877502441
0.688838005065918
0.7007398009300232
0.6805593371391296
0.6865147352218628
0.6925473213195801
0.6940723061561584
0.7032305598258972
0.6951165199279785
0.6874991059303284
0.6817148923873901
0.6878757476806641
0.7030683159828186
0.6878998875617981
0.6818655729293823
0.6940049529075623
0.6860300302505493
0.6753283143043518
0.6933221220970154
0.6870599985122681
0.6675366163253784
0.6728861927986145
0.694370687007904
0.6757436990737915
0.6926385760307312
0.6901274919509888
0.6825487613677979
0.6862784624099731
0.6886974573135376
0.6899593472480774
0.6840904355049133
0.6898558139801025
0.6963180899620056
0.6868487000465393
0.6915898323059082
0.683032214641571
0.6895840167999268
0.6974126696586609
0.685196578502655
0.6804665327072144
0.6947563290596008
0.6948783993721008
0.6793083548545837
0.6929415464401245
0.6777334213256836
0.691127359867096
0.6768392324447632
0.6868806481361389
0.6864350438117981
0.6811524629592896
0.6890056133270264
0.6925331950187683
0.6896695494651794
0.7078660130500793
0.6887344717979431
0.7015080451965332
0.6854070425033569
0.6871540546417236
0.695410966873169
0.6886017322540283
0.696766197681427
0.6885266304016113
0.6762274503707886
0.6987618207931519
0.6976208686828613
0.7032505869865417
0.6832447052001953
0.6931631565093994
0.6810390949249268
0.6761268377304077
0.6866337656974792
0.6773582100868225
0.6909041404724121
0.6854532957077026
0.6872864961624146
0.6691812872886658
0.6878515481948853
0.684669017791748
0.6760189533233643
0.6928955912590027
0.6809482574462891
0.695026159286499
0.7019652128219604
0.6944862008094788
0.6782986521720886
0.6882320642471313
0.6920788288116455
0.6949304938316345
0.6808706521987915
0.6844468712806702
0.6743713617324829
0.688855767250061
0.7007511854171753
0.6927481293678284
0.7041025757789612
0.6920886039733887
0.6807143092155457
0.6964839696884155
0.7073009014129639
0.6897014379501343
0.6915354132652283
0.6829867959022522
0.7085878849029541
0.6810266375541687
0.6933484077453613
0.6963328719139099
0.68926602602005
0.6784753799438477
0.6964654922485352
0.6947181224822998
0.6897686123847961
0.6917579770088196
0.6962149739265442
0.6802330613136292
0.6988245844841003
0.7011038064956665
0.6844213604927063
0.6879299879074097
0.6902707815170288
0.6974554061889648
0.7071490287780762
0.6797268390655518
0.6889346837997437
0.6919990181922913
0.7116747498512268
0.7008420825004578
0.6817681193351746
0.6948893070220947
0.6886957287788391
0.7007649540901184
0.6815419793128967
0.6774433851242065
0.6894102692604065
0.6898133158683777
0.6755858063697815
0.6886898279190063
0.6988847851753235
0.6842408180236816
0.6979997754096985
0.692681610584259
0.6992272734642029
0.6891142725944519
0.690383791923523
0.6998944878578186
0.6881910562515259
0.6888790130615234
0.6986047029495239
0.6955693960189819
0.6831172704696655
0.6980334520339966
0.689407467842102
0.6829516291618347
0.6801835894584656
0.6872393488883972
0.6846635341644287
0.6839450597763062
0.6975643634796143
0.705825924873352
0.6988417506217957
0.6814435720443726
0.6858924031257629
0.6927772164344788
0.7013109922409058
0.6985693573951721
0.6874414682388306
0.6895236968994141
0.6797188520431519
0.6843035221099854
0.6699113845825195
0.6816728711128235
0.698083221912384
0.6845158338546753
0.6797489523887634
0.6913673877716064
0.7038946151733398
0.681187093257904
0.6832061409950256
0.7010848522186279
0.6933432817459106
0.6882920861244202
0.695076048374176
0.6923877000808716
0.6872120499610901
0.6911530494689941
0.6978319883346558
0.6902156472206116
0.6953891515731812
0.6978133916854858
0.6989588141441345
0.6788407564163208
0.6969161033630371
0.6938459277153015
0.681057333946228
0.6980685591697693
0.6908358335494995
0.6913844347000122
0.7009934186935425
0.6889966726303101
0.6891025304794312
0.6802712678909302
0.6876575350761414
0.6805282831192017
0.6854880452156067
0.694119930267334
0.6951888799667358
0.6783360242843628
0.6926778554916382
0.6877239346504211
0.6979058384895325
0.7026823163032532
0.6790298223495483
0.683517575263977
0.685324490070343
0.6962214112281799
0.6839160323143005
0.6961297988891602
0.6958643198013306
0.693022608757019
0.6971806883811951
0.6976732015609741
0.6809482574462891
0.6879550814628601
0.6888781785964966
0.6884222626686096
0.6844866275787354
0.6883164644241333
0.6957027912139893
0.683406412601471
0.6942288875579834
0.7098864316940308
0.6866761445999146
0.6763893961906433
0.6832123398780823
0.6855317950248718
0.6942514777183533
0.6763487458229065
0.6823233366012573
0.6905938386917114
0.6939011812210083
0.6975345611572266
0.6890559792518616
0.6737307906150818
0.6957252025604248
0.6945784687995911
0.6872720122337341
0.6923738121986389
0.6901881098747253
0.6931989789009094
0.686698853969574
0.6867657899856567
0.6865246891975403
0.691704511642456
0.6903849840164185
0.6948792934417725
0.6844211220741272
0.6936244964599609
0.7011184096336365
0.6917828321456909
0.6974133849143982
0.6878257393836975
0.6921117901802063
0.6953737139701843
0.689265251159668
0.6828665733337402
0.6899011731147766
0.6865258812904358
0.6931056380271912
0.6865282654762268
0.6877557635307312
0.6857528686523438
0.7051582336425781
0.6833853721618652
0.6818585395812988
0.6917228102684021
0.6814072132110596
0.7034941911697388
0.6924573183059692
0.7015639543533325
0.67544025182724
0.6996985673904419
0.6965234875679016
0.6965530514717102
0.6881898045539856
0.6820478439331055
0.6784868836402893
0.7060933113098145
0.6995016932487488
0.6899515390396118
0.6921632885932922
0.685139536857605
0.6855920553207397
0.670124351978302
0.6786425113677979
0.6740691065788269
0.6879310607910156
0.6770395040512085
0.6920702457427979
0.6818468570709229
0.6845816969871521
0.6804439425468445
0.6814867258071899
0.6805779933929443
0.693276047706604
0.6915834546089172
0.6787229776382446
0.6782199144363403
0.6934024095535278
0.6919333934783936
0.6978737711906433
0.6928402185440063
0.7034040689468384
0.7040009498596191
0.6957898139953613
0.6923527717590332
0.6786709427833557
0.677447497844696
0.6918231248855591
0.688130259513855
0.6914672255516052
0.6851251125335693
0.6878126859664917
0.6883391737937927
0.6993816494941711
0.6911945939064026
0.6857916116714478
0.6909694671630859
0.6885112524032593
0.6775774955749512
0.6822267770767212
0.6961413025856018
0.6853914260864258
0.6815570592880249
0.7024373412132263
0.6880599856376648
0.6966094970703125
0.6706584692001343
0.6894696950912476
0.6915298700332642
0.7058400511741638
0.6893505454063416
0.6884174346923828
0.710696280002594
0.7115449905395508
0.6794622540473938
0.6901198029518127
0.6939436793327332
0.6910542249679565
0.6969974040985107
0.69029301404953
0.6954654455184937
0.683894157409668
0.7007562518119812
0.6860240697860718
0.6865350604057312
0.7006475925445557
0.6709356904029846
0.6871662735939026
0.6910497546195984
0.6786828637123108
0.6831488609313965
0.6980167031288147
0.6915585994720459
0.6809818148612976
0.7057374119758606
0.6739963293075562
0.701151430606842
0.6811118721961975
0.6911439299583435
0.6818276047706604
0.6863150000572205
0.6906307935714722
0.6720070242881775
0.6922674775123596
0.6934278607368469
0.683943510055542
0.6867893934249878
0.6927148699760437
0.6913890242576599
0.692436933517456
0.6881400346755981
0.6821366548538208
0.6874167323112488
0.6835282444953918
0.6975522041320801
0.6835530996322632
0.6703267693519592
0.69682377576828
0.7049457430839539
0.6811304092407227
0.6841884255409241
0.6800569295883179
0.6739658117294312
0.6807306408882141
0.6922112703323364
0.6851837635040283
0.6840934157371521
0.6885607242584229
0.6875907182693481
0.6851416230201721
0.6823593378067017
0.6894291639328003
0.6910739541053772
0.6886330246925354
0.6841486096382141
0.6880502104759216
0.6894492506980896
0.6983922719955444
0.6861708760261536
0.6815705299377441
0.6775568723678589
0.6716441512107849
0.7015629410743713
0.6882047653198242
0.68526691198349
0.6972929835319519
0.6956030130386353
0.6845337152481079
0.6978722214698792
0.6888341903686523
0.6977655291557312
0.6975305080413818
0.6882103085517883
0.7042115330696106
0.6866117715835571
0.6943287253379822
0.684594452381134
0.6987653374671936
0.6885129809379578
0.6986924409866333
0.7017213106155396
0.6939283013343811
0.6843466758728027
0.7181612253189087
0.703231930732727
0.6764747500419617
0.682890772819519
0.6917352676391602
0.6958816647529602
0.6995916366577148
0.6852615475654602
0.7060153484344482
0.6963276863098145
0.7068886756896973
0.6908641457557678
0.6961742639541626
0.6917098164558411
0.6848863959312439
0.7069351077079773
0.6900619268417358
0.6877391934394836
0.7093007564544678
0.6963401436805725
0.7024815678596497
0.7051405906677246
0.6959790587425232
0.6984413862228394
0.6919981837272644
0.6911337971687317
0.6876860857009888
0.6831334829330444
0.684969961643219
0.6838818788528442
0.6857935786247253
0.6826778650283813
0.693331241607666
0.6928795576095581
0.6711847186088562
0.6838273406028748
0.6940000057220459
0.7003233432769775
0.699749767780304
0.6861320734024048
0.6895291805267334
0.6861882209777832
0.7041643261909485
0.6815890669822693
0.6843629479408264
0.6868181824684143
0.6837356686592102
0.6935532093048096
0.6971563696861267
0.6872190833091736
0.705172598361969
0.6844605207443237
0.6789602041244507
0.6837280988693237
0.6936700940132141
0.6801987886428833
0.6924011707305908
0.6867647171020508
0.7028099298477173
0.6783870458602905
0.6803679466247559
0.6790472269058228
0.6947161555290222
0.7074013948440552
0.6821889281272888
0.6990207433700562
0.6823872327804565
0.6909478902816772
0.6935383081436157
0.7058590054512024
0.6942947506904602
0.6922974586486816
0.6983608603477478
0.6781620979309082
0.6818400025367737
0.6957818865776062
0.7023529410362244
0.6737045645713806
0.6898726224899292
0.7016569972038269
0.6897946000099182
0.6930968165397644
0.7112515568733215
0.6844727396965027
0.6919645071029663
0.6774076819419861
0.6831130981445312
0.6904790997505188
0.691675066947937
0.6895480155944824
0.6746720671653748
0.6896090507507324
0.6817761659622192
0.7004370093345642
0.7002646923065186
0.7043971419334412
0.6836069226264954
0.6868200302124023
0.6841933131217957
0.6955618858337402
0.6742662787437439
0.6779902577400208
0.6810075044631958
0.6882360577583313
0.6906550526618958
0.6812548637390137
0.6745750308036804
0.688744306564331
0.7040063738822937
0.6842377781867981
0.6765927672386169
0.6923763751983643
0.6831929087638855
0.6845479011535645
0.6906694173812866
0.6973559260368347
0.694055438041687
0.7055745720863342
0.6959400773048401
0.6903770565986633
0.6733310222625732
0.6885871887207031
0.7020425200462341
0.6925390958786011
0.6935489773750305
0.6897875666618347
0.711306095123291
0.6876917481422424
0.6736653447151184
0.684316098690033
0.6908746361732483
0.7010154128074646
0.6822785139083862
0.7031378746032715
0.6627398133277893
0.6789891123771667
0.6985602378845215
0.6960046291351318
0.6862869262695312
0.6743378639221191
0.6900190711021423
0.6831770539283752
0.6898350119590759
0.6872331500053406
0.6921188235282898
0.6953057050704956
0.6804487705230713
0.6830986142158508
0.6746376752853394
0.6921610236167908
0.6959512829780579
0.6819705963134766
0.6817348599433899
0.6900761127471924
0.69388747215271
0.6903066635131836
0.6942402720451355
0.6834583878517151
0.6839320063591003
0.6775776743888855
0.6917741894721985
0.7042256593704224
0.683516800403595
0.6769746541976929
0.7048231363296509
0.6788641214370728
0.6784103512763977
0.6947214007377625
0.6992226839065552
0.7001193761825562
0.6760608553886414
0.6890019774436951
0.6966769695281982
0.6791073679924011
0.6866908073425293
0.6924352049827576
0.6749127507209778
0.6905734539031982
0.6801748275756836
0.6849390864372253
0.6861592531204224
0.6818580627441406
0.6819636225700378
0.6780958771705627
0.6987165212631226
0.6903060078620911
0.6768012642860413
0.6797847747802734
0.7110539674758911
0.6821916699409485
0.6725939512252808
0.6922265887260437
0.6939316987991333
0.6746082901954651
0.6859581470489502
0.6890819072723389
0.6866357326507568
0.6862371563911438
0.6880372166633606
0.6795867681503296
0.6941683292388916
0.6951727867126465
0.6856716275215149
0.6783371567726135
0.6939470767974854
0.6820389032363892
0.6827327609062195
0.6882036924362183
0.6921185255050659
0.6904391050338745
0.688871443271637
0.694841742515564
0.6881410479545593
0.68482905626297
0.6900362372398376
0.6846596002578735
0.6849572658538818
0.7077522277832031
0.6843679547309875
0.6807082295417786
0.6969774961471558
0.680992841720581
0.690727710723877
0.694977343082428
0.6923485398292542
0.7066919207572937
0.6974208950996399
0.6810278296470642
0.7008252143859863
0.6882251501083374
0.6908673644065857
0.7034818530082703
0.6786538362503052
0.6799203753471375
0.6820409893989563
0.6901849508285522
0.6986061930656433
0.6830734014511108
0.6814730167388916
0.6856774091720581
0.6881900429725647
0.6815570592880249
0.6978990435600281
0.6943702697753906
0.6781021952629089
0.6842783093452454
0.6834574937820435
0.6885218620300293
0.6910027265548706
0.6875460147857666
0.6876277923583984
0.6882594227790833
0.6962248086929321
0.6941503286361694
0.69444739818573
0.6882748007774353
0.6925889849662781
0.6851735711097717
0.6833957433700562
0.6852591633796692
0.6946780681610107
0.676925539970398
0.6942023038864136
0.6870014071464539
0.6772060394287109
0.6991458535194397
0.6992489695549011
0.6690224409103394
0.6920709609985352
0.6949991583824158
0.6867352724075317
0.6864566802978516
0.6814060807228088
0.689346194267273
0.6846758723258972
0.6893173456192017
0.678764820098877
0.6906319856643677
0.6959188580513
0.684445321559906
0.682502269744873
0.6767217516899109
0.7052711844444275
0.6957016587257385
0.6835981607437134
0.6981634497642517
0.7010791897773743
0.6816052198410034
0.6923390030860901
0.6901177763938904
0.6874229907989502
0.700198233127594
0.6819086074829102
0.6752160787582397
0.6966854333877563
0.6806491613388062
0.6849924921989441
0.683059573173523
0.6874950528144836
0.6936880946159363
0.6890619993209839
0.6828048229217529
0.6931818127632141
0.67539381980896
0.6868652105331421
0.6867729425430298
0.6817858815193176
0.675305962562561
0.6912638545036316
0.6737194061279297
0.6883226633071899
0.681695282459259
0.6957222819328308
0.6802935004234314
0.679183840751648
0.6976567506790161
0.6831439733505249
0.6866571307182312
0.6835005283355713
0.6845651268959045
0.6852511167526245
0.6811392903327942
0.6971012949943542
0.6881290078163147
0.695929765701294
0.6904975175857544
0.6756908893585205
0.6905431747436523
0.6777721643447876
0.6858425140380859
0.6830259561538696
0.6761431694030762
0.7030909657478333
0.693264901638031
0.6842426061630249
0.687242329120636
0.6940478086471558
0.6867547631263733
0.6982606053352356
0.6842783689498901
0.6909074187278748
0.7048460245132446
0.6954910159111023
0.6860879063606262
0.6939457654953003
0.6854467391967773
0.6914477944374084
0.6977322101593018
0.7036806344985962
0.6892570853233337
0.6827073097229004
0.6893274188041687
0.6860725283622742
0.6916900277137756
0.6905468702316284
0.6864398717880249
0.6834896802902222
0.6863757371902466
0.6792317032814026
0.681735098361969
0.69035404920578
0.6815930008888245
0.692261815071106
0.6907600164413452
0.6779171228408813
0.6941782832145691
0.6984584331512451
0.6949049830436707
0.6984565854072571
0.6765096187591553
0.6914027333259583
0.6900795698165894
0.6751416921615601
0.6800716519355774
0.6939560174942017
0.7000489234924316
0.6952010989189148
0.7010616064071655
0.6877766251564026
0.6972875595092773
0.6823898553848267
0.6904524564743042
0.6887620687484741
0.6804344058036804
0.6965604424476624
0.6991509199142456
0.6761680245399475
0.6861760020256042
0.7079914212226868
0.6791692972183228
0.6777896285057068
0.6814268231391907
0.6786102652549744
0.6890276074409485
0.6809723973274231
0.6889909505844116
0.6851975917816162
0.6887752413749695
0.6757035851478577
0.6851906180381775
0.7005980014801025
0.6970608234405518
0.6995691657066345
0.6880694627761841
0.6807482242584229
0.6860657334327698
0.7021589875221252
0.6767817735671997
0.6930601596832275
0.6865705847740173
0.6977805495262146
0.6935330033302307
0.6819562315940857
0.6972570419311523
0.688231348991394
0.692677915096283
0.6804665923118591
0.6920821070671082
0.6998537182807922
0.6893145442008972
0.6953582167625427
0.688707172870636
0.690058171749115
0.7020502686500549
0.6907539963722229
0.6786195039749146
0.6850834488868713
0.6860879063606262
0.6953576803207397
0.6916698217391968
0.6847182512283325
0.6816726922988892
0.6834683418273926
0.6948665976524353
0.6998916864395142
0.6850511431694031
0.6917945146560669
0.690917432308197
0.6942057609558105
0.7026494741439819
0.7024121880531311
0.7020701766014099
0.6833660006523132
0.6861251592636108
0.7000691294670105
0.6982696056365967
0.6831735372543335
0.6836544275283813
0.690396249294281
0.6825607419013977
0.6913946270942688
0.6924645304679871
0.7011029720306396
0.6837952733039856
0.7125836610794067
0.6815389394760132
0.6809036731719971
0.6863874197006226
0.6896733045578003
0.6948662400245667
0.7049459218978882
0.6928935050964355
0.6948685646057129
0.6974751353263855
0.6878434419631958
0.6908706426620483
0.6907252669334412
0.6976094245910645
0.6785421967506409
0.67375248670578
0.6831475496292114
0.6941224336624146
0.7027568221092224
0.6988773345947266
0.693465530872345
0.681141197681427
0.7012015581130981
0.7004351615905762
0.6776487231254578
0.683624804019928
0.680787205696106
0.6811906099319458
0.6901617646217346
0.6830593347549438
0.6890602707862854
0.6897367835044861
0.6938633322715759
0.7033067941665649
0.6995436549186707
0.6887717843055725
0.6832664012908936
0.6873796582221985
0.6789692640304565
0.6895297765731812
0.6756677627563477
0.6845566034317017
0.6847332119941711
0.7104645371437073
0.6829856038093567
0.6763564348220825
0.6789525747299194
0.6829420924186707
0.6833241581916809
0.6782415509223938
0.6928332448005676
0.7091513872146606
0.6966424584388733
0.6991301774978638
0.6912197470664978
0.6931228637695312
0.6907787322998047
0.6919305920600891
0.677378237247467
0.6968023180961609
0.6824496984481812
0.6950311064720154
0.6877142786979675
0.6984604001045227
0.6762381792068481
0.686709463596344
0.6801224946975708
0.6869045495986938
0.6866525411605835
0.6885156631469727
0.6882930994033813
0.6981251239776611
0.6871875524520874
0.6973474621772766
0.6783971786499023
0.6947512626647949
0.6996114253997803
0.6915997862815857
0.6785703897476196
0.6906811594963074
0.6830219030380249
0.6803737878799438
0.6931025981903076
0.690496027469635
0.6946883797645569
0.6703574657440186
0.6824852824211121
0.6773516535758972
0.6860271692276001
0.6779401898384094
0.6845000982284546
0.6856505274772644
0.6942984461784363
0.6933245658874512
0.6865871548652649
0.7081160545349121
0.6877683997154236
0.6806352734565735
0.6841132640838623
0.674663782119751
0.6853141784667969
0.6788784265518188
0.7002561092376709
0.6812092661857605
0.6887903213500977
0.6881048083305359
0.6981996297836304
0.6862655878067017
0.694306492805481
0.6841545104980469
0.6831697225570679
0.6856430768966675
0.6924328804016113
0.6814090013504028
0.6918439269065857
0.691286027431488
0.6985273957252502
0.6801895499229431
0.6901624202728271
0.6830108165740967
0.6955556869506836
0.6853207945823669
0.692886471748352
0.6804102659225464
0.6982437372207642
0.6726293563842773
0.7008484601974487
0.6933339834213257
0.6893469095230103
0.7073258757591248
0.6699977517127991
0.6930700540542603
0.6797371506690979
0.696762204170227
0.694104790687561
0.6768245697021484
0.6717603206634521
0.6959389448165894
0.6817541718482971
0.6856045722961426
0.6911961436271667
0.6867462992668152
0.6956393122673035
0.6838948130607605
0.6889147758483887
0.6749588251113892
0.7062709927558899
0.6997179985046387
0.6906863451004028
0.6935794949531555
0.7094367742538452
0.700557291507721
0.689206063747406
0.6911159157752991
0.688105046749115
0.6900790929794312
0.6783565878868103
0.6874274015426636
0.6942354440689087
0.6865432858467102
0.6844263076782227
0.6914587020874023
0.684842586517334
0.6835296154022217
0.6929730176925659
0.6779566407203674
0.6948496103286743
0.6940712332725525
0.7003011703491211
0.6989019513130188
0.7051870226860046
0.678379237651825
0.6903266906738281
0.687100350856781
0.6863356828689575
0.7072591781616211
0.6884508728981018
0.6957594752311707
0.6814950704574585
0.6766030192375183
0.6783077716827393
0.6864309906959534
0.7055914402008057
0.686671257019043
0.6891010999679565
0.6851053833961487
0.6950634121894836
0.686747133731842
0.6740453243255615
0.6836514472961426
0.6922096014022827
0.6846930980682373
0.6771848201751709
0.6774506568908691
0.6840885281562805
0.6907415390014648
0.6950726509094238
0.6894983053207397
0.687254786491394
0.6708512902259827
0.6858690977096558
0.6868721842765808
0.68796706199646
0.6810424327850342
0.6794527173042297
0.6873025298118591
0.6820809841156006
0.6960621476173401
0.6787391901016235
0.6792129874229431
0.6800399422645569
0.691241979598999
0.6863337159156799
0.6935889720916748
0.6931485533714294
0.690712571144104
0.6890885233879089
0.7070209980010986
0.6894974112510681
0.6902093887329102
0.6864564418792725
0.6871175765991211
0.6848980784416199
0.6863613128662109
0.7019612789154053
0.7026940584182739
0.6883841753005981
0.69913250207901
0.703214168548584
0.6850345134735107
0.6864357590675354
0.6884366869926453
0.6847049593925476
0.6984385848045349
0.69788658618927
0.6990694403648376
0.6830060482025146
0.6831669807434082
0.6760084629058838
0.686989963054657
0.6854755878448486
0.6907688975334167
0.6953808665275574
0.6821187138557434
0.692267656326294
0.6879733800888062
0.692999005317688
0.6838040947914124
0.670802116394043
0.6788692474365234
0.687950849533081
0.6955318450927734
0.6920806765556335
0.6884311437606812
0.6923432946205139
0.6901387572288513
0.6968542337417603
0.6888284087181091
0.680217981338501
0.6913889050483704
0.6885074973106384
0.6906706690788269
0.6873546242713928
0.6869502663612366
0.696202278137207
0.6909483671188354
0.6856986284255981
0.6734439134597778
0.6925876140594482
0.6828333735466003
0.692781925201416
0.6909093856811523
0.675079345703125
0.6796932220458984
0.6806639432907104
0.6945794820785522
0.6898513436317444
0.6797339916229248
0.6885210871696472
0.6791239976882935
0.6798169612884521
0.6861652731895447
0.6894095540046692
0.6890220642089844
0.6847912073135376
0.6995661854743958
0.673560619354248
0.6852997541427612
0.6858276724815369
0.6955150365829468
0.685298502445221
0.6856986284255981
0.7083422541618347
0.6851968765258789
0.7004933953285217
0.6968397498130798
0.6927011609077454
0.6884109377861023
0.679535448551178
0.6833553314208984
0.6754876971244812
0.6865969896316528
0.6765415072441101
0.6890197396278381
0.706817090511322
0.6729034185409546
0.699320375919342
0.687086284160614
0.6865906119346619
0.6874779462814331
0.6937456130981445
0.6735876798629761
0.6927129030227661
0.6955248117446899
0.6828781366348267
0.6831188797950745
0.6941539645195007
0.6982721090316772
0.6864927411079407
0.681108295917511
0.7029116749763489
0.6702473163604736
0.6848054528236389
0.6891713738441467
0.689584493637085
0.6819465160369873
0.6844139695167542
0.6852563619613647
0.6945152878761292
0.6808905005455017
0.6864513158798218
0.6843886375427246
0.6787975430488586
0.7002956867218018
0.6827136874198914
0.7004905343055725
0.6903500556945801
0.6892529726028442
0.6973058581352234
0.6925591826438904
0.6912803053855896
0.6907529830932617
0.6841855645179749
0.680564820766449
0.6911667585372925
0.7043432593345642
0.6885506510734558
0.6948407888412476
0.6925109028816223
0.6894258260726929
0.6867057085037231
0.6858993768692017
0.7022513747215271
0.6876698136329651
0.6776595115661621
0.6776267290115356
0.6952745318412781
0.6981093883514404
0.6806349754333496
0.6782639622688293
0.6891931891441345
0.6779597401618958
0.6848185658454895
0.6724774837493896
0.6848279237747192
0.6933797597885132
0.6754449605941772
0.6827682256698608
0.6889607906341553
0.6878721714019775
0.6948933601379395
0.673815906047821
0.6921675205230713
0.6855209469795227
0.7015372514724731
0.6754412055015564
0.6902419924736023
0.6880820989608765
0.688679039478302
0.7008792757987976
0.6890474557876587
0.6877752542495728
0.6942635178565979
0.6820585131645203
0.6936143636703491
0.6857770681381226
0.693466067314148
0.6832098364830017
0.6851336359977722
0.6665675640106201
0.6850652694702148
0.6838295459747314
0.6834489703178406
0.6891242265701294
0.6852778792381287
0.6891828179359436
0.6844541430473328
0.6804656386375427
0.6829888820648193
0.6902058720588684
0.6897503733634949
0.6970728039741516
0.6797230243682861
0.6954481601715088
0.6826646327972412
0.6926645040512085
0.6841889023780823
0.6827601194381714
0.6750145554542542
0.677222728729248
0.6868054866790771
0.6779769062995911
0.6916735172271729
0.687229573726654
0.685027003288269
0.6798872947692871
0.6760974526405334
0.6945969462394714
0.6939743757247925
0.6818832159042358
0.6896457672119141
0.6930095553398132
0.695364236831665
0.6903591156005859
0.6869820356369019
0.6747627258300781
0.6933765411376953
0.6972689032554626
0.6939789056777954
0.6804240345954895
0.6967694759368896
0.7006049156188965
0.678841769695282
0.6927659511566162
0.6849228143692017
0.6825821995735168
0.6880266666412354
0.6721547245979309
0.6907503604888916
0.6912122964859009
0.6940703392028809
0.6906383633613586
0.6950874328613281
0.6966068148612976
0.6803319454193115
0.694439172744751
0.6898218393325806
0.6887991428375244
0.6948015689849854
0.7008134126663208
0.6954494118690491
0.6914465427398682
0.6912702322006226
0.6786310076713562
0.6944370865821838
0.6894309520721436
0.6926199793815613
0.6894431114196777
0.6904308795928955
0.7035927176475525
0.6909410357475281
0.6854710578918457
0.6977277398109436
0.6988024711608887
0.6883315443992615
0.6895440220832825
0.6922487616539001
0.6921751499176025
0.6907663345336914
0.6896201372146606
0.6878082156181335
0.6824946999549866
0.6777595281600952
0.6829314231872559
0.6836722493171692
0.703283429145813
0.6902168989181519
0.6899694800376892
0.6804659962654114
0.6876901984214783
0.7024339437484741
0.6844509840011597
0.6911675333976746
0.6891096234321594
0.6748805642127991
0.692331850528717
0.6883314847946167
0.6709365844726562
0.6869105696678162
0.6852154731750488
0.7008799910545349
0.6936594247817993
0.6870875358581543
0.6949043869972229
0.6804286241531372
0.6859703063964844
0.6849988698959351
0.6796047687530518
0.7008318305015564
0.6973690390586853
0.693997323513031
0.6902361512184143
0.6972368955612183
0.6965159177780151
0.6796759366989136
0.6994327306747437
0.6842570304870605
0.6876466870307922
0.6847255229949951
0.6898433566093445
0.6965780258178711
0.6824349164962769
0.69212406873703
0.6887431144714355
0.7054827809333801
0.6741301417350769
0.7025630474090576
0.6766594052314758
0.6819268465042114
0.6921327710151672
0.6758242845535278
0.6928306818008423
0.6906161904335022
0.7070015668869019
0.6902071237564087
0.6824268102645874
0.6808832883834839
0.6733749508857727
0.6676645874977112
0.6856905221939087
0.6990771293640137
0.6933497786521912
0.677502453327179
0.7070170640945435
0.6850284934043884
0.6856313943862915
0.6704562902450562
0.695293128490448
0.6904424428939819
0.6893047094345093
0.687714159488678
0.674610435962677
0.6928863525390625
0.6912111043930054
0.6879105567932129
0.6826877593994141
0.6680578589439392
0.6824603080749512
0.6763853430747986
0.6875002980232239
0.7108558416366577
0.6896694302558899
0.7032061219215393
0.6948792934417725
0.6778146028518677
0.6977515816688538
0.6820169687271118
0.6774153709411621
0.6856629848480225
0.6853718757629395
0.6878732442855835
0.7019806504249573
0.6963061094284058
0.6992297172546387
0.690502941608429
0.6836450695991516
0.699382483959198
0.7070752382278442
0.6924176812171936
0.6910606622695923
0.6996529698371887
0.691209077835083
0.6969979405403137
0.7061917185783386
0.6937260031700134
0.6830527782440186
0.6929062008857727
0.6904916763305664
0.6900321841239929
0.690579891204834
0.6978847980499268
0.6848427057266235
0.6841419339179993
0.6731516718864441
0.7101678252220154
0.6962617039680481
0.6845494508743286
0.6807331442832947
0.685908317565918
0.6964538097381592
0.688438892364502
0.6843225359916687
0.6819408535957336
0.6962383985519409
0.6875253915786743
0.6856328845024109
0.687034010887146
0.6902133822441101
0.6894209980964661
0.6723584532737732
0.6904256939888
0.6902742981910706
0.6949914693832397
0.6916013360023499
0.6819916367530823
0.6933878064155579
0.6960931420326233
0.6920531988143921
0.693383514881134
0.6874381303787231
0.6940210461616516
0.6805017590522766
0.6769664287567139
0.6995205879211426
0.6800403594970703
0.6977760195732117
0.701447606086731
0.6778270602226257
0.6950002312660217
0.6804113984107971
0.6921575665473938
0.6841616630554199
0.6867808699607849
0.6847488880157471
0.67414790391922
0.6967726349830627
0.6931583285331726
0.687728762626648
0.6906494498252869
0.6786148548126221
0.6887891292572021
0.682141125202179
0.6921986937522888
0.7099124789237976
0.6893098950386047
0.6845415830612183
0.6807591915130615
0.672045886516571
0.7067506313323975
0.6895876526832581
0.6960178017616272
0.6800658702850342
0.6868612766265869
0.6872438788414001
0.6962084770202637
0.6813392639160156
0.6893100738525391
0.688833475112915
0.6836673021316528
0.6878772377967834
0.6791161298751831
0.6933430433273315
0.6891917586326599
0.6852468848228455
0.6878979206085205
0.6874539256095886
0.6849859356880188
0.7026037573814392
0.6982079744338989
0.6813799738883972
0.6896911263465881
0.7040979266166687
0.6908164620399475
0.6910789608955383
0.6855981945991516
0.6733279228210449
0.6809943914413452
0.6838311553001404
0.6894636154174805
0.6796055436134338
0.6877336502075195
0.6933397650718689
0.6989811062812805
0.6898093819618225
0.693897545337677
0.6859678030014038
0.6894226670265198
0.6845813393592834
0.6999847292900085
0.6676392555236816
0.6956102848052979
0.6850817203521729
0.6884164214134216
0.7028132677078247
0.6871318817138672
0.6809586882591248
0.6811371445655823
0.6888198256492615
0.6766316294670105
0.6850506663322449
0.6758518218994141
0.6777744889259338
0.6862693428993225
0.7012562155723572
0.6951521039009094
0.6907459497451782
0.6940984725952148
0.6901989579200745
0.6887630224227905
0.6939605474472046
0.6891530752182007
0.695010244846344
0.6881318688392639
0.6973831057548523
0.6911325454711914
0.685845136642456
0.6904042363166809
0.6811338663101196
0.6891480684280396
0.6779957413673401
0.6825719475746155
0.6700001358985901
0.6883221864700317
0.69052654504776
0.6966482400894165
0.6994083523750305
0.7033658623695374
0.701958954334259
0.6951404213905334
0.6825677752494812
0.6627684831619263
0.6909366846084595
0.6888023018836975
0.6820834279060364
0.691967785358429
0.6805645823478699
0.6803529858589172
0.6873136758804321
0.6848064064979553
0.6869413256645203
0.7044195532798767
0.6934483051300049
0.6956949830055237
0.6857784986495972
0.6933088898658752
0.6848158240318298
0.6897711157798767
0.6847397089004517
0.6933344006538391
0.7021303176879883
0.6902048587799072
0.68422931432724
0.6798864603042603
0.6904638409614563
0.6894169449806213
0.6780338287353516
0.6811652779579163
0.6839866042137146
0.6976540088653564
0.6860352754592896
0.6838480830192566
0.6875922083854675
0.6959084868431091
0.6784748435020447
0.6884851455688477
0.6901200413703918
0.6784093976020813
0.6855463981628418
0.6807519197463989
0.6897857785224915
0.6873881220817566
0.6918972730636597
0.6963786482810974
0.6891152262687683
0.6909509301185608
0.6815512776374817
0.6915620565414429
0.6975653171539307
0.683096170425415
0.6873902082443237
0.6943755745887756
0.6911412477493286
0.7100072503089905
0.6916191577911377
0.7039055228233337
0.6859731674194336
0.6888175010681152
0.694388747215271
0.6995762586593628
0.6809792518615723
0.6965996623039246
0.7026569843292236
0.693173348903656
0.6901496052742004
0.6921453475952148
0.6743656992912292
0.6905671954154968
0.6815651655197144
0.6833468675613403
0.6969994902610779
0.6753762364387512
0.6897916793823242
0.6850833892822266
0.6799153685569763
0.6933582425117493
0.6852839589118958
0.6867308020591736
0.6832356452941895
0.6863128542900085
0.6898819208145142
0.6767136454582214
0.7071848511695862
0.6834604144096375
0.6821004152297974
0.6879603266716003
0.6814656853675842
0.7039852738380432
0.6936662793159485
0.6883718967437744
0.7003355622291565
0.6734935641288757
0.687355101108551
0.6912150382995605
0.6930481195449829
0.7024244666099548
0.6798785924911499
0.693362295627594
0.6972975730895996
0.6880964040756226
0.6877714991569519
0.6856446266174316
0.6827945113182068
0.6854270100593567
0.685146689414978
0.6855870485305786
0.6825271248817444
0.6766585111618042
0.6906521320343018
0.7050961256027222
0.6905612945556641
0.6857810616493225
0.6898595690727234
0.6759301424026489
0.6902520656585693
0.7023541927337646
0.6995382905006409
0.6799185872077942
0.6871500015258789
0.7006821036338806
0.6960393786430359
0.7123247981071472
0.6930057406425476
0.677612841129303
0.6879396438598633
0.679595947265625
0.7024670839309692
0.684792160987854
0.6813051104545593
0.685010552406311
0.6839810013771057
0.6832088828086853
0.6948736310005188
0.6890750527381897
0.6924646496772766
0.690196692943573
0.6753132343292236
0.6778656840324402
0.6832183003425598
0.6970276832580566
0.6864870190620422
0.6821550726890564
0.6880196928977966
0.6859835982322693
0.6864920854568481
0.6826810240745544
0.6939760446548462
0.6895988583564758
0.686769962310791
0.6906388998031616
0.6925808787345886
0.6971832513809204
0.6911570429801941
0.6875141263008118
0.69115149974823
0.673669159412384
0.6892671585083008
0.6957154273986816
0.6786620616912842
0.6825032234191895
0.700545608997345
0.6781536936759949
0.6843976974487305
0.6786175966262817
0.6903281807899475
0.6929964423179626
0.6860284805297852
0.6851911544799805
0.6849842667579651
0.6865164041519165
0.7069177031517029
0.6811304688453674
0.6757163405418396
0.6860683560371399
0.7069394588470459
0.6910903453826904
0.6831671595573425
0.6948140263557434
0.6987245678901672
0.6840326189994812
0.698632538318634
0.688148558139801
0.6948407888412476
0.6849730014801025
0.7013399600982666
0.6844790577888489
0.689527690410614
0.6990769505500793
0.6795406937599182
0.6895231604576111
0.6882392168045044
0.6840807795524597
0.6896754503250122
0.6859856247901917
0.6846061944961548
0.6958922147750854
0.6973451972007751
0.6990854144096375
0.68208247423172
0.6854023933410645
0.6988572478294373
0.6976533532142639
0.6765508055686951
0.6807143092155457
0.6896909475326538
0.6844907402992249
0.6795625686645508
0.6901338696479797
0.6804539561271667
0.6789542436599731
0.6952139139175415
0.6878623366355896
0.6884998679161072
0.6943832635879517
0.6856205463409424
0.6811397671699524
0.6868276000022888
0.6887561678886414
0.6797692179679871
0.6908228993415833
0.6782656311988831
0.6955059170722961
0.6816643476486206
0.6942297220230103
0.6985446214675903
0.6756779551506042
0.6723823547363281
0.6916834115982056
0.7113488912582397
0.6858622431755066
0.6885977983474731
0.684029221534729
0.6928558945655823
0.6863337159156799
0.6756235957145691
0.6812035441398621
0.6903023719787598
0.6961091160774231
0.679559588432312
0.6867775321006775
0.6843252182006836
0.6881189346313477
0.6894862651824951
0.7083157896995544
0.68251633644104
0.6799782514572144
0.6765991449356079
0.6792716979980469
0.708773672580719
0.6855000257492065
0.6864203810691833
0.6908196806907654
0.6950508952140808
0.696188747882843
0.6844249367713928
0.6828128695487976
0.6817166209220886
0.6731284260749817
0.6917176246643066
0.6916435360908508
0.693254292011261
0.6871832013130188
0.695244550704956
0.6873029470443726
0.699609637260437
0.6760666966438293
0.6896682977676392
0.6897016763687134
0.6983324289321899
0.6803577542304993
0.6648440361022949
0.6961853504180908
0.6948869228363037
0.682604968547821
0.6845417618751526
0.6933469176292419
0.6873975396156311
0.7053162455558777
0.6996591687202454
0.670215368270874
0.6848650574684143
0.7001681923866272
0.6933280229568481
0.6978301405906677
0.6832908391952515
0.7038155198097229
0.6967352032661438
0.6958121061325073
0.6910958290100098
0.7087796330451965
0.695759117603302
0.6761242151260376
0.6799001097679138
0.6915995478630066
0.6869913339614868
0.6850853562355042
0.6901793479919434
0.6885707378387451
0.6816818714141846
0.6957975625991821
0.688613772392273
0.6846925020217896
0.6862201690673828
0.6955910325050354
0.6929958462715149
0.6869127750396729
0.6863770484924316
0.6842469573020935
0.6970977187156677
0.6964132189750671
0.6880415081977844
0.6905708909034729
0.6979852318763733
0.7014409303665161
0.6755304336547852
0.6919216513633728
0.6880617737770081
0.6951630115509033
0.6881335377693176
0.6782170534133911
0.6757432222366333
0.6921141147613525
0.6789719462394714
0.6998246908187866
0.6773133277893066
0.6919577717781067
0.6773159503936768
0.6914796233177185
0.6870865821838379
0.6809910535812378
0.6905182003974915
0.7040034532546997
0.6822686791419983
0.6750989556312561
0.6835886836051941
0.697236180305481
0.6774532794952393
0.6920874118804932
0.686831533908844
0.6773548126220703
0.6756372451782227
0.6808125376701355
0.6872327923774719
0.6893354058265686
0.67661052942276
0.6967167854309082
0.6731728911399841
0.6854913234710693
0.696727454662323
0.6833515167236328
0.6922940015792847
0.6817910671234131
0.6887294054031372
0.687946081161499
0.688504695892334
0.6762478351593018
0.6881603598594666
0.6887521147727966
0.6820602416992188
0.6830198764801025
0.6959347724914551
0.7016724944114685
0.6905190944671631
0.6850136518478394
0.6727270483970642
0.7002049684524536
0.6980075240135193
0.6858203411102295
0.6786076426506042
0.6880682110786438
0.692173421382904
0.6892181634902954
0.6856317520141602
0.674213707447052
0.6790794134140015
0.6886720061302185
0.6884896159172058
0.6815593838691711
0.6919721961021423
0.6884863972663879
0.6946113109588623
0.686297595500946
0.6957581639289856
0.6966458559036255
0.6849231123924255
0.6823421716690063
0.6887843012809753
0.6838017106056213
0.6949952244758606
0.6940250992774963
0.6875773668289185
0.6884052157402039
0.6910200119018555
0.6951789855957031
0.6901242733001709
0.6829888224601746
0.6908854246139526
0.688541829586029
0.6885099411010742
0.6824992299079895
0.6831747889518738
0.6709942817687988
0.6861022710800171
0.6956738829612732
0.6853558421134949
0.6795395016670227
0.6850959062576294
0.6943129897117615
0.691234290599823
0.6891974806785583
0.6833279728889465
0.6945411562919617
0.6739606261253357
0.685177743434906
0.6876727342605591
0.6924081444740295
0.6912878155708313
0.6856105327606201
0.6855101585388184
0.6827232837677002
0.6943799257278442
0.6847604513168335
0.7010849118232727
0.6966617703437805
0.6930032968521118
0.6834473609924316
0.7009313106536865
0.6808320879936218
0.6857765913009644
0.6971330642700195
0.6981324553489685
0.7012832760810852
0.6914180517196655
0.6701145768165588
0.6958529949188232
0.6870043277740479
0.6813552975654602
0.6914622187614441
0.6978381276130676
0.6908473968505859
0.6908395886421204
0.6798709630966187
0.6783646941184998
0.688433051109314
0.6840684413909912
0.6982002854347229
0.6872285008430481
0.7004165649414062
0.6980285048484802
0.6927171945571899
0.6971680521965027
0.6928662657737732
0.6899530291557312
0.6964253187179565
0.6919387578964233
0.6933661103248596
0.6855210661888123
0.6959888935089111
0.6841652393341064
0.6951088309288025
0.672240674495697
0.6843080520629883
0.682152271270752
0.6808066964149475
0.6941285729408264
0.6884651780128479
0.6771351099014282
0.6967229247093201
0.7009759545326233
0.6842204332351685
0.7016686201095581
0.6931463479995728
0.6915376782417297
0.6935728192329407
0.7034193277359009
0.6771993041038513
0.6898096203804016
0.6880069375038147
0.6855422258377075
0.6865021586418152
0.6855573654174805
0.6767644286155701
0.679714560508728
0.6773148775100708
0.688808023929596
0.6810857057571411
0.6863484382629395
0.6841633915901184
0.687477171421051
0.6857545375823975
0.6866942644119263
0.6854227185249329
0.6938151717185974
0.6940520405769348
0.6906177997589111
0.6868917942047119
0.6768302321434021
0.6917853355407715
0.6913542151451111
0.6812099814414978
0.6987194418907166
0.6882917881011963
0.69681316614151
0.6718385219573975
0.7132343053817749
0.68611741065979
0.6877673864364624
0.6911547780036926
0.6856857538223267
0.6948404312133789
0.6812122464179993
0.6914554238319397
0.6894534230232239
0.6896517276763916
0.68906170129776
0.6939841508865356
0.70137619972229
0.6904666423797607
0.6850135326385498
0.6887176036834717
0.6772077083587646
0.6912019848823547
0.6904882788658142
0.6798964142799377
0.6829475164413452
0.6909033060073853
0.6792632341384888
0.6951175928115845
0.698218584060669
0.6876847743988037
0.6998130679130554
0.6817244291305542
0.6985060572624207
0.6939027309417725
0.6809719204902649
0.7018843293190002
0.677078366279602
0.6877728700637817
0.6969009637832642
0.6836718320846558
0.6794764399528503
0.697472095489502
0.6849310398101807
0.6904464960098267
0.6824741363525391
0.6891669034957886
0.6960253119468689
0.6846158504486084
0.6760367155075073
0.6908054351806641
0.6814326643943787
0.686508059501648
0.6988111138343811
0.6820850968360901
0.6922016143798828
0.6992985606193542
0.6968088150024414
0.681341290473938
0.686227560043335
0.6921243071556091
0.6798895001411438
0.6990354061126709
0.6849381327629089
0.69565749168396
0.6960729956626892
0.692562997341156
0.7139349579811096
0.6901969313621521
0.6953940987586975
0.7072010636329651
0.6734810471534729
0.6839463114738464
0.6881979703903198
0.7027611136436462
0.6959426999092102
0.6985787749290466
0.700167179107666
0.6874498724937439
0.6968733668327332
0.6875969767570496
0.6830781102180481
0.6930640339851379
0.6894487738609314
0.680219829082489
0.6888851523399353
0.6791189908981323
0.6955453753471375
0.6831725835800171
0.6929970383644104
0.6813628077507019
0.6841974258422852
0.6821685433387756
0.6974207162857056
0.6971977949142456
0.6847069263458252
0.6897260546684265
0.6969281435012817
0.6972039937973022
0.6881451606750488
0.6772359013557434
0.6784048676490784
0.691171407699585
0.6998215913772583
0.6829661726951599
0.6924997568130493
0.6828201413154602
0.6998178958892822
0.7004827260971069
0.6781965494155884
0.6809778213500977
0.6906736493110657
0.6804916262626648
0.6865036487579346
0.6841871738433838
0.7013675570487976
0.6914563775062561
0.6963754892349243
0.6806991100311279
0.6869304180145264
0.7006168961524963
0.6876001358032227
0.6835429668426514
0.6921042203903198
0.6861080527305603
0.6823340058326721
0.6858859062194824
0.6932157278060913
0.6807830333709717
0.6793885827064514
0.6891273856163025
0.6850070953369141
0.6893883943557739
0.6907023787498474
0.6934105157852173
0.6965781450271606
0.6781939268112183
0.6856746673583984
0.6879226565361023
0.6859336495399475
0.6851399540901184
0.697716236114502
0.681404173374176
0.6884731650352478
0.6993368268013
0.6970736384391785
0.6875105500221252
0.6903285980224609
0.6770971417427063
0.682643711566925
0.6918790936470032
0.6833337545394897
0.6886709928512573
0.6881008148193359
0.6902115345001221
0.6986960768699646
0.69545578956604
0.6958146095275879
0.6964408159255981
0.706864058971405
0.6756038069725037
0.698738157749176
0.6922945380210876
0.6918366551399231
0.6902539730072021
0.6887346506118774
0.681987464427948
0.700484037399292
0.6767714023590088
0.685334324836731
0.6934201121330261
0.6892718076705933
0.6847971081733704
0.6886311173439026
0.6867427825927734
0.6859537363052368
0.679722249507904
0.6815067529678345
0.7026069164276123
0.6928618550300598
0.6992638111114502
0.691744327545166
0.6871168613433838
0.68929123878479
0.6846389770507812
0.6976391077041626
0.6838341951370239
0.6817293763160706
0.6706477999687195
0.7107958197593689
0.6884269118309021
0.6857830882072449
0.6778960227966309
0.6950473785400391
0.6926715970039368
0.683246374130249
0.6804590225219727
0.6794628500938416
0.6977808475494385
0.6861572861671448
0.6833768486976624
0.6984702348709106
0.6860420107841492
0.6894612312316895
0.6817029714584351
0.6998836398124695
0.6985923051834106
0.6827337145805359
0.6937007904052734
0.695936918258667
0.6785901188850403
0.6889615654945374
0.6870130300521851
0.691543698310852
0.7024319767951965
0.6875163912773132
0.6868911981582642
0.6886330246925354
0.6990149617195129
0.6832671165466309
0.6886004209518433
0.6872971057891846
0.6862614750862122
0.7081394195556641
0.6911027431488037
0.6864486932754517
0.6883000135421753
0.6803051829338074
0.7023215889930725
0.6972375512123108
0.6800432801246643
0.697432816028595
0.6838879585266113
0.6904290914535522
0.6871926188468933
0.6858366131782532
0.6874637603759766
0.6998434662818909
0.6873112320899963
0.6798009872436523
0.6982453465461731
0.6856160163879395
0.6988129019737244
0.6870326995849609
0.6898224949836731
0.6871640086174011
0.6805276274681091
0.6848570704460144
0.6898780465126038
0.6978537440299988
0.692418098449707
0.6926025152206421
0.6792981028556824
0.6976403594017029
0.6944891810417175
0.6737322807312012
0.7007930278778076
0.6907293796539307
0.7059709429740906
0.7017643451690674
0.6875098347663879
0.6936707496643066
0.6921362280845642
0.6840808987617493
0.6872915625572205
0.7001745700836182
0.6924312710762024
0.6779819130897522
0.6816532015800476
0.6809442043304443
0.6677892804145813
0.6783328056335449
0.683947741985321
0.6863997578620911
0.6925573348999023
0.6795190572738647
0.6995958685874939
0.6890320777893066
0.6869564056396484
0.6915803551673889
0.6815264225006104
0.6931209564208984
0.6853441596031189
0.6781750321388245
0.6894189715385437
0.6997778415679932
0.6866094470024109
0.6804822683334351
0.6804093718528748
0.6956877112388611
0.6902376413345337
0.6784828305244446
0.6960201263427734
0.6972191333770752
0.6879702210426331
0.6939687728881836
0.6887357234954834
0.6930801868438721
0.6913832426071167
0.6880142092704773
0.6925244927406311
0.6889405250549316
0.6864557266235352
0.6866485476493835
0.6913800835609436
0.6880604028701782
0.68886798620224
0.6910368204116821
0.6998626589775085
0.7004660964012146
0.688295304775238
0.6721085906028748
0.6837424635887146
0.6767741441726685
0.6862149834632874
0.6827507019042969
0.6698470711708069
0.6888027787208557
0.6851198077201843
0.6852277517318726
0.6902223229408264
0.6954237222671509
0.6873664259910583
0.6899502277374268
0.6879665851593018
0.7028882503509521
0.6905899047851562
0.6933730840682983
0.6868674755096436
0.68631911277771
0.6734446883201599
0.6781548857688904
0.7108829617500305
0.6872041821479797
0.674369752407074
0.689081609249115
0.6906805038452148
0.6845077276229858
0.6776024699211121
0.6822046637535095
0.6880332231521606
0.6895015835762024
0.6907187104225159
0.6979860663414001
0.7032961249351501
0.681236207485199
0.684762179851532
0.7007473111152649
0.6842835545539856
0.6931084394454956
0.6889970302581787
0.6932072043418884
0.6961411833763123
0.6897461414337158
0.6976088285446167
0.684226930141449
0.686720609664917
0.6889453530311584
0.6905689835548401
0.6786860227584839
0.6971607208251953
0.6666197180747986
0.6880672574043274
0.686398446559906
0.6978518962860107
0.6927279829978943
0.7012059688568115
0.6990292072296143
0.6947556734085083
0.6866008639335632
0.6948482990264893
0.6779919862747192
0.7088165879249573
0.6740763783454895
0.6674802303314209
0.6864047050476074
0.6872051358222961
0.686768651008606
0.6930860280990601
0.682538628578186
0.6810258626937866
0.6930927634239197
0.6881858110427856
0.6802613139152527
0.6987855434417725
0.6850526332855225
0.6872254610061646
0.6836583018302917
0.683842122554779
0.6942325234413147
0.6828572154045105
0.6936692595481873
0.6860024929046631
0.6818956732749939
0.683239221572876
0.6772650480270386
0.7011321187019348
0.6832276582717896
0.6911205649375916
0.6892926692962646
0.6898287534713745
0.6960678100585938
0.6862326860427856
0.6917224526405334
0.6923249959945679
0.6894605159759521
0.6840271353721619
0.6876546740531921
0.6902799010276794
0.6886966228485107
0.6804394721984863
0.6872292757034302
0.679246187210083
0.6873607039451599
0.6857019066810608
0.6802571415901184
0.6805408000946045
0.6796706914901733
0.6850650310516357
0.686896800994873
0.6965875029563904
0.6996361017227173
0.6832330822944641
0.6854652762413025
0.6882387399673462
0.7082236409187317
0.6830446124076843
0.6912746429443359
0.6869428753852844
0.6862490177154541
0.68210369348526
0.6707378625869751
0.7013433575630188
0.6771979331970215
0.6731599569320679
0.686003565788269
0.6955518126487732
0.6856936812400818
0.6914623379707336
0.6741094589233398
0.6914749145507812
0.7138948440551758
0.6944357752799988
0.7062925696372986
0.6857041120529175
0.6958869695663452
0.6913139224052429
0.6921467185020447
0.6852235198020935
0.6959249973297119
0.680621325969696
0.6981568336486816
0.6991068720817566
0.7197883725166321
0.7017347812652588
0.6763544678688049
0.6924150586128235
0.668411910533905
0.6857606768608093
0.6970126628875732
0.7005599737167358
0.6857070922851562
0.6979660987854004
0.6949819326400757
0.6989848613739014
0.6871584057807922
0.7005047798156738
0.684345543384552
0.6738537549972534
0.6793466210365295
0.6762455105781555
0.6848660111427307
0.6874088644981384
0.694413959980011
0.6730453372001648
0.6965155005455017
0.6865015625953674
0.680846095085144
0.686044454574585
0.6786561012268066
0.699974536895752
0.687604546546936
0.688443124294281
0.6925594806671143
0.7130741477012634
0.6855882406234741
0.688909649848938
0.6855515241622925
0.694259762763977
0.6848532557487488
0.6897435188293457
0.6786302924156189
0.696326494216919
0.6881089210510254
0.6795675158500671
0.6971948742866516
0.6907830834388733
0.6789726614952087
0.6818158030509949
0.6951937675476074
0.6806228756904602
0.6795008182525635
0.6718034744262695
0.6941333413124084
0.7084084153175354
0.6995047926902771
0.6953153014183044
0.6930527091026306
0.6915791630744934
0.681239902973175
0.6838077306747437
0.6857436299324036
0.6893635392189026
0.6932209134101868
0.694364607334137
0.6732288599014282
0.6865273118019104
0.6909817457199097
0.6992406845092773
0.6980013251304626
0.6677980422973633
0.6803120374679565
0.6850157976150513
0.6912388801574707
0.6853114366531372
0.672989547252655
0.705644965171814
0.7038384675979614
0.6920519471168518
0.6974594593048096
0.7121625542640686
0.7004967927932739
0.6976060271263123
0.6951900124549866
0.6833951473236084
0.6920768022537231
0.6889609098434448
0.6787855625152588
0.6897273063659668
0.6750714182853699
0.6866419911384583
0.6757052540779114
0.6933954954147339
0.6935551762580872
0.6871190071105957
0.6911703944206238
0.6907050013542175
0.6800820231437683
0.6873693466186523
0.6787558197975159
0.683160662651062
0.6879433393478394
0.6917718052864075
0.6805591583251953
0.6909421682357788
0.6827426552772522
0.687891960144043
0.6849321126937866
0.7053756713867188
0.6850486993789673
0.6895992755889893
0.678954005241394
0.6946799755096436
0.692899763584137
0.6904234886169434
0.6809191107749939
0.6865774989128113
0.6876196265220642
0.6764059662818909
0.6857928037643433
0.6884921193122864
0.6801042556762695
0.6821436882019043
0.7025792598724365
0.6872562170028687
0.6957998871803284
0.6937859654426575
0.704866349697113
0.6733446717262268
0.6987134218215942
0.6777378916740417
0.69392329454422
0.6989406943321228
0.7014651298522949
0.690484344959259
0.6927177309989929
0.686122477054596
0.6923834681510925
0.6975615620613098
0.6842061281204224
0.6916613578796387
0.6826627254486084
0.6885225176811218
0.679770827293396
0.6913496851921082
0.6912628412246704
0.6865860223770142
0.7028971910476685
0.680512011051178
0.6763907670974731
0.6905874013900757
0.6904478669166565
0.6907578110694885
0.6858044862747192
0.695176899433136
0.684849739074707
0.6744890809059143
0.6737824082374573
0.6910204887390137
0.6782147288322449
0.683627724647522
0.6800521016120911
0.6879593729972839
0.6968154907226562
0.6858333945274353
0.686882734298706
0.6959640383720398
0.6851300597190857
0.6982994079589844
0.6843351721763611
0.6808599829673767
0.6898173093795776
0.6736618280410767
0.6910828351974487
0.6838905215263367
0.694123387336731
0.6926877498626709
0.6951640248298645
0.7028703689575195
0.6921699047088623
0.6868768334388733
0.6877284049987793
0.6842479109764099
0.6818808317184448
0.6935552954673767
0.6923518776893616
0.6857909560203552
0.6923387050628662
0.6824367642402649
0.6923819780349731
0.6767784953117371
0.6954443454742432
0.6883759498596191
0.6910622119903564
0.6846802830696106
0.6783270835876465
0.7040083408355713
0.6935985088348389
0.6973927617073059
0.683605432510376
0.688389241695404
0.6723876595497131
0.6883245706558228
0.6909933090209961
0.6841055750846863
0.6984200477600098
0.6758013367652893
0.6991010308265686
0.6828329563140869
0.6929022073745728
0.7034490704536438
0.6990446448326111
0.6905333399772644
0.6892286539077759
0.6937826871871948
0.6832570433616638
0.6946429014205933
0.6816107630729675
0.6986503005027771
0.6739866137504578
0.6743769645690918
0.6853981018066406
0.6892607808113098
0.6890128254890442
0.6889310479164124
0.6921047568321228
0.6929498314857483
0.6952182054519653
0.7030913233757019
0.6952155232429504
0.6938489675521851
0.6933557987213135
0.6825230121612549
0.6955972909927368
0.6827166676521301
0.6866467595100403
0.6970648169517517
0.6905489563941956
0.68045574426651
0.6987069845199585
0.6821485757827759
0.6884494423866272
0.6920023560523987
0.6767640113830566
0.693800151348114
0.6801550388336182
0.697172224521637
0.6830140352249146
0.6790505051612854
0.6860294342041016
0.6897450089454651
0.6767141819000244
0.678386390209198
0.6883120536804199
0.6872256994247437
0.6878909468650818
0.6878219842910767
0.6855245232582092
0.6879688501358032
0.6753466129302979
0.7059905529022217
0.706204354763031
0.691020131111145
0.6710289120674133
0.6924249529838562
0.6903488039970398
0.6838469505310059
0.6862473487854004
0.6865825057029724
0.6955621838569641
0.6850090622901917
0.6798632144927979
0.6868385672569275
0.6860558390617371
0.6830583810806274
0.7000971436500549
0.6843634843826294
0.6907728910446167
0.7057961225509644
0.6953921914100647
0.6992751359939575
0.6883007287979126
0.6851131916046143
0.6848115921020508
0.6935282945632935
0.6878237724304199
0.6840311288833618
0.6825408339500427
0.6884434819221497
0.6953855752944946
0.7006053328514099
0.7020875215530396
0.6873782277107239
0.6803594827651978
0.6844484210014343
0.695517897605896
0.6890406012535095
0.6955170631408691
0.68571537733078
0.6937835216522217
0.6919278502464294
0.6904609203338623
0.6774295568466187
0.698322057723999
0.6905561089515686
0.6915796995162964
0.6878068447113037
0.6779740452766418
0.6810608506202698
0.6796643137931824
0.6982355117797852
0.6656178832054138
0.688798725605011
0.6778523325920105
0.6967224478721619
0.6940593123435974
0.7005227208137512
0.684457004070282
0.7003941535949707
0.6802924275398254
0.6871576905250549
0.6956000328063965
0.6806557178497314
0.6981132626533508
0.6873299479484558
0.7030243277549744
0.6936742663383484
0.6902908682823181
0.6949456930160522
0.6914019584655762
0.6753314733505249
0.6879767775535583
0.6729982495307922
0.6754224300384521
0.6967076659202576
0.6687820553779602
0.6985101103782654
0.6852108240127563
0.6771025657653809
0.6887233853340149
0.6992403864860535
0.679735541343689
0.6811190843582153
0.7049035429954529
0.7061417698860168
0.6994887590408325
0.6903789043426514
0.6803430318832397
0.6951597929000854
0.6935427784919739
0.6809845566749573
0.7030807137489319
0.6802566647529602
0.6830089688301086
0.7027440071105957
0.6946449875831604
0.6876000165939331
0.6896410584449768
0.690281867980957
0.6934220790863037
0.6746151447296143
0.6959335207939148
0.6905731558799744
0.7006517648696899
0.6908387541770935
0.6816792488098145
0.6875062584877014
0.6823195219039917
0.6813423037528992
0.68352210521698
0.6992579102516174
0.7115044593811035
0.6902381777763367
0.6777377724647522
0.6756419539451599
0.6834649443626404
0.6975206732749939
0.7010024189949036
0.6989479660987854
0.6904548406600952
0.6702165007591248
0.6838745474815369
0.6822128891944885
0.6917563676834106
0.6803383231163025
0.6928026676177979
0.6930067539215088
0.7004973292350769
0.682483971118927
0.6780875325202942
0.6947536468505859
0.6887302398681641
0.6942107677459717
0.6944654583930969
0.6806179881095886
0.6617323160171509
0.6915900111198425
0.6876266598701477
0.6807698011398315
0.6821383833885193
0.692801296710968
0.6766979098320007
0.6966589689254761
0.6865935325622559
0.6848174929618835
0.69121915102005
0.6917956471443176
0.66862553358078
0.701136589050293
0.688542366027832
0.68720942735672
0.6741243004798889
0.6811862587928772
0.6752592921257019
0.6843035221099854
0.6769365072250366
0.700934648513794
0.692927896976471
0.6817228198051453
0.683336079120636
0.6955002546310425
0.6965307593345642
0.6840774416923523
0.6962672472000122
0.6924943327903748
0.7013186812400818
0.6951543092727661
0.7110757231712341
0.6814039349555969
0.6860662698745728
0.677966296672821
0.6934639811515808
0.6773697733879089
0.6941421627998352
0.6999977231025696
0.685921847820282
0.7031865119934082
0.7037520408630371
0.690742015838623
0.6915915608406067
0.6874907612800598
0.6848232746124268
0.6940767168998718
0.6778256297111511
0.6902909874916077
0.693614661693573
0.6936313509941101
0.6942902207374573
0.6911366581916809
0.6840735077857971
0.6967673301696777
0.6840772032737732
0.7048322558403015
0.6778713464736938
0.6933503746986389
0.6787235736846924
0.7050031423568726
0.6794565320014954
0.686276912689209
0.6991282105445862
0.6948739290237427
0.6934942603111267
0.7018520832061768
0.682092547416687
0.6923444271087646
0.6759135127067566
0.6923301219940186
0.6804348230361938
0.699737548828125
0.6846432089805603
0.6869806051254272
0.6840802431106567
0.6971408724784851
0.69374018907547
0.6866899728775024
0.6772374510765076
0.693487286567688
0.6783762574195862
0.6966831684112549
0.6789126992225647
0.6860187649726868
0.6790871620178223
0.6808761358261108
0.6787378191947937
0.683210015296936
0.6917747855186462
0.7061817049980164
0.6907676458358765
0.6970774531364441
0.6794518232345581
0.685416579246521
0.6826584935188293
0.6883452534675598
0.6906523108482361
0.676379382610321
0.6849352717399597
0.6938912868499756
0.6858808398246765
0.6780175566673279
0.6781473159790039
0.6826200485229492
0.6910699605941772
0.6883863806724548
0.6791821718215942
0.680894672870636
0.6787571310997009
0.6874414682388306
0.6819082498550415
0.693296492099762
0.6809158325195312
0.6911514401435852
0.6844090819358826
0.6833752989768982
0.6903805136680603
0.6909583210945129
0.6980518698692322
0.6958358287811279
0.6907235980033875
0.6918116211891174
0.6831536889076233
0.6889615058898926
0.6909793615341187
0.696701169013977
0.6945381760597229
0.6949007511138916
0.6863489747047424
0.6868113279342651
0.6796926259994507
0.6870080828666687
0.6928301453590393
0.682499885559082
0.6817733645439148
0.6955264806747437
0.7020607590675354
0.6947031021118164
0.6923725008964539
0.6750203967094421
0.6906002759933472
0.6918547749519348
0.6830194592475891
0.6883364915847778
0.6737486720085144
0.6867618560791016
0.6761568784713745
0.6759588122367859
0.6843030452728271
0.6973042488098145
0.6710689663887024
0.67227703332901
0.6758646965026855
0.6835417747497559
0.6932777762413025
0.6884936094284058
0.7028342485427856
0.6809865832328796
0.6762644648551941
0.6976799964904785
0.6955633163452148
0.6998200416564941
0.6857928037643433
0.6850199699401855
0.6787390112876892
0.6907852292060852
0.6902765035629272
0.6872882843017578
0.6973208785057068
0.6754193305969238
0.6739200353622437
0.6814038753509521
0.6904433369636536
0.7026729583740234
0.6776734590530396
0.6791979074478149
0.7032488584518433
0.680181622505188
0.6819270849227905
0.6870591640472412
0.683323323726654
0.6953011751174927
0.6918331980705261
0.6935278177261353
0.6813430786132812
0.6940576434135437
0.6874285340309143
0.6918251514434814
0.6819460988044739
0.6976112723350525
0.6875313520431519
0.6749468445777893
0.6937874555587769
0.6760653257369995
0.6826053261756897
0.6832712292671204
0.6852208971977234
0.7085379958152771
0.6888290643692017
0.6951978206634521
0.6811890602111816
0.6825984716415405
0.6969468593597412
0.6885719299316406
0.6881534457206726
0.6843827962875366
0.6760411858558655
0.6920851469039917
0.6809568405151367
0.6920871734619141
0.6882656216621399
0.6838342547416687
0.6869255304336548
0.6808334589004517
0.6936599612236023
0.6789650321006775
0.7060935497283936
0.6812712550163269
0.6853431463241577
0.6866770386695862
0.6818442940711975
0.6853354573249817
0.692657470703125
0.6872275471687317
0.6912389397621155
0.689298152923584
0.6867773532867432
0.6855109930038452
0.6780756115913391
0.7017306089401245
0.6849140524864197
0.6776676774024963
0.6876047849655151
0.6866151094436646
0.6829030513763428
0.688704788684845
0.6804543137550354
0.681573748588562
0.688522458076477
0.6974883675575256
0.6798043251037598
0.6814210414886475
0.6829649806022644
0.6847028732299805
0.6828799247741699
0.6786587834358215
0.6847488284111023
0.6937528848648071
0.6968282461166382
0.6822311282157898
0.6770383715629578
0.6912943124771118
0.692844033241272
0.6898770928382874
0.6923128962516785
0.6942760944366455
0.6851697564125061
0.6684423089027405
0.6817420125007629
0.6927323341369629
0.6790212392807007
0.6786741018295288
0.6873896718025208
0.6779977679252625
0.7047140598297119
0.6735101938247681
0.6874801516532898
0.6782805323600769
0.7001714110374451
0.6884735822677612
0.6925042867660522
0.6915340423583984
0.6814931035041809
0.6899296045303345
0.6835526823997498
0.6841812133789062
0.6850274205207825
0.6788588762283325
0.6856327652931213
0.6912215948104858
0.6871729493141174
0.6834388971328735
0.6901246905326843
0.6926319003105164
0.6989387273788452
0.689278781414032
0.6929154396057129
0.7118164300918579
0.69656902551651
0.6917586326599121
0.6924025416374207
0.6911844611167908
0.6995545625686646
0.6909132599830627
0.69786137342453
0.6946714520454407
0.6822460889816284
0.6906672120094299
0.6786673665046692
0.6772875189781189
0.6864511966705322
0.6745334267616272
0.6937059760093689
0.6762821674346924
0.6862870454788208
0.6843292713165283
0.6802241802215576
0.697028636932373
0.6965763568878174
0.7118037343025208
0.684594452381134
0.68850177526474
0.6860507726669312
0.7010178565979004
0.6999397277832031
0.6917108297348022
0.7040275931358337
0.694980800151825
0.6801195740699768
0.6749995946884155
0.6826822757720947
0.6807849407196045
0.6864404082298279
0.6753712296485901
0.681006908416748
0.7144088745117188
0.6896406412124634
0.7086948752403259
0.6993212699890137
0.6843228936195374
0.7152405977249146
0.6985904574394226
0.6939330101013184
0.6911501884460449
0.6917772889137268
0.6960130929946899
0.6774060726165771
0.6864463686943054
0.6910351514816284
0.6928597092628479
0.686139702796936
0.6709407567977905
0.6822678446769714
0.6860692501068115
0.6846782565116882
0.7038457989692688
0.6998710036277771
0.6893419623374939
0.6857069134712219
0.6824013590812683
0.6788344383239746
0.6965618133544922
0.6965973377227783
0.6905861496925354
0.6734233498573303
0.7005597352981567
0.6887449026107788
0.668706476688385
0.6888309121131897
0.6897152066230774
0.6882257461547852
0.6891396045684814
0.6785301566123962
0.6771759390830994
0.6873795390129089
0.6850897669792175
0.6757574081420898
0.6786885261535645
0.6884584426879883
0.6828750371932983
0.68075031042099
0.6872094869613647
0.6888549327850342
0.6739831566810608
0.7010594606399536
0.7001426815986633
0.6863027811050415
0.7021641135215759
0.6970648169517517
0.6786773800849915
0.6830407977104187
0.6896136403083801
0.6974183320999146
0.695323646068573
0.6830654144287109
0.6790767312049866
0.6852370500564575
0.6800966858863831
0.6876574158668518
0.6960053443908691
0.6884780526161194
0.6856157183647156
0.7020654082298279
0.6828750967979431
0.6901386976242065
0.6818245053291321
0.6829968690872192
0.6796757578849792
0.6828426718711853
0.700890064239502
0.6888031959533691
0.6965142488479614
0.703001856803894
0.7019395232200623
0.6833889484405518
0.6792542934417725
0.6830884218215942
0.6889806985855103
0.687636137008667
0.6881008148193359
0.6835456490516663
0.6738796234130859
0.6970375776290894
0.6785631775856018
0.6798146367073059
0.682928740978241
0.6929159164428711
0.6792615056037903
0.6806999444961548
0.6840761303901672
0.6788807511329651
0.6751410961151123
0.6813417077064514
0.7003079056739807
0.6904683113098145
0.6892279386520386
0.6984256505966187
0.6866708397865295
0.7009121179580688
0.7030473947525024
0.6904957294464111
0.6875170469284058
0.6791972517967224
0.6882485151290894
0.677860677242279
0.6883461475372314
0.6825057864189148
0.6896519660949707
0.683821439743042
0.6875404715538025
0.6841956973075867
0.7129935622215271
0.6940175294876099
0.7018280625343323
0.688827395439148
0.6956146359443665
0.6787391304969788
0.689350426197052
0.6952099800109863
0.6832084059715271
0.6875047087669373
0.7031587958335876
0.679013192653656
0.6891829371452332
0.6929272413253784
0.6924111843109131
0.7010692358016968
0.6740524172782898
0.688162624835968
0.6739886999130249
0.7023080587387085
0.7024275660514832
0.6959865689277649
0.6879805326461792
0.6897624731063843
0.6969674229621887
0.6944348812103271
0.6779611706733704
0.6877085566520691
0.6849040389060974
0.6893579363822937
0.6813989281654358
0.6893208026885986
0.6823919415473938
0.6837461590766907
0.6789721250534058
0.6983022093772888
0.6843911409378052
0.6895796656608582
0.6856663823127747
0.6806309819221497
0.7041100859642029
0.690409243106842
0.6966845989227295
0.6814634203910828
0.6868064999580383
0.679233729839325
0.6869236826896667
0.6937825083732605
0.6922224164009094
0.6912835836410522
0.6859570145606995
0.704558253288269
0.686221718788147
0.6875851154327393
0.696736752986908
0.698163628578186
0.6827004551887512
0.6896719336509705
0.6901283860206604
0.6917003393173218
0.6850372552871704
0.68837970495224
0.6926831603050232
0.680622935295105
0.681119441986084
0.6737514138221741
0.684447705745697
0.6815677881240845
0.6950715184211731
0.7184430360794067
0.6805826425552368
0.6788122057914734
0.6829149723052979
0.6880223751068115
0.6968917846679688
0.6727102994918823
0.6876428723335266
0.7110157012939453
0.6908174157142639
0.6891198754310608
0.6880038380622864
0.6946480870246887
0.6860849261283875
0.6934223771095276
0.6883926391601562
0.7049960494041443
0.6830059885978699
0.6927761435508728
0.6887378096580505
0.6859528422355652
0.6922850608825684
0.6736076474189758
0.6890482306480408
0.7057951092720032
0.6868517398834229
0.6878313422203064
0.6844384670257568
0.6887809634208679
0.6903495192527771
0.6841304898262024
0.6852092146873474
0.6849076151847839
0.6857559680938721
0.6844398975372314
0.6848818063735962
0.6859067678451538
0.6870638132095337
0.7008554935455322
0.6925904154777527
0.6876183748245239
0.6815302968025208
0.6833235621452332
0.6955761313438416
0.684326171875
0.6821497678756714
0.7096008062362671
0.674634575843811
0.692726194858551
0.7013846635818481
0.6858794689178467
0.685636043548584
0.6969237327575684
0.6981863379478455
0.6934053897857666
0.6673577427864075
0.6975805163383484
0.7036582231521606
0.6959850192070007
0.6979873180389404
0.6789711117744446
0.6824051141738892
0.6838585734367371
0.6760576367378235
0.6851614117622375
0.6902284026145935
0.6862375140190125
0.6819469332695007
0.6818827986717224
0.6770473718643188
0.6977938413619995
0.6866203546524048
0.6952326893806458
0.6770403981208801
0.6794505715370178
0.6871623992919922
0.6876763105392456
0.685662567615509
0.6833897829055786
0.6946315765380859
0.6806937456130981
0.688535213470459
0.6893516778945923
0.691741943359375
0.6799055933952332
0.6929394006729126
0.6826888918876648
0.6909217238426208
0.6816880106925964
0.6907839179039001
0.6858667135238647
0.6821046471595764
0.6810005307197571
0.70821213722229
0.7014248371124268
0.6879487037658691
0.6953796148300171
0.6949328184127808
0.6891482472419739
0.6826910376548767
0.6826453804969788
0.677183985710144
0.6797695159912109
0.7000665664672852
0.693501353263855
0.6805311441421509
0.6740669012069702
0.6998247504234314
0.6872267723083496
0.6797429919242859
0.677044689655304
0.6834343075752258
0.6839457750320435
0.6936979293823242
0.6912776231765747
0.686459481716156
0.6981137990951538
0.6847031116485596
0.684641420841217
0.6823440790176392
0.6908204555511475
0.6915941834449768
0.7005569338798523
0.689354419708252
0.7111902832984924
0.6941524744033813
0.6800026893615723
0.684494137763977
0.6796972155570984
0.6978397369384766
0.6928087472915649
0.6896287202835083
0.6850863695144653
0.6851326823234558
0.6947548389434814
0.6749120950698853
0.7086502909660339
0.6809956431388855
0.6911925673484802
0.6851510405540466
0.6743502020835876
0.7009480595588684
0.6979331970214844
0.6895709037780762
0.7065836787223816
0.6834084987640381
0.6888099908828735
0.6924731135368347
0.6795459985733032
0.6795308589935303
0.6849597692489624
0.6750957369804382
0.6834377646446228
0.6950265765190125
0.6928686499595642
0.6912599802017212
0.707344651222229
0.6979800462722778
0.6821959018707275
0.6883978247642517
0.6783053874969482
0.7072212100028992
0.6789582967758179
0.6785577535629272
0.6866417527198792
0.6896306872367859
0.6927951574325562
0.6959788203239441
0.6934630870819092
0.6945122480392456
0.6855744123458862
0.6834000945091248
0.6978997588157654
0.6862007975578308
0.7077587246894836
0.7199461460113525
0.6768093705177307
0.7032495141029358
0.6923493146896362
0.6944041848182678
0.6704053282737732
0.678963303565979
0.6792043447494507
0.7028489708900452
0.6829096078872681
0.6942158937454224
0.6956901550292969
0.6889327168464661
0.6842352151870728
0.6882177591323853
0.6929739713668823
0.6948482990264893
0.6913784742355347
0.6852248907089233
0.6927422285079956
0.6853803396224976
0.7029794454574585
0.6815826892852783
0.6884498000144958
0.6730950474739075
0.6849308013916016
0.6914527416229248
0.6897405982017517
0.6835183501243591
0.6924008727073669
0.6895905137062073
0.6830250024795532
0.6937682032585144
0.6821222305297852
0.6910918354988098
0.6886990666389465
0.6862903833389282
0.6966868042945862
0.6921706199645996
0.6929053068161011
0.6867312788963318
0.6908578872680664
0.6942921280860901
0.6697893738746643
0.6808062195777893
0.6887797117233276
0.6895986199378967
0.6870325803756714
0.711534857749939
0.6893576979637146
0.682101309299469
0.6860886812210083
0.6899656653404236
0.6862542033195496
0.6890989542007446
0.6894583702087402
0.693327784538269
0.6796141266822815
0.6845172643661499
0.6798686981201172
0.6809934377670288
0.6824223399162292
0.6849998235702515
0.6733447313308716
0.6816287040710449
0.6947072744369507
0.6879336833953857
0.692558765411377
0.6782137155532837
0.6962704658508301
0.677744448184967
0.6745243072509766
0.690631628036499
0.6844117045402527
0.6910787224769592
0.6767637729644775
0.6846379041671753
0.6829507350921631
0.710504949092865
0.6799514889717102
0.6940425038337708
0.6914376020431519
0.6859749555587769
0.6929861307144165
0.6819535493850708
0.6881322860717773
0.685338020324707
0.673764169216156
0.6806039810180664
0.6868466734886169
0.6862146854400635
0.6928843259811401
0.6786614060401917
0.6979422569274902
0.7012462615966797
0.687655508518219
0.6777739524841309
0.6981536149978638
0.6869817972183228
0.6904593706130981
0.6924073696136475
0.6775465607643127
0.6875734329223633
0.6892215609550476
0.6926626563072205
0.6830520033836365
0.7010217308998108
0.6860104203224182
0.6951796412467957
0.681222140789032
0.683817982673645
0.6828569769859314
0.701302170753479
0.6808221340179443
0.6957786083221436
0.7014572024345398
0.6832531094551086
0.6797726154327393
0.6865738034248352
0.6843380331993103
0.695678174495697
0.7034645676612854
0.6883440613746643
0.6959343552589417
0.6901795864105225
0.6756554245948792
0.6891845464706421
0.6903038620948792
0.6852543354034424
0.6871082782745361
0.6774671077728271
0.6880873441696167
0.6740858554840088
0.6829260587692261
0.6971372365951538
0.691469132900238
0.6894192099571228
0.6739315390586853
0.6852598786354065
0.6866146326065063
0.6935698390007019
0.6830089688301086
0.6936020255088806
0.7008724808692932
0.6807121634483337
0.6848354339599609
0.6769267320632935
0.6931676864624023
0.6781941056251526
0.6902580857276917
0.6871517300605774
0.686642587184906
0.682135820388794
0.6838515996932983
0.68411785364151
0.688018262386322
0.6849290728569031
0.6927704811096191
0.6803377866744995
0.6786831021308899
0.6845699548721313
0.6854214072227478
0.679955005645752
0.6875358819961548
0.6830405592918396
0.6967026591300964
0.6821247339248657
0.6861215829849243
0.6869290471076965
0.693997323513031
0.6922759413719177
0.6927783489227295
0.683039665222168
0.7115582823753357
0.6807135939598083
0.6948901414871216
0.6831945180892944
0.6918088793754578
0.6867732405662537
0.6874925494194031
0.6906998157501221
0.6810871362686157
0.6934988498687744
0.6911835670471191
0.6741015911102295
0.687440037727356
0.678655207157135
0.6956755518913269
0.6823132038116455
0.6961947083473206
0.6736308336257935
0.6853547692298889
0.6968174576759338
0.6968514919281006
0.6855086088180542
0.6742106676101685
0.6759567260742188
0.6800041794776917
0.6986099481582642
0.6802629828453064
0.6951500773429871
0.6953577995300293
0.6798385381698608
0.6809573769569397
0.7023613452911377
0.6754408478736877
0.6867018342018127
0.6855475306510925
0.6983768939971924
0.6918559074401855
0.689154863357544
0.6865274310112
0.6789646148681641
0.6848971247673035
0.694129228591919
0.7048048377037048
0.7001060247421265
0.6943332552909851
0.6691116094589233
0.6914997696876526
0.6938760280609131
0.705222487449646
0.687027096748352
0.6822645664215088
0.6972589492797852
0.6943818926811218
0.6809090375900269
0.6770645380020142
0.6870785355567932
0.684990406036377
0.6895163059234619
0.6891825199127197
0.689538300037384
0.6841662526130676
0.688203752040863
0.6963722705841064
0.6978415250778198
0.6851957440376282
0.6986240148544312
0.6843612790107727
0.701602578163147
0.6791089773178101
0.6882254481315613
0.6791521310806274
0.6956238150596619
0.6821935772895813
0.6816589832305908
0.6839686632156372
0.6776226758956909
0.6917105913162231
0.7015870213508606
0.6875484585762024
0.6888428926467896
0.6913653016090393
0.680525004863739
0.6814438104629517
0.682259738445282
0.680729866027832
0.6787387132644653
0.7024368643760681
0.68503737449646
0.6812639832496643
0.6982979774475098
0.681773841381073
0.6880661249160767
0.6880813837051392
0.7053155303001404
0.6919228434562683
0.6863924860954285
0.6983109712600708
0.6762263774871826
0.6846481561660767
0.7033859491348267
0.6873041987419128
0.6871322393417358
0.6905107498168945
0.700489342212677
0.7094870805740356
0.6781800389289856
0.7115331888198853
0.6722272038459778
0.6765809655189514
0.6909832954406738
0.6971758008003235
0.68359375
0.6988319754600525
0.7020752429962158
0.6972734928131104
0.6822280287742615
0.6903607845306396
0.6995847225189209
0.6851049661636353
0.682695746421814
0.6921676397323608
0.6825950741767883
0.6901456117630005
0.6889844536781311
0.677578866481781
0.6778337955474854
0.6960722804069519
0.6961537003517151
0.6965610384941101
0.700251042842865
0.6963642835617065
0.7003552317619324
0.6867488622665405
0.68745356798172
0.6886407136917114
0.6985460519790649
0.6946433186531067
0.6842678189277649
0.6835492849349976
0.6897231936454773
0.6917989253997803
0.6948131322860718
0.6823028922080994
0.6925373077392578
0.6881888508796692
0.7056376934051514
0.6912702322006226
0.6897472143173218
0.6810851693153381
0.6896851658821106
0.683929443359375
0.6899466514587402
0.6872169375419617
0.7005459666252136
0.6950930953025818
0.6693923473358154
0.6945610046386719
0.6862565875053406
0.6918162703514099
0.6748926043510437
0.6890185475349426
0.6844157576560974
0.6815153360366821
0.6884229183197021
0.6843513250350952
0.6912933588027954
0.6870119571685791
0.6832239031791687
0.696761965751648
0.6940736174583435
0.686613142490387
0.6714931726455688
0.6933731436729431
0.6776121854782104
0.6976602077484131
0.6951515078544617
0.6773329377174377
0.6951241493225098
0.6868422627449036
0.6853328943252563
0.7106308341026306
0.6924076080322266
0.6870453953742981
0.6905034780502319
0.689900279045105
0.7011151909828186
0.6978720426559448
0.69125896692276
0.6866984367370605
0.6850965619087219
0.6890072822570801
0.6916712522506714
0.690241813659668
0.6943224668502808
0.6784592866897583
0.6882686614990234
0.6843364834785461
0.689434826374054
0.6828246712684631
0.683198094367981
0.6804611682891846
0.6766323447227478
0.6933820247650146
0.6905617117881775
0.6774227023124695
0.6765708327293396
0.6772732734680176
0.6813651323318481
0.6902451515197754
0.6926742792129517
0.683574378490448
0.7041788697242737
0.6914021968841553
0.6874666213989258
0.6911008954048157
0.690121591091156
0.6989903450012207
0.6950082182884216
0.6960065364837646
0.6769098043441772
0.6850008964538574
0.6947243213653564
0.6875428557395935
0.6921743154525757
0.6966751217842102
0.6949387788772583
0.6934954524040222
0.6975803375244141
0.6912594437599182
0.6951007843017578
0.6918447613716125
0.7014358639717102
0.6774598360061646
0.6891810894012451
0.6933971643447876
0.6846791505813599
0.6923646926879883
0.6966339945793152
0.6881029009819031
0.6748063564300537
0.690872311592102
0.6860978007316589
0.7004544138908386
0.6823992133140564
0.6875225305557251
0.6926090717315674
0.6874008178710938
0.6883811354637146
0.6873740553855896
0.6909305453300476
0.6876139640808105
0.6899557709693909
0.6935848593711853
0.7070063352584839
0.6800361275672913
0.708118736743927
0.6946473717689514
0.6882578730583191
0.7015869617462158
0.7016615867614746
0.6804692149162292
0.682942271232605
0.6936346292495728
0.695274829864502
0.6881517767906189
0.6902245879173279
0.684582531452179
0.6949514746665955
0.6781447529792786
0.722195565700531
0.6781884431838989
0.6962858438491821
0.6911605596542358
0.6906721591949463
0.6888646483421326
0.7077706456184387
0.6904528141021729
0.6834032535552979
0.691939651966095
0.6962533593177795
0.6843186616897583
0.708031177520752
0.6857032179832458
0.678276538848877
0.6885850429534912
0.6927129626274109
0.699060320854187
0.6947070360183716
0.690383791923523
0.6909483075141907
0.6826848983764648
0.7060673236846924
0.6936724781990051
0.6876031160354614
0.6982337832450867
0.695539116859436
0.6834075450897217
0.6914387941360474
0.6892057061195374
0.669404149055481
0.6938481330871582
0.7036767601966858
0.6888097524642944
0.6760865449905396
0.691766619682312
0.7008501291275024
0.6793303489685059
0.6858513355255127
0.6841282248497009
0.6796585321426392
0.6773350834846497
0.6924625039100647
0.6917338967323303
0.6908102035522461
0.6898258328437805
0.6999079585075378
0.6911518573760986
0.7023523449897766
0.6997062563896179
0.6817745566368103
0.6823453903198242
0.7010275721549988
0.6789214611053467
0.6879147887229919
0.6891942024230957
0.6815921068191528
0.6823883652687073
0.6836336851119995
0.6888366341590881
0.6891981959342957
0.696922242641449
0.6865619421005249
0.6793658137321472
0.6819249987602234
0.6822073459625244
0.6827254891395569
0.6749069690704346
0.6948167085647583
0.6915461421012878
0.6957148313522339
0.6869907379150391
0.6871002316474915
0.6903347373008728
0.6942492127418518
0.6824147701263428
0.6905015110969543
0.6975953578948975
0.683678150177002
0.6868487000465393
0.6868787407875061
0.6783737540245056
0.6923573613166809
0.692946195602417
0.69565349817276
0.6948350667953491
0.6918426156044006
0.7007595896720886
0.6960332989692688
0.6920521855354309
0.6944463849067688
0.7043644189834595
0.7038651704788208
0.699630618095398
0.6933230757713318
0.6881687641143799
0.6853132843971252
0.6855297088623047
0.6882306933403015
0.6929909586906433
0.6870303750038147
0.6905871033668518
0.6993914842605591
0.688668966293335
0.714722216129303
0.6881018280982971
0.6737722754478455
0.6914734840393066
0.6812536120414734
0.6962833404541016
0.6923223733901978
0.6783026456832886
0.6831087470054626
0.690236508846283
0.6799795627593994
0.6924769282341003
0.6890438199043274
0.6756372451782227
0.6890000104904175
0.6791132092475891
0.6824504733085632
0.6806966066360474
0.6927964687347412
0.6834250688552856
0.7010384202003479
0.695189893245697
0.694107711315155
0.6993148326873779
0.6997511386871338
0.6916828751564026
0.6866759061813354
0.6766175627708435
0.6882912516593933
0.6858050227165222
0.6854657530784607
0.6951246857643127
0.7004350423812866
0.6930428147315979
0.7056674361228943
0.6739773154258728
0.6991815567016602
0.6849206686019897
0.6900988221168518
0.6774626970291138
0.684319257736206
0.706549882888794
0.7038856744766235
0.686720073223114
0.6827634572982788
0.6745410561561584
0.7018833160400391
0.6873193979263306
0.6953034400939941
0.692491352558136
0.6873593330383301
0.6795912981033325
0.6930331587791443
0.6904544234275818
0.6837326288223267
0.6926830410957336
0.6897338032722473
0.6769416332244873
0.6746656894683838
0.6830260157585144
0.6803247928619385
0.6859811544418335
0.6821074485778809
0.6932300329208374
0.6785983443260193
0.6992674469947815
0.6852359771728516
0.6820838451385498
0.6992098093032837
0.688591480255127
0.7004925012588501
0.6976195573806763
0.6924884915351868
0.6871909499168396
0.6917401552200317
0.7023299932479858
0.6978604197502136
0.6725039482116699
0.6930444836616516
0.682075560092926
0.6876887083053589
0.688583254814148
0.6877997517585754
0.6883724331855774
0.6743355393409729
0.7044215202331543
0.6884438991546631
0.6871505975723267
0.6945098638534546
0.6906216144561768
0.6903496384620667
0.6950814127922058
0.6736711859703064
0.6979541778564453
0.683320939540863
0.6789209842681885
0.6866128444671631
0.6857129335403442
0.6833315491676331
0.6883115172386169
0.6786817312240601
0.695220947265625
0.680039644241333
0.6806111335754395
0.6862727403640747
0.6932095289230347
0.6869460344314575
0.6808536648750305
0.6959843635559082
0.692462682723999
0.6839044094085693
0.6788634061813354
0.6906650066375732
0.6792000532150269
0.6737596988677979
0.6820597052574158
0.6871894598007202
0.6927804946899414
0.6940387487411499
0.6819348931312561
0.6913064122200012
0.6851709485054016
0.6809132099151611
0.6957172751426697
0.6760615110397339
0.6879005432128906
0.6915333271026611
0.6834971308708191
0.6776123046875
0.7052074670791626
0.6838440299034119
0.6888778209686279
0.6984814405441284
0.6776813268661499
0.6923932433128357
0.7006210684776306
0.6767184734344482
0.6879711747169495
0.6799160838127136
0.6809587478637695
0.6986522078514099
0.6961584687232971
0.7003324627876282
0.6912572979927063
0.6891745924949646
0.6761456727981567
0.697758138179779
0.6904345154762268
0.6878904700279236
0.7091185450553894
0.6799358129501343
0.691883385181427
0.6798040270805359
0.6895142793655396
0.6829870343208313
0.6986860632896423
0.6792699694633484
0.6923632621765137
0.6861686110496521
0.6824923753738403
0.6963713765144348
0.6796236634254456
0.6834049820899963
0.7009865641593933
0.6863524317741394
0.6811876893043518
0.6873114109039307
0.6900060772895813
0.6926597356796265
0.6931559443473816
0.6953357458114624
0.6946485638618469
0.6881871819496155
0.6913765668869019
0.6873634457588196
0.680786669254303
0.6983998417854309
0.6871412992477417
0.684715747833252
0.6907927393913269
0.688363790512085
0.6967065930366516
0.6876039505004883
0.683157742023468
0.6884475350379944
0.6880884766578674
0.6715930700302124
0.7052034139633179
0.6975994110107422
0.6942359805107117
0.6840657591819763
0.6912131309509277
0.6842939853668213
0.6909898519515991
0.6828857064247131
0.678357720375061
0.6912925243377686
0.697320818901062
0.6895429491996765
0.6979319453239441
0.6863436698913574
0.69036865234375
0.6941097378730774
0.6848164200782776
0.6982479095458984
0.6771045923233032
0.6797962784767151
0.6817712783813477
0.6924408078193665
0.7026076316833496
0.702777624130249
0.6875160932540894
0.685651957988739
0.6877152919769287
0.6773455739021301
0.6862061619758606
0.6843215823173523
0.6810640096664429
0.6955852508544922
0.6927059292793274
0.686294674873352
0.6837433576583862
0.6871951818466187
0.6987615823745728
0.6887277960777283
0.6885104179382324
0.683306872844696
0.6862433552742004
0.6793639063835144
0.6942216753959656
0.6911532878875732
0.6802269816398621
0.6926366090774536
0.6693247556686401
0.6877475380897522
0.6916103959083557
0.6951944231987
0.690550684928894
0.6899496912956238
0.7059481739997864
0.6969360709190369
0.6891777515411377
0.6838640570640564
0.6814079880714417
0.6830832362174988
0.6944618225097656
0.6910683512687683
0.6897860169410706
0.7006716132164001
0.6798067688941956
0.6947901844978333
0.6874352097511292
0.6792380809783936
0.6835072040557861
0.6940392851829529
0.6814121007919312
0.6916621327400208
0.6903877258300781
0.6813794374465942
0.6848582625389099
0.6908014416694641
0.6929693222045898
0.6819191575050354
0.7037124633789062
0.6772662997245789
0.6831625699996948
0.6817566156387329
0.6940750479698181
0.6889877319335938
0.6843947768211365
0.6838595867156982
0.6812707781791687
0.6855155229568481
0.6812601685523987
0.6809878945350647
0.6916505694389343
0.6753934025764465
0.6811432242393494
0.6834443807601929
0.6925129890441895
0.6856991052627563
0.6921682357788086
0.6703106760978699
0.6653842329978943
0.7023593783378601
0.6972109079360962
0.6879226565361023
0.6926150321960449
0.6898608207702637
0.6911681890487671
0.6910908818244934
0.6882595419883728
0.6785688996315002
0.6863613128662109
0.6890785694122314
0.69504714012146
0.68369460105896
0.6920830011367798
0.6763141751289368
0.6828873157501221
0.6967372894287109
0.6935461759567261
0.6844546794891357
0.682972252368927
0.695274829864502
0.6941672563552856
0.6833319067955017
0.6995174884796143
0.681427001953125
0.6935006380081177
0.6984822750091553
0.6968814730644226
0.6934890151023865
0.7036572694778442
0.6939527988433838
0.6845928430557251
0.6815718412399292
0.6965343356132507
0.6845929026603699
0.6771267056465149
0.6936606764793396
0.6842491626739502
0.6971246600151062
0.6873804330825806
0.6792441606521606
0.6880666017532349
0.6832593679428101
0.692094624042511
0.6833292841911316
0.6896189451217651
0.6965965032577515
0.703441321849823
0.6836583018302917
0.6940364837646484
0.6907222867012024
0.6907569169998169
0.6849805116653442
0.6853775382041931
0.6894079446792603
0.671463668346405
0.6826589703559875
0.6881935596466064
0.6894245147705078
0.7038670182228088
0.6947532296180725
0.6936756372451782
0.6889734268188477
0.6917928457260132
0.6790986657142639
0.7037766575813293
0.6826741099357605
0.6894645094871521
0.6909142732620239
0.6827675700187683
0.6866428852081299
0.7015082836151123
0.6881677508354187
0.6868759393692017
0.6969200968742371
0.6891600489616394
0.6922008991241455
0.6849197149276733
0.6829977631568909
0.6970498561859131
0.6864068508148193
0.6802140474319458
0.6969319581985474
0.6965739130973816
0.6951409578323364
0.6837912201881409
0.6803022623062134
0.6995805501937866
0.6807920932769775
0.694878101348877
0.6963065266609192
0.6979668140411377
0.6824614405632019
0.6917054653167725
0.6876213550567627
0.6783445477485657
0.6909573078155518
0.6966821551322937
0.693065345287323
0.6759752631187439
0.6914066076278687
0.690646231174469
0.6907068490982056
0.6859970092773438
0.6799304485321045
0.6705340147018433
0.6988827586174011
0.6897358894348145
0.6885241270065308
0.6778119802474976
0.6732730865478516
0.6922721266746521
0.6891803741455078
0.7080770134925842
0.6920623183250427
0.6897695064544678
0.6810904741287231
0.6925966739654541
0.6837335824966431
0.6762452721595764
0.6992111206054688
0.6904135942459106
0.7045676708221436
0.6843585968017578
0.6904968023300171
0.700894832611084
0.6815987825393677
0.6913683414459229
0.6836673617362976
0.6867778897285461
0.6916087865829468
0.6953783631324768
0.6856842637062073
0.7025506496429443
0.6922516822814941
0.697964608669281
0.6822525262832642
0.6869636178016663
0.6899193525314331
0.6797083020210266
0.6983618140220642
0.6960877776145935
0.6835072636604309
0.6983799934387207
0.682977557182312
0.6939031481742859
0.7007530331611633
0.6947087049484253
0.6801424026489258
0.691907525062561
0.6950074434280396
0.682762861251831
0.6857171654701233
0.6975315809249878
0.7049719095230103
0.6848880052566528
0.6801881194114685
0.6949509382247925
0.6990945935249329
0.7037038207054138
0.6875951886177063
0.6906178593635559
0.6834574341773987
0.690506100654602
0.6836816668510437
0.6820870041847229
0.6745504140853882
0.6742064952850342
0.6833723187446594
0.6931734681129456
0.6905279159545898
0.6954874992370605
0.6935709118843079
0.7066538333892822
0.670319676399231
0.6916549205780029
0.6940749287605286
0.6835727691650391
0.6907604336738586
0.692302405834198
0.690310001373291
0.69886314868927
0.6929655075073242
0.6905635595321655
0.6918157339096069
0.687928318977356
0.6825399398803711
0.6977056264877319
0.6912721395492554
0.6860668063163757
0.7003755569458008
0.6917160749435425
0.7050666213035583
0.6666668653488159
0.6936101317405701
0.6893346905708313
0.6980995535850525
0.6901557445526123
0.6880682110786438
0.6949187517166138
0.6802805066108704
0.6841761469841003
0.6888765096664429
0.6765637993812561
0.680959165096283
0.6855929493904114
0.6674717664718628
0.6860182881355286
0.693916916847229
0.6873916983604431
0.675028383731842
0.6970278024673462
0.6861502528190613
0.7095181345939636
0.6864246726036072
0.6701653003692627
0.6885649561882019
0.6947341561317444
0.69036465883255
0.6915851831436157
0.6934025287628174
0.7002137303352356
0.6806970834732056
0.7031747698783875
0.6766250729560852
0.7013372182846069
0.6985522508621216
0.6811324954032898
0.6825366616249084
0.6899488568305969
0.6898643374443054
0.6963546276092529
0.694665253162384
0.6867693066596985
0.6824565529823303
0.6927847266197205
0.6953502893447876
0.6866581439971924
0.6837795376777649
0.681979775428772
0.6767149567604065
0.6898760199546814
0.678441047668457
0.6855411529541016
0.6924845576286316
0.6927148103713989
0.6940248012542725
0.6787524223327637
0.6911652684211731
0.6936018466949463
0.692777693271637
0.6780929565429688
0.6787859201431274
0.6810882687568665
0.7100105881690979
0.6953896880149841
0.6905716061592102
0.6934402585029602
0.6926566362380981
0.6839205026626587
0.6909438967704773
0.6933947205543518
0.6761094331741333
0.6893226504325867
0.687843918800354
0.6832737326622009
0.7019123435020447
0.6831361055374146
0.6751376390457153
0.6896175742149353
0.6877674460411072
0.6850838661193848
0.6852098703384399
0.6800808310508728
0.6839307546615601
0.6723312735557556
0.6898845434188843
0.6778619885444641
0.6887375712394714
0.6891647577285767
0.6782323718070984
0.700598955154419
0.6797599196434021
0.706584632396698
0.6967278122901917
0.7037404775619507
0.6882968544960022
0.686966061592102
0.6858189702033997
0.6933186650276184
0.6970523595809937
0.6946186423301697
0.7057129144668579
0.6768487691879272
0.6929640173912048
0.6986402273178101
0.6817499399185181
0.6930725574493408
0.6867117285728455
0.6855973601341248
0.689353883266449
0.7030391693115234
0.7107744812965393
0.6951228380203247
0.6915165185928345
0.6900104880332947
0.6908774375915527
0.6935840249061584
0.6770206093788147
0.6972155570983887
0.6968418955802917
0.693496823310852
0.6871462464332581
0.6817565560340881
0.6912046670913696
0.6830989718437195
0.6939350962638855
0.6831241250038147
0.6892648935317993
0.6891462206840515
0.6977558135986328
0.6914737224578857
0.7036764025688171
0.6835485696792603
0.6914612650871277
0.6740102767944336
0.7014126181602478
0.6821612119674683
0.6951563358306885
0.6867392659187317
0.6899285912513733
0.6875554919242859
0.6887008547782898
0.6936770677566528
0.6916562914848328
0.6987913846969604
0.686798095703125
0.7051531672477722
0.6842138171195984
0.6803320050239563
0.6880428791046143
0.6753060817718506
0.6798471808433533
0.7003031969070435
0.6799536943435669
0.6955917477607727
0.6877509355545044
0.6781286597251892
0.6743210554122925
0.6785776019096375
0.687068521976471
0.6909307241439819
0.6948891878128052
0.6948581337928772
0.6959548592567444
0.6823192834854126
0.7019892930984497
0.6811217665672302
0.6868108510971069
0.6849822402000427
0.6753252148628235
0.6815013885498047
0.6914706230163574
0.6818680763244629
0.6914324164390564
0.6927562355995178
0.6785028576850891
0.7034913897514343
0.704452633857727
0.6679395437240601
0.6896520853042603
0.6796146035194397
0.6878095269203186
0.6894904971122742
0.663297712802887
0.6826632022857666
0.671579122543335
0.6912035942077637
0.709622323513031
0.6840412616729736
0.6729923486709595
0.695379912853241
0.6806514859199524
0.6920290589332581
0.6785660982131958
0.6998264193534851
0.6784327626228333
0.6906510591506958
0.6955484747886658
0.6808480620384216
0.6942948698997498
0.6842084527015686
0.6851845383644104
0.6935191750526428
0.6839888095855713
0.6813669800758362
0.6925169229507446
0.6962698698043823
0.6816679835319519
0.6914928555488586
0.7078605890274048
0.6855177879333496
0.6915706992149353
0.6928763389587402
0.682157576084137
0.6691805720329285
0.6916927695274353
0.6960209608078003
0.6976333260536194
0.6832685470581055
0.682542622089386
0.6924747824668884
0.6898199319839478
0.6878402829170227
0.6857612133026123
0.6876579523086548
0.6863124966621399
0.6790034770965576
0.6767554879188538
0.6978551745414734
0.6894187331199646
0.6806766390800476
0.6811951398849487
0.7011504173278809
0.6976950168609619
0.680726170539856
0.7011958360671997
0.6868072152137756
0.6924931406974792
0.6861057281494141
0.6854647397994995
0.6879874467849731
0.6879242658615112
0.682617723941803
0.6954602599143982
0.6843976378440857
0.6785697340965271
0.6886154413223267
0.678955078125
0.6890523433685303
0.6858617663383484
0.6884498596191406
0.6821759939193726
0.6942098140716553
0.6978526711463928
0.6975578665733337
0.6858126521110535
0.701240062713623
0.6722756028175354
0.6802597641944885
0.673303484916687
0.693648636341095
0.6945264339447021
0.7008527517318726
0.685576856136322
0.6986083388328552
0.6983391642570496
0.6824591159820557
0.6933894157409668
0.6944437623023987
0.6774992942810059
0.6938015222549438
0.7002601623535156
0.6857807040214539
0.68939608335495
0.6856127977371216
0.6771706342697144
0.6904760599136353
0.6859350204467773
0.688345730304718
0.6861798763275146
0.6985234618186951
0.683332622051239
0.6842265725135803
0.6872695684432983
0.6882466673851013
0.6711212396621704
0.687679648399353
0.6956740021705627
0.6897485852241516
0.6912136077880859
0.6757928133010864
0.6881861090660095
0.689422607421875
0.6815517544746399
0.6958567500114441
0.6711609959602356
0.6894832253456116
0.6912520527839661
0.6885075569152832
0.6778937578201294
0.6872169971466064
0.6829075217247009
0.6966385841369629
0.6842072606086731
0.6860190629959106
0.6916024088859558
0.6812178492546082
0.695822536945343
0.6844784021377563
0.6867313981056213
0.697212815284729
0.6737987995147705
0.6846723556518555
0.6891756653785706
0.6830252408981323
0.6668867468833923
0.6989693641662598
0.6882092952728271
0.6953440308570862
0.6731942892074585
0.6957375407218933
0.6966570615768433
0.6848061084747314
0.6964586973190308
0.6906945705413818
0.6967870593070984
0.6907516717910767
0.6835998892784119
0.6791470050811768
0.6975364685058594
0.6885451078414917
0.701378583908081
0.6858235001564026
0.6891216039657593
0.6731719970703125
0.6853829026222229
0.6878541707992554
0.6977245807647705
0.6846615672111511
0.6911325454711914
0.6792557239532471
0.6851484179496765
0.6778016090393066
0.6999878883361816
0.6865635514259338
0.690577507019043
0.689424455165863
0.6964470148086548
0.6897097229957581
0.6832126379013062
0.6978155970573425
0.6850206851959229
0.6926210522651672
0.6866059303283691
0.6924793124198914
0.6928470730781555
0.693330705165863
0.6835448741912842
0.6922094225883484
0.7090528011322021
0.6909448504447937
0.6961124539375305
0.6926496624946594
0.6860740184783936
0.6935507655143738
0.690551221370697
0.6894352436065674
0.702028751373291
0.6984789371490479
0.6805967688560486
0.6869573593139648
0.6900385022163391
0.6759301424026489
0.688251793384552
0.6842650175094604
0.6827000975608826
0.683809757232666
0.684677243232727
0.6973204612731934
0.7044637203216553
0.6973413825035095
0.6876042485237122
0.6818529963493347
0.6769638061523438
0.6925790905952454
0.6970379948616028
0.6862524151802063
0.7091706395149231
0.6831670999526978
0.676374077796936
0.6935017704963684
0.6908907294273376
0.6955011487007141
0.6871832609176636
0.700027346611023
0.7043283581733704
0.6888219714164734
0.6939473748207092
0.6854372024536133
0.6865027546882629
0.6801115870475769
0.6849638819694519
0.6845462322235107
0.6836313009262085
0.6921097040176392
0.6920003890991211
0.6912433505058289
0.6872066259384155
0.683906078338623
0.6722854375839233
0.6813930869102478
0.6891313791275024
0.6991735696792603
0.6769793033599854
0.6993511915206909
0.6789961457252502
0.6954185962677002
0.6910896897315979
0.6981273889541626
0.6834579110145569
0.68485027551651
0.6838704347610474
0.6899423003196716
0.6784615516662598
0.6945796608924866
0.6895533204078674
0.6955565214157104
0.6912559866905212
0.6963416934013367
0.7025801539421082
0.692899227142334
0.696639358997345
0.6945398449897766
0.6781374216079712
0.690277099609375
0.6993988752365112
0.6840829849243164
0.6878215074539185
0.6804298162460327
0.6821275949478149
0.6730373501777649
0.6956281065940857
0.6934895515441895
0.6960513591766357
0.6818035840988159
0.6898027658462524
0.6801755428314209
0.6840518712997437
0.6954323649406433
0.6899060010910034
0.6833314895629883
0.6773785948753357
0.694159209728241
0.6760631203651428
0.6948111057281494
0.6825544238090515
0.701179027557373
0.6815193295478821
0.6984819173812866
0.6875400543212891
0.6968801021575928
0.6853659749031067
0.6863279342651367
0.6809887886047363
0.6717790961265564
0.6813513040542603
0.6804395914077759
0.6861327886581421
0.6899548172950745
0.6822243332862854
0.6920593976974487
0.6834666132926941
0.6878176331520081
0.684947669506073
0.6861680746078491
0.6865144371986389
0.6847148537635803
0.6940401792526245
0.6895654797554016
0.6870435476303101
0.6761764287948608
0.6802465915679932
0.6849619150161743
0.6831424236297607
0.6792797446250916
0.6828150749206543
0.6879331469535828
0.6957492828369141
0.6784763932228088
0.6819252371788025
0.6971272230148315
0.6939505934715271
0.6929061412811279
0.6929627060890198
0.7048531770706177
0.6711048483848572
0.6941396594047546
0.682278573513031
0.6911848783493042
0.6879655718803406
0.6888138055801392
0.6819365620613098
0.6751760840415955
0.6884419322013855
0.6887947916984558
0.6843424439430237
0.691983163356781
0.6993213295936584
0.6892783641815186
0.6859958171844482
0.6859598159790039
0.6951761841773987
0.6910509467124939
0.6978223919868469
0.6982275247573853
0.6903321146965027
0.6945367455482483
0.6760243773460388
0.6811339259147644
0.6950480341911316
0.7009211182594299
0.6993262767791748
0.6845364570617676
0.6829978823661804
0.695682168006897
0.6903287172317505
0.6911239624023438
0.6665225625038147
0.6858019828796387
0.6857143640518188
0.688711941242218
0.6814056038856506
0.6729557514190674
0.6787229180335999
0.6870933175086975
0.6853731274604797
0.6969115734100342
0.6871165037155151
0.6875701546669006
0.6802863478660583
0.6905373334884644
0.6906021237373352
0.6821125149726868
0.6867368817329407
0.6789587736129761
0.6783610582351685
0.6914054155349731
0.6870664954185486
0.6877651810646057
0.7027981281280518
0.6788870692253113
0.6770516037940979
0.6741317510604858
0.700396716594696
0.6873541474342346
0.7103009819984436
0.688107430934906
0.681492030620575
0.6811327338218689
0.6909039616584778
0.6795011162757874
0.7013449668884277
0.6922036409378052
0.6896517276763916
0.6933586001396179
0.6800614595413208
0.6790903806686401
0.6894495487213135
0.6975859999656677
0.7050259113311768
0.670874834060669
0.677003026008606
0.6816563606262207
0.6958593726158142
0.6943078637123108
0.6930315494537354
0.6832907795906067
0.6827181577682495
0.6893887519836426
0.689245343208313
0.6767497062683105
0.6720207333564758
0.6913427710533142
0.6908511519432068
0.685840904712677
0.6826479434967041
0.6890344619750977
0.6916247010231018
0.6817476749420166
0.6978342533111572
0.6882954239845276
0.6781538128852844
0.6785897612571716
0.6898922324180603
0.6777840256690979
0.6928505301475525
0.6960510015487671
0.6837251782417297
0.685614824295044
0.6753886938095093
0.7024300694465637
0.6838330030441284
0.6858951449394226
0.6965013742446899
0.6752350926399231
0.6897521018981934
0.7047688364982605
0.6901601552963257
0.6957136988639832
0.6860499382019043
0.6819030046463013
0.6816890239715576
0.6866931319236755
0.6964070200920105
0.6976717114448547
0.6718281507492065
0.6860376000404358
0.7033084630966187
0.6826708316802979
0.6770667433738708
0.6852971911430359
0.6812773942947388
0.6833422183990479
0.6734644174575806
0.6902061104774475
0.6769377589225769
0.6829432249069214
0.7068884968757629
0.6947980523109436
0.6947409510612488
0.686288058757782
0.6988171935081482
0.6840870976448059
0.6808343529701233
0.6794350147247314
0.7073754072189331
0.7004982829093933
0.6973899006843567
0.695794939994812
0.6808923482894897
0.6955248713493347
0.6852632761001587
0.7073891162872314
0.6962356567382812
0.6928542852401733
0.6857929825782776
0.7079712748527527
0.6680268049240112
0.6831773519515991
0.6986855864524841
0.6820650100708008
0.6893552541732788
0.6930615901947021
0.6816251873970032
0.6813677549362183
0.6934844255447388
0.6707250475883484
0.67868572473526
0.6754703521728516
0.6733387112617493
0.6794909834861755
0.681808352470398
0.6939456462860107
0.6933712363243103
0.6898300647735596
0.7061156034469604
0.6808711886405945
0.690082848072052
0.7015570402145386
0.6787502765655518
0.6886771321296692
0.6786272525787354
0.6940112113952637
0.6930132508277893
0.6900243163108826
0.69478839635849
0.6939778327941895
0.6844766736030579
0.7025837302207947
0.6747627258300781
0.700695276260376
0.6876190304756165
0.6853753924369812
0.6880652904510498
0.6968269944190979
0.7068931460380554
0.6819236278533936
0.6966679692268372
0.6906112432479858
0.6947370171546936
0.685035228729248
0.6909196376800537
0.6866548657417297
0.699489414691925
0.6878635287284851
0.6869452595710754
0.6870301365852356
0.7003819942474365
0.6830711364746094
0.6962680816650391
0.6906723976135254
0.6826227307319641
0.6742092370986938
0.6803558468818665
0.7156416773796082
0.6886631846427917
0.6899861097335815
0.6931574940681458
0.6904729008674622
0.6909441947937012
0.6818352937698364
0.6889560222625732
0.6798754930496216
0.6831452250480652
0.6793849468231201
0.6848476529121399
0.6940605640411377
0.6791946291923523
0.6907620429992676
0.6920507550239563
0.692370593547821
0.6860590577125549
0.6963047981262207
0.6840882301330566
0.6838473081588745
0.6941057443618774
0.6796362996101379
0.6895447969436646
0.6888124942779541
0.7088884115219116
0.6776332259178162
0.6994402408599854
0.695580244064331
0.6996110677719116
0.6759253740310669
0.696160078048706
0.6905455589294434
0.6785727739334106
0.6897333264350891
0.6881937980651855
0.6886072158813477
0.6914291381835938
0.7005504369735718
0.6853604912757874
0.6908230185508728
0.6910572648048401
0.6862227916717529
0.6972983479499817
0.6945133805274963
0.6822938323020935
0.691849946975708
0.6897454261779785
0.6791172623634338
0.6952729225158691
0.7017725110054016
0.6777111887931824
0.6776518821716309
0.6886773705482483
0.6863545775413513
0.683098554611206
0.6777036190032959
0.6852404475212097
0.6820043325424194
0.675364077091217
0.6959113478660583
0.6825892925262451
0.6902571320533752
0.7000187635421753
0.6867559552192688
0.6786149740219116
0.6884722709655762
0.7007667422294617
0.6919458508491516
0.6828554272651672
0.6865706443786621
0.7017084360122681
0.7103374600410461
0.6894450187683105
0.6991140246391296
0.6876561641693115
0.6799957156181335
0.6928158402442932
0.6814220547676086
0.6929910182952881
0.6815093755722046
0.6820351481437683
0.6977490186691284
0.6913415789604187
0.695385217666626
0.6763827800750732
0.6844652891159058
0.6930968761444092
0.688424289226532
0.6911427974700928
0.6997148394584656
0.6953967809677124
0.6950236558914185
0.6824877262115479
0.6865968704223633
0.6764846444129944
0.6930993795394897
0.6930902600288391
0.6841788291931152
0.698043704032898
0.6853665709495544
0.6773051023483276
0.7000067234039307
0.6901552081108093
0.680674135684967
0.6798890233039856
0.6845183372497559
0.6809695363044739
0.6940591335296631
0.6921617984771729
0.6943239569664001
0.6942231059074402
0.6773844957351685
0.6997852921485901
0.6952747106552124
0.7104734778404236
0.6880642771720886
0.6761900782585144
0.6891965270042419
0.6813389658927917
0.6945282816886902
0.6715254783630371
0.6742236614227295
0.6759452819824219
0.6823589205741882
0.697165846824646
0.6810063719749451
0.6857345104217529
0.692552387714386
0.6914194226264954
0.699113130569458
0.6836162209510803
0.6960154175758362
0.6878965497016907
0.6915033459663391
0.6738907098770142
0.6795493364334106
0.6913673281669617
0.6930692791938782
0.6938543319702148
0.6701013445854187
0.6797019243240356
0.7009868025779724
0.7028487920761108
0.7017303705215454
0.7089624404907227
0.6777001619338989
0.6907463669776917
0.699815571308136
0.7006874084472656
0.6818849444389343
0.6940725445747375
0.6887481212615967
0.679131805896759
0.6836627125740051
0.6901830434799194
0.6869259476661682
0.6925490498542786
0.7079419493675232
0.6838176250457764
0.6963121891021729
0.6837453842163086
0.6834335923194885
0.6939216256141663
0.6946964263916016
0.6900050640106201
0.6808406710624695
0.6846292018890381
0.6796944737434387
0.6851245164871216
0.6820221543312073
0.6752665042877197
0.679247260093689
0.6896697282791138
0.6904091835021973
0.6986004710197449
0.7005695104598999
0.6771549582481384
0.6662952899932861
0.6916008591651917
0.6917721033096313
0.6812161803245544
0.6895031332969666
0.6828556060791016
0.6861143708229065
0.6882205009460449
0.6823133230209351
0.6836562156677246
0.6931633949279785
0.6805325746536255
0.6974958181381226
0.6981274485588074
0.6887310147285461
0.687438428401947
0.6891079545021057
0.6749417781829834
0.684041440486908
0.6955062747001648
0.6939675211906433
0.6885750889778137
0.6739788055419922
0.6860347390174866
0.6836838722229004
0.6898741722106934
0.6814832091331482
0.6942919492721558
0.6898552775382996
0.6955333352088928
0.6864562034606934
0.6960261464118958
0.6880639791488647
0.6907758712768555
0.6939991116523743
0.6972017884254456
0.7038218379020691
0.6822017431259155
0.695206344127655
0.690251886844635
0.6751527786254883
0.6841115355491638
0.6859034895896912
0.6904537677764893
0.690056324005127
0.6855778694152832
0.686980128288269
0.6925381422042847
0.7000806927680969
0.6856374144554138
0.7032009363174438
0.6883633732795715
0.6859650611877441
0.6909863948822021
0.6777008175849915
0.6995285153388977
0.6781927347183228
0.6890425086021423
0.6918831467628479
0.6960535645484924
0.6906118988990784
0.6852074265480042
0.6796188950538635
0.6967325806617737
0.6758959293365479
0.6984228491783142
0.6913225054740906
0.6978855729103088
0.7015661001205444
0.6958124041557312
0.6961644887924194
0.6871955394744873
0.692396342754364
0.6743313670158386
0.6868470311164856
0.6993248462677002
0.6824210286140442
0.6885812878608704
0.6864283680915833
0.6705877184867859
0.6898743510246277
0.6859634518623352
0.6856300830841064
0.6871392130851746
0.6808533668518066
0.6884633898735046
0.686337411403656
0.688683032989502
0.6922122240066528
0.6911033391952515
0.6884829998016357
0.6846782565116882
0.6889661550521851
0.6763908863067627
0.6753910183906555
0.6755987405776978
0.6897983551025391
0.6862615942955017
0.6840906143188477
0.6967217326164246
0.6811872720718384
0.7001588940620422
0.6969549059867859
0.6930819153785706
0.6945677995681763
0.7011196613311768
0.683046817779541
0.6962255835533142
0.7000519037246704
0.6989960074424744
0.696220874786377
0.6965668201446533
0.7005018591880798
0.667030930519104
0.6925581693649292
0.6818439960479736
0.6865845322608948
0.7027846574783325
0.6894329786300659
0.6955896019935608
0.6787702441215515
0.68624347448349
0.6779540777206421
0.6768461465835571
0.6879788041114807
0.6876720190048218
0.6979648470878601
0.6732932329177856
0.6856827735900879
0.6873916983604431
0.6871100664138794
0.7087798118591309
0.6925312876701355
0.6810416579246521
0.6934074759483337
0.6851562857627869
0.6934888958930969
0.6806170344352722
0.6941553354263306
0.686846911907196
0.677365243434906
0.6932728886604309
0.6838711500167847
0.6923915147781372
0.6750214099884033
0.7061489820480347
0.7034797668457031
0.7007222771644592
0.683569073677063
0.6851068139076233
0.6959255337715149
0.6757659316062927
0.6881094574928284
0.684377908706665
0.6833475828170776
0.6914309859275818
0.7046188116073608
0.6762311458587646
0.6940343379974365
0.684676468372345
0.6867398619651794
0.6949235796928406
0.688998818397522
0.6793840527534485
0.6821965575218201
0.7008442878723145
0.683730959892273
0.6850126385688782
0.6808875203132629
0.6904223561286926
0.6834884881973267
0.6952316164970398
0.6890760064125061
0.6804958581924438
0.6863253712654114
0.7081022262573242
0.698393702507019
0.6924271583557129
0.6812583804130554
0.7048660516738892
0.6934098601341248
0.6829981803894043
0.6758430600166321
0.6998492479324341
0.6881510615348816
0.6868506073951721
0.6806646585464478
0.7065824270248413
0.6851410865783691
0.6808663010597229
0.6937239170074463
0.6893274784088135
0.7010522484779358
0.6919603943824768
0.6902180314064026
0.6885767579078674
0.6853755116462708
0.6904473900794983
0.6835255026817322
0.6927689909934998
0.7001696825027466
0.6882465481758118
0.6816753149032593
0.6855894327163696
0.6949666142463684
0.6871005296707153
0.6938607096672058
0.6951904296875
0.6943208575248718
0.6964306831359863
0.6821771264076233
0.6800174713134766
0.6885017156600952
0.6894327402114868
0.6839655637741089
0.6982304453849792
0.6788067817687988
0.6951116919517517
0.6768057942390442
0.691303551197052
0.6961525082588196
0.6929970979690552
0.6863269805908203
0.6961163878440857
0.6859292387962341
0.6852871179580688
0.6978948712348938
0.7011231184005737
0.683336615562439
0.6929071545600891
0.6886644959449768
0.6833016872406006
0.681725800037384
0.6843746304512024
0.6830391883850098
0.672272264957428
0.6880714893341064
0.6882897019386292
0.6885960698127747
0.7102856636047363
0.6900168657302856
0.6908288598060608
0.6844974160194397
0.6933432817459106
0.6956529021263123
0.6905232071876526
0.6919875144958496
0.689324140548706
0.6795027256011963
0.6855382323265076
0.6724439859390259
0.6854660511016846
0.6838656663894653
0.6900954246520996
0.6884604692459106
0.6897178292274475
0.6830562353134155
0.6973751783370972
0.6943848133087158
0.6872823238372803
0.6875741481781006
0.701286792755127
0.6782246828079224
0.676929235458374
0.7058451771736145
0.676176905632019
0.6816851496696472
0.6824554204940796
0.6738782525062561
0.6896204352378845
0.6780584454536438
0.6896321177482605
0.6833299994468689
0.684582531452179
0.6908443570137024
0.6955235004425049
0.6907995343208313
0.6823862791061401
0.6859707236289978
0.6797687411308289
0.6929352879524231
0.6864169836044312
0.6727613210678101
0.6924946904182434
0.698161780834198
0.7038667798042297
0.7014790773391724
0.6937083601951599
0.6826295256614685
0.6838434338569641
0.6847156286239624
0.697483479976654
0.6914800405502319
0.6878220438957214
0.6956495046615601
0.692443311214447
0.6875800490379333
0.6778945326805115
0.6901378631591797
0.6891956329345703
0.7078948020935059
0.687724769115448
0.6879834532737732
0.6949995160102844
0.6849787831306458
0.686586856842041
0.6902906894683838
0.6953586339950562
0.6809268593788147
0.6810334324836731
0.6905033588409424
0.6821168065071106
0.6914253830909729
0.6877861022949219
0.6916443705558777
0.6849649548530579
0.6923218965530396
0.6757484078407288
0.6991909146308899
0.6860451102256775
0.6830968856811523
0.6791138648986816
0.6902011632919312
0.6866437792778015
0.7081602811813354
0.6862308382987976
0.6870400309562683
0.6983020901679993
0.6941813826560974
0.6926683187484741
0.6752715110778809
0.6782200336456299
0.6868780255317688
0.6808772087097168
0.6798834800720215
0.6930885910987854
0.6920434236526489
0.6919207572937012
0.6787663698196411
0.6880396008491516
0.6837960481643677
0.6938289999961853
0.6800903677940369
0.6937586665153503
0.6996046900749207
0.7025251388549805
0.691724419593811
0.6823263168334961
0.6840842366218567
0.6867345571517944
0.6791567802429199
0.6861746907234192
0.6855320930480957
0.6834337711334229
0.6907800436019897
0.6789066195487976
0.6907126307487488
0.6751143932342529
0.6884771585464478
0.6895338892936707
0.6916398406028748
0.6845359206199646
0.6868111491203308
0.681601345539093
0.6897686123847961
0.6771194338798523
0.6910605430603027
0.6997507214546204
0.6808275580406189
0.6911580562591553
0.6897194385528564
0.7093666791915894
0.6895804405212402
0.6813656091690063
0.680888831615448
0.6799665093421936
0.6858691573143005
0.687283992767334
0.7033578157424927
0.6744691133499146
0.6987259984016418
0.700298547744751
0.6906381845474243
0.6848915815353394
0.6959355473518372
0.7043490409851074
0.6952118873596191
0.687544584274292
0.6788122653961182
0.7018612027168274
0.6806647181510925
0.6903932094573975
0.6884411573410034
0.6961671113967896
0.689001202583313
0.67666095495224
0.6966651082038879
0.6949370503425598
0.6881957054138184
0.6726047992706299
0.6980998516082764
0.6881846189498901
0.6831633448600769
0.6764560341835022
0.6690034866333008
0.6903455257415771
0.6748600006103516
0.6740737557411194
0.679893970489502
0.6797477602958679
0.6886921525001526
0.6966139674186707
0.6844017505645752
0.6962021589279175
0.6803709864616394
0.6947746872901917
0.6939569115638733
0.676842212677002
0.696715772151947
0.682559072971344
0.6897116899490356
0.6874527931213379
0.6966471672058105
0.6841895580291748
0.7000992298126221
0.6905958652496338
0.6863371729850769
0.6905797123908997
0.6825074553489685
0.7061158418655396
0.6806000471115112
0.7025724649429321
0.6968795657157898
0.7070748209953308
0.6900439858436584
0.6714615225791931
0.6898358464241028
0.6911512613296509
0.673287034034729
0.6833008527755737
0.6934646964073181
0.6813205480575562
0.6850610375404358
0.7010571956634521
0.6919574737548828
0.7068154811859131
0.6840438842773438
0.6938105821609497
0.6973872780799866
0.6780075430870056
0.6832790374755859
0.6893262267112732
0.6976415514945984
0.6917248964309692
0.6947344541549683
0.6853864192962646
0.6971800327301025
0.7037665843963623
0.7039312720298767
0.7020789980888367
0.6874850988388062
0.6908213496208191
0.6755090951919556
0.6762178540229797
0.6804018020629883
0.6715883612632751
0.6949161887168884
0.6942824721336365
0.6973369121551514
0.6735345721244812
0.6904334425926208
0.6847883462905884
0.6877232789993286
0.6887384653091431
0.6902506947517395
0.6876616477966309
0.6842993497848511
0.6974069476127625
0.7000653147697449
0.6930214762687683
0.679689884185791
0.6849809885025024
0.6855664849281311
0.6949090957641602
0.695421040058136
0.687777042388916
0.6865721344947815
0.689364492893219
0.684677243232727
0.6809810996055603
0.6834298968315125
0.6931698322296143
0.6936423778533936
0.6763001680374146
0.6884073615074158
0.6811466217041016
0.6914076805114746
0.6860141754150391
0.6889914274215698
0.686687171459198
0.6827138066291809
0.6969724893569946
0.6825944185256958
0.6850020885467529
0.672535240650177
0.6953098177909851
0.6838139295578003
0.6866627931594849
0.6793422102928162
0.6815924048423767
0.6855511665344238
0.6789641976356506
0.6960583925247192
0.6867368817329407
0.695182740688324
0.679678201675415
0.7072780728340149
0.6863080263137817
0.6863547563552856
0.6964503526687622
0.6896103620529175
0.709606409072876
0.6944994330406189
0.6989848613739014
0.686654269695282
0.6919878721237183
0.7045394778251648
0.6854139566421509
0.6809278130531311
0.6882703304290771
0.6937695741653442
0.6865653395652771
0.6839872598648071
0.6860848069190979
0.6867379546165466
0.6916977167129517
0.6994547843933105
0.6812293529510498
0.7108709216117859
0.670956015586853
0.691287100315094
0.6936863660812378
0.6837479472160339
0.6781070828437805
0.688076913356781
0.6841562986373901
0.697321355342865
0.6859033107757568
0.6956936120986938
0.689184844493866
0.6796833872795105
0.6915265321731567
0.6853771209716797
0.6699845790863037
0.6841767430305481
0.6834471821784973
0.6795269846916199
0.6995220184326172
0.6763721108436584
0.686376690864563
0.6812391877174377
0.6870404481887817
0.6701571345329285
0.699399471282959
0.6869930028915405
0.6784091591835022
0.6866776943206787
0.6672194600105286
0.6851766109466553
0.6774096488952637
0.682694137096405
0.6905544996261597
0.697268545627594
0.6918509602546692
0.6970672011375427
0.6848275065422058
0.6852006316184998
0.6874576210975647
0.6830000877380371
0.6907509565353394
0.6799490451812744
0.6910963654518127
0.6890121102333069
0.6850870251655579
0.6883552074432373
0.6836568713188171
0.6856067180633545
0.6908018589019775
0.6872947812080383
0.6844643950462341
0.6898426413536072
0.6842601895332336
0.6734878420829773
0.6877815127372742
0.6897745132446289
0.6880327463150024
0.6833000183105469
0.6885822415351868
0.69679194688797
0.6931994557380676
0.6901766061782837
0.6907871961593628
0.6962549090385437
0.6778554916381836
0.6909133195877075
0.6883776187896729
0.6733357310295105
0.6962462663650513
0.6883663535118103
0.6908408403396606
0.6790981292724609
0.705202043056488
0.6876333355903625
0.703972578048706
0.6968321204185486
0.6767584085464478
0.6795718669891357
0.6902167797088623
0.6890863180160522
0.6835146546363831
0.7066921591758728
0.6867168545722961
0.677864670753479
0.6875565052032471
0.6940308809280396
0.681347131729126
0.6964530348777771
0.6908381581306458
0.6825885772705078
0.697894811630249
0.6817153096199036
0.6964882612228394
0.6975972056388855
0.692310631275177
0.6764994859695435
0.6972494721412659
0.6845538020133972
0.688956618309021
0.705815851688385
0.6807149052619934
0.6888736486434937
0.6746398210525513
0.6867029666900635
0.686003565788269
0.6879594326019287
0.6823645830154419
0.6660926938056946
0.6833556890487671
0.6980067491531372
0.692729651927948
0.6908509731292725
0.6869950294494629
0.6737841963768005
0.6731684803962708
0.693519651889801
0.7030728459358215
0.6811839938163757
0.6890689730644226
0.6912056803703308
0.7008008360862732
0.6825590133666992
0.691847562789917
0.6974284648895264
0.6799820065498352
0.6772908568382263
0.6830310821533203
0.6896489262580872
0.6857942938804626
0.6723217368125916
0.6930719017982483
0.7044435143470764
0.6853357553482056
0.6758072376251221
0.6775441765785217
0.6831005215644836
0.705385684967041
0.6929765343666077
0.6801222562789917
0.7002288699150085
0.6834200620651245
0.6897643804550171
0.6963639259338379
0.6936367154121399
0.6911547183990479
0.6900856494903564
0.6829642057418823
0.6912363171577454
0.675274670124054
0.6825422644615173
0.6988376379013062
0.6854723691940308
0.6945131421089172
0.684837818145752
0.6804051995277405
0.7000747919082642
0.6767429113388062
0.6846261024475098
0.6842110753059387
0.6898708343505859
0.6894292831420898
0.6905924677848816
0.6897872090339661
0.6925967335700989
0.6940656304359436
0.692539632320404
0.6854153871536255
0.6932867169380188
0.6819700598716736
0.6986985206604004
0.6810991168022156
0.69428551197052
0.7005485892295837
0.6809116005897522
0.6907079815864563
0.700340211391449
0.6882808804512024
0.6880677342414856
0.6929967403411865
0.6846665740013123
0.6920560598373413
0.6912325024604797
0.6937735080718994
0.6874446868896484
0.69843590259552
0.6819681525230408
0.6866846084594727
0.6735773682594299
0.6953092813491821
0.680884838104248
0.6888455152511597
0.6768626570701599
0.6983373761177063
0.6841658353805542
0.6781540513038635
0.6827290654182434
0.6898242235183716
0.688258171081543
0.6963211894035339
0.6886463761329651
0.685185968875885
0.6980912685394287
0.6828532218933105
0.706762969493866
0.6791400909423828
0.6909574866294861
0.6934966444969177
0.7093322277069092
0.6848888993263245
0.6844640374183655
0.6925511956214905
0.6868773698806763
0.6917237639427185
0.6879372596740723
0.6781490445137024
0.669194221496582
0.6885597705841064
0.6961806416511536
0.6882922053337097
0.6810327172279358
0.7009693384170532
0.6662662029266357
0.676428496837616
0.6796483993530273
0.6791518926620483
0.697211503982544
0.6820198893547058
0.6887749433517456
0.6910961866378784
0.6903324723243713
0.6772475242614746
0.6864380836486816
0.6943477988243103
0.6975203156471252
0.699664831161499
0.6823596954345703
0.7128342986106873
0.676773190498352
0.6909866333007812
0.6949813365936279
0.689565122127533
0.6922287344932556
0.6887844800949097
0.7032709717750549
0.6923868060112
0.694581151008606
0.6899811625480652
0.6925902366638184
0.6931501030921936
0.6996860504150391
0.6885248422622681
0.6902114152908325
0.6734014749526978
0.6816693544387817
0.6820350289344788
0.7010016441345215
0.6856010556221008
0.6935513615608215
0.7068221569061279
0.6893018484115601
0.6802812814712524
0.6853014230728149
0.6972038149833679
0.6687694191932678
0.685295820236206
0.6905184388160706
0.6869317293167114
0.6903762221336365
0.6841349601745605
0.6729254126548767
0.697219729423523
0.6979144811630249
0.6867669820785522
0.6923444867134094
0.6971532702445984
0.6874449849128723
0.6892669796943665
0.6816107630729675
0.6965794563293457
0.6808050870895386
0.6839097142219543
0.6998351216316223
0.682266116142273
0.6846905946731567
0.6955059170722961
0.6998464465141296
0.6890867948532104
0.6872152090072632
0.680503249168396
0.6856499314308167
0.6979004144668579
0.6882892847061157
0.6911919713020325
0.6963633894920349
0.6888614296913147
0.6712356209754944
0.6866888999938965
0.6968479156494141
0.684049129486084
0.6830351948738098
0.6759185194969177
0.6790988445281982
0.6964049339294434
0.696458637714386
0.6999383568763733
0.680486261844635
0.6884258985519409
0.6830236315727234
0.6889587044715881
0.6836246252059937
0.6797823309898376
0.6999613642692566
0.6949650645256042
0.6878221035003662
0.683310866355896
0.6926955580711365
0.6840969324111938
0.686207115650177
0.6729907393455505
0.6871895790100098
0.6947600245475769
0.6810103058815002
0.7014022469520569
0.6845749020576477
0.6943239569664001
0.6869816780090332
0.6794440150260925
0.6891657114028931
0.6795557737350464
0.6889573335647583
0.7038804888725281
0.6810837388038635
0.6954197287559509
0.7001135349273682
0.6666638851165771
0.6929479837417603
0.6823325753211975
0.6922616958618164
0.7018616795539856
0.6929096579551697
0.6762837171554565
0.6847273111343384
0.6785796880722046
0.70342618227005
0.6957536339759827
0.6885837316513062
0.6993088722229004
0.6815268397331238
0.6872665882110596
0.6986663341522217
0.6922969222068787
0.6917514204978943
0.6795770525932312
0.6957995295524597
0.6868249773979187
0.6869259476661682
0.6934452652931213
0.6792600154876709
0.6860135197639465
0.6934068202972412
0.688784658908844
0.6821949481964111
0.6919458508491516
0.6702353954315186
0.693278968334198
0.6876508593559265
0.6920909881591797
0.6855960488319397
0.686712920665741
0.6952358484268188
0.7064391374588013
0.6806961894035339
0.6870476007461548
0.6764837503433228
0.6778256297111511
0.6898024082183838
0.6803595423698425
0.6863122582435608
0.7011217474937439
0.6882368326187134
0.6886243224143982
0.6860553026199341
0.6837491393089294
0.6876023411750793
0.6886672973632812
0.690521776676178
0.703606128692627
0.692986249923706
0.6768086552619934
0.675154983997345
0.6754234433174133
0.6866169571876526
0.6987999081611633
0.6864299774169922
0.690453052520752
0.6678735613822937
0.6882290840148926
0.6763583421707153
0.6833664178848267
0.6913213729858398
0.6940152049064636
0.6805343627929688
0.6990948915481567
0.6890485286712646
0.6812220811843872
0.6885689496994019
0.6924500465393066
0.710657000541687
0.6821048259735107
0.6902631521224976
0.7149054408073425
0.6830825805664062
0.6847062110900879
0.6891846656799316
0.6883489489555359
0.6951326727867126
0.6888352036476135
0.6930586099624634
0.6844964623451233
0.6826720237731934
0.6907312870025635
0.689529538154602
0.7118427157402039
0.6972624659538269
0.6872562766075134
0.6918886303901672
0.6668263673782349
0.6960113048553467
0.6906758546829224
0.6823347210884094
0.6911645531654358
0.6829319000244141
0.6910624504089355
0.6970328688621521
0.6990916132926941
0.678841233253479
0.6927332878112793
0.7053883671760559
0.6921314001083374
0.678159236907959
0.6922372579574585
0.6824876666069031
0.6939281225204468
0.6813368201255798
0.672898530960083
0.6809385418891907
0.6789304614067078
0.6921117305755615
0.6987869739532471
0.6830378174781799
0.6995347142219543
0.69741290807724
0.6925850510597229
0.6843555569648743
0.7011866569519043
0.6888168454170227
0.6882704496383667
0.6845664978027344
0.6753290891647339
0.7052929401397705
0.6907152533531189
0.6848878264427185
0.690352201461792
0.6829431653022766
0.6982448697090149
0.6917981505393982
0.6910262107849121
0.68679279088974
0.6806148886680603
0.7065258622169495
0.6877540349960327
0.6967033743858337
0.6750274300575256
0.6843924522399902
0.7053577303886414
0.6965941190719604
0.6931853294372559
0.7046735286712646
0.6816937327384949
0.693755030632019
0.6948716640472412
0.6841527819633484
0.6900045871734619
0.6856485605239868
0.689984917640686
0.687065839767456
0.6797258853912354
0.6836252808570862
0.6805277466773987
0.7005680203437805
0.6848112940788269
0.6834053993225098
0.6876623034477234
0.6832642555236816
0.6801013946533203
0.6926299929618835
0.6888891458511353
0.7006389498710632
0.6887497305870056
0.681635320186615
0.6877142190933228
0.6894652843475342
0.7003468871116638
0.6825529932975769
0.6954612135887146
0.6884163618087769
0.6955738663673401
0.6894211769104004
0.688258707523346
0.6852961182594299
0.6779603362083435
0.6927803158760071
0.6812055110931396
0.6849134564399719
0.6865996718406677
0.6986355185508728
0.6813908219337463
0.6846722364425659
0.6768739223480225
0.689121663570404
0.6789301633834839
0.6953417658805847
0.690346896648407
0.6794546246528625
0.6824499368667603
0.6974772214889526
0.6749682426452637
0.6815136075019836
0.6818726658821106
0.6872094869613647
0.6967572569847107
0.6921100616455078
0.6814233660697937
0.6847420930862427
0.6991229057312012
0.6909933686256409
0.6862531304359436
0.6763243675231934
0.6900703310966492
0.6990655660629272
0.687209963798523
0.6869944930076599
0.6904310584068298
0.6854349374771118
0.6907589435577393
0.6795650124549866
0.6920347213745117
0.6897587180137634
0.6948205828666687
0.6914538145065308
0.6910184621810913
0.6948257684707642
0.7057095170021057
0.6876078844070435
0.6798332333564758
0.6850934624671936
0.6925323605537415
0.6733303070068359
0.6764410138130188
0.6861150860786438
0.6885589957237244
0.6895931363105774
0.6869609951972961
0.6848364472389221
0.6782706379890442
0.6872598528862
0.6847482919692993
0.6901320815086365
0.6857626438140869
0.6872403621673584
0.6729735732078552
0.6998928189277649
0.6767587065696716
0.6821867823600769
0.6904187202453613
0.6928483843803406
0.6920052170753479
0.6924005150794983
0.6854654550552368
0.692105233669281
0.6988434791564941
0.6866670846939087
0.6961721181869507
0.6958533525466919
0.6878682374954224
0.6947351098060608
0.6790695190429688
0.6902715563774109
0.6929396390914917
0.692265510559082
0.6850292086601257
0.6830288171768188
0.6959645748138428
0.6900606155395508
0.6850263476371765
0.701866626739502
0.6939399838447571
0.6882641315460205
0.6852750778198242
0.7001481056213379
0.6802413463592529
0.7033699154853821
0.6767166256904602
0.6828247308731079
0.6816287636756897
0.6939108371734619
0.7023156881332397
0.6891891360282898
0.6972255706787109
0.6952552199363708
0.6892172694206238
0.6936133503913879
0.690348744392395
0.6788350939750671
0.6849448084831238
0.6912218332290649
0.6971445083618164
0.6921603679656982
0.6916927099227905
0.6851736903190613
0.6907604932785034
0.6776224374771118
0.6857331395149231
0.6967560648918152
0.676624596118927
0.6809253096580505
0.6766849160194397
0.6762823462486267
0.692773699760437
0.6945784091949463
0.6809062957763672
0.7016386985778809
0.6946075558662415
0.6870067715644836
0.680046021938324
0.6836417317390442
0.6842360496520996
0.6874845027923584
0.6877512335777283
0.68679279088974
0.6879740953445435
0.6875305771827698
0.6930580735206604
0.6973965764045715
0.6924993991851807
0.6826862096786499
0.6774699687957764
0.6877664923667908
0.6798977851867676
0.6909634470939636
0.6819571256637573
0.6819440126419067
0.695814311504364
0.6893364191055298
0.7000073790550232
0.7072675228118896
0.6798125505447388
0.6803188920021057
0.6810434460639954
0.6824014186859131
0.68923020362854
0.6901934146881104
0.7087535262107849
0.6899350881576538
0.6819986701011658
0.6773094534873962
0.6942877173423767
0.6992343068122864
0.6718506217002869
0.6862677335739136
0.6852933764457703
0.6959207653999329
0.7060996890068054
0.6930379271507263
0.6906697750091553
0.6805654764175415
0.6854867935180664
0.6814314723014832
0.6882412433624268
0.6831095218658447
0.7047919034957886
0.6832004189491272
0.6852479577064514
0.680879533290863
0.681725025177002
0.6863686442375183
0.6860293745994568
0.6928637027740479
0.68764728307724
0.6896637678146362
0.6854159832000732
0.695249617099762
0.6832693219184875
0.6800320148468018
0.6903484463691711
0.6835452914237976
0.683613657951355
0.6951873302459717
0.6896329522132874
0.68369460105896
0.6903038620948792
0.695907473564148
0.6753869652748108
0.6708195209503174
0.7072391510009766
0.6846949458122253
0.6928972005844116
0.686019778251648
0.6915509104728699
0.6881431341171265
0.6835246682167053
0.6979768872261047
0.6960417628288269
0.6747331023216248
0.694670557975769
0.6959565877914429
0.6859520673751831
0.68977952003479
0.6878522038459778
0.6912192702293396
0.6901896595954895
0.6889930963516235
0.6852356195449829
0.6819137930870056
0.7010301947593689
0.6935259103775024
0.7023797631263733
0.6856328845024109
0.6917751431465149
0.6913612484931946
0.6800571084022522
0.6807939410209656
0.6876876354217529
0.6918332576751709
0.7010867595672607
0.6961310505867004
0.6779950261116028
0.6957358717918396
0.6946547627449036
0.6969645619392395
0.6754284501075745
0.6853470802307129
0.6952064037322998
0.6952858567237854
0.6779636144638062
0.6988961696624756
0.6865212917327881
0.6910743713378906
0.6877583265304565
0.6994731426239014
0.682699978351593
0.6955714821815491
0.685055136680603
0.6671582460403442
0.6847475171089172
0.6952231526374817
0.6915423274040222
0.6764969825744629
0.7078455686569214
0.6792188286781311
0.6767405867576599
0.6806982159614563
0.6871597170829773
0.6868998408317566
0.6809378862380981
0.687529444694519
0.6929877400398254
0.6995459794998169
0.6982734203338623
0.6802076101303101
0.6833837032318115
0.6775403618812561
0.6929202079772949
0.6981092095375061
0.685181736946106
0.6848630309104919
0.689142644405365
0.7027673721313477
0.6791707277297974
0.6928796768188477
0.6908530592918396
0.6862740516662598
0.6884028315544128
0.6861185431480408
0.6813135147094727
0.6992644667625427
0.7029668688774109
0.6834917664527893
0.6950705647468567
0.6911211013793945
0.6849684119224548
0.6867924928665161
0.6874383687973022
0.6880671977996826
0.6973615884780884
0.6831213235855103
0.6914530992507935
0.6680542826652527
0.6858188509941101
0.6881123781204224
0.6822177767753601
0.6980615258216858
0.6940802335739136
0.704169750213623
0.6792969107627869
0.6896671056747437
0.7011557221412659
0.6859878301620483
0.6967340707778931
0.6989664435386658
0.6941205263137817
0.6786699891090393
0.6951916217803955
0.6810213327407837
0.7022392153739929
0.7016541957855225
0.6893271207809448
0.6845516562461853
0.6860519647598267
0.6864252090454102
0.6832176446914673
0.6899451613426208
0.6876698136329651
0.6975243091583252
0.693322479724884
0.6969630122184753
0.696159839630127
0.6967005133628845
0.6910341382026672
0.6817480325698853
0.6930456757545471
0.6881441473960876
0.6820926666259766
0.6771460175514221
0.6912983059883118
0.6890586018562317
0.6922627687454224
0.6823129057884216
0.7029902338981628
0.7016347050666809
0.6776545643806458
0.6776421666145325
0.6947287917137146
0.6838917136192322
0.7028464078903198
0.6922090649604797
0.6879215240478516
0.6915103793144226
0.6801594495773315
0.6846972703933716
0.6892659664154053
0.6836135983467102
0.6954020261764526
0.681769847869873
0.6897693872451782
0.7004995346069336
0.6857585906982422
0.6865989565849304
0.6809073686599731
0.6848465800285339
0.6833383440971375
0.6821944713592529
0.69773930311203
0.7009557485580444
0.6826654076576233
0.6937649250030518
0.6881260871887207
0.6984418630599976
0.6858096718788147
0.6953133344650269
0.6948157548904419
0.6849088072776794
0.6874726414680481
0.6883777379989624
0.6996934413909912
0.6915408968925476
0.7005207538604736
0.6765540242195129
0.6817036271095276
0.6771337985992432
0.6839427351951599
0.706142246723175
0.6841612458229065
0.7072463035583496
0.6974200010299683
0.6908236145973206
0.6934778094291687
0.6864340901374817
0.694979190826416
0.6827629804611206
0.6896800994873047
0.6812151074409485
0.6920453310012817
0.6832994818687439
0.6908001899719238
0.6774612665176392
0.6813156604766846
0.697762668132782
0.6969001889228821
0.6841129064559937
0.6969650983810425
0.6719756722450256
0.6943585872650146
0.6829661726951599
0.6903600692749023
0.6958237290382385
0.6966105699539185
0.6837549209594727
0.6926026344299316
0.6988759636878967
0.6902561187744141
0.6838297843933105
0.6879541277885437
0.6979727149009705
0.6912517547607422
0.6850390434265137
0.6853469610214233
0.6938590407371521
0.6858797073364258
0.6928313374519348
0.6893343329429626
0.6851885318756104
0.6886720061302185
0.6860567927360535
0.686628520488739
0.6886051297187805
0.70143723487854
0.693600594997406
0.6870997548103333
0.69508957862854
0.6824923157691956
0.6897653341293335
0.7017993927001953
0.7081384658813477
0.682074785232544
0.695768415927887
0.709731936454773
0.6848490834236145
0.699905514717102
0.6791911125183105
0.7012913227081299
0.6799232363700867
0.6905823945999146
0.6928098797798157
0.687552273273468
0.6861984729766846
0.6890032291412354
0.6814524531364441
0.689883828163147
0.6803577542304993
0.6782053709030151
0.686533510684967
0.6916990876197815
0.6975182890892029
0.711125910282135
0.7048484086990356
0.6881341934204102
0.6843017935752869
0.6788936257362366
0.6968030333518982
0.6980006694793701
0.7021914124488831
0.6890233159065247
0.7078884840011597
0.6982028484344482
0.6867256760597229
0.677308976650238
0.691429853439331
0.6885722279548645
0.6925961375236511
0.6887996792793274
0.7006843686103821
0.684481143951416
0.6877709031105042
0.6950056552886963
0.6889277100563049
0.6967254877090454
0.6792262196540833
0.6901988387107849
0.6909140944480896
0.6798097491264343
0.7045593857765198
0.6974290609359741
0.6935233473777771
0.6762207746505737
0.6891168355941772
0.6779284477233887
0.6810973882675171
0.6750956773757935
0.6906830072402954
0.6827913522720337
0.6916583776473999
0.6922149658203125
0.6840233206748962
0.6750277280807495
0.6889543533325195
0.697104811668396
0.6770074963569641
0.7116384506225586
0.6867761015892029
0.6886354088783264
0.7075579166412354
0.6927836537361145
0.6927144527435303
0.6810824275016785
0.6781995892524719
0.6879338622093201
0.6958203315734863
0.6877481937408447
0.68210369348526
0.7003655433654785
0.6936206221580505
0.6957933306694031
0.6959089040756226
0.671579122543335
0.700339674949646
0.6911225318908691
0.6857230067253113
0.6807336211204529
0.6892161965370178
0.6832680702209473
0.6814247369766235
0.6645680665969849
0.6745282411575317
0.678267776966095
0.6812211275100708
0.7012336850166321
0.6858630180358887
0.6752222180366516
0.695170521736145
0.6809051036834717
0.6818273663520813
0.6852760314941406
0.6975187659263611
0.6940992474555969
0.6947488784790039
0.6941106915473938
0.6840654015541077
0.690955400466919
0.6899593472480774
0.6889523863792419
0.6965264081954956
0.6934526562690735
0.6784774661064148
0.6848384141921997
0.6834729313850403
0.6763842105865479
0.6958799958229065
0.7012487053871155
0.6831559538841248
0.6803072690963745
0.6832886338233948
0.6824235320091248
0.6807944774627686
0.6872618198394775
0.6906841993331909
0.6846249103546143
0.6937553882598877
0.690229058265686
0.6864525079727173
0.6837296485900879
0.6838803291320801
0.6915335655212402
0.7102544903755188
0.6991873979568481
0.688086211681366
0.6937041282653809
0.6742737889289856
0.6913141012191772
0.6873875856399536
0.6834383606910706
0.6837156414985657
0.6888161897659302
0.6738977432250977
0.6932768225669861
0.6880135536193848
0.6856087446212769
0.6865015029907227
0.6931621432304382
0.6849965453147888
0.6822339296340942
0.7035279273986816
0.6885173916816711
0.6834549903869629
0.6820816397666931
0.701495885848999
0.6773578524589539
0.6723065972328186
0.6824767589569092
0.6887118816375732
0.6921914219856262
0.6794679760932922
0.6773349046707153
0.6858702898025513
0.6899314522743225
0.685820996761322
0.6962026953697205
0.6905413866043091
0.693027675151825
0.7152934670448303
0.6898675560951233
0.6930361390113831
0.6947119235992432
0.6770563125610352
0.6924341320991516
0.6983581185340881
0.691909909248352
0.696937084197998
0.6836954951286316
0.70400470495224
0.6867803931236267
0.6893194913864136
0.6775624752044678
0.6924991011619568
0.6847790479660034
0.685026228427887
0.6855929493904114
0.6878354549407959
0.6877028346061707
0.6741611361503601
0.6869944334030151
0.686850905418396
0.6886339783668518
0.6851670145988464
0.680713415145874
0.6740073561668396
0.6725101470947266
0.6856216788291931
0.7030213475227356
0.6872411966323853
0.6876175999641418
0.6861000657081604
0.6758388876914978
0.6840868592262268
0.6781172156333923
0.6758692264556885
0.6793929934501648
0.6830928921699524
0.6846673488616943
0.6837572455406189
0.6865324378013611
0.6970991492271423
0.6877167820930481
0.6816673278808594
0.6872811317443848
0.692858874797821
0.6929985284805298
0.6979836225509644
0.6745907068252563
0.6957293748855591
0.6755368709564209
0.6937775611877441
0.6904157996177673
0.69626384973526
0.6955850720405579
0.7026190161705017
0.6837744116783142
0.6799593567848206
0.691193699836731
0.6791878342628479
0.6932332515716553
0.6822783350944519
0.6832322478294373
0.6853592395782471
0.683292806148529
0.6965173482894897
0.6763431429862976
0.6842267513275146
0.6844615340232849
0.6839871406555176
0.6907458305358887
0.6879090666770935
0.7060195207595825
0.6823042035102844
0.6881710290908813
0.691862940788269
0.7136635184288025
0.6990335583686829
0.6914716362953186
0.6916943788528442
0.6968523263931274
0.6902045011520386
0.6838594079017639
0.6927045583724976
0.6898066401481628
0.6820911765098572
0.6973221302032471
0.6810487508773804
0.706626832485199
0.696623682975769
0.6800264716148376
0.6973746418952942
0.6871939301490784
0.6889772415161133
0.686691164970398
0.6855946779251099
0.6865589618682861
0.7025330662727356
0.6947678327560425
0.7062663435935974
0.6986730694770813
0.6856368184089661
0.6850554347038269
0.6841354370117188
0.6874984502792358
0.683367908000946
0.6944888234138489
0.687171995639801
0.6932668089866638
0.6973972320556641
0.6986268162727356
0.6900290846824646
0.6927705407142639
0.6829487085342407
0.6918204426765442
0.6708018183708191
0.6801108717918396
0.6793109178543091
0.6806026697158813
0.7024309635162354
0.6767833828926086
0.7048908472061157
0.679989755153656
0.6963311433792114
0.699130117893219
0.679519534111023
0.7005872130393982
0.7060208916664124
0.7005948424339294
0.6876001358032227
0.681262731552124
0.6780786514282227
0.6917135715484619
0.6880631446838379
0.7059012651443481
0.6809542179107666
0.6926019787788391
0.6873003244400024
0.6809682250022888
0.6996381878852844
0.6949806809425354
0.6954480409622192
0.7001572847366333
0.6977753043174744
0.6787204146385193
0.6825560927391052
0.6840769648551941
0.6878015398979187
0.6771340370178223
0.6904807686805725
0.6816636323928833
0.6767088770866394
0.6922390460968018
0.6952473521232605
0.6922028660774231
0.6922313570976257
0.6867514848709106
0.6844223737716675
0.6809946894645691
0.6913536190986633
0.6780374050140381
0.6816450953483582
0.6920974254608154
0.6766317486763
0.6757426261901855
0.6798292398452759
0.6932326555252075
0.6945961117744446
0.6998630166053772
0.6832699775695801
0.6910044550895691
0.6922463178634644
0.6764195561408997
0.6935522556304932
0.6866077184677124
0.681901216506958
0.6869460344314575
0.7000028491020203
0.6870390176773071
0.6859011650085449
0.6957848072052002
0.7016952633857727
0.7015727758407593
0.6852006316184998
0.6772922873497009
0.6897410750389099
0.678055465221405
0.7091330289840698
0.6898457407951355
0.6706885099411011
0.6918885111808777
0.6794121265411377
0.6722820401191711
0.6926833987236023
0.6910808682441711
0.6848433017730713
0.6787401437759399
0.6868085265159607
0.6875970959663391
0.6739477515220642
0.6883309483528137
0.6786418557167053
0.6765078902244568
0.6718952059745789
0.6913782954216003
0.6824800968170166
0.6778479814529419
0.6906477808952332
0.685705840587616
0.6782457828521729
0.6952374577522278
0.6772606372833252
0.6936795711517334
0.6958394050598145
0.6818888783454895
0.6814678311347961
0.6852931976318359
0.6968114972114563
0.685004711151123
0.7010742425918579
0.6850875020027161
0.6733238697052002
0.6980547308921814
0.695669412612915
0.6875658631324768
0.6808706521987915
0.7020279169082642
0.6859471201896667
0.6832623481750488
0.6936096549034119
0.6879745721817017
0.6875112056732178
0.700045108795166
0.701386570930481
0.6926476359367371
0.6844434142112732
0.6929891109466553
0.6875555515289307
0.6903515458106995
0.6833626627922058
0.6851610541343689
0.690409779548645
0.67783522605896
0.6820235848426819
0.6939970850944519
0.6989655494689941
0.690403401851654
0.6714531183242798
0.6711983680725098
0.6914772987365723
0.6893138289451599
0.6898112297058105
0.6799927353858948
0.6773490309715271
0.6901205778121948
0.6937642097473145
0.7013203501701355
0.7092251181602478
0.6902892589569092
0.6925966739654541
0.6894670128822327
0.6921732425689697
0.6843591332435608
0.6857348084449768
0.6852411031723022
0.6865310668945312
0.7014511227607727
0.6739252209663391
0.6856955885887146
0.6834272146224976
0.680207371711731
0.6918115615844727
0.6841596961021423
0.6782929301261902
0.6910715103149414
0.6904543042182922
0.6975110769271851
0.6886326670646667
0.6821272969245911
0.6797001957893372
0.6971539855003357
0.6888527274131775
0.7019435167312622
0.6676139235496521
0.6827404499053955
0.6854016780853271
0.6724318265914917
0.7072492241859436
0.6920391917228699
0.6968460083007812
0.6992800235748291
0.6959335207939148
0.6817245483398438
0.6870111227035522
0.6953449845314026
0.700015127658844
0.6849033236503601
0.6764110922813416
0.687278151512146
0.6991216540336609
0.6878994107246399
0.688716471195221
0.6874172687530518
0.6786969900131226
0.6917858123779297
0.6869568824768066
0.6812549233436584
0.6926188468933105
0.6924116611480713
0.6859692335128784
0.6888433694839478
0.6793437004089355
0.6970556974411011
0.6830122470855713
0.6889445185661316
0.6796972751617432
0.6919815540313721
0.6869335770606995
0.6959641575813293
0.676905632019043
0.7024572491645813
0.6844974756240845
0.6812078356742859
0.6814752221107483
0.6857340335845947
0.6814577579498291
0.6922140121459961
0.6886981129646301
0.6827550530433655
0.6854494214057922
0.7046300768852234
0.6954113245010376
0.6852607131004333
0.68548583984375
0.6877665519714355
0.6728786826133728
0.6890328526496887
0.6759893894195557
0.6811540722846985
0.6817893385887146
0.6929243206977844
0.690331220626831
0.6939964890480042
0.6983604431152344
0.7015621066093445
0.6874563097953796
0.6876962780952454
0.6805153489112854
0.6832483410835266
0.6857752203941345
0.699770987033844
0.6800224184989929
0.6836072206497192
0.6837520003318787
0.6842776536941528
0.6871623396873474
0.6981514692306519
0.7023226022720337
0.6826944947242737
0.6914510726928711
0.6749927401542664
0.6857237815856934
0.6856250166893005
0.6937049031257629
0.6858779788017273
0.6988745927810669
0.6926372051239014
0.6792240142822266
0.7018681764602661
0.694183349609375
0.6770420670509338
0.6885804533958435
0.6852588653564453
0.6957988142967224
0.6918534636497498
0.6784300804138184
0.6931902766227722
0.6961255669593811
0.6924829483032227
0.6781964898109436
0.6899172067642212
0.6809581518173218
0.6808721423149109
0.6907286643981934
0.686805248260498
0.6862497925758362
0.682913064956665
0.6905863285064697
0.6907326579093933
0.6922133564949036
0.6973932981491089
0.6911747455596924
0.6885781288146973
0.6779655814170837
0.6837520599365234
0.6935287714004517
0.6807026267051697
0.6754418611526489
0.6912277340888977
0.6912360191345215
0.6985557079315186
0.6978644728660583
0.687996506690979
0.6867182850837708
0.6768412590026855
0.6806541681289673
0.6858875751495361
0.6866769194602966
0.6914380192756653
0.6960400938987732
0.690711498260498
0.6829777956008911
0.684695839881897
0.7024033069610596
0.6921035647392273
0.6785590648651123
0.6971319913864136
0.6801844835281372
0.6863672733306885
0.6983501315116882
0.6822651624679565
0.704208493232727
0.6794610023498535
0.6857840418815613
0.6881394982337952
0.6703598499298096
0.6869733333587646
0.6828673481941223
0.6897414922714233
0.6808419227600098
0.6827843189239502
0.6873278021812439
0.6723756194114685
0.691459596157074
0.6870338916778564
0.695834219455719
0.6900365352630615
0.6862123608589172
0.6954150795936584
0.7011216878890991
0.6832945346832275
0.6709891557693481
0.6804402470588684
0.6939868330955505
0.6971723437309265
0.6927043795585632
0.6748672723770142
0.708511471748352
0.6909628510475159
0.6806089282035828
0.697437584400177
0.6873127222061157
0.6832669377326965
0.6823557615280151
0.6836544275283813
0.6818294525146484
0.6852335929870605
0.6957508325576782
0.6846122145652771
0.6951533555984497
0.6967414617538452
0.6885243058204651
0.6995829343795776
0.679628849029541
0.6887190341949463
0.6796116232872009
0.6895079016685486
0.6856454014778137
0.6989924311637878
0.67959064245224
0.6883633136749268
0.6792439222335815
0.6949822306632996
0.6774711012840271
0.695242166519165
0.682123064994812
0.6884462833404541
0.6876177787780762
0.6929773092269897
0.6882937550544739
0.6739036440849304
0.690156877040863
0.6922612190246582
0.6884357929229736
0.6860359907150269
0.6807579398155212
0.6924677491188049
0.6741597056388855
0.6870093941688538
0.6980272531509399
0.6743898987770081
0.6831964254379272
0.6964812874794006
0.6978919506072998
0.6967559456825256
0.6799876093864441
0.6777578592300415
0.6800737977027893
0.6945104002952576
0.691356897354126
0.6855725646018982
0.682856559753418
0.6847624778747559
0.6852438449859619
0.6877748966217041
0.6931377053260803
0.6936848759651184
0.6936604976654053
0.6921214461326599
0.6886194348335266
0.6829625964164734
0.6974223256111145
0.6883504986763
0.6973237991333008
0.6863089799880981
0.6872414350509644
0.6806156635284424
0.6903905868530273
0.6862007975578308
0.6959178447723389
0.6900812983512878
0.6816921830177307
0.6883396506309509
0.6845051646232605
0.6951645612716675
0.681282103061676
0.7024549841880798
0.6888192296028137
0.679532527923584
0.6927838921546936
0.6806880235671997
0.6984789371490479
0.6770588755607605
0.6957444548606873
0.6902434229850769
0.6928026676177979
0.6751090288162231
0.6714070439338684
0.6985114216804504
0.7090088129043579
0.6858987212181091
0.6871836185455322
0.6906561851501465
0.676432728767395
0.6926649212837219
0.70256108045578
0.6980698108673096
0.6987789273262024
0.6958124041557312
0.6764339804649353
0.6754428744316101
0.6999682784080505
0.6797742247581482
0.6858166456222534
0.6804277300834656
0.6925594210624695
0.6818501353263855
0.6856904029846191
0.6891956925392151
0.6897749900817871
0.6930712461471558
0.6819269061088562
0.7037032246589661
0.7126267552375793
0.6977850198745728
0.6867620348930359
0.6904205083847046
0.696794867515564
0.692706286907196
0.6912623047828674
0.6830136179924011
0.6889435052871704
0.7045153975486755
0.6894187331199646
0.6652128100395203
0.6860644221305847
0.6826750636100769
0.6787202954292297
0.7054978013038635
0.674412727355957
0.6816850900650024
0.6991448998451233
0.6796515583992004
0.7095344066619873
0.6862622499465942
0.6975383162498474
0.6950045824050903
0.7026283740997314
0.6823959350585938
0.6799308061599731
0.6974893808364868
0.6950985193252563
0.6916361451148987
0.6903516054153442
0.6874386072158813
0.6839485764503479
0.686468243598938
0.6893436908721924
0.6859857439994812
0.6812244653701782
0.6879648566246033
0.6909812688827515
0.6847049593925476
0.6957302093505859
0.691177487373352
0.6926441788673401
0.6850331425666809
0.6990214586257935
0.6763560175895691
0.6812965869903564
0.6820153594017029
0.6774083375930786
0.6969117522239685
0.6871578693389893
0.7046054601669312
0.6869430541992188
0.6776800751686096
0.7033833861351013
0.6880549788475037
0.7013598084449768
0.6916108131408691
0.6834050416946411
0.6989138722419739
0.6954728364944458
0.7004968523979187
0.6993957161903381
0.683812141418457
0.6862362027168274
0.6825413107872009
0.6785538196563721
0.6906402111053467
0.7024145126342773
0.6887385249137878
0.6919852495193481
0.6900531053543091
0.6946128606796265
0.6812130212783813
0.6862544417381287
0.6996010541915894
0.6871801018714905
0.6860615015029907
0.6998735666275024
0.6916684508323669
0.6936609148979187
0.6905840039253235
0.6802747845649719
0.6821523904800415
0.6993855237960815
0.7128046154975891
0.6894075274467468
0.6883744597434998
0.6856801509857178
0.6919859647750854
0.6887861490249634
0.6855666637420654
0.6926786303520203
0.691699206829071
0.6893777847290039
0.6989879012107849
0.6908996105194092
0.6834495663642883
0.692592978477478
0.6839596033096313
0.6873024702072144
0.688419759273529
0.664186418056488
0.6926353573799133
0.69231778383255
0.6834046244621277
0.6887155175209045
0.6869352459907532
0.6900492310523987
0.7064099311828613
0.6851915717124939
0.6943912506103516
0.6936982274055481
0.6857540011405945
0.6923864483833313
0.6812024116516113
0.6833361387252808
0.6740750670433044
0.67860347032547
0.6928558945655823
0.68226158618927
0.687250554561615
0.7076520323753357
0.6906733512878418
0.6818858981132507
0.6731827855110168
0.7004554867744446
0.6784272193908691
0.6905875205993652
0.6968342661857605
0.685295820236206
0.696529746055603
0.683136522769928
0.6945776343345642
0.6825065016746521
0.6909567713737488
0.7008130550384521
0.6988778710365295
0.6759944558143616
0.6662716269493103
0.6980102062225342
0.6900834441184998
0.7016552686691284
0.6874449253082275
0.7103062868118286
0.692337155342102
0.6863872408866882
0.6843135356903076
0.6909868121147156
0.6819577217102051
0.6851757764816284
0.7001422643661499
0.7023969292640686
0.677268922328949
0.6881099939346313
0.6884137392044067
0.6962910294532776
0.6711928844451904
0.6884438395500183
0.6859396696090698
0.683965802192688
0.6885961890220642
0.6859459280967712
0.6931882500648499
0.692579448223114
0.7015020847320557
0.6816979050636292
0.7001368999481201
0.6863841414451599
0.6850617527961731
0.6872010231018066
0.680150032043457
0.6796724200248718
0.6867228746414185
0.701372504234314
0.686249315738678
0.688646674156189
0.686400830745697
0.6748847365379333
0.6852256655693054
0.6903650164604187
0.6850892305374146
0.6871664524078369
0.6807716488838196
0.6969314813613892
0.688660740852356
0.7118874192237854
0.6811462044715881
0.6760622262954712
0.6851556897163391
0.6882644295692444
0.6790362596511841
0.6807971596717834
0.6859617829322815
0.7078647613525391
0.6928108930587769
0.6981892585754395
0.7020797729492188
0.699088454246521
0.6938195824623108
0.6829206347465515
0.6760887503623962
0.6896272897720337
0.6744565367698669
0.6829670667648315
0.6937280297279358
0.6948227286338806
0.6964920163154602
0.6853986978530884
0.6873352527618408
0.6726890802383423
0.6963289380073547
0.6958021521568298
0.6952118873596191
0.6715138554573059
0.707440197467804
0.6877241134643555
0.6771055459976196
0.6920093894004822
0.6841767430305481
0.6988763809204102
0.6907922625541687
0.685880720615387
0.6929535865783691
0.6885395646095276
0.6873921155929565
0.6873550415039062
0.6699527502059937
0.684249758720398
0.6999361515045166
0.6787384152412415
0.6766941547393799
0.6874641180038452
0.6769266128540039
0.6864400506019592
0.6867560744285583
0.6906049251556396
0.690316379070282
0.6848713755607605
0.6874552965164185
0.6807143092155457
0.6824185848236084
0.683334231376648
0.6807984709739685
0.6905744075775146
0.6963440179824829
0.6849585175514221
0.6908173561096191
0.6967456936836243
0.6735665798187256
0.6996040344238281
0.6779919266700745
0.6766910552978516
0.6632264256477356
0.6775342226028442
0.6911953091621399
0.6907938718795776
0.6813679933547974
0.6748056411743164
0.6924331784248352
0.6834325790405273
0.6713829040527344
0.7019969820976257
0.6876369118690491
0.681368887424469
0.6890373826026917
0.6772931218147278
0.6852156519889832
0.6982311010360718
0.6824208498001099
0.6994710564613342
0.6974007487297058
0.678866982460022
0.7139604091644287
0.68900066614151
0.6782956123352051
0.7031351923942566
0.6746300458908081
0.6825844645500183
0.7028522491455078
0.6909056305885315
0.6973913908004761
0.6821670532226562
0.6855829358100891
0.6937810182571411
0.6985225677490234
0.6794120073318481
0.6841307878494263
0.6926925778388977
0.6804562211036682
0.6862031817436218
0.7004573345184326
0.6866101026535034
0.6938092112541199
0.6757607460021973
0.6828657388687134
0.6911258697509766
0.6826096773147583
0.683607280254364
0.6913414597511292
0.6870527267456055
0.6885871887207031
0.6824056506156921
0.6894398331642151
0.6904376149177551
0.6952642202377319
0.6889060735702515
0.6859692335128784
0.689765214920044
0.6968258023262024
0.687190592288971
0.7063412666320801
0.6816102266311646
0.6951196193695068
0.6883842945098877
0.6966098546981812
0.6805769205093384
0.6947156190872192
0.6906312108039856
0.6924993395805359
0.6886124610900879
0.6785098910331726
0.6900326013565063
0.7022679448127747
0.6868597865104675
0.6965429186820984
0.6871209740638733
0.6812167763710022
0.7048239707946777
0.6891824007034302
0.6800132393836975
0.6838973760604858
0.6847507357597351
0.6784387230873108
0.6799705624580383
0.6777885556221008
0.685673177242279
0.6981004476547241
0.6720744371414185
0.6796672940254211
0.6892254948616028
0.6737520694732666
0.7103862166404724
0.6898317337036133
0.6789634823799133
0.6906963586807251
0.6929333806037903
0.6961309909820557
0.6863709092140198
0.6834266781806946
0.6885799765586853
0.686906099319458
0.6945672631263733
0.6830493807792664
0.6830172538757324
0.7080960273742676
0.6906077265739441
0.6924174427986145
0.6776641011238098
0.6741369962692261
0.6910011768341064
0.6924687623977661
0.6930792927742004
0.6819555163383484
0.6846216320991516
0.6820040345191956
0.6866022348403931
0.6924151182174683
0.684337854385376
0.675363302230835
0.6921103596687317
0.6950892806053162
0.6869499683380127
0.6881910562515259
0.6986401081085205
0.6826642155647278
0.6864545345306396
0.6835376620292664
0.6984837651252747
0.6948573589324951
0.6883575916290283
0.6843758225440979
0.6994921565055847
0.6813341975212097
0.6960455179214478
0.6894843578338623
0.6937496662139893
0.6860466599464417
0.7053235769271851
0.6856867074966431
0.6864697337150574
0.691132664680481
0.7024040818214417
0.7036066055297852
0.6781169176101685
0.6824856400489807
0.686075747013092
0.6991450786590576
0.69266676902771
0.6849451065063477
0.6867236495018005
0.6929991841316223
0.685533344745636
0.6909565329551697
0.6855939626693726
0.6803814172744751
0.6949762105941772
0.6899162530899048
0.7080133557319641
0.687143862247467
0.6814928650856018
0.6851553916931152
0.6813364028930664
0.6816831231117249
0.6865198016166687
0.6769349575042725
0.6915256381034851
0.6841490268707275
0.6826717257499695
0.6820684671401978
0.6855961680412292
0.6993576288223267
0.6964603066444397
0.6933571696281433
0.6852415800094604
0.7009958028793335
0.6899065971374512
0.6944543719291687
0.6825006604194641
0.7099336981773376
0.6796881556510925
0.6950507164001465
0.6847173571586609
0.6896160244941711
0.6872444152832031
0.6814531683921814
0.6997894048690796
0.6781509518623352
0.6886397004127502
0.68556147813797
0.6738734841346741
0.6866796612739563
0.6818113327026367
0.6903110146522522
0.6956579089164734
0.6908637881278992
0.7065340280532837
0.692721426486969
0.6936277747154236
0.7102890610694885
0.6862916946411133
0.6900606155395508
0.6872835755348206
0.6942784190177917
0.6883283257484436
0.6852934956550598
0.7057998180389404
0.6885783076286316
0.6931170225143433
0.6936872601509094
0.6778406500816345
0.6816114783287048
0.6860822439193726
0.6829223036766052
0.68013596534729
0.6827507019042969
0.6714186072349548
0.6862244606018066
0.6998913288116455
0.6931406259536743
0.6904311776161194
0.6858965158462524
0.6869874000549316
0.711630642414093
0.6842820048332214
0.6787763237953186
0.6770969033241272
0.6863090395927429
0.6909711956977844
0.6863225698471069
0.690270721912384
0.6858909130096436
0.6894241571426392
0.6752508282661438
0.6939321756362915
0.7024945616722107
0.6973595023155212
0.6939629316329956
0.6844252347946167
0.667513906955719
0.6833313703536987
0.6951116323471069
0.6790128350257874
0.688103437423706
0.6865614056587219
0.6897319555282593
0.6888905167579651
0.6827648282051086
0.6833288669586182
0.689541757106781
0.6835667490959167
0.6870326995849609
0.679608166217804
0.6997284889221191
0.6913984417915344
0.6966149806976318
0.6902158260345459
0.6929585337638855
0.6905956268310547
0.7064802050590515
0.6984577178955078
0.681180477142334
0.690584659576416
0.6930491328239441
0.6810201406478882
0.7019398212432861
0.6822221279144287
0.6933605670928955
0.6945856213569641
0.6890482306480408
0.6886033415794373
0.6930071115493774
0.6935406923294067
0.6837555766105652
0.7065616846084595
0.6933348774909973
0.6862584948539734
0.6702162623405457
0.7017738819122314
0.6870748400688171
0.6961992979049683
0.6976848840713501
0.6914821267127991
0.6789975762367249
0.6885652542114258
0.6896054148674011
0.6904720664024353
0.6870321035385132
0.7018208503723145
0.6911687850952148
0.6856722831726074
0.6902506947517395
0.6844620704650879
0.6793558597564697
0.6986870765686035
0.6950421929359436
0.678756833076477
0.6968773007392883
0.6805785298347473
0.6967751383781433
0.6941632628440857
0.6880689263343811
0.6999395489692688
0.6801068782806396
0.6852166652679443
0.6785256266593933
0.691818118095398
0.6776103377342224
0.6868317723274231
0.6886162757873535
0.6862497329711914
0.6868925094604492
0.6954042315483093
0.6672071218490601
0.6962124705314636
0.6752435564994812
0.7030930519104004
0.6803541779518127
0.6950390934944153
0.6871261596679688
0.6715080142021179
0.6811643838882446
0.6890423893928528
0.6821874380111694
0.7008895874023438
0.6930128931999207
0.6864705085754395
0.6819684505462646
0.6748963594436646
0.7042108774185181
0.6899903416633606
0.6855765581130981
0.6932145953178406
0.6949679255485535
0.6773783564567566
0.7094123363494873
0.7050052881240845
0.7052653431892395
0.6920111775398254
0.6953381896018982
0.6879254579544067
0.6947727799415588
0.6937407851219177
0.6986246109008789
0.6933099627494812
0.6795732378959656
0.6861318349838257
0.6906854510307312
0.6984077095985413
0.6794257164001465
0.6874015927314758
0.6797322630882263
0.6939603686332703
0.697675347328186
0.6927667260169983
0.6822261810302734
0.6728219389915466
0.6835187077522278
0.6993473172187805
0.6745674014091492
0.6821171045303345
0.6958568096160889
0.6902604103088379
0.6913191080093384
0.6899365782737732
0.6888315081596375
0.6955858469009399
0.6854580640792847
0.6884537935256958
0.6823981404304504
0.694804310798645
0.6764443516731262
0.6940916776657104
0.6899871230125427
0.6983356475830078
0.68482905626297
0.6873992085456848
0.6747992634773254
0.6965950727462769
0.6933207511901855
0.6759893298149109
0.6960380673408508
0.6866930723190308
0.6906989216804504
0.6898913383483887
0.6904741525650024
0.6841921210289001
0.6853362321853638
0.68581223487854
0.6993052363395691
0.6864866614341736
0.6832425594329834
0.6842839121818542
0.691378116607666
0.6838125586509705
0.7050843834877014
0.6869782209396362
0.6957074403762817
0.692960798740387
0.7206757068634033
0.6781476736068726
0.6844359040260315
0.6733977794647217
0.690051257610321
0.6926723718643188
0.6787446737289429
0.6777997612953186
0.7027260661125183
0.6855483055114746
0.6766532063484192
0.6963196992874146
0.700917661190033
0.6802159547805786
0.7143910527229309
0.6871857643127441
0.6813487410545349
0.6895997524261475
0.6829309463500977
0.6888741850852966
0.6807160377502441
0.6981968283653259
0.6869742274284363
0.6808322668075562
0.6866742372512817
0.6789678931236267
0.6917370557785034
0.7025649547576904
0.6698988080024719
0.6969100832939148
0.6842328310012817
0.6901637315750122
0.6885955929756165
0.676895022392273
0.685783326625824
0.7075322270393372
0.6810851693153381
0.6721516251564026
0.6805433034896851
0.6853930354118347
0.6997699737548828
0.6869610548019409
0.6859256029129028
0.6862500905990601
0.6784586310386658
0.6857218146324158
0.6766928434371948
0.6776628494262695
0.6844087839126587
0.6786402463912964
0.6893750429153442
0.6928259134292603
0.6867871284484863
0.6854134202003479
0.6798836588859558
0.6838789582252502
0.6869245171546936
0.7009531855583191
0.6966956853866577
0.6782886385917664
0.6886640191078186
0.6800718307495117
0.686552882194519
0.694485604763031
0.692902147769928
0.6900302767753601
0.6885359883308411
0.6850031018257141
0.692514181137085
0.6850585341453552
0.684357762336731
0.6757248044013977
0.6882773637771606
0.6945636868476868
0.7029544711112976
0.6843660473823547
0.7022557258605957
0.691074013710022
0.6926718354225159
0.6940212249755859
0.6976677179336548
0.7057399749755859
0.6923174262046814
0.6885274648666382
0.6921088695526123
0.6833449006080627
0.688279390335083
0.6855277419090271
0.6978616714477539
0.6859158873558044
0.6934061646461487
0.6892709732055664
0.7011646628379822
0.6989946365356445
0.6775023341178894
0.6873095035552979
0.6872689127922058
0.6904433369636536
0.6935943365097046
0.6862688660621643
0.6857651472091675
0.6752514839172363
0.6822189092636108
0.6860177516937256
0.6974428296089172
0.6924223899841309
0.6859806776046753
0.6717652678489685
0.6766936182975769
0.6830082535743713
0.6960417628288269
0.6945909261703491
0.6898307204246521
0.6975896954536438
0.6966646909713745
0.6817824244499207
0.6957368850708008
0.6921802163124084
0.6855156421661377
0.6815924048423767
0.6895060539245605
0.70329350233078
0.6934287548065186
0.6901054382324219
0.6748407483100891
0.6867743730545044
0.6821934580802917
0.6896141767501831
0.694793701171875
0.6829680800437927
0.6919925808906555
0.6801102161407471
0.7028309106826782
0.6903394460678101
0.6980192065238953
0.6888552904129028
0.6996471881866455
0.6867086291313171
0.6832554936408997
0.6812744736671448
0.6857469081878662
0.6855663657188416
0.6967616677284241
0.6856052279472351
0.7011427879333496
0.6817396879196167
0.6857096552848816
0.6903976202011108
0.6763618588447571
0.6907922625541687
0.6835312843322754
0.6867526173591614
0.6982505917549133
0.682919442653656
0.6805745959281921
0.6807563304901123
0.6827060580253601
0.6805362701416016
0.6782996654510498
0.6979133486747742
0.6899012327194214
0.6960007548332214
0.6963527798652649
0.6832640767097473
0.6833261251449585
0.6900777220726013
0.6936571002006531
0.6912878155708313
0.6957898736000061
0.7343313097953796
0.684767484664917
0.6982661485671997
0.687540590763092
0.6825879812240601
0.6955039501190186
0.6895415186882019
0.6932418942451477
0.7094600200653076
0.687301754951477
0.7086172103881836
0.6798593401908875
0.6957828998565674
0.6883811354637146
0.6832063794136047
0.6787036061286926
0.6944012641906738
0.6862794160842896
0.6778735518455505
0.6983864307403564
0.6992707252502441
0.6812248826026917
0.6767122745513916
0.6940048336982727
0.7018857002258301
0.6924527883529663
0.693930447101593
0.7059035897254944
0.6867262721061707
0.6871622800827026
0.677344799041748
0.6816402673721313
0.6944361329078674
0.6959629058837891
0.6956347227096558
0.6911421418190002
0.6887822151184082
0.6840960383415222
0.6738157868385315
0.6917128562927246
0.6890243291854858
0.6847476959228516
0.6824332475662231
0.6933006644248962
0.6878562569618225
0.6846348643302917
0.6821821331977844
0.7007129788398743
0.6773704886436462
0.6907990574836731
0.7005862593650818
0.6783910989761353
0.6829755902290344
0.6824971437454224
0.6806674599647522
0.6870839595794678
0.6963141560554504
0.6769697070121765
0.6853853464126587
0.683228611946106
0.7027848958969116
0.6873868107795715
0.6897575855255127
0.6731829643249512
0.6813149452209473
0.6827351450920105
0.6924350261688232
0.6892045140266418
0.6802647709846497
0.6786755919456482
0.7073525190353394
0.6773546934127808
0.6866005659103394
0.6979794502258301
0.6821051836013794
0.6930990815162659
0.6939144134521484
0.6798045039176941
0.6907509565353394
0.6843166947364807
0.6879744529724121
0.6941249966621399
0.693047821521759
0.6868610978126526
0.6834097504615784
0.686699628829956
0.6860082745552063
0.6969139575958252
0.702567458152771
0.6858194470405579
0.6928425431251526
0.6854612231254578
0.6880998611450195
0.6822048425674438
0.6816854476928711
0.692620038986206
0.6823607087135315
0.6853471994400024
0.6934695839881897
0.691985011100769
0.6831343173980713
0.7071144580841064
0.6966394782066345
0.6865895390510559
0.6960929036140442
0.6918585300445557
0.6868644952774048
0.6887755990028381
0.6945362687110901
0.694358229637146
0.6847542524337769
0.6905011534690857
0.6753923892974854
0.6962980031967163
0.6935641169548035
0.6881392598152161
0.6877905130386353
0.6850854754447937
0.6880654096603394
0.6893818378448486
0.6810189485549927
0.6940290331840515
0.675320029258728
0.6722360253334045
0.6846046447753906
0.6943813562393188
0.6981108784675598
0.6902493238449097
0.6793622970581055
0.687336266040802
0.68374103307724
0.6823546886444092
0.7318907976150513
0.6917354464530945
0.685576319694519
0.7039116024971008
0.695933997631073
0.6718953251838684
0.6821779012680054
0.684980034828186
0.6806792616844177
0.6863148212432861
0.6799148321151733
0.6879498362541199
0.6850716471672058
0.6819494366645813
0.6985964179039001
0.6910409927368164
0.6879863142967224
0.6882757544517517
0.6762107014656067
0.6988667249679565
0.6975846290588379
0.6892290711402893
0.6913977265357971
0.6896175742149353
0.6852559447288513
0.6772236824035645
0.6808976531028748
0.6782085299491882
0.6998929381370544
0.6902227401733398
0.702134907245636
0.6889585852622986
0.6739550232887268
0.6886980533599854
0.6870318055152893
0.6877318024635315
0.6908560991287231
0.6879302263259888
0.6959652304649353
0.6962365508079529
0.6836485266685486
0.7013781070709229
0.6846354603767395
0.7012224793434143
0.6771195530891418
0.6930639743804932
0.6953442096710205
0.6784855127334595
0.6762518286705017
0.681786298751831
0.6848075985908508
0.7092477083206177
0.7019540071487427
0.6737620234489441
0.6925126314163208
0.6794418692588806
0.6840367317199707
0.6756401062011719
0.6948876976966858
0.6925690770149231
0.6831248998641968
0.6913173794746399
0.6788221597671509
0.690333902835846
0.6818960905075073
0.6883630156517029
0.6930890679359436
0.6806743144989014
0.6805866956710815
0.6887212991714478
0.691045343875885
0.684105634689331
0.692142903804779
0.6848238706588745
0.6821062564849854
0.6972687840461731
0.6861317753791809
0.6949682831764221
0.6930646896362305
0.6825180649757385
0.697663426399231
0.6807655692100525
0.6901846528053284
0.6754677295684814
0.6970939636230469
0.6864628195762634
0.6945964097976685
0.6885530352592468
0.6898912787437439
0.706310510635376
0.7080201506614685
0.6791867613792419
0.68023282289505
0.6995700597763062
0.6849096417427063
0.6922948956489563
0.685468316078186
0.692712128162384
0.6980738639831543
0.6907532215118408
0.6935448050498962
0.6852155923843384
0.6822848916053772
0.689250648021698
0.6851993203163147
0.6979584097862244
0.686356782913208
0.6900796890258789
0.691697895526886
0.7018105983734131
0.69834303855896
0.6936269998550415
0.6810877919197083
0.6876586675643921
0.6976752877235413
0.6900075078010559
0.7096732258796692
0.6849451661109924
0.6913666129112244
0.6980963349342346
0.6789498925209045
0.6847444772720337
0.6905450820922852
0.6927207112312317
0.6986275315284729
0.6779676675796509
0.6878700852394104
0.7055432796478271
0.6868149042129517
0.68507981300354
0.6793418526649475
0.679629385471344
0.6924734115600586
0.6810399293899536
0.6944501399993896
0.6877196431159973
0.6748023629188538
0.6750896573066711
0.700735867023468
0.6907953023910522
0.6857039928436279
0.6817008256912231
0.6836709380149841
0.691949725151062
0.6874843239784241
0.7021743655204773
0.681692361831665
0.6943570971488953
0.6749494075775146
0.6827955842018127
0.6797841191291809
0.6959279179573059
0.6919373869895935
0.6976014375686646
0.6906229853630066
0.7027367353439331
0.6899465918540955
0.6922464370727539
0.6862758994102478
0.6975439786911011
0.6941296458244324
0.6954212784767151
0.689450204372406
0.6718259453773499
0.6896522641181946
0.6834740042686462
0.7026760578155518
0.6863257884979248
0.6825645565986633
0.68141108751297
0.6929149031639099
0.6925832629203796
0.6860350966453552
0.6705605983734131
0.683802604675293
0.6802553534507751
0.6736507415771484
0.6792824268341064
0.6766049265861511
0.6959407925605774
0.6812193393707275
0.6915372014045715
0.6857808232307434
0.685874342918396
0.7072481513023376
0.6908585429191589
0.688841700553894
0.6802276372909546
0.684347927570343
0.6847116947174072
0.6883876919746399
0.692397952079773
0.6894351840019226
0.6975911259651184
0.6963757872581482
0.6904179453849792
0.6993756890296936
0.6837267875671387
0.6901676654815674
0.696426272392273
0.6896137595176697
0.6772158145904541
0.6912777423858643
0.6807538866996765
0.6936115026473999
0.6774612665176392
0.6851606965065002
0.702446699142456
0.6723415851593018
0.6909090876579285
0.7124789357185364
0.7031338214874268
0.6815409660339355
0.6990642547607422
0.7112428545951843
0.6920331716537476
0.6894222497940063
0.6977454423904419
0.6924771070480347
0.6916640400886536
0.6921865940093994
0.6809222102165222
0.6876528859138489
0.6645654439926147
0.68465256690979
0.7040672302246094
0.6872697472572327
0.6915517449378967
0.6771379113197327
0.6787319779396057
0.6881415247917175
0.6969600915908813
0.6825131773948669
0.6915774941444397
0.6814332008361816
0.6939895153045654
0.6935489177703857
0.6943867206573486
0.6908339262008667
0.6976026892662048
0.6837664246559143
0.6985097527503967
0.6926211714744568
0.6974359750747681
0.69118332862854
0.6980436444282532
0.6998679637908936
0.6878440976142883
0.6888733506202698
0.6887809038162231
0.6841424107551575
0.6915727853775024
0.6844375133514404
0.704230785369873
0.69403475522995
0.6890379190444946
0.687652051448822
0.6831533908843994
0.7146394848823547
0.6733030676841736
0.6807181239128113
0.6845995187759399
0.6844798922538757
0.6780923008918762
0.6900572776794434
0.7001513838768005
0.6893719434738159
0.6808732151985168
0.685954749584198
0.693294107913971
0.6808722615242004
0.6989176273345947
0.6892800331115723
0.6867334246635437
0.678648054599762
0.6716497540473938
0.6777785420417786
0.6875850558280945
0.6837584376335144
0.691947340965271
0.6926423907279968
0.6751004457473755
0.6918200254440308
0.6747565865516663
0.6761153340339661
0.6902028918266296
0.6979802846908569
0.6788563132286072
0.6921072602272034
0.6776342988014221
0.689179003238678
0.6802470088005066
0.6826463937759399
0.6813700199127197
0.6914414167404175
0.6753538250923157
0.6847631335258484
0.6950626969337463
0.6796734929084778
0.6858741044998169
0.688870370388031
0.6806409358978271
0.67715984582901
0.6930796504020691
0.6791128516197205
0.6874399781227112
0.6829963326454163
0.6815553307533264
0.6862396001815796
0.6938630938529968
0.701286792755127
0.6802935004234314
0.6963723301887512
0.6738527417182922
0.6960210204124451
0.6925937533378601
0.6735237240791321
0.6897030472755432
0.6739866733551025
0.6851634383201599
0.6852628588676453
0.6895734071731567
0.669679582118988
0.6772347092628479
0.6951537728309631
0.6976398229598999
0.6977375745773315
0.6816173195838928
0.68739253282547
0.6793286800384521
0.6806113123893738
0.6867377758026123
0.6930460929870605
0.6943421363830566
0.7101068496704102
0.6921525597572327
0.694908618927002
0.6867884993553162
0.6822435259819031
0.6825722455978394
0.6815364956855774
0.6774716973304749
0.6914990544319153
0.6933101415634155
0.6931973099708557
0.6927396655082703
0.6697120666503906
0.6863505244255066
0.6880956888198853
0.6828916072845459
0.6888682842254639
0.6990519165992737
0.6962384581565857
0.6877075433731079
0.6966674327850342
0.698936939239502
0.6814336776733398
0.6915953159332275
0.6770676374435425
0.6864675879478455
0.6911564469337463
0.6862253546714783
0.6862655878067017
0.6741618514060974
0.6903775930404663
0.6829879879951477
0.6937637329101562
0.7038808465003967
0.697819709777832
0.6992133855819702
0.7005200386047363
0.6894598007202148
0.6831462383270264
0.6798309683799744
0.6843538284301758
0.6756971478462219
0.6981035470962524
0.6663869619369507
0.6829031705856323
0.6855701804161072
0.6904140710830688
0.7025613188743591
0.6794863939285278
0.6863735914230347
0.6773640513420105
0.7028757929801941
0.6982396841049194
0.6703938245773315
0.6900525093078613
0.6841821670532227
0.6792123317718506
0.6695992946624756
0.6722531318664551
0.6919307708740234
0.6976528763771057
0.6824082136154175
0.6902107000350952
0.6940880417823792
0.6858450770378113
0.6914183497428894
0.6807132959365845
0.6851359605789185
0.6899622082710266
0.6833149790763855
0.673572838306427
0.6965295672416687
0.6869461536407471
0.6704141497612
0.6869281530380249
0.6783855557441711
0.6801282167434692
0.6810867786407471
0.6912338137626648
0.6807012557983398
0.6859413981437683
0.6886487603187561
0.6847958564758301
0.691458523273468
0.6806197762489319
0.6754473447799683
0.6950855255126953
0.6996866464614868
0.6917001605033875
0.6895667910575867
0.6889968514442444
0.6837278604507446
0.6864650845527649
0.6861476898193359
0.6779100894927979
0.6939780712127686
0.7022778391838074
0.6864821910858154
0.6872292160987854
0.6790419816970825
0.6886938810348511
0.7090262174606323
0.7015958428382874
0.7001404762268066
0.6972688436508179
0.6914365291595459
0.6874728202819824
0.6883159875869751
0.692916214466095
0.6891509890556335
0.6897593140602112
0.678921639919281
0.6913411617279053
0.6755091547966003
0.6811224222183228
0.6994442343711853
0.6917997598648071
0.6792777180671692
0.667872428894043
0.7033942937850952
0.6879913806915283
0.6937075257301331
0.6885257363319397
0.6934532523155212
0.6846668720245361
0.6816326975822449
0.7036992311477661
0.6883799433708191
0.6952493786811829
0.7010700702667236
0.6882149577140808
0.6806897521018982
0.6894654631614685
0.6853383183479309
0.6766438484191895
0.6942368149757385
0.6846652030944824
0.6896753311157227
0.6713395118713379
0.7113015055656433
0.6919918060302734
0.6910776495933533
0.6870561838150024
0.6964623332023621
0.6823092699050903
0.680209755897522
0.681286096572876
0.6947570443153381
0.6883306503295898
0.6760309934616089
0.6816441416740417
0.6875191330909729
0.6798356771469116
0.6953078508377075
0.6901447772979736
0.6848241090774536
0.6815198659896851
0.6839148998260498
0.6853725910186768
0.6956079602241516
0.690131425857544
0.6871925592422485
0.6877296566963196
0.6819133162498474
0.7028270363807678
0.6976305246353149
0.7039129137992859
0.690785825252533
0.7007666230201721
0.6836082935333252
0.6959417462348938
0.6901654601097107
0.6818731427192688
0.7039827108383179
0.6768853664398193
0.6915618777275085
0.671908974647522
0.6923080086708069
0.7010544538497925
0.6848358511924744
0.69571453332901
0.6893138289451599
0.6858370304107666
0.6870513558387756
0.6876990795135498
0.6973782777786255
0.7005218267440796
0.688811182975769
0.6922608017921448
0.686778724193573
0.690532922744751
0.68180251121521
0.6804771423339844
0.6865870356559753
0.6906642317771912
0.6913228034973145
0.6851373314857483
0.6960377097129822
0.6998730897903442
0.6794736981391907
0.6853368878364563
0.6890919804573059
0.684873640537262
0.6814585328102112
0.6799421906471252
0.689338207244873
0.6780079007148743
0.6978353261947632
0.6884030699729919
0.6768137812614441
0.698955237865448
0.6823738217353821
0.6974239945411682
0.6880781650543213
0.6840552091598511
0.6922578811645508
0.6857913732528687
0.6809433102607727
0.6950238943099976
0.6813893914222717
0.700745701789856
0.693638801574707
0.6931120753288269
0.6868487000465393
0.7245882749557495
0.6844342350959778
0.6935823559761047
0.6866967082023621
0.7040320038795471
0.6943114995956421
0.6883395314216614
0.6889039278030396
0.6860662698745728
0.6894761919975281
0.6858323812484741
0.6851171851158142
0.6824816465377808
0.6872354745864868
0.6773051023483276
0.6960020065307617
0.692006528377533
0.6909972429275513
0.6812099814414978
0.6907548904418945
0.6880464553833008
0.6768723726272583
0.6787286400794983
0.6958250403404236
0.6962644457817078
0.691444456577301
0.6861180663108826
0.6842390298843384
0.6902158260345459
0.7002182602882385
0.7009513974189758
0.6782020926475525
0.6928895115852356
0.6804229617118835
0.7000048160552979
0.6912779211997986
0.6825750470161438
0.6716570258140564
0.6926808953285217
0.6961010694503784
0.6821351647377014
0.697325587272644
0.6958774924278259
0.6853981018066406
0.6791951060295105
0.6989695429801941
0.6785345673561096
0.6829789876937866
0.6887791156768799
0.6942378878593445
0.6864234209060669
0.683205246925354
0.6803938150405884
0.7062790989875793
0.6906574368476868
0.6969504952430725
0.6871801614761353
0.6943950057029724
0.6964775919914246
0.6771680116653442
0.6980249285697937
0.6914854049682617
0.6924602389335632
0.6903676986694336
0.6901416778564453
0.6899713277816772
0.7001849412918091
0.6899645328521729
0.6931934952735901
0.6854842305183411
0.6824153065681458
0.6807615756988525
0.6892947554588318
0.6823529005050659
0.6883793473243713
0.6924648284912109
0.6870395541191101
0.6994247436523438
0.6934493780136108
0.6898370385169983
0.6657854318618774
0.6816132068634033
0.6962689161300659
0.6987450122833252
0.691447913646698
0.6988486051559448
0.6977158188819885
0.690171480178833
0.6849620938301086
0.6882031559944153
0.702351450920105
0.6953287124633789
0.6822608709335327
0.6871904134750366
0.6909781098365784
0.6883127093315125
0.7012783885002136
0.6806331872940063
0.6886128783226013
0.6869434714317322
0.6888924241065979
0.6902451515197754
0.6901169419288635
0.6957770586013794
0.6905847787857056
0.6631655097007751
0.691967248916626
0.6861435174942017
0.6748039722442627
0.682304859161377
0.6889775395393372
0.6857128739356995
0.6818857192993164
0.696265459060669
0.702590823173523
0.6825540065765381
0.6736063957214355
0.7029478549957275
0.6851780414581299
0.6688165664672852
0.6889919638633728
0.6967620253562927
0.6824254393577576
0.6792483925819397
0.6870880126953125
0.6677512526512146
0.6845011711120605
0.713562548160553
0.6817042231559753
0.6835813522338867
0.674778401851654
0.6843104958534241
0.6837551593780518
0.6974162459373474
0.6776084303855896
0.6840715408325195
0.692249596118927
0.6969852447509766
0.6902464628219604
0.6908666491508484
0.6963925957679749
0.6777023077011108
0.6904899477958679
0.685028612613678
0.6874099969863892
0.6999667882919312
0.697932243347168
0.6967939734458923
0.6847389340400696
0.6848878264427185
0.6961355209350586
0.6769868731498718
0.6821480393409729
0.695811927318573
0.6861504316329956
0.6796635389328003
0.6799339056015015
0.6871605515480042
0.7047812342643738
0.690550684928894
0.691067636013031
0.685435950756073
0.6902415752410889
0.6975568532943726
0.6823710203170776
0.6779088973999023
0.6905491948127747
0.6803218126296997
0.6896854639053345
0.6794244647026062
0.6722656488418579
0.6928460001945496
0.6795417070388794
0.6706474423408508
0.6922612190246582
0.6886494159698486
0.6839585304260254
0.6819953322410583
0.6938991546630859
0.7012532949447632
0.6819071769714355
0.6872319579124451
0.6938837170600891
0.6881215572357178
0.6979811191558838
0.6932674050331116
0.6846396923065186
0.6880890727043152
0.6947073340415955
0.674467921257019
0.6819511651992798
0.6802546977996826
0.6990848779678345
0.6858071684837341
0.6947921514511108
0.6897629499435425
0.6736834049224854
0.6815961599349976
0.6818737387657166
0.6938942670822144
0.6761881709098816
0.6879698634147644
0.6833652257919312
0.6871870756149292
0.6832690834999084
0.681911051273346
0.6939428448677063
0.6826896071434021
0.6801118850708008
0.6874135136604309
0.6863710284233093
0.6913454532623291
0.6742033362388611
0.6815057396888733
0.6828421950340271
0.6886569857597351
0.6789599061012268
0.6843791007995605
0.7011803984642029
0.6872043013572693
0.6707868576049805
0.6872936487197876
0.6753640174865723
0.6822961568832397
0.6797948479652405
0.6954982876777649
0.6799868941307068
0.6804596185684204
0.6893638968467712
0.685856819152832
0.679580807685852
0.7077348828315735
0.6841801404953003
0.6955177187919617
0.6768774390220642
0.691685676574707
0.697494387626648
0.679668128490448
0.6844689846038818
0.6852825284004211
0.6789340972900391
0.6756230592727661
0.6730026006698608
0.6831985116004944
0.6815856099128723
0.6774168610572815
0.6810206770896912
0.6734552383422852
0.6970286965370178
0.6847701072692871
0.6875057220458984
0.6929261684417725
0.6983540654182434
0.6855457425117493
0.6887616515159607
0.67746901512146
0.6942406296730042
0.6854514479637146
0.6977035403251648
0.6791206002235413
0.6927258372306824
0.6967318058013916
0.6940253973007202
0.68182373046875
0.6851527094841003
0.6935282945632935
0.6978914737701416
0.6811956167221069
0.6848512887954712
0.6964586973190308
0.6912997961044312
0.6782734394073486
0.7030066251754761
0.6813201904296875
0.6923536062240601
0.6852436065673828
0.6792474389076233
0.6771257519721985
0.6897398829460144
0.6956936120986938
0.6872047781944275
0.6855188012123108
0.6754875779151917
0.6766943335533142
0.6987272500991821
0.6965261697769165
0.6865212321281433
0.6861644983291626
0.6935768723487854
0.6954439282417297
0.6887634992599487
0.680473804473877
0.681517481803894
0.6843500733375549
0.6936486959457397
0.6861864328384399
0.6890782117843628
0.6935943961143494
0.6948083639144897
0.6962386965751648
0.6830834150314331
0.6807477474212646
0.6994325518608093
0.6801779866218567
0.6738104224205017
0.7037312984466553
0.7017008662223816
0.6868653297424316
0.6681020259857178
0.6795839071273804
0.6836490631103516
0.6958316564559937
0.6913310289382935
0.6779434084892273
0.6820712089538574
0.6790042519569397
0.6882261037826538
0.6842781901359558
0.683395266532898
0.6813815236091614
0.6999989151954651
0.6883325576782227
0.6807467937469482
0.680656909942627
0.7055493593215942
0.6847928762435913
0.6810172200202942
0.6972686648368835
0.6860803365707397
0.6940711736679077
0.6906930208206177
0.7040261626243591
0.6837711334228516
0.6940548419952393
0.6909008622169495
0.6894940137863159
0.7011317610740662
0.6751647591590881
0.6921130418777466
0.6867896914482117
0.6871278285980225
0.6970732808113098
0.6866453886032104
0.687268078327179
0.7007251977920532
0.6916611194610596
0.6892691850662231
0.695059061050415
0.6873324513435364
0.6801261901855469
0.6919854283332825
0.6851304173469543
0.6919589042663574
0.6848915815353394
0.6864707469940186
0.686583399772644
0.6940904259681702
0.6820000410079956
0.6928761601448059
0.6835405230522156
0.6957712173461914
0.6854345202445984
0.6789057850837708
0.6966809034347534
0.6789824962615967
0.7163763642311096
0.7003157734870911
0.68592768907547
0.6735058426856995
0.6813631653785706
0.6857210397720337
0.6905797123908997
0.6868212223052979
0.6835935711860657
0.6972891688346863
0.6820570826530457
0.6823441982269287
0.692590057849884
0.6808552742004395
0.6982239484786987
0.6786584854125977
0.7083967924118042
0.6849083304405212
0.6832618713378906
0.6947091817855835
0.6902092695236206
0.6927869915962219
0.6777359247207642
0.6911309957504272
0.7021551132202148
0.6799677014350891
0.687752366065979
0.6862812042236328
0.6877129673957825
0.6846101880073547
0.690306544303894
0.677821159362793
0.6946302056312561
0.6859090924263
0.6856149435043335
0.6809822916984558
0.686636745929718
0.7139132618904114
0.6938858032226562
0.6823550462722778
0.6991108655929565
0.7014774084091187
0.686981201171875
0.6885287761688232
0.6800519227981567
0.6850337982177734
0.6785609722137451
0.6966816782951355
0.681006669998169
0.6919624209403992
0.6853250861167908
0.6916429996490479
0.6946936845779419
0.6898051500320435
0.6914300322532654
0.7012908458709717
0.696783721446991
0.6820366978645325
0.6896007061004639
0.6826708316802979
0.6775845885276794
0.6935701966285706
0.6855686902999878
0.6947640180587769
0.6880975961685181
0.6846917867660522
0.6868859529495239
0.677592933177948
0.6819925308227539
0.6851019263267517
0.6874479651451111
0.6744897961616516
0.6863113641738892
0.6904575824737549
0.6925156116485596
0.676639199256897
0.6864374279975891
0.7001957297325134
0.6789072155952454
0.6927951574325562
0.6878227591514587
0.69798743724823
0.6753236055374146
0.6989486217498779
0.6964606046676636
0.6835482120513916
0.6863647699356079
0.6932897567749023
0.6909153461456299
0.6935325264930725
0.6879528164863586
0.6893156170845032
0.6886884570121765
0.6834985613822937
0.6859267950057983
0.6834823489189148
0.6971895098686218
0.6914547681808472
0.7045205235481262
0.6845768094062805
0.6803855299949646
0.6917009949684143
0.6817452311515808
0.6910963654518127
0.6843959093093872
0.6963706612586975
0.671992838382721
0.6863428354263306
0.692677915096283
0.6918832659721375
0.6872203350067139
0.6863554120063782
0.692994236946106
0.69500732421875
0.6931440234184265
0.6849555969238281
0.6877191662788391
0.6837673783302307
0.6918030381202698
0.681519091129303
0.684950590133667
0.6930810213088989
0.6796888709068298
0.7012432813644409
0.6885759234428406
0.6744299530982971
0.6730886697769165
0.6904667615890503
0.6826655864715576
0.6766197681427002
0.6872889399528503
0.6810846328735352
0.6762674450874329
0.6896547675132751
0.6745096445083618
0.6884933114051819
0.6768262386322021
0.6948824524879456
0.6872119903564453
0.6861768364906311
0.6940720081329346
0.6870338320732117
0.6795521378517151
0.70347660779953
0.6861902475357056
0.6788342595100403
0.6922211647033691
0.6962888240814209
0.6925418972969055
0.6915732622146606
0.6833734512329102
0.6766954660415649
0.7035715579986572
0.6985799074172974
0.6856081485748291
0.6844969391822815
0.7019199728965759
0.6893259882926941
0.7012163400650024
0.6947824954986572
0.6848466396331787
0.6783647537231445
0.6802181601524353
0.6919404864311218
0.683759331703186
0.6877318620681763
0.6655634641647339
0.6922780871391296
0.6707402467727661
0.6929152011871338
0.6614636778831482
0.6958551406860352
0.6966138482093811
0.6762036681175232
0.6843342781066895
0.6763586401939392
0.6832283735275269
0.6941714882850647
0.6934815049171448
0.690383791923523
0.6952868103981018
0.6904203295707703
0.6972684264183044
0.7001141905784607
0.696970522403717
0.6903311014175415
0.6738507151603699
0.7116336822509766
0.6986780166625977
0.6874181628227234
0.6769192218780518
0.6798962950706482
0.6854171752929688
0.6818351149559021
0.6859517097473145
0.6787439584732056
0.6902573704719543
0.6880500912666321
0.6840037703514099
0.6754926443099976
0.6946863532066345
0.6805834770202637
0.695693850517273
0.6918936371803284
0.6857017874717712
0.687886118888855
0.6902306079864502
0.685086727142334
0.6892582774162292
0.695559024810791
0.6862183213233948
0.6897984743118286
0.6955476403236389
0.6981798410415649
0.6821447610855103
0.6893833875656128
0.6936004161834717
0.6974796056747437
0.6801682114601135
0.6837469339370728
0.6822766661643982
0.6738902926445007
0.6924114227294922
0.6822880506515503
0.6829708218574524
0.6932088136672974
0.6868890523910522
0.6822715401649475
0.7007625102996826
0.6848266124725342
0.6897383332252502
0.6844663619995117
0.6913067698478699
0.6865153908729553
0.6820703744888306
0.692478358745575
0.6965491771697998
0.6792222857475281
0.6953707337379456
0.6704921722412109
0.6788697838783264
0.6910355687141418
0.6973828673362732
0.7010380029678345
0.691903829574585
0.692289412021637
0.6947184801101685
0.6878833770751953
0.6917564868927002
0.6904504895210266
0.6935020685195923
0.6865599155426025
0.689166247844696
0.6975384950637817
0.6760366559028625
0.6841990351676941
0.6876857876777649
0.6959251165390015
0.691506564617157
0.683033287525177
0.7004159688949585
0.6875603795051575
0.6981903314590454
0.6955616474151611
0.6936236023902893
0.7006644010543823
0.6941547393798828
0.6747424006462097
0.6929945945739746
0.6919394135475159
0.6741237640380859
0.6956178545951843
0.6857035756111145
0.6849716901779175
0.6856565475463867
0.6856400370597839
0.689946711063385
0.6848125457763672
0.6762867569923401
0.7002412676811218
0.6858845353126526
0.696022629737854
0.6950356364250183
0.6898293495178223
0.6905081868171692
0.6776580214500427
0.679618239402771
0.6941421627998352
0.6725512742996216
0.6847491264343262
0.6868607401847839
0.6801709532737732
0.7078351974487305
0.7008981108665466
0.7089218497276306
0.6955172419548035
0.6978719234466553
0.688012957572937
0.6776016354560852
0.6917229890823364
0.6836668252944946
0.6864762902259827
0.6947473287582397
0.6932196021080017
0.6849814653396606
0.6814048290252686
0.6868263483047485
0.6884344220161438
0.6803174614906311
0.6952511072158813
0.669517993927002
0.684669017791748
0.6679454445838928
0.6843505501747131
0.6948696374893188
0.7003973126411438
0.7077318429946899
0.6926999092102051
0.6961644291877747
0.6760720014572144
0.6864549517631531
0.6871418952941895
0.688733696937561
0.6985788941383362
0.6900147795677185
0.6862589716911316
0.6873952150344849
0.6882818937301636
0.6856679916381836
0.686526894569397
0.6993653774261475
0.6869141459465027
0.6886999607086182
0.6945983171463013
0.6993067860603333
0.6936280727386475
0.6925306916236877
0.6827352046966553
0.6814968585968018
0.6851803064346313
0.6802468299865723
0.6846564412117004
0.6935826539993286
0.6842029094696045
0.691779375076294
0.6834120154380798
0.6957809925079346
0.6856420636177063
0.6839480996131897
0.6912584900856018
0.6924076080322266
0.6877871751785278
0.6910685896873474
0.6935948729515076
0.6862228512763977
0.6821039319038391
0.6868916153907776
0.6991109848022461
0.6898522973060608
0.6855670809745789
0.6828604340553284
0.6879425644874573
0.6780875325202942
0.6826151013374329
0.6841980814933777
0.6862282156944275
0.6870893836021423
0.6956199407577515
0.6901837587356567
0.6907938718795776
0.695744514465332
0.698927640914917
0.6983524560928345
0.6835934519767761
0.6849423050880432
0.6836960315704346
0.679685115814209
0.6842507719993591
0.6989229917526245
0.6801012754440308
0.6941921710968018
0.6849807500839233
0.682553231716156
0.6943337321281433
0.6820151805877686
0.6959124207496643
0.6915262341499329
0.6787813901901245
0.6878297328948975
0.6882575154304504
0.6754929423332214
0.6870278120040894
0.6867433190345764
0.693599283695221
0.6782013177871704
0.6943309307098389
0.7101148366928101
0.6807894110679626
0.6915064454078674
0.6847201585769653
0.6884205937385559
0.6754002571105957
0.683521032333374
0.672561764717102
0.6968544721603394
0.6802948117256165
0.6856138706207275
0.6859539747238159
0.6870442628860474
0.6958668828010559
0.6776203513145447
0.6779289245605469
0.666668713092804
0.6787258982658386
0.6972830891609192
0.6877010464668274
0.6734718680381775
0.6964645981788635
0.6884953379631042
0.6876401901245117
0.6768319606781006
0.6788284778594971
0.6854118704795837
0.6784133911132812
0.6924561858177185
0.6888731718063354
0.6804689168930054
0.6915329098701477
0.6746139526367188
0.6876246333122253
0.6763396859169006
0.6951656341552734
0.6820520162582397
0.6773551106452942
0.6862640976905823
0.6906546354293823
0.6878796815872192
0.6946716904640198
0.6830953359603882
0.6906133890151978
0.6791517734527588
0.6785924434661865
0.6774765253067017
0.7012010812759399
0.6921111941337585
0.6909960508346558
0.6900795698165894
0.686278760433197
0.6877492070198059
0.6877753734588623
0.687792181968689
0.6845656037330627
0.6930639147758484
0.6894354820251465
0.6925151348114014
0.6934669613838196
0.6965066194534302
0.6827859878540039
0.681355357170105
0.6966938972473145
0.6875043511390686
0.6940830945968628
0.6970982551574707
0.6861510276794434
0.6771180629730225
0.6928289532661438
0.6902410387992859
0.6933100819587708
0.6979694366455078
0.6962580680847168
0.6916531920433044
0.6934139728546143
0.6730950474739075
0.6829053163528442
0.681917130947113
0.6908469200134277
0.6886371970176697
0.6888813972473145
0.6968870759010315
0.6907845139503479
0.6794142127037048
0.6731250286102295
0.6757134199142456
0.683604896068573
0.6870841979980469
0.679239809513092
0.6878010630607605
0.69728684425354
0.6906936764717102
0.6722738742828369
0.6945275664329529
0.6837700605392456
0.697619616985321
0.6926615834236145
0.6689467430114746
0.6845795512199402
0.6788981556892395
0.6844323873519897
0.67972731590271
0.6931045651435852
0.6949688792228699
0.6953814029693604
0.6843971014022827
0.7042650580406189
0.6837201714515686
0.689053475856781
0.6942508220672607
0.6999208331108093
0.6927586197853088
0.6776027679443359
0.6832485198974609
0.6807552576065063
0.6945617198944092
0.6847292184829712
0.6891919374465942
0.6876065135002136
0.6913371682167053
0.6891745924949646
0.6831232309341431
0.6830930113792419
0.6918639540672302
0.6950610876083374
0.6931804418563843
0.6933065056800842
0.6908713579177856
0.6939391493797302
0.6905790567398071
0.6886530518531799
0.6840517520904541
0.684321939945221
0.6998307108879089
0.6956989169120789
0.6815608143806458
0.6850194931030273
0.6907092928886414
0.6762840747833252
0.6995506882667542
0.6913816928863525
0.6864171624183655
0.7042026519775391
0.7107595801353455
0.6901440024375916
0.6892285943031311
0.6916564702987671
0.6874620914459229
0.6777014136314392
0.6768273115158081
0.68943852186203
0.6951070427894592
0.6972893476486206
0.689041256904602
0.7086424827575684
0.6980364918708801
0.6880294680595398
0.6979808807373047
0.6955633163452148
0.6824127435684204
0.6777265071868896
0.6912522912025452
0.6773366928100586
0.6964161396026611
0.7036808133125305
0.685591995716095
0.688805103302002
0.6775926947593689
0.694334864616394
0.69467693567276
0.6870585083961487
0.7060946226119995
0.6946406364440918
0.6824626326560974
0.6835671663284302
0.6897377371788025
0.6979308128356934
0.682327389717102
0.6885831952095032
0.6864708065986633
0.6894140243530273
0.671554684638977
0.6871267557144165
0.6866453886032104
0.6949071288108826
0.6867584586143494
0.7084922194480896
0.6858111023902893
0.6720829010009766
0.6912997961044312
0.6774083971977234
0.6905046701431274
0.696371853351593
0.69209885597229
0.6944580674171448
0.6831013560295105
0.6796458959579468
0.6933903694152832
0.6708226203918457
0.6874407529830933
0.6909564733505249
0.6931326985359192
0.6815913319587708
0.6911563277244568
0.7025618553161621
0.701901912689209
0.6840678453445435
0.6958138346672058
0.6932580471038818
0.6899967193603516
0.6952358484268188
0.6972591876983643
0.6807349324226379
0.6981943845748901
0.686806321144104
0.6730755567550659
0.6807295680046082
0.6826143264770508
0.6806533932685852
0.6952284574508667
0.7053083777427673
0.6744276881217957
0.6917812824249268
0.6937771439552307
0.6899986267089844
0.6888114809989929
0.6832563877105713
0.6876093149185181
0.6906262636184692
0.6817671060562134
0.6788255572319031
0.6814658641815186
0.6963219046592712
0.6766147017478943
0.667147696018219
0.6896464228630066
0.6848711371421814
0.6921238899230957
0.6801852583885193
0.7012560367584229
0.6865277290344238
0.7070695757865906
0.7009612917900085
0.7006604075431824
0.6756769418716431
0.6951654553413391
0.6928286552429199
0.6899118423461914
0.6771816611289978
0.6895464658737183
0.6749841570854187
0.685034990310669
0.6954705119132996
0.683463454246521
0.6981160044670105
0.6807647943496704
0.6830965876579285
0.6943327188491821
0.6873095631599426
0.6914013624191284
0.6981832385063171
0.6896485686302185
0.676411509513855
0.6749832630157471
0.6826823353767395
0.6984070539474487
0.6850659251213074
0.6886227130889893
0.6850922107696533
0.6766919493675232
0.6720180511474609
0.6744377613067627
0.6968032717704773
0.6847649216651917
0.6919827461242676
0.6829631328582764
0.6901578307151794
0.6827431321144104
0.6870818138122559
0.6818333268165588
0.6954131126403809
0.6832473278045654
0.6879575848579407
0.6957790851593018
0.6775500178337097
0.6976760625839233
0.689846396446228
0.6823861598968506
0.6816871166229248
0.693215548992157
0.6946792006492615
0.6877810955047607
0.6902559995651245
0.7072437405586243
0.6904800534248352
0.6900889873504639
0.6815721988677979
0.6958170533180237
0.6963889002799988
0.6854027509689331
0.687960684299469
0.6809195876121521
0.683718740940094
0.7028647661209106
0.6745880246162415
0.6811661124229431
0.7006396055221558
0.703538179397583
0.7041842937469482
0.7001405358314514
0.6879041194915771
0.6964951753616333
0.6926603317260742
0.6766995787620544
0.7013553977012634
0.6819187998771667
0.6919542551040649
0.6957876682281494
0.6977190375328064
0.6998534202575684
0.6861538290977478
0.6906208992004395
0.7003130912780762
0.6889212727546692
0.6990607380867004
0.677918553352356
0.6922704577445984
0.6974238753318787
0.6961126327514648
0.6912224292755127
0.6853225827217102
0.6871261596679688
0.6919773817062378
0.6884982585906982
0.6852213740348816
0.6841314435005188
0.6802416443824768
0.6885815858840942
0.6952071785926819
0.6862378716468811
0.6874911785125732
0.6840828061103821
0.6806495189666748
0.6915647983551025
0.6897912621498108
0.6872977018356323
0.6872155666351318
0.6758489608764648
0.683098554611206
0.6932267546653748
0.6803432106971741
0.6923408508300781
0.6797090768814087
0.6840102672576904
0.6756224632263184
0.6813839673995972
0.6889215111732483
0.6875421404838562
0.695231020450592
0.684635579586029
0.6866351962089539
0.6851598024368286
0.6893446445465088
0.7159790396690369
0.6921888589859009
0.6900971531867981
0.6918210387229919
0.6809706687927246
0.6955351829528809
0.6790478825569153
0.6988410353660583
0.6832459568977356
0.6954070329666138
0.677405834197998
0.6774827241897583
0.6895323395729065
0.6889445185661316
0.6971042156219482
0.685596764087677
0.6974162459373474
0.6794602870941162
0.6968317627906799
0.6903675198554993
0.694768488407135
0.6737078428268433
0.6818999648094177
0.6885039806365967
0.6893090009689331
0.6973006129264832
0.6908378005027771
0.6890602707862854
0.6839645504951477
0.69588702917099
0.6900297999382019
0.6927498579025269
0.6723549365997314
0.6994637250900269
0.6880608797073364
0.686691164970398
0.6856791377067566
0.6819523572921753
0.6774818897247314
0.6923587322235107
0.6876214742660522
0.6915959119796753
0.688238263130188
0.7036635875701904
0.6843022108078003
0.6899033188819885
0.6870806217193604
0.6833259463310242
0.6928201913833618
0.6953237056732178
0.7031850218772888
0.6823466420173645
0.7031171321868896
0.6935827136039734
0.6824451088905334
0.6823838353157043
0.6744186282157898
0.672932505607605
0.6773809790611267
0.6908006072044373
0.6822441816329956
0.683603823184967
0.6946312189102173
0.6894787549972534
0.6887427568435669
0.6708109974861145
0.6835854053497314
0.6865764856338501
0.686278223991394
0.6920128464698792
0.6875644326210022
0.6895427107810974
0.6856486201286316
0.6805993914604187
0.6952010989189148
0.676546573638916
0.6865609288215637
0.6802003383636475
0.6972390413284302
0.6914694905281067
0.7037859559059143
0.6908146739006042
0.6926379799842834
0.6971580982208252
0.7036469578742981
0.6876983046531677
0.6908736824989319
0.6873193383216858
0.6928156018257141
0.689486563205719
0.6867589950561523
0.6918261051177979
0.6764508485794067
0.6996196508407593
0.6852962970733643
0.6933021545410156
0.6797463297843933
0.681183934211731
0.6914650797843933
0.689457893371582
0.6958238482475281
0.6877490878105164
0.6742056608200073
0.6938318014144897
0.6734387278556824
0.6754754185676575
0.6921563744544983
0.6775885224342346
0.6973475813865662
0.681381344795227
0.6795894503593445
0.7148581743240356
0.6688215732574463
0.6867154836654663
0.6830468773841858
0.6796305179595947
0.6818208694458008
0.6934434175491333
0.6765174269676208
0.6948537826538086
0.7005147933959961
0.6971886157989502
0.6993334889411926
0.6752914190292358
0.6952425837516785
0.6889442205429077
0.6895285844802856
0.6969014406204224
0.672804057598114
0.696913480758667
0.6965203881263733
0.6821848750114441
0.6712294220924377
0.6904482841491699
0.6875470876693726
0.6904362440109253
0.692974328994751
0.6867660880088806
0.6905072927474976
0.6808298826217651
0.6862164735794067
0.680087149143219
0.6923333406448364
0.6993829011917114
0.6871121525764465
0.700310468673706
0.6864952445030212
0.681280791759491
0.6774348616600037
0.6843956112861633
0.6887772679328918
0.6921849846839905
0.6684291958808899
0.6763935685157776
0.6706053018569946
0.709223747253418
0.699285626411438
0.695586085319519
0.6899217963218689
0.6852089166641235
0.6744099855422974
0.681983232498169
0.6759943962097168
0.6912243962287903
0.7054479718208313
0.6868143081665039
0.6814101934432983
0.6839442253112793
0.6900548338890076
0.6836437582969666
0.6808844804763794
0.683442234992981
0.6872676014900208
0.7093260288238525
0.6886430382728577
0.6864843368530273
0.6837302446365356
0.6936610341072083
0.6744324564933777
0.6980619430541992
0.6926829218864441
0.6773312091827393
0.6856195330619812
0.6994144320487976
0.6828415989875793
0.6962810754776001
0.6924355626106262
0.702093243598938
0.6853414177894592
0.6748554706573486
0.6807609796524048
0.6869960427284241
0.6941332817077637
0.6831227540969849
0.6842426657676697
0.6870896816253662
0.7006062865257263
0.6681894063949585
0.6981195211410522
0.6934478282928467
0.6954841613769531
0.7045894861221313
0.696719229221344
0.6790129542350769
0.6887481212615967
0.6991590857505798
0.6901206970214844
0.7016763091087341
0.6833091974258423
0.6728629469871521
0.695185661315918
0.6840246319770813
0.6874578595161438
0.6840499639511108
0.6919710636138916
0.6956924200057983
0.6807346940040588
0.7015194296836853
0.6859229207038879
0.6920163035392761
0.6957376003265381
0.700526237487793
0.6967385411262512
0.6944860219955444
0.694581151008606
0.6944881081581116
0.6845954060554504
0.6895284056663513
0.6826774477958679
0.6902644038200378
0.703499972820282
0.6839816570281982
0.6808892488479614
0.6863904595375061
0.695472002029419
0.6750549077987671
0.6857329607009888
0.6964830160140991
0.6914724707603455
0.6959810853004456
0.6881141662597656
0.67946857213974
0.6872072815895081
0.6935785412788391
0.6864476203918457
0.6766456365585327
0.6712659597396851
0.7020450234413147
0.6910243034362793
0.6743588447570801
0.7024216651916504
0.689106285572052
0.6939938068389893
0.68278568983078
0.7029139995574951
0.6796942949295044
0.6801090836524963
0.6971892714500427
0.6938007473945618
0.6936156749725342
0.680288553237915
0.6914273500442505
0.6881585717201233
0.679904043674469
0.6851209402084351
0.686726987361908
0.6773069500923157
0.6895790696144104
0.6895689964294434
0.6923657655715942
0.6902691125869751
0.6972302794456482
0.6988409161567688
0.7006656527519226
0.6837391257286072
0.6995249390602112
0.6664565205574036
0.6824942827224731
0.6722562909126282
0.6901407837867737
0.703022301197052
0.6907735466957092
0.6879462003707886
0.6801926493644714
0.6939429044723511
0.6624097228050232
0.7010257244110107
0.68265300989151
0.6928262710571289
0.7074448466300964
0.6886966824531555
0.6824429035186768
0.6979432106018066
0.6896838545799255
0.6873506307601929
0.6901046633720398
0.6856173276901245
0.6852919459342957
0.684192419052124
0.6732994318008423
0.6755197048187256
0.688571035861969
0.6837511658668518
0.6931561827659607
0.6898218989372253
0.6996720433235168
0.6879656314849854
0.678593635559082
0.6900358200073242
0.6891463994979858
0.7008808851242065
0.701798677444458
0.6947851181030273
0.6773486137390137
0.6793882846832275
0.6968076229095459
0.6783418655395508
0.690953254699707
0.6846904158592224
0.6914146542549133
0.6826420426368713
0.6832547783851624
0.6912675499916077
0.6747682094573975
0.6878741979598999
0.6937206387519836
0.6821879744529724
0.6784423589706421
0.6762954592704773
0.6958597302436829
0.6914595365524292
0.6956926584243774
0.6891494989395142
0.6808665990829468
0.6958374381065369
0.7059031128883362
0.6788486242294312
0.6856940984725952
0.6863651275634766
0.6887388229370117
0.6899824738502502
0.6904879212379456
0.6932273507118225
0.6776474714279175
0.6870010495185852
0.6702668070793152
0.6967532634735107
0.6857362985610962
0.6771892309188843
0.6846075057983398
0.6935632824897766
0.6866864562034607
0.688355028629303
0.6850662231445312
0.6944708228111267
0.6936849355697632
0.6847482919692993
0.6852518916130066
0.686530351638794
0.702796220779419
0.6941999197006226
0.6932135820388794
0.6820400357246399
0.689620852470398
0.6900559067726135
0.7045542597770691
0.6785328984260559
0.6834137439727783
0.6860513091087341
0.6923812627792358
0.6829940676689148
0.6711904406547546
0.679691731929779
0.7010226845741272
0.6881494522094727
0.6830053329467773
0.6752859354019165
0.6780704855918884
0.6731952428817749
0.681864321231842
0.6819227933883667
0.6832866072654724
0.6949912905693054
0.689063310623169
0.688406229019165
0.6852519512176514
0.6883158683776855
0.6880712509155273
0.6852016448974609
0.7108296751976013
0.6899960041046143
0.6839417815208435
0.6906552314758301
0.7057528495788574
0.6815597414970398
0.6783944964408875
0.6806076765060425
0.6969737410545349
0.6784092783927917
0.682692289352417
0.6913028955459595
0.6836826205253601
0.692254900932312
0.7108732461929321
0.6914915442466736
0.7005293965339661
0.6825544834136963
0.68925541639328
0.6773673295974731
0.689612627029419
0.6977910399436951
0.6884293556213379
0.6938055157661438
0.6777578592300415
0.6800484657287598
0.6928433179855347
0.6794444918632507
0.6813070178031921
0.6817878484725952
0.6913875937461853
0.6834620833396912
0.6991297006607056
0.6744916439056396
0.6833142042160034
0.6901471018791199
0.6891893744468689
0.6822459101676941
0.6977213025093079
0.6867207288742065
0.704836368560791
0.6955799460411072
0.6798049807548523
0.6788607239723206
0.6769930720329285
0.6758584380149841
0.6894558668136597
0.6958100199699402
0.7022202014923096
0.6960207223892212
0.7039225697517395
0.6805034875869751
0.6849532127380371
0.6803451180458069
0.6847943067550659
0.680193305015564
0.6921452283859253
0.6853322982788086
0.6871222257614136
0.6888396143913269
0.707267701625824
0.6792157292366028
0.681389331817627
0.6945568919181824
0.6854302883148193
0.6849619746208191
0.6834591627120972
0.7004144787788391
0.6972540616989136
0.6943642497062683
0.6922109723091125
0.6975089311599731
0.6837728023529053
0.6742181777954102
0.6872267723083496
0.6954826712608337
0.7030195593833923
0.6848055720329285
0.677932620048523
0.6710553169250488
0.6919794678688049
0.6788548827171326
0.6940762996673584
0.6913122534751892
0.6776972413063049
0.677455723285675
0.6832833290100098
0.7077856063842773
0.6993451714515686
0.6828828454017639
0.6869378685951233
0.6787926554679871
0.6787304282188416
0.691063404083252
0.6909040212631226
0.6873341202735901
0.6840639114379883
0.6821895837783813
0.690045952796936
0.6811449527740479
0.6967663168907166
0.6760799884796143
0.6836692094802856
0.6996074914932251
0.6889710426330566
0.6887229681015015
0.6802712082862854
0.6790944337844849
0.6855454444885254
0.6998081207275391
0.6899887323379517
0.70090651512146
0.6923385858535767
0.6991176009178162
0.6980991959571838
0.6888382434844971
0.6868921518325806
0.6888992190361023
0.6922708749771118
0.6857427954673767
0.6968201994895935
0.6915061473846436
0.6804695129394531
0.7013266682624817
0.6969144344329834
0.6941165328025818
0.6902779340744019
0.6943203210830688
0.6942360997200012
0.6908185482025146
0.6771512031555176
0.6890799403190613
0.6966965198516846
0.6913692951202393
0.6784228086471558
0.6769907474517822
0.6969330906867981
0.6881458759307861
0.6878764033317566
0.6791031956672668
0.6834555268287659
0.673077404499054
0.6824755668640137
0.6779293417930603
0.6838297247886658
0.675930917263031
0.6898497939109802
0.69129878282547
0.6956141591072083
0.6740599870681763
0.6930878758430481
0.7017868757247925
0.7005212306976318
0.6785288453102112
0.6790935397148132
0.6925485134124756
0.7053533792495728
0.6904351115226746
0.6880632042884827
0.6764222383499146
0.6851887106895447
0.6701980829238892
0.6828117370605469
0.6737721562385559
0.6889339089393616
0.6765696406364441
0.6800061464309692
0.6860997676849365
0.693632960319519
0.6972457766532898
0.6781532168388367
0.6873742938041687
0.7007541656494141
0.7050620317459106
0.6845595836639404
0.6835041046142578
0.6872876882553101
0.6861006021499634
0.6987737417221069
0.690594494342804
0.6899971961975098
0.6853209137916565
0.6878760457038879
0.6937031745910645
0.6784493327140808
0.6949938535690308
0.6833703517913818
0.6794100999832153
0.689279317855835
0.7011966109275818
0.6675441861152649
0.6789342761039734
0.6992430686950684
0.6773385405540466
0.6875594854354858
0.6852748990058899
0.6783416867256165
0.6806614995002747
0.6776307821273804
0.6834287643432617
0.6842968463897705
0.6819499135017395
0.6886788606643677
0.6728500127792358
0.6830403208732605
0.6830672025680542
0.6886156797409058
0.7049926519393921
0.6839548945426941
0.6796136498451233
0.6921020150184631
0.6846939325332642
0.6874169707298279
0.6936841011047363
0.6775079369544983
0.6970269680023193
0.6867906451225281
0.6972244381904602
0.6816679239273071
0.6875696182250977
0.6797073483467102
0.6931679844856262
0.7050533294677734
0.6980526447296143
0.6986457705497742
0.6898640394210815
0.6913548111915588
0.6913679838180542
0.6805190443992615
0.6790607571601868
0.6886711716651917
0.6879309415817261
0.692878007888794
0.6851702332496643
0.6808653473854065
0.6985054612159729
0.6713191866874695
0.6797021627426147
0.6851649880409241
0.6865355372428894
0.6800755858421326
0.6896405816078186
0.6750002503395081
0.684026300907135
0.6934752464294434
0.6848870515823364
0.6778530478477478
0.700192928314209
0.6818557381629944
0.6890640258789062
0.6894422173500061
0.6778233647346497
0.6963950991630554
0.6747490167617798
0.693091630935669
0.687271773815155
0.6948122978210449
0.6860150694847107
0.6934991478919983
0.6884486079216003
0.6849767565727234
0.6948524713516235
0.6888976097106934
0.6965762376785278
0.682146430015564
0.6683173775672913
0.6753107905387878
0.6818167567253113
0.6831050515174866
0.6877703070640564
0.6880503296852112
0.6895860433578491
0.6763052940368652
0.6781086325645447
0.6922509670257568
0.6998228430747986
0.6935199499130249
0.6778405904769897
0.6792181730270386
0.6782417297363281
0.6846880912780762
0.7057002186775208
0.6927469968795776
0.6883729100227356
0.6941623091697693
0.682388186454773
0.6933475732803345
0.6871941685676575
0.6815449595451355
0.6891134977340698
0.6789732575416565
0.689446210861206
0.6758454442024231
0.6916583180427551
0.6879715919494629
0.6974654197692871
0.697501540184021
0.7008653879165649
0.6863089799880981
0.6807645559310913
0.6908336281776428
0.6859361529350281
0.6830915808677673
0.6851711273193359
0.6696580052375793
0.6888952851295471
0.6858606338500977
0.6858589053153992
0.6787204146385193
0.6838327050209045
0.6896846890449524
0.6990751028060913
0.6877086162567139
0.694821298122406
0.6850326061248779
0.7182137370109558
0.6832039952278137
0.6856550574302673
0.6775954365730286
0.6902351975440979
0.6831795573234558
0.6863257884979248
0.679617702960968
0.700221061706543
0.6949764490127563
0.6864153146743774
0.6930505037307739
0.6856204867362976
0.7032759189605713
0.7060482501983643
0.6845958232879639
0.6837274432182312
0.685515284538269
0.7065188884735107
0.6936795115470886
0.6992606520652771
0.6920939087867737
0.6748268008232117
0.6809473037719727
0.6803739070892334
0.6952588558197021
0.665381908416748
0.6972676515579224
0.6993295550346375
0.683826744556427
0.6886929273605347
0.6825464367866516
0.6818482875823975
0.693571925163269
0.6967152953147888
0.7041457295417786
0.6868967413902283
0.7102782130241394
0.6913515329360962
0.6913583278656006
0.6875449419021606
0.6862216591835022
0.6849576830863953
0.6773929595947266
0.6855005025863647
0.6978105902671814
0.693510115146637
0.6866116523742676
0.7027391791343689
0.6839779019355774
0.6825057864189148
0.6911096572875977
0.6873281002044678
0.6985756158828735
0.698430061340332
0.6847079992294312
0.6977725028991699
0.681510329246521
0.6785315871238708
0.6864535808563232
0.6753650903701782
0.6849600672721863
0.6849241852760315
0.6989054083824158
0.6947935819625854
0.6889100074768066
0.6946114301681519
0.6887000203132629
0.7064348459243774
0.6742191314697266
0.6908681988716125
0.6806493997573853
0.6986889839172363
0.6853984594345093
0.7021110653877258
0.6855384111404419
0.6917862892150879
0.684379518032074
0.689695417881012
0.6913375854492188
0.687209963798523
0.7002306580543518
0.683892011642456
0.6770288944244385
0.6783953905105591
0.6882746815681458
0.7008807063102722
0.6859842538833618
0.6916108727455139
0.6806427836418152
0.6904288530349731
0.6787416934967041
0.68687504529953
0.686341404914856
0.682675302028656
0.6830877661705017
0.6869428753852844
0.6892151832580566
0.6962440013885498
0.6802656650543213
0.6868784427642822
0.6835461854934692
0.6861045956611633
0.6955212950706482
0.6982417702674866
0.6865148544311523
0.6805049180984497
0.6955344080924988
0.6829114556312561
0.6814945936203003
0.6836950182914734
0.6861854791641235
0.6926665306091309
0.7042666673660278
0.6883395910263062
0.7071096897125244
0.6723887324333191
0.6806048154830933
0.6749817132949829
0.6960545778274536
0.6890204548835754
0.6821861863136292
0.6756798624992371
0.6857820749282837
0.6847671270370483
0.7165223360061646
0.6838411092758179
0.6869353652000427
0.6781018376350403
0.6883072257041931
0.6876404881477356
0.685771644115448
0.6885334849357605
0.6898945569992065
0.696088433265686
0.6879803538322449
0.7086281180381775
0.6855965852737427
0.6833572387695312
0.6853634119033813
0.6922755241394043
0.6892086267471313
0.6725101470947266
0.680112361907959
0.6891008615493774
0.6994217038154602
0.6899123191833496
0.6895562410354614
0.6832905411720276
0.6867759227752686
0.7011924386024475
0.6891040802001953
0.691531240940094
0.6836643218994141
0.6915501952171326
0.6867747902870178
0.6842924356460571
0.6962879300117493
0.6953586935997009
0.6924539804458618
0.702204704284668
0.6833768486976624
0.6861584186553955
0.6922521591186523
0.6779636144638062
0.6927029490470886
0.6950522661209106
0.6681464314460754
0.7172262668609619
0.6853691339492798
0.6897146105766296
0.6963526010513306
0.6910598278045654
0.6900096535682678
0.6914470195770264
0.6864822506904602
0.6797321438789368
0.6856674551963806
0.6797733902931213
0.6847600936889648
0.7012419104576111
0.6808087825775146
0.6824936270713806
0.6743956804275513
0.6851488351821899
0.6761351227760315
0.6890325546264648
0.6861963868141174
0.7006179690361023
0.6733059287071228
0.6912305355072021
0.7034460306167603
0.6837936043739319
0.6914148330688477
0.6913929581642151
0.696221113204956
0.6780940890312195
0.681735634803772
0.6823074817657471
0.685884416103363
0.6954082250595093
0.6912493109703064
0.6855284571647644
0.688582181930542
0.6850324273109436
0.6909960508346558
0.6856458187103271
0.6829955577850342
0.6860747337341309
0.6921803951263428
0.6796882152557373
0.6926164627075195
0.6873972415924072
0.6792462468147278
0.6835295557975769
0.7014607191085815
0.6782417893409729
0.6812203526496887
0.6777600646018982
0.7057662606239319
0.6832987666130066
0.688160240650177
0.6847725510597229
0.6869460344314575
0.6901180744171143
0.6861565709114075
0.6755920052528381
0.7083185911178589
0.6824699640274048
0.6797589063644409
0.6809172630310059
0.6842319369316101
0.6942943930625916
0.7034465074539185
0.7126890420913696
0.6830713152885437
0.7018772959709167
0.685151219367981
0.6961247324943542
0.6880074143409729
0.6934374570846558
0.6816844940185547
0.6852076649665833
0.6820811629295349
0.6981053948402405
0.6932017803192139
0.6856933236122131
0.6810917258262634
0.6888337135314941
0.6781964898109436
0.6908193826675415
0.6752118468284607
0.6918340921401978
0.6995104551315308
0.6857736706733704
0.6732199788093567
0.7128303050994873
0.6796545386314392
0.6891072988510132
0.6812649965286255
0.7032768130302429
0.6900898814201355
0.6836676001548767
0.676986813545227
0.7000001072883606
0.686208963394165
0.6786723732948303
0.6995500922203064
0.6843968629837036
0.6907147169113159
0.6860553026199341
0.6949611306190491
0.6819990277290344
0.6857174634933472
0.678795576095581
0.6975650191307068
0.69700026512146
0.6981512308120728
0.6863040924072266
0.6896616220474243
0.6751680374145508
0.6868951320648193
0.6940709948539734
0.6872740983963013
0.6841451525688171
0.6838765740394592
0.6818602085113525
0.6958487629890442
0.6918699741363525
0.6969719529151917
0.6916788816452026
0.6851123571395874
0.7003563046455383
0.7016358971595764
0.681594967842102
0.665667712688446
0.6776785254478455
0.6878871321678162
0.6879202723503113
0.6894051432609558
0.6868232488632202
0.6918854117393494
0.6882886290550232
0.6957861185073853
0.6843056678771973
0.6868630051612854
0.6904218196868896
0.6880829334259033
0.7013967633247375
0.6995841860771179
0.6832140684127808
0.6926857233047485
0.6779845952987671
0.6790587306022644
0.6926831603050232
0.6986580491065979
0.6915995478630066
0.6925042867660522
0.6788437366485596
0.6860904097557068
0.695414662361145
0.6870494484901428
0.6860641241073608
0.6698674559593201
0.6827647686004639
0.6895251870155334
0.6889691352844238
0.6971204280853271
0.6871501803398132
0.6941176652908325
0.687264084815979
0.6875336766242981
0.6960739493370056
0.6759752631187439
0.6799558401107788
0.6841492652893066
0.6844419240951538
0.6857914328575134
0.679147481918335
0.6883106827735901
0.6845232844352722
0.6846873164176941
0.7045186758041382
0.6923488974571228
0.695735514163971
0.6708502769470215
0.7063198089599609
0.6904585361480713
0.6868420243263245
0.6754530072212219
0.6797699928283691
0.6863162517547607
0.6853821277618408
0.6874911785125732
0.6885927319526672
0.6870874166488647
0.6978543996810913
0.6904315948486328
0.7023358345031738
0.6756211519241333
0.6854318976402283
0.6739290356636047
0.6941099762916565
0.6927651762962341
0.6771698594093323
0.6882060766220093
0.6683298945426941
0.6946641206741333
0.7164168953895569
0.6851956844329834
0.6924902200698853
0.6837011575698853
0.6894579529762268
0.6943499445915222
0.6879503726959229
0.684563398361206
0.6806024312973022
0.7028783559799194
0.6782004833221436
0.7000672221183777
0.6950451731681824
0.6909115314483643
0.6889716386795044
0.6814708113670349
0.6793253421783447
0.6959929466247559
0.6845555305480957
0.6850753426551819
0.6875333786010742
0.6788532733917236
0.6874997615814209
0.6858218908309937
0.6912550926208496
0.6782161593437195
0.6931836605072021
0.6963574886322021
0.6892787218093872
0.6839577555656433
0.6942969560623169
0.6863963007926941
0.6884902715682983
0.698004424571991
0.6867795586585999
0.6877173185348511
0.6898133754730225
0.6718149185180664
0.6761046051979065
0.6910625100135803
0.6680389046669006
0.691211462020874
0.6808236241340637
0.6846904158592224
0.6960189938545227
0.6787493228912354
0.6876764297485352
0.6945088505744934
0.6812214255332947
0.6913646459579468
0.6830893754959106
0.6821004748344421
0.6808196902275085
0.6822489500045776
0.6734906435012817
0.6809493899345398
0.6902009844779968
0.6773258447647095
0.6825547218322754
0.6857981085777283
0.6925194263458252
0.682281494140625
0.6852474212646484
0.6965435147285461
0.6945548057556152
0.6829947829246521
0.6903967261314392
0.693274736404419
0.700650691986084
0.6899139881134033
0.679381787776947
0.6723582148551941
0.6968929171562195
0.7040213942527771
0.6808062791824341
0.6981444358825684
0.6780381202697754
0.6739922761917114
0.6727326512336731
0.6909058690071106
0.6872883439064026
0.6891039609909058
0.6928275227546692
0.6948311924934387
0.693508505821228
0.6820604801177979
0.6872378587722778
0.6860745549201965
0.6904605031013489
0.686188817024231
0.68600994348526
0.6933882236480713
0.6853387355804443
0.6754542589187622
0.6834740042686462
0.6825427412986755
0.6956228613853455
0.680662989616394
0.6818301677703857
0.687727689743042
0.6885234117507935
0.6892114281654358
0.6878893375396729
0.6903212666511536
0.6828902959823608
0.6803522109985352
0.6945407390594482
0.6714107990264893
0.6835483312606812
0.6869580745697021
0.6895767450332642
0.695475161075592
0.6989800930023193
0.6847807765007019
0.6800087690353394
0.6924719214439392
0.688639223575592
0.679946780204773
0.690915584564209
0.6922198534011841
0.6909322738647461
0.6896242499351501
0.6887959241867065
0.6702476143836975
0.6947391033172607
0.6841837763786316
0.6875595450401306
0.6793904900550842
0.6902024745941162
0.6808193325996399
0.6988378763198853
0.7020134925842285
0.6777228116989136
0.6754339933395386
0.6900495886802673
0.7010979652404785
0.6836793422698975
0.6918660402297974
0.6993557214736938
0.6914369463920593
0.6894555687904358
0.6739300489425659
0.6885583996772766
0.6784182786941528
0.6895532011985779
0.681550145149231
0.676099956035614
0.671535313129425
0.6850687861442566
0.6873228549957275
0.6783875226974487
0.6762273907661438
0.6862200498580933
0.7016912698745728
0.6849856972694397
0.678665041923523
0.6844014525413513
0.6902071833610535
0.6983516812324524
0.6775023937225342
0.6836804747581482
0.6832326650619507
0.6896532773971558
0.6866793632507324
0.6851305365562439
0.6931551694869995
0.688473641872406
0.6914025545120239
0.6925138235092163
0.6919653415679932
0.6961566805839539
0.6981455683708191
0.6975438594818115
0.6906945705413818
0.6959878206253052
0.6921692490577698
0.6886770725250244
0.685562789440155
0.676987886428833
0.7006046175956726
0.6826814413070679
0.698904275894165
0.688102662563324
0.6900472640991211
0.6973803639411926
0.689062774181366
0.6947777271270752
0.6937755346298218
0.6927899122238159
0.674836277961731
0.6996433734893799
0.67484050989151
0.6846285462379456
0.6945269703865051
0.6871238946914673
0.6895790696144104
0.6788915991783142
0.6853297352790833
0.6915126442909241
0.6748169660568237
0.6858808994293213
0.6994237899780273
0.6904575824737549
0.6863204836845398
0.6828199028968811
0.6922005414962769
0.6832912564277649
0.6783681511878967
0.696567714214325
0.6872484087944031
0.6949797868728638
0.6892889142036438
0.705008327960968
0.6913016438484192
0.6786765456199646
0.6631092429161072
0.6869726181030273
0.696243405342102
0.6840338110923767
0.6839288473129272
0.6866633892059326
0.6840838193893433
0.6811765432357788
0.6922595500946045
0.6858378052711487
0.6843215227127075
0.6965076327323914
0.684737503528595
0.7027879357337952
0.6846105456352234
0.6813255548477173
0.6731582283973694
0.6956294178962708
0.67765212059021
0.6866851449012756
0.6847779750823975
0.6942722797393799
0.695957362651825
0.6912167072296143
0.6722636222839355
0.6681803464889526
0.6913058161735535
0.6781394481658936
0.6839098334312439
0.6847397685050964
0.6875481009483337
0.6891319751739502
0.6825537085533142
0.6858024001121521
0.6928668022155762
0.687074601650238
0.6899074912071228
0.698049783706665
0.6787095665931702
0.6887033581733704
0.6956955194473267
0.6830297708511353
0.7053218483924866
0.6721498966217041
0.6857017278671265
0.6892215609550476
0.6892245411872864
0.692696750164032
0.6857641935348511
0.6676015257835388
0.6905432939529419
0.6797527074813843
0.6807923913002014
0.6730642318725586
0.6948368549346924
0.681753396987915
0.6914269328117371
0.6725287437438965
0.6826981902122498
0.6946614980697632
0.6916389465332031
0.6847381591796875
0.6877503395080566
0.6796596050262451
0.7091407775878906
0.6842167377471924
0.6903913021087646
0.6898934841156006
0.6902449131011963
0.687852680683136
0.6939257383346558
0.6832879781723022
0.6849573254585266
0.6837660074234009
0.6854448914527893
0.6789692044258118
0.7040261626243591
0.6894643306732178
0.6841537356376648
0.68938809633255
0.6787359118461609
0.6821802854537964
0.6776348948478699
0.6984730958938599
0.689003050327301
0.6831716895103455
0.6930705308914185
0.6872854232788086
0.6761159300804138
0.68740314245224
0.690737783908844
0.677772045135498
0.6917279958724976
0.7103134989738464
0.6803784966468811
0.6838967204093933
0.6847020387649536
0.691103994846344
0.6793349981307983
0.6912094950675964
0.6930458545684814
0.6840953230857849
0.693069338798523
0.6841884851455688
0.6909568309783936
0.6852832436561584
0.6870904564857483
0.6842710971832275
0.6938318610191345
0.6839747428894043
0.6765863299369812
0.672916829586029
0.6844176650047302
0.6861971020698547
0.6938610672950745
0.6806692481040955
0.6887577176094055
0.6962921619415283
0.6988998651504517
0.6790407299995422
0.695341944694519
0.684330940246582
0.6988670825958252
0.693568766117096
0.6938860416412354
0.6924692988395691
0.6836956143379211
0.6822130680084229
0.6782192587852478
0.682083249092102
0.6911402940750122
0.6871073842048645
0.6910161972045898
0.6862119436264038
0.669956386089325
0.6958135366439819
0.6984629034996033
0.697051465511322
0.6991027593612671
0.6865392923355103
0.6873398423194885
0.6906014084815979
0.6922680139541626
0.6941743493080139
0.6848655343055725
0.6867263317108154
0.6926707029342651
0.6875132918357849
0.6898846626281738
0.6865654587745667
0.6924102902412415
0.6973735094070435
0.6845777630805969
0.6854878664016724
0.690000057220459
0.6999191641807556
0.686850905418396
0.6916205286979675
0.7029434442520142
0.6902507543563843
0.6761494278907776
0.6960334181785583
0.6982488632202148
0.6915484070777893
0.6978444457054138
0.688403844833374
0.6728318333625793
0.679136335849762
0.6861371397972107
0.6891672611236572
0.6814320087432861
0.6828169822692871
0.6820588111877441
0.6802703142166138
0.6836465001106262
0.7015900611877441
0.6878339052200317
0.6895577311515808
0.6805973649024963
0.6961553692817688
0.6844295859336853
0.702457845211029
0.690082848072052
0.6866676807403564
0.6874162554740906
0.6977510452270508
0.7026799321174622
0.6847102642059326
0.6838471293449402
0.6873186230659485
0.6868402361869812
0.7154614329338074
0.7007547616958618
0.6859222054481506
0.6848549246788025
0.697671115398407
0.6912534832954407
0.686038076877594
0.6813221573829651
0.690386950969696
0.6784133911132812
0.6788403987884521
0.6983142495155334
0.6797987222671509
0.7015466094017029
0.6776542067527771
0.7042850255966187
0.701569676399231
0.6847582459449768
0.6849882006645203
0.6818170547485352
0.6803997159004211
0.6813192963600159
0.6972475647926331
0.6848277449607849
0.6814250349998474
0.6841912865638733
0.7042726874351501
0.6950689554214478
0.6770117878913879
0.6789600849151611
0.6850196719169617
0.693630039691925
0.6938745975494385
0.6987061500549316
0.6824812889099121
0.6871679425239563
0.6912001967430115
0.6789253950119019
0.6821064949035645
0.6813283562660217
0.6894941926002502
0.6821385025978088
0.6891219019889832
0.6701539158821106
0.6729609370231628
0.69008469581604
0.6791257262229919
0.6765456199645996
0.6938315629959106
0.6935906410217285
0.6817633509635925
0.6820311546325684
0.6849150657653809
0.6842969655990601
0.6847531795501709
0.6867280006408691
0.6807847023010254
0.6812371611595154
0.6937984824180603
0.7069534063339233
0.6852591037750244
0.687279224395752
0.679204523563385
0.6831116080284119
0.6933612823486328
0.6892980933189392
0.6896687746047974
0.6892740726470947
0.6901524066925049
0.6895769238471985
0.6865494847297668
0.6945777535438538
0.7019621729850769
0.6818668246269226
0.68053138256073
0.6671199798583984
0.6821332573890686
0.6894415616989136
0.6947563290596008
0.694674551486969
0.6868696212768555
0.679907500743866
0.6799076199531555
0.6764974594116211
0.6764400005340576
0.6958865523338318
0.6857782006263733
0.6931599378585815
0.6980147361755371
0.7018067836761475
0.6995183229446411
0.6991486549377441
0.6795604825019836
0.7001770734786987
0.6973024010658264
0.6955501437187195
0.6791723370552063
0.6786220073699951
0.6986862421035767
0.6877313256263733
0.7046653628349304
0.6869310736656189
0.6900120377540588
0.6852502822875977
0.6834643483161926
0.6880041360855103
0.689699113368988
0.6806321740150452
0.6990115642547607
0.6737892031669617
0.6874099969863892
0.6857752203941345
0.6786588430404663
0.6850430965423584
0.7005855441093445
0.682183027267456
0.6988164782524109
0.6891170144081116
0.7015161514282227
0.6926215887069702
0.6955098509788513
0.7050577998161316
0.6814306378364563
0.6832540035247803
0.6904905438423157
0.6916545033454895
0.6890870928764343
0.692207932472229
0.6971941590309143
0.6970934271812439
0.6871345043182373
0.6936460137367249
0.6734606027603149
0.6845018863677979
0.6901374459266663
0.6872755289077759
0.6887884736061096
0.6861855387687683
0.6939641833305359
0.6891294121742249
0.6774881482124329
0.6929064393043518
0.6882134675979614
0.696557343006134
0.6819958686828613
0.6909470558166504
0.6876863241195679
0.6852202415466309
0.6883818507194519
0.6927095651626587
0.693954348564148
0.6861178874969482
0.6856653094291687
0.6836593747138977
0.680205762386322
0.7010271549224854
0.6904513835906982
0.692153811454773
0.7112439274787903
0.6873810887336731
0.6888949871063232
0.6817804574966431
0.6816228628158569
0.6907464861869812
0.69229656457901
0.6857171058654785
0.6914151906967163
0.6929340362548828
0.6792442202568054
0.685309648513794
0.6878431439399719
0.6812251806259155
0.6873145699501038
0.6812165379524231
0.6927227973937988
0.6865754723548889
0.6892630457878113
0.6887038946151733
0.6806169748306274
0.6856101751327515
0.7048113346099854
0.6738958358764648
0.6987462639808655
0.6903142333030701
0.6953368186950684
0.6929170489311218
0.7024335265159607
0.6915413737297058
0.6835096478462219
0.6899211406707764
0.681403636932373
0.6818800568580627
0.6859870553016663
0.6951462030410767
0.6872252821922302
0.6953868865966797
0.6844986081123352
0.697727382183075
0.6820614337921143
0.6949781179428101
0.6964812278747559
0.6958200335502625
0.6995707154273987
0.683347225189209
0.6913309693336487
0.6943695545196533
0.6800000667572021
0.6873337030410767
0.687423586845398
0.6925113797187805
0.6826883554458618
0.6739620566368103
0.6964650750160217
0.6859512329101562
0.6833807826042175
0.6934923529624939
0.6871272921562195
0.6845095753669739
0.6900889277458191
0.6847108602523804
0.6970359086990356
0.6899183988571167
0.6898635625839233
0.6905432343482971
0.7013216018676758
0.6872021555900574
0.6923994421958923
0.6931244730949402
0.6826716065406799
0.6743350028991699
0.6851732134819031
0.6974629163742065
0.6736228466033936
0.6834710836410522
0.6876124739646912
0.6908724904060364
0.6889455914497375
0.6910713315010071
0.6964044570922852
0.682701826095581
0.6780539751052856
0.7068651914596558
0.677512526512146
0.6917707920074463
0.705603837966919
0.6749982237815857
0.6803689002990723
0.6868816018104553
0.6800689697265625
0.6818150281906128
0.6898944973945618
0.6803553700447083
0.674140453338623
0.6932019591331482
0.6823773980140686
0.6770628690719604
0.6920972466468811
0.7034556269645691
0.6861951947212219
0.6944136023521423
0.696123480796814
0.6862658858299255
0.6846516132354736
0.6869122982025146
0.6942580938339233
0.6886778473854065
0.6917702555656433
0.6767827272415161
0.6678000688552856
0.6960231065750122
0.6791914105415344
0.689647376537323
0.695176899433136
0.6914159655570984
0.7004255652427673
0.7055879831314087
0.6863964796066284
0.6940374970436096
0.6905488967895508
0.6829236149787903
0.6784323453903198
0.6832274794578552
0.6853907108306885
0.6799666285514832
0.6847638487815857
0.6920868158340454
0.7042139768600464
0.6869003176689148
0.6882330179214478
0.6789126396179199
0.6898574829101562
0.703659176826477
0.6799499988555908
0.6998504996299744
0.6960484385490417
0.6884278655052185
0.6937368512153625
0.6720737218856812
0.6976318359375
0.6905675530433655
0.6870335340499878
0.6912427544593811
0.6747857332229614
0.695122480392456
0.6880626082420349
0.6836987733840942
0.6836898922920227
0.681291937828064
0.6828278303146362
0.6813669800758362
0.687484860420227
0.6935706734657288
0.6823166012763977
0.6805586814880371
0.6791901588439941
0.6916993260383606
0.6926939487457275
0.6805721521377563
0.6980953216552734
0.697763204574585
0.6813925504684448
0.6924237012863159
0.68082195520401
0.6913317441940308
0.6866369843482971
0.6813834309577942
0.692170262336731
0.6880190968513489
0.6854629516601562
0.692345380783081
0.6766669750213623
0.7018870711326599
0.6739820241928101
0.6767604947090149
0.6758762001991272
0.6795838475227356
0.6844092011451721
0.6839465498924255
0.6793045997619629
0.688759446144104
0.6907793283462524
0.6876528263092041
0.6875285506248474
0.6760351061820984
0.6870904564857483
0.6770628690719604
0.6923847794532776
0.6856504082679749
0.6882152557373047
0.691708505153656
0.6948705911636353
0.6793218851089478
0.6736039519309998
0.6897516250610352
0.6846429705619812
0.6897467374801636
0.6907655596733093
0.6825147271156311
0.683279275894165
0.6803629994392395
0.6856175661087036
0.6971596479415894
0.7010933756828308
0.6879240870475769
0.6807722449302673
0.693973958492279
0.6850054264068604
0.6963576674461365
0.6850219368934631
0.696015477180481
0.6818355917930603
0.6897423267364502
0.6917815208435059
0.6847363710403442
0.6876914501190186
0.6821724772453308
0.683763325214386
0.6886204481124878
0.6800343990325928
0.6913996338844299
0.695315420627594
0.6759293675422668
0.692908525466919
0.6791569590568542
0.6918915510177612
0.672482430934906
0.6857134103775024
0.6810432076454163
0.6809389591217041
0.6765835285186768
0.6955929398536682
0.6981080174446106
0.6743990778923035
0.6918867230415344
0.6878527998924255
0.6993370056152344
0.6819581389427185
0.69342041015625
0.7031391859054565
0.6898114681243896
0.6834350228309631
0.6834021210670471
0.6833192706108093
0.6921080350875854
0.6874332427978516
0.6899496912956238
0.6947601437568665
0.6880477666854858
0.684418797492981
0.6842895150184631
0.6886242628097534
0.6865225434303284
0.6865596175193787
0.6952060461044312
0.6731650829315186
0.674772322177887
0.6899217367172241
0.6862728595733643
0.6915716528892517
0.6822278499603271
0.6892025470733643
0.6958945989608765
0.6906378269195557
0.6838334798812866
0.6779600977897644
0.6884651780128479
0.6911230683326721
0.6730797290802002
0.6985779404640198
0.695738673210144
0.6849297881126404
0.6843339800834656
0.7017131447792053
0.6967031955718994
0.6768589019775391
0.679054856300354
0.6955328583717346
0.6970046758651733
0.6946900486946106
0.683114767074585
0.6928184032440186
0.6991395354270935
0.6843786239624023
0.6817360520362854
0.6928781270980835
0.6799251437187195
0.6945513486862183
0.6900032758712769
0.6848382353782654
0.6864714622497559
0.6834405660629272
0.7020619511604309
0.6852151155471802
0.6778473854064941
0.6840547919273376
0.677662193775177
0.684208333492279
0.6896296143531799
0.6884274482727051
0.684043288230896
0.6886365413665771
0.6851233839988708
0.685377836227417
0.6920934915542603
0.6877130270004272
0.6870141625404358
0.6879152059555054
0.6977242231369019
0.6944824457168579
0.6943709254264832
0.6836926937103271
0.6960610747337341
0.6982179284095764
0.6785284280776978
0.698879599571228
0.6952435970306396
0.6938195824623108
0.7040014266967773
0.6768485903739929
0.6818059086799622
0.6918894648551941
0.6915852427482605
0.6900995969772339
0.6885121464729309
0.6851057410240173
0.6963008642196655
0.6771569848060608
0.7014113068580627
0.6865763664245605
0.6925513744354248
0.6811647415161133
0.700492262840271
0.6801459193229675
0.6880263686180115
0.6922017931938171
0.6883392333984375
0.6895654797554016
0.6894822120666504
0.6874059438705444
0.6757515668869019
0.6834847927093506
0.6881517767906189
0.6769667267799377
0.6856819987297058
0.6888332366943359
0.6946187615394592
0.7224204540252686
0.6822187900543213
0.6817823052406311
0.680856466293335
0.6944776177406311
0.69858717918396
0.6752304434776306
0.6889953017234802
0.6945050954818726
0.6881278157234192
0.7030540704727173
0.6943052411079407
0.6956310868263245
0.6866909861564636
0.6795408725738525
0.6874504089355469
0.6801701188087463
0.6930450201034546
0.6848666667938232
0.6874548196792603
0.6795198321342468
0.6949787735939026
0.6836367845535278
0.6792235374450684
0.6844540238380432
0.6954755187034607
0.6768817901611328
0.6891193389892578
0.693209171295166
0.689324676990509
0.6920062303543091
0.6929575800895691
0.687759518623352
0.6820760369300842
0.6742947101593018
0.6735273003578186
0.6916967034339905
0.6700307130813599
0.692471444606781
0.6985624432563782
0.6870468258857727
0.6878600120544434
0.6812193393707275
0.6911664605140686
0.6870636940002441
0.6889227032661438
0.6937636137008667
0.672389030456543
0.6792712807655334
0.6866750717163086
0.6888953447341919
0.6978786587715149
0.6679298281669617
0.6806190013885498
0.6864075660705566
0.6894354224205017
0.6902719736099243
0.6933059692382812
0.6966830492019653
0.6965002417564392
0.6855793595314026
0.6771931052207947
0.69000643491745
0.6890565752983093
0.6772447824478149
0.6819981932640076
0.6901842951774597
0.6918836832046509
0.6744195818901062
0.6839426755905151
0.6897262334823608
0.6956223249435425
0.674284040927887
0.6887813210487366
0.6801506876945496
0.7103964686393738
0.6877956986427307
0.6838796734809875
0.6762261986732483
0.6957623958587646
0.6861334443092346
0.6708943843841553
0.6883005499839783
0.686029851436615
0.6829519867897034
0.6915861368179321
0.6822166442871094
0.6957442164421082
0.700547993183136
0.6828747987747192
0.6936348080635071
0.6911615133285522
0.6857305765151978
0.6935199499130249
0.6948136687278748
0.6748721599578857
0.6903596520423889
0.6928510665893555
0.6856505274772644
0.6884967684745789
0.7025203704833984
0.6823464632034302
0.6821367740631104
0.6919043064117432
0.687921404838562
0.684267520904541
0.69676274061203
0.6952875852584839
0.6915331482887268
0.6975758671760559
0.6875377893447876
0.6743635535240173
0.6795615553855896
0.6776874661445618
0.690680205821991
0.6885981559753418
0.6927093267440796
0.6813658475875854
0.674487292766571
0.6951701045036316
0.6736946702003479
0.6750093698501587
0.6891761422157288
0.6773383617401123
0.6854268312454224
0.6850049495697021
0.6791788935661316
0.6863970756530762
0.6987994313240051
0.6834678053855896
0.6960425972938538
0.6873235702514648
0.6774281859397888
0.6768807768821716
0.693598210811615
0.6945347785949707
0.7021262049674988
0.6878044605255127
0.6916505694389343
0.6976208686828613
0.702753484249115
0.6811795830726624
0.7001280188560486
0.6820823550224304
0.689789354801178
0.6914914846420288
0.6890792846679688
0.6868571639060974
0.6885195970535278
0.6788249015808105
0.679196298122406
0.6879944801330566
0.6923559904098511
0.6818557977676392
0.6815764904022217
0.6923604011535645
0.6833674907684326
0.6869432926177979
0.7058672904968262
0.6723271608352661
0.6800682544708252
0.6809493899345398
0.6756477952003479
0.6744258999824524
0.6914533376693726
0.6836502552032471
0.6978698372840881
0.6886569261550903
0.6706436276435852
0.6881487369537354
0.6886003613471985
0.685461163520813
0.6936926245689392
0.6869653463363647
0.6897417902946472
0.6855044364929199
0.6765252351760864
0.6998943090438843
0.6878107190132141
0.675368070602417
0.6963165402412415
0.6700112223625183
0.6813850998878479
0.6857799887657166
0.6811619400978088
0.6899521350860596
0.6848333477973938
0.6963329315185547
0.6846801042556763
0.6830280423164368
0.6997202634811401
0.6932539939880371
0.6782117486000061
0.6972777843475342
0.6946101784706116
0.6861664056777954
0.6782198548316956
0.6905948519706726
0.6755361557006836
0.7039464116096497
0.7012880444526672
0.6838557720184326
0.6849033236503601
0.6876003742218018
0.6882210373878479
0.699103057384491
0.6866896748542786
0.6825858354568481
0.6810300350189209
0.6906797885894775
0.6893963813781738
0.6858115792274475
0.6939901113510132
0.6787343621253967
0.6777889728546143
0.6916103363037109
0.6834768056869507
0.6851260662078857
0.6830949187278748
0.6691696643829346
0.6941425204277039
0.7023967504501343
0.690221905708313
0.6806562542915344
0.6692209243774414
0.6874561905860901
0.6949020624160767
0.6961154341697693
0.6797391176223755
0.6965413093566895
0.6890736222267151
0.6988326907157898
0.7024307250976562
0.6927903294563293
0.6897006630897522
0.6912549734115601
0.6850387454032898
0.6874361038208008
0.6766326427459717
0.694005012512207
0.6951194405555725
0.6894908547401428
0.6775654554367065
0.6893151998519897
0.6976912021636963
0.6894923448562622
0.6926440596580505
0.7110967040061951
0.6897692084312439
0.7040940523147583
0.6829239130020142
0.6857394576072693
0.6971340775489807
0.6850938200950623
0.6886780858039856
0.692401647567749
0.7008055448532104
0.697393000125885
0.6776369214057922
0.6854173541069031
0.6982245445251465
0.6815781593322754
0.6861489415168762
0.6872467994689941
0.678409218788147
0.695497989654541
0.6800572276115417
0.6816033124923706
0.699289083480835
0.6936843395233154
0.6913040280342102
0.6896461248397827
0.6860615015029907
0.6850395202636719
0.68300861120224
0.7017146944999695
0.703768789768219
0.6869073510169983
0.6922063231468201
0.6755383014678955
0.6865994334220886
0.6937392950057983
0.6855438351631165
0.6869084239006042
0.6773408651351929
0.680831253528595
0.7014495730400085
0.6905457973480225
0.6885443925857544
0.6820311546325684
0.7001686692237854
0.680530309677124
0.6844772100448608
0.6753770709037781
0.6828244924545288
0.6943122744560242
0.7000316977500916
0.6944671869277954
0.6852756142616272
0.6808740496635437
0.6768949627876282
0.6857249140739441
0.6929017305374146
0.6907070279121399
0.7010637521743774
0.6798790693283081
0.6897214651107788
0.6959933042526245
0.6849189400672913
0.6710442304611206
0.6949793100357056
0.6756600141525269
0.6877315640449524
0.6785629987716675
0.6977047324180603
0.6775132417678833
0.6944826245307922
0.6890245676040649
0.6946396231651306
0.6972476840019226
0.6865293979644775
0.6870642900466919
0.6943836808204651
0.7026575803756714
0.6898537278175354
0.6996073722839355
0.6907901763916016
0.6848339438438416
0.6831374168395996
0.6892071962356567
0.6982443928718567
0.6902838945388794
0.7089791893959045
0.6897510290145874
0.6783808469772339
0.682501494884491
0.684448778629303
0.6923198103904724
0.6898940801620483
0.6780343055725098
0.6843644380569458
0.7034413814544678
0.6891713738441467
0.6834011077880859
0.6863300800323486
0.6835823059082031
0.6935323476791382
0.6880191564559937
0.6799479722976685
0.6829465627670288
0.6904239654541016
0.6965724229812622
0.6915987730026245
0.6838254332542419
0.6860721111297607
0.6811742782592773
0.6904629468917847
0.692206621170044
0.6845330595970154
0.6649231910705566
0.7023274898529053
0.686204195022583
0.6956807971000671
0.6857348084449768
0.6925626993179321
0.6968692541122437
0.6934923529624939
0.6931705474853516
0.6865948438644409
0.689608097076416
0.6936526894569397
0.6724798679351807
0.6789263486862183
0.6989482045173645
0.6807058453559875
0.6830106377601624
0.7090007662773132
0.6800754070281982
0.6804020404815674
0.6876522302627563
0.7024091482162476
0.6905983686447144
0.6835517287254333
0.6789249181747437
0.6841403841972351
0.6969074010848999
0.6871221661567688
0.6857652068138123
0.6805261373519897
0.6832882165908813
0.6952530145645142
0.6827830076217651
0.6880053281784058
0.6905368566513062
0.6832854151725769
0.685938835144043
0.6871351003646851
0.6790832281112671
0.696491003036499
0.6773853898048401
0.6772149801254272
0.68836510181427
0.6915690302848816
0.7008845806121826
0.6864646673202515
0.6943070888519287
0.6916393041610718
0.6731446385383606
0.6942191123962402
0.6842395663261414
0.6780748963356018
0.6817882061004639
0.693108320236206
0.6852534413337708
0.6929442286491394
0.6907991766929626
0.682489275932312
0.681817889213562
0.6881369948387146
0.686858057975769
0.6879470944404602
0.6883741617202759
0.6885017156600952
0.679817259311676
0.6843023896217346
0.6893949508666992
0.683473527431488
0.6802402138710022
0.6909098625183105
0.7022542357444763
0.6923295259475708
0.6967284679412842
0.6810780763626099
0.6906819939613342
0.6790820360183716
0.7008463740348816
0.6936193704605103
0.6906988620758057
0.6798363924026489
0.6810644268989563
0.6952794790267944
0.6799187064170837
0.6831616759300232
0.700074315071106
0.6871476173400879
0.6745257377624512
0.6873837113380432
0.694564163684845
0.688378095626831
0.6893503665924072
0.6836308836936951
0.6876710653305054
0.6969246864318848
0.6862695217132568
0.6863322257995605
0.6928025484085083
0.6826348900794983
0.6960830688476562
0.6797429919242859
0.6985129117965698
0.6816187500953674
0.682009756565094
0.67564857006073
0.6898990273475647
0.6922234296798706
0.6733796000480652
0.6735683679580688
0.6918655037879944
0.6858094334602356
0.686567485332489
0.677317202091217
0.6757512092590332
0.6899029612541199
0.6827118396759033
0.6795502305030823
0.6878818273544312
0.6970691084861755
0.6794629096984863
0.6924418210983276
0.6885738372802734
0.6954547166824341
0.6850643754005432
0.6778703927993774
0.695327877998352
0.6862085461616516
0.690262496471405
0.6950402855873108
0.6859228014945984
0.6796877980232239
0.6885109543800354
0.692815363407135
0.6938385963439941
0.6925029158592224
0.6890519857406616
0.6859080791473389
0.6881348490715027
0.6842365860939026
0.685696542263031
0.6785455942153931
0.6859509348869324
0.6810245513916016
0.6869017481803894
0.6866165399551392
0.6999561786651611
0.7023131251335144
0.6835463643074036
0.7006587982177734
0.6853823661804199
0.69236159324646
0.6965072154998779
0.6996827125549316
0.6999207139015198
0.6798709630966187
0.6922951340675354
0.6841222047805786
0.6744832992553711
0.6861433982849121
0.6867155432701111
0.6800190806388855
0.6769886612892151
0.6980476379394531
0.6754130721092224
0.6878469586372375
0.6876362562179565
0.6830766201019287
0.6860695481300354
0.6906411647796631
0.6933007836341858
0.68288254737854
0.6864624619483948
0.6833682656288147
0.6849824786186218
0.6912073493003845
0.6964931488037109
0.686843991279602
0.6928248405456543
0.6876195073127747
0.6773776412010193
0.6750720739364624
0.6766013503074646
0.6840600371360779
0.6809583306312561
0.6814536452293396
0.6815984845161438
0.679092526435852
0.6826466917991638
0.6906192898750305
0.673931896686554
0.6829262971878052
0.6783904433250427
0.6963750720024109
0.6912485957145691
0.6802262663841248
0.7033140063285828
0.6881176829338074
0.684518575668335
0.7145128846168518
0.6833459734916687
0.6990490555763245
0.6939064860343933
0.6761690974235535
0.6928467154502869
0.6837506890296936
0.6876170635223389
0.6760879755020142
0.6785454750061035
0.681560754776001
0.684097170829773
0.6945868730545044
0.6829922199249268
0.6987778544425964
0.6911489367485046
0.6937578320503235
0.6879543662071228
0.6979290843009949
0.6832413077354431
0.6794362664222717
0.6832141876220703
0.695094883441925
0.6943898797035217
0.6973138451576233
0.6819807887077332
0.6871464252471924
0.6930903196334839
0.6796056032180786
0.678598165512085
0.6905274391174316
0.6895145773887634
0.692936897277832
0.6903235912322998
0.6940314173698425
0.6834765672683716
0.6865576505661011
0.6899393796920776
0.6864322423934937
0.6890102624893188
0.6882177591323853
0.6927885413169861
0.6739147305488586
0.6782448291778564
0.6959618926048279
0.6855812668800354
0.6904404163360596
0.6818724274635315
0.6924421191215515
0.6936827301979065
0.6980514526367188
0.6815700531005859
0.6949476003646851
0.6877507567405701
0.6767675280570984
0.686444878578186
0.6929639577865601
0.7053228616714478
0.6900984048843384
0.694941520690918
0.6741463541984558
0.6938877105712891
0.681565523147583
0.6875123977661133
0.683447539806366
0.692742109298706
0.68198162317276
0.6802012920379639
0.6827606558799744
0.6782487630844116
0.6858583688735962
0.6850757598876953
0.7119491100311279
0.6871498823165894
0.6720790863037109
0.6914302706718445
0.6743373274803162
0.6786627173423767
0.6735199689865112
0.682060956954956
0.6772665977478027
0.6851171255111694
0.7014040946960449
0.7036232352256775
0.6866505742073059
0.6895179152488708
0.6795794367790222
0.6749327182769775
0.685593843460083
0.6999532580375671
0.6844298839569092
0.6953607201576233
0.6898977160453796
0.6903260350227356
0.6879447102546692
0.6938065886497498
0.6876322627067566
0.6836342811584473
0.6960548758506775
0.6923624873161316
0.6911333203315735
0.6887388229370117
0.6820488572120667
0.6765061616897583
0.6808480024337769
0.7000231146812439
0.6775451898574829
0.6812068819999695
0.6870483160018921
0.698798418045044
0.6914113163948059
0.6919388175010681
0.6891666054725647
0.6986089944839478
0.6882808804512024
0.6787300705909729
0.6777392029762268
0.6815425753593445
0.6959250569343567
0.6876742839813232
0.693344235420227
0.6978126168251038
0.6976040005683899
0.6745467185974121
0.6926174163818359
0.6854676604270935
0.6860334873199463
0.6837977766990662
0.6830987930297852
0.6841962933540344
0.6854754090309143
0.6882474422454834
0.694783627986908
0.6952297687530518
0.6968263387680054
0.6928348541259766
0.6834403276443481
0.6819051504135132
0.6869049072265625
0.6887136101722717
0.6869409680366516
0.6918067336082458
0.6905969381332397
0.680892825126648
0.6886937618255615
0.6947262287139893
0.6793873906135559
0.6908196210861206
0.6890320777893066
0.6920604109764099
0.6804059743881226
0.689368486404419
0.69451904296875
0.6831870675086975
0.6892917156219482
0.6864145994186401
0.702625572681427
0.6892914175987244
0.6708824038505554
0.6973481774330139
0.674919068813324
0.6850964426994324
0.6891388297080994
0.6774831414222717
0.6837232112884521
0.6971244215965271
0.6961147785186768
0.676013708114624
0.6751980185508728
0.6850899457931519
0.6847197413444519
0.69110107421875
0.6849113702774048
0.6814131736755371
0.6839465498924255
0.6794110536575317
0.6772232055664062
0.6795904040336609
0.6937140226364136
0.6946640014648438
0.7056145071983337
0.6877856254577637
0.6961093544960022
0.6941792368888855
0.6901252269744873
0.6941999197006226
0.6977584362030029
0.6761722564697266
0.6909114718437195
0.6895878911018372
0.6769751906394958
0.6868453025817871
0.690120279788971
0.6826880574226379
0.6850941777229309
0.680413544178009
0.6891077756881714
0.6928656101226807
0.6733693480491638
0.6830106973648071
0.7014816999435425
0.6967781186103821
0.6860445737838745
0.6902964115142822
0.6850438117980957
0.683964192867279
0.6768760681152344
0.6836108565330505
0.6859136819839478
0.7032849192619324
0.6939373016357422
0.685478150844574
0.6920692324638367
0.68683922290802
0.6887721419334412
0.6940962076187134
0.6832422018051147
0.6976567506790161
0.693282425403595
0.6928635835647583
0.6803084015846252
0.696631133556366
0.6904441118240356
0.698462963104248
0.684790849685669
0.69562828540802
0.6884353756904602
0.6890071034431458
0.6891419887542725
0.6761131882667542
0.6864823698997498
0.6807236671447754
0.6949841976165771
0.6921305656433105
0.6945669054985046
0.6850377917289734
0.6899402737617493
0.6924304366111755
0.7044245600700378
0.6895419955253601
0.6998635530471802
0.6863190531730652
0.6840049028396606
0.6811564564704895
0.6905636191368103
0.6864763498306274
0.6901072263717651
0.7024497389793396
0.7039960026741028
0.6940539479255676
0.6991448402404785
0.6889734268188477
0.6722777485847473
0.6946936249732971
0.6939394474029541
0.6886139512062073
0.6782487034797668
0.6834310293197632
0.6957491636276245
0.6871485710144043
0.6894965767860413
0.6874679327011108
0.6851255297660828
0.7014662027359009
0.6910909414291382
0.6939254999160767
0.6988019347190857
0.6910682916641235
0.6819935441017151
0.6972206830978394
0.6774122714996338
0.6886811852455139
0.698227047920227
0.6864647269248962
0.684157133102417
0.6831839084625244
0.6745295524597168
0.6850179433822632
0.6844375729560852
0.6817373633384705
0.6765645742416382
0.7119762897491455
0.6909942626953125
0.6960771083831787
0.7096309661865234
0.6870951652526855
0.6933099031448364
0.6952384114265442
0.682300865650177
0.6759129762649536
0.6925399899482727
0.7050487995147705
0.6763542294502258
0.700840175151825
0.6805523037910461
0.6890885829925537
0.6925632953643799
0.6813294887542725
0.687700629234314
0.6913983821868896
0.6775553226470947
0.6935902833938599
0.6859712600708008
0.6914383769035339
0.6827536821365356
0.6931288242340088
0.6822656393051147
0.6842290759086609
0.6843131184577942
0.6871823072433472
0.6829413175582886
0.6827345490455627
0.6826008558273315
0.683168888092041
0.6959100365638733
0.69339919090271
0.6809212565422058
0.6960947513580322
0.6848323941230774
0.6849896907806396
0.6793298721313477
0.676328718662262
0.6904705166816711
0.6880084276199341
0.6812835335731506
0.680660605430603
0.6834515929222107
0.6975698471069336
0.7019703984260559
0.684609591960907
0.703242838382721
0.6775287389755249
0.6867244839668274
0.6891492605209351
0.6928446888923645
0.6793361902236938
0.6880171895027161
0.7085076570510864
0.6937782764434814
0.6882884502410889
0.6985599398612976
0.680915892124176
0.6804260015487671
0.694206178188324
0.6901350021362305
0.7011858224868774
0.6842266321182251
0.6852888464927673
0.6851394176483154
0.6905460357666016
0.6978543996810913
0.6835476160049438
0.6857700347900391
0.6839048862457275
0.6838564276695251
0.6946240067481995
0.6852437257766724
0.6762804388999939
0.6978272795677185
0.684260904788971
0.6886844635009766
0.698053240776062
0.6926053762435913
0.6871657371520996
0.689958930015564
0.6875991225242615
0.6948522329330444
0.7011587619781494
0.680078387260437
0.6863170266151428
0.6824555397033691
0.6904035806655884
0.6923653483390808
0.7006105184555054
0.6920228600502014
0.6814841032028198
0.7064237594604492
0.6929770708084106
0.6821243166923523
0.6968517899513245
0.6797869205474854
0.6861785054206848
0.6868014931678772
0.6903098821640015
0.6842533349990845
0.697176992893219
0.6904045939445496
0.7011643052101135
0.6934519410133362
0.6928977370262146
0.6819835901260376
0.6806808710098267
0.6938835382461548
0.7032081484794617
0.7107219696044922
0.6877636313438416
0.6987354159355164
0.6904858350753784
0.7001146674156189
0.690068781375885
0.693886935710907
0.6876530647277832
0.6844610571861267
0.6913113594055176
0.6722310185432434
0.6720965504646301
0.6882113814353943
0.6689364910125732
0.6937249302864075
0.6848992109298706
0.6914094686508179
0.690816342830658
0.6828516721725464
0.6744982004165649
0.6908741593360901
0.6787675619125366
0.6991554498672485
0.6991344094276428
0.6743630170822144
0.6894315481185913
0.6880964636802673
0.6852105259895325
0.678402841091156
0.697974443435669
0.6779876947402954
0.684863805770874
0.6907936930656433
0.6913785934448242
0.7082518935203552
0.6867175698280334
0.6840028166770935
0.6919234991073608
0.6938913464546204
0.6856382489204407
0.6775184273719788
0.7030311822891235
0.6851861476898193
0.6879613995552063
0.6809102296829224
0.6973040699958801
0.6787845492362976
0.6985801458358765
0.6906540393829346
0.6879014372825623
0.695486307144165
0.70371413230896
0.693541407585144
0.6871610283851624
0.6926510334014893
0.6793360710144043
0.68593430519104
0.6856761574745178
0.6845528483390808
0.6846501231193542
0.6727049350738525
0.6971937417984009
0.6943257451057434
0.6996463537216187
0.677842378616333
0.6883816123008728
0.6892102360725403
0.6995752453804016
0.6864822506904602
0.7078745365142822
0.6935773491859436
0.7006829977035522
0.681143045425415
0.6807711720466614
0.6889928579330444
0.6885952949523926
0.6879047155380249
0.6961826682090759
0.6744042038917542
0.6917886734008789
0.6770006418228149
0.6847751140594482
0.6919909119606018
0.6926302909851074
0.6827971339225769
0.6930490136146545
0.6913570761680603
0.6942245364189148
0.6957966089248657
0.6819764971733093
0.6919834017753601
0.6889304518699646
0.6832858324050903
0.6776291131973267
0.6885022521018982
0.6776679158210754
0.6959835290908813
0.6853660941123962
0.6827513575553894
0.6880205273628235
0.6863349676132202
0.6999166011810303
0.6874343752861023
0.6900083422660828
0.6887720227241516
0.6842815279960632
0.6818228960037231
0.6879274845123291
0.7007341384887695
0.70320725440979
0.6962253451347351
0.6844812035560608
0.6906130313873291
0.689935028553009
0.6866555213928223
0.6847022175788879
0.7030091285705566
0.6957233548164368
0.694417417049408
0.6892989873886108
0.6918202042579651
0.6835424304008484
0.6961576342582703
0.6690623164176941
0.6963561177253723
0.6885548830032349
0.6963415741920471
0.696655809879303
0.6855875253677368
0.7013912796974182
0.6954065561294556
0.682465672492981
0.6779918074607849
0.6942522525787354
0.6824787855148315
0.6835567355155945
0.6710944771766663
0.6964693069458008
0.6833997368812561
0.6741843223571777
0.6742880940437317
0.7008804082870483
0.6805450320243835
0.6919313073158264
0.697147786617279
0.6911152601242065
0.6858842968940735
0.6893860101699829
0.68723464012146
0.7046298384666443
0.7080168724060059
0.6813817620277405
0.6751360893249512
0.6993428468704224
0.7051537036895752
0.6952245831489563
0.6954766511917114
0.6884918212890625
0.6738097071647644
0.6827644109725952
0.6892092227935791
0.6931425929069519
0.685807466506958
0.6873210668563843
0.686229944229126
0.69137042760849
0.681708574295044
0.6820898056030273
0.6790907382965088
0.6905624270439148
0.6913238167762756
0.6965155005455017
0.6786472201347351
0.7032191157341003
0.6996200084686279
0.6842650175094604
0.6951440572738647
0.6847183108329773
0.6934022903442383
0.6748040318489075
0.6898102164268494
0.6909618973731995
0.6726685762405396
0.7041742205619812
0.6956957578659058
0.6909889578819275
0.6812373399734497
0.6823425889015198
0.677432119846344
0.6886350512504578
0.6948109269142151
0.6824184656143188
0.6838827133178711
0.6926358938217163
0.6916373372077942
0.6850347518920898
0.6874288320541382
0.6890185475349426
0.6885462403297424
0.6791788935661316
0.6993216872215271
0.6878262162208557
0.681485652923584
0.6847177147865295
0.6785609126091003
0.680616021156311
0.6812651753425598
0.6898552775382996
0.7060468792915344
0.6893649697303772
0.6986758708953857
0.68863844871521
0.6829500198364258
0.6898822784423828
0.7011101245880127
0.6809952259063721
0.6858038306236267
0.679739236831665
0.6845515966415405
0.6794254183769226
0.6824994683265686
0.6742790341377258
0.6772197484970093
0.6868531703948975
0.692922055721283
0.680173397064209
0.6847118735313416
0.6839171648025513
0.6840119361877441
0.6851586103439331
0.6837326288223267
0.6926705241203308
0.6859288811683655
0.6869791746139526
0.6870163083076477
0.6962642669677734
0.6899998784065247
0.684496283531189
0.7113226056098938
0.6860606074333191
0.6886114478111267
0.6802059412002563
0.6821281313896179
0.675615131855011
0.6901194453239441
0.6861160397529602
0.6973302960395813
0.6810470819473267
0.6957761645317078
0.6850847601890564
0.6844995021820068
0.6979218125343323
0.6931015849113464
0.6813560128211975
0.6974815726280212
0.6933580636978149
0.6943581700325012
0.6882030963897705
0.6767585873603821
0.6841764450073242
0.6978711485862732
0.6698583364486694
0.6772248148918152
0.6894975900650024
0.6672899723052979
0.6838480830192566
0.67992103099823
0.6988723278045654
0.6749185919761658
0.6871469616889954
0.6926432847976685
0.694155752658844
0.6871489882469177
0.6859944462776184
0.6726162433624268
0.6889435052871704
0.6928483843803406
0.6828644871711731
0.685602068901062
0.6777322888374329
0.6867890357971191
0.676659345626831
0.6809841394424438
0.6800310611724854
0.6845842003822327
0.677709698677063
0.702957034111023
0.6752119064331055
0.7034673094749451
0.6968035101890564
0.6916115283966064
0.670989990234375
0.6817377209663391
0.6798703074455261
0.6781612634658813
0.6830492615699768
0.6899242401123047
0.6810962557792664
0.6891606450080872
0.6831440925598145
0.692194402217865
0.6990802884101868
0.6944374442100525
0.6921921372413635
0.6880471706390381
0.6794416308403015
0.6986503601074219
0.6810176372528076
0.6822620630264282
0.6895007491111755
0.7011661529541016
0.6861963868141174
0.6728922128677368
0.6831080913543701
0.6869561672210693
0.6874659657478333
0.6944456696510315
0.6873465776443481
0.6834296584129333
0.687114953994751
0.6748475432395935
0.6938074231147766
0.6850519776344299
0.6936408281326294
0.6941883563995361
0.6776466965675354
0.6818325519561768
0.6780949831008911
0.7010942697525024
0.6937026977539062
0.6818767189979553
0.7017276287078857
0.6945328116416931
0.6959336996078491
0.6887518763542175
0.7036862373352051
0.6882757544517517
0.6795351505279541
0.6833632588386536
0.6834700107574463
0.6884130835533142
0.6825940608978271
0.6759315133094788
0.7003297209739685
0.6795002818107605
0.6918343305587769
0.6871663331985474
0.6870310306549072
0.6936989426612854
0.6903582215309143
0.6796477437019348
0.6833481788635254
0.691847562789917
0.6936205625534058
0.6857198476791382
0.6947698593139648
0.6960525512695312
0.6807693243026733
0.6789339780807495
0.6976265907287598
0.6908859014511108
0.669236421585083
0.6805306673049927
0.6734817624092102
0.6799913644790649
0.6803387999534607
0.6884980797767639
0.6955806612968445
0.686766505241394
0.6854708194732666
0.6892896294593811
0.6825485825538635
0.6786597967147827
0.683986246585846
0.6885506510734558
0.6793690323829651
0.6960374712944031
0.7025133967399597
0.6910784244537354
0.6844149231910706
0.6828802227973938
0.68863844871521
0.6856805682182312
0.6926425695419312
0.686284601688385
0.7077151536941528
0.6893985271453857
0.684219241142273
0.689960777759552
0.6976152658462524
0.6853353977203369
0.6826709508895874
0.6948743462562561
0.6933260560035706
0.6853958368301392
0.7070886492729187
0.7016018033027649
0.6827940940856934
0.6836187243461609
0.685828447341919
0.6932218670845032
0.6761053204536438
0.6746659874916077
0.6739146709442139
0.6831375956535339
0.6814368963241577
0.695114254951477
0.6696310043334961
0.682057797908783
0.6883049607276917
0.6889938712120056
0.6907708644866943
0.689350962638855
0.6859347224235535
0.682039201259613
0.6925415396690369
0.6863501667976379
0.685527503490448
0.6749877333641052
0.6876444220542908
0.6917677521705627
0.7010921835899353
0.7001163363456726
0.6915633082389832
0.6881881952285767
0.6904270648956299
0.6775830388069153
0.6879029273986816
0.6919119358062744
0.6970580220222473
0.6954708695411682
0.6827045679092407
0.6890352964401245
0.6797608137130737
0.6977270245552063
0.6842173933982849
0.6887035965919495
0.693225085735321
0.672322690486908
0.6861817240715027
0.7044968605041504
0.6783617734909058
0.6828961968421936
0.6843327879905701
0.687133252620697
0.6962174773216248
0.6968416571617126
0.6954371929168701
0.7100992798805237
0.6886688470840454
0.6956972479820251
0.6939380764961243
0.6854208707809448
0.6937141418457031
0.6778518557548523
0.691769540309906
0.6906445026397705
0.6936845779418945
0.7043120265007019
0.6927204132080078
0.7033137679100037
0.687446653842926
0.6909229755401611
0.6898019313812256
0.705764651298523
0.7029430866241455
0.670624852180481
0.6824029088020325
0.6860896348953247
0.6774888038635254
0.70474773645401
0.6835182309150696
0.6928151845932007
0.6831814050674438
0.6828561425209045
0.6836170554161072
0.6854760646820068
0.6916086077690125
0.6887573599815369
0.6917997598648071
0.6846519112586975
0.6868732571601868
0.6915854215621948
0.6825348734855652
0.6830323934555054
0.6743583679199219
0.6834624409675598
0.6947536468505859
0.6873850226402283
0.6954510807991028
0.6993129849433899
0.6956952214241028
0.6794055700302124
0.6886507272720337
0.6866603493690491
0.6796323657035828
0.6922425627708435
0.6938602328300476
0.6741012334823608
0.6884201765060425
0.6790417432785034
0.6971679925918579
0.6826500296592712
0.6918708682060242
0.6916795372962952
0.7006613612174988
0.7055232524871826
0.6774510741233826
0.6749886274337769
0.6870980262756348
0.6851966381072998
0.6830511093139648
0.6985307931900024
0.6858874559402466
0.6736789345741272
0.6907545328140259
0.685706615447998
0.6899716258049011
0.6879338026046753
0.6899570226669312
0.6926268339157104
0.6798413395881653
0.6718217134475708
0.6819573640823364
0.7020126581192017
0.6967957615852356
0.6783703565597534
0.7044042348861694
0.6876379251480103
0.6894406676292419
0.7046722173690796
0.6926957368850708
0.6883231997489929
0.6890855431556702
0.6887078881263733
0.6781915426254272
0.7145605683326721
0.7027804851531982
0.6829801797866821
0.6997724771499634
0.6876577138900757
0.6945043802261353
0.6864210367202759
0.6875916719436646
0.6862791776657104
0.6929756999015808
0.6883528232574463
0.6778092384338379
0.6797631978988647
0.6921281218528748
0.6899992823600769
0.6860265731811523
0.6931039690971375
0.6849266290664673
0.6900920271873474
0.685432493686676
0.6830518841743469
0.6945058703422546
0.6912325024604797
0.6859235167503357
0.6830034255981445
0.6848758459091187
0.6741845011711121
0.6861277222633362
0.6998624205589294
0.6881441473960876
0.6821584105491638
0.6938427686691284
0.6943506598472595
0.6842396259307861
0.6856789588928223
0.6725894808769226
0.6856695413589478
0.6827943325042725
0.6765080094337463
0.6834686398506165
0.679672122001648
0.6903259754180908
0.6850191354751587
0.6997410655021667
0.6952553391456604
0.6848668456077576
0.6966030597686768
0.6969300508499146
0.7021068334579468
0.6807609796524048
0.692284345626831
0.6744250059127808
0.6802986860275269
0.6844040751457214
0.696108877658844
0.6761955618858337
0.6851422786712646
0.6885205507278442
0.6938632130622864
0.6905688047409058
0.696269690990448
0.6773152947425842
0.6849309206008911
0.6905052065849304
0.6749009490013123
0.6900482773780823
0.6885628700256348
0.6945465803146362
0.6913542747497559
0.7068447470664978
0.6901621222496033
0.6811315417289734
0.6931115388870239
0.701608419418335
0.6811339259147644
0.6882713437080383
0.6820707321166992
0.6825402975082397
0.6863160133361816
0.7035905122756958
0.6868740320205688
0.6817823052406311
0.6860448718070984
0.702758252620697
0.6809607744216919
0.6926671862602234
0.6849203705787659
0.6862388253211975
0.6817384958267212
0.6876745223999023
0.6984259486198425
0.6799828410148621
0.6848116517066956
0.6792832612991333
0.6847994327545166
0.6799803376197815
0.6927423477172852
0.6961607933044434
0.7062879204750061
0.6807818412780762
0.6845155954360962
0.678420901298523
0.6805020570755005
0.6763960123062134
0.6793146729469299
0.6864021420478821
0.6833704113960266
0.6739725470542908
0.6925953030586243
0.681621253490448
0.6814233660697937
0.6766867637634277
0.6803719997406006
0.6841054558753967
0.683628499507904
0.6886001229286194
0.6971316933631897
0.6739845871925354
0.682380199432373
0.6781310439109802
0.685049295425415
0.6745461821556091
0.6785194873809814
0.7026196718215942
0.6865531206130981
0.6739174723625183
0.6713109612464905
0.6869789958000183
0.6759822964668274
0.6844983696937561
0.6867601871490479
0.6775981187820435
0.672682523727417
0.6836769580841064
0.6918514966964722
0.6939525604248047
0.6726692914962769
0.6821877956390381
0.6954922080039978
0.6850942969322205
0.6844931244850159
0.6884783506393433
0.6810858845710754
0.6885799765586853
0.695536196231842
0.6927270293235779
0.6905788779258728
0.6788987517356873
0.6871753334999084
0.6814051270484924
0.6832305788993835
0.6791020035743713
0.6901888847351074
0.6845789551734924
0.679694652557373
0.6954404711723328
0.6711243391036987
0.6871035695075989
0.6829553246498108
0.6884006857872009
0.6749063730239868
0.6984758973121643
0.6855040192604065
0.6920417547225952
0.6916928291320801
0.6782569289207458
0.686650812625885
0.6888303160667419
0.6833989024162292
0.692899763584137
0.6988043785095215
0.6794644594192505
0.6919615864753723
0.6815693378448486
0.6815054416656494
0.675869882106781
0.6720013618469238
0.6891056299209595
0.6870175004005432
0.6811345815658569
0.6920984387397766
0.6826922297477722
0.6781272888183594
0.6936913728713989
0.6878295540809631
0.6864350438117981
0.6912713646888733
0.6831703782081604
0.6837095618247986
0.6835094690322876
0.6786049604415894
0.6871805191040039
0.6907169222831726
0.6942175030708313
0.6860347986221313
0.6944390535354614
0.6960234642028809
0.6892567276954651
0.7007699012756348
0.696654200553894
0.6869897246360779
0.6913102269172668
0.6707639694213867
0.6892809271812439
0.6749383807182312
0.6980492472648621
0.68190997838974
0.691131591796875
0.6891844272613525
0.683796226978302
0.6857276558876038
0.6968469023704529
0.6827517151832581
0.6737236380577087
0.6918116211891174
0.6777135729789734
0.6876853108406067
0.6839939951896667
0.6739224195480347
0.7010203003883362
0.6924045085906982
0.6920199990272522
0.6908038258552551
0.7029107809066772
0.6786968111991882
0.6886614561080933
0.6981741786003113
0.6842625737190247
0.6842212677001953
0.6714410781860352
0.6915805339813232
0.6990953087806702
0.6940099596977234
0.6988019347190857
0.6930649876594543
0.6888858675956726
0.6775679588317871
0.686125636100769
0.6834374666213989
0.6827425956726074
0.6824917197227478
0.6867112517356873
0.6799906492233276
0.6749364733695984
0.6913655400276184
0.688222348690033
0.6963304877281189
0.691842794418335
0.6960535645484924
0.6842586994171143
0.6817777752876282
0.7003525495529175
0.6805029511451721
0.7055892944335938
0.7015262246131897
0.6765275597572327
0.679466724395752
0.6879823207855225
0.6990652680397034
0.6893357634544373
0.6880550980567932
0.689231812953949
0.68636155128479
0.6821900010108948
0.692618191242218
0.6772474050521851
0.695781946182251
0.6809027194976807
0.6873336434364319
0.6922918558120728
0.6720200181007385
0.6853054165840149
0.690686047077179
0.6902589797973633
0.6959505081176758
0.7024915218353271
0.6712657809257507
0.6978919506072998
0.6806835532188416
0.6820026636123657
0.674720048904419
0.6780163049697876
0.6907700896263123
0.6885724663734436
0.6747871041297913
0.6964324116706848
0.6923571825027466
0.6836631894111633
0.6869066953659058
0.6974220871925354
0.6789988875389099
0.6843165755271912
0.6817418336868286
0.684819757938385
0.689033031463623
0.6894840598106384
0.6867131590843201
0.6876989006996155
0.6780899167060852
0.6831373572349548
0.6819541454315186
0.6859732866287231
0.6964783072471619
0.6981456875801086
0.6766642928123474
0.6972637176513672
0.6898534297943115
0.6704161167144775
0.7243623733520508
0.682648777961731
0.6878066062927246
0.691951334476471
0.6971371173858643
0.6782492995262146
0.695428192615509
0.6948842406272888
0.6900269985198975
0.680514395236969
0.6907100677490234
0.6893980503082275
0.6835377812385559
0.673386812210083
0.6924997568130493
0.6857523918151855
0.6825131773948669
0.6803146600723267
0.6829027533531189
0.6734250783920288
0.6887230277061462
0.6808019876480103
0.6778654456138611
0.6973155736923218
0.6925716400146484
0.6861938238143921
0.6910524964332581
0.6806612610816956
0.6820012927055359
0.6945896148681641
0.6863342523574829
0.6764964461326599
0.6936219334602356
0.6889268159866333
0.6947080492973328
0.6901821494102478
0.7000510692596436
0.6844927072525024
0.6822412610054016
0.6925037503242493
0.6899197101593018
0.6969544887542725
0.6907868981361389
0.6993489861488342
0.688580334186554
0.6815698742866516
0.6840632557868958
0.6893972754478455
0.6745901107788086
0.6855376362800598
0.6901296973228455
0.6914564967155457
0.6802200078964233
0.6754084229469299
0.7006909251213074
0.6892015933990479
0.6890201568603516
0.6903666853904724
0.6816762089729309
0.6811252236366272
0.6814143657684326
0.6899396181106567
0.7095232605934143
0.683239758014679
0.6853821873664856
0.6812119483947754
0.6830376982688904
0.6902986168861389
0.6879644393920898
0.6981819272041321
0.6824959516525269
0.6725806593894958
0.6871933937072754
0.6731315851211548
0.6900150775909424
0.6709274053573608
0.6838208436965942
0.696365237236023
0.6846926212310791
0.7002530097961426
0.676791250705719
0.689092218875885
0.6723319888114929
0.6735759973526001
0.6867989897727966
0.6879881620407104
0.6949034333229065
0.685987114906311
0.7121400237083435
0.692452609539032
0.6781681180000305
0.6818827986717224
0.7001693248748779
0.69169682264328
0.6866535544395447
0.686569333076477
0.686392068862915
0.688214123249054
0.6921998262405396
0.6868674159049988
0.693444013595581
0.6997160911560059
0.6831055879592896
0.6898683905601501
0.695202648639679
0.6753442883491516
0.6850999593734741
0.6900333762168884
0.692471981048584
0.687286913394928
0.6885353922843933
0.689246416091919
0.6807535290718079
0.7067087888717651
0.6860411167144775
0.6832966804504395
0.6928324103355408
0.6830925941467285
0.6849697232246399
0.6872589588165283
0.7003470063209534
0.6911174058914185
0.6863307952880859
0.6869306564331055
0.6874402165412903
0.6668561697006226
0.6865338683128357
0.6907657980918884
0.6984862685203552
0.6904290318489075
0.6796402931213379
0.6955699324607849
0.6853383183479309
0.6873157024383545
0.6942623257637024
0.701345682144165
0.6827559471130371
0.6860304474830627
0.6843305230140686
0.6813287734985352
0.6843016743659973
0.686182975769043
0.6785168051719666
0.676970362663269
0.6872127652168274
0.6912856101989746
0.6895406246185303
0.6814210414886475
0.6892250776290894
0.6987336874008179
0.6666853427886963
0.6917333602905273
0.6978309154510498
0.6842067837715149
0.6944968700408936
0.7001585960388184
0.7056577801704407
0.6897699236869812
0.6831794381141663
0.6816403865814209
0.6964160203933716
0.6953218579292297
0.6751179695129395
0.6848410964012146
0.6767600178718567
0.6872614026069641
0.674997091293335
0.6886938810348511
0.67190021276474
0.6871104836463928
0.6763642430305481
0.6908385157585144
0.68906170129776
0.6858150959014893
0.6902897953987122
0.6763724088668823
0.6797463297843933
0.6916369795799255
0.6841513514518738
0.6872607469558716
0.6939427256584167
0.6744343042373657
0.686625063419342
0.6832107305526733
0.6802231073379517
0.7043139338493347
0.6895971298217773
0.681340217590332
0.6899218559265137
0.6928161382675171
0.7014650702476501
0.6921846866607666
0.6834468841552734
0.6863306164741516
0.6845872402191162
0.6873900294303894
0.670499324798584
0.6930208802223206
0.689136266708374
0.6794020533561707
0.685063362121582
0.6913771629333496
0.6878575086593628
0.7059561610221863
0.6920058727264404
0.6801819205284119
0.6843138933181763
0.6866869330406189
0.6778193116188049
0.6872763633728027
0.6903933882713318
0.6904767751693726
0.6985687017440796
0.6949945092201233
0.6738160252571106
0.6863296031951904
0.6874932050704956
0.68359375
0.6939515471458435
0.705115556716919
0.6811465620994568
0.6853163838386536
0.6837133169174194
0.6859927177429199
0.6880425810813904
0.6904188394546509
0.6827476024627686
0.6855023503303528
0.6841548681259155
0.6767774224281311
0.688676655292511
0.7059134840965271
0.6818689107894897
0.6766088604927063
0.6761290431022644
0.6894900798797607
0.676912784576416
0.7042790651321411
0.6791277527809143
0.6816233396530151
0.6858759522438049
0.6944552659988403
0.6793864965438843
0.6830462217330933
0.6855841875076294
0.6852728724479675
0.713239848613739
0.6989944577217102
0.6841866374015808
0.6897265315055847
0.6839646697044373
0.7141328454017639
0.6842405796051025
0.6838910579681396
0.6897283792495728
0.6877056956291199
0.6871036291122437
0.6806455254554749
0.6902293562889099
0.6923815608024597
0.6818572282791138
0.6783981919288635
0.6893053650856018
0.6904405951499939
0.7083534002304077
0.6763370037078857
0.679230272769928
0.6916784048080444
0.6999703049659729
0.6787722110748291
0.6830140352249146
0.6668398380279541
0.6741394996643066
0.6933374404907227
0.6896246671676636
0.7016382813453674
0.6876692175865173
0.6830555200576782
0.6963780522346497
0.684150755405426
0.6826882362365723
0.6872263550758362
0.6734135746955872
0.690177857875824
0.6982129812240601
0.6880238652229309
0.6725180745124817
0.6867364645004272
0.6799948215484619
0.6901566982269287
0.6948167085647583
0.6871504187583923
0.6883195638656616
0.6869602203369141
0.686599850654602
0.6879574060440063
0.6921201944351196
0.6905688643455505
0.6898844838142395
0.7013432383537292
0.6691625118255615
0.6958473324775696
0.6833091378211975
0.6807689666748047
0.6905472874641418
0.6853598952293396
0.6601098775863647
0.7063166499137878
0.6934963464736938
0.6914253830909729
0.6941341757774353
0.6828292608261108
0.6920517086982727
0.6866881847381592
0.7018373012542725
0.6951503753662109
0.7072192430496216
0.6879943013191223
0.6994115710258484
0.691651463508606
0.7087777256965637
0.7081055641174316
0.6971192955970764
0.6804003119468689
0.6749860644340515
0.6932750344276428
0.6987587809562683
0.6972044706344604
0.6999684572219849
0.6883856058120728
0.6930835247039795
0.6786439418792725
0.6943684220314026
0.6914666295051575
0.6762822270393372
0.6909555792808533
0.6852445602416992
0.6875348091125488
0.6920652985572815
0.6951339244842529
0.6736289858818054
0.6932153701782227
0.6955263018608093
0.6826911568641663
0.6619597673416138
0.6775934100151062
0.695724368095398
0.6895252466201782
0.6821165680885315
0.6781110763549805
0.6840307116508484
0.6776086688041687
0.6873391270637512
0.6908292770385742
0.6885655522346497
0.6799684166908264
0.6824135184288025
0.6901865601539612
0.6874720454216003
0.6973299980163574
0.6852972507476807
0.6816602349281311
0.6886081695556641
0.6895938515663147
0.6825146675109863
0.6925327181816101
0.6887694001197815
0.6942872405052185
0.6863006353378296
0.6770878434181213
0.6837053298950195
0.6813315749168396
0.6930297613143921
0.6822208166122437
0.688452959060669
0.6888161301612854
0.7035945653915405
0.6815118193626404
0.6791995763778687
0.682590126991272
0.686734676361084
0.6963689923286438
0.6813726425170898
0.6758133172988892
0.6679427027702332
0.6891252994537354
0.6885855197906494
0.6866869330406189
0.6888955235481262
0.6707592606544495
0.6951410174369812
0.6909358501434326
0.6896754503250122
0.6867092847824097
0.6803508996963501
0.6766392588615417
0.6925479173660278
0.695431113243103
0.69144207239151
0.6732605695724487
0.699225664138794
0.6781072616577148
0.7020569443702698
0.6786588430404663
0.6856439709663391
0.6830282211303711
0.6862123012542725
0.6956835389137268
0.6811085939407349
0.7057996988296509
0.6754081845283508
0.6939750909805298
0.6848475933074951
0.6744555234909058
0.6925574541091919
0.677946150302887
0.6761732697486877
0.689505398273468
0.6885471343994141
0.6800348162651062
0.6738550066947937
0.6756235361099243
0.6889522671699524
0.6738015413284302
0.6772292852401733
0.6835349798202515
0.6921782493591309
0.6915057897567749
0.6821990013122559
0.6933518648147583
0.6791760921478271
0.6920007467269897
0.6830645203590393
0.6876965761184692
0.6989613175392151
0.6926844120025635
0.6815316081047058
0.6901189088821411
0.6827278137207031
0.6865289807319641
0.6712638139724731
0.6849769353866577
0.6883424520492554
0.6779994964599609
0.6815022826194763
0.6789225935935974
0.7012774348258972
0.6814475059509277
0.6809618473052979
0.6799866557121277
0.6892544031143188
0.6850787401199341
0.6983593702316284
0.6879623532295227
0.6952649354934692
0.6827147006988525
0.6872737407684326
0.6888160109519958
0.6868363618850708
0.6966050863265991
0.6965497732162476
0.6768976449966431
0.6978592872619629
0.686442494392395
0.6899771094322205
0.6820050477981567
0.6983369588851929
0.6868183612823486
0.6860718727111816
0.6869716644287109
0.704693615436554
0.6955970525741577
0.6841811537742615
0.6922169327735901
0.6960273385047913
0.6976742148399353
0.6900889277458191
0.6831689476966858
0.6835067868232727
0.6854378581047058
0.6833938360214233
0.6809524297714233
0.674049973487854
0.6949113607406616
0.6930115818977356
0.6853262782096863
0.6882303953170776
0.6864343285560608
0.704774022102356
0.6815467476844788
0.6801875233650208
0.6911494731903076
0.6800863146781921
0.6812098622322083
0.6858593225479126
0.6957173347473145
0.6935656070709229
0.6770917177200317
0.6707237958908081
0.7002277970314026
0.6839963793754578
0.6774781942367554
0.6910133361816406
0.686836838722229
0.6868679523468018
0.6892678141593933
0.6807172298431396
0.6992501020431519
0.6880276203155518
0.6863449811935425
0.6936612725257874
0.6871327757835388
0.6941503286361694
0.7010213732719421
0.6800896525382996
0.6933721899986267
0.7103738784790039
0.6897464394569397
0.6862103939056396
0.6829788684844971
0.6815096735954285
0.6913650631904602
0.6838886737823486
0.6813178658485413
0.694810688495636
0.6936004161834717
0.6897847056388855
0.6841027140617371
0.6951284408569336
0.6889973878860474
0.6786315441131592
0.6944684386253357
0.7078458070755005
0.6918314099311829
0.6837784051895142
0.6938010454177856
0.6919775009155273
0.700369119644165
0.7064287066459656
0.6849284172058105
0.6837711334228516
0.6705517172813416
0.6839221119880676
0.7027924656867981
0.6854326128959656
0.6841226816177368
0.6746503114700317
0.6837718486785889
0.6846947073936462
0.6978274583816528
0.7029075026512146
0.6850801706314087
0.6821181774139404
0.7070841789245605
0.6823205947875977
0.6810193657875061
0.6983349323272705
0.6896286010742188
0.6862485408782959
0.6805094480514526
0.6844647526741028
0.6922832131385803
0.6873069405555725
0.6893419623374939
0.6895260214805603
0.6857033371925354
0.6838650107383728
0.6916990876197815
0.6842285990715027
0.6907328963279724
0.6861695647239685
0.6780582666397095
0.6961149573326111
0.6896433234214783
0.6708222031593323
0.6836959719657898
0.6992085576057434
0.686450183391571
0.6858970522880554
0.6748277544975281
0.6881744861602783
0.6829520463943481
0.6715788841247559
0.6720190048217773
0.6888855695724487
0.6852460503578186
0.6889230012893677
0.6857149600982666
0.6806977987289429
0.6788934469223022
0.6852198243141174
0.6920915246009827
0.6958470344543457
0.6787527203559875
0.6850743293762207
0.6771396398544312
0.6798959374427795
0.706571638584137
0.6745049953460693
0.6943273544311523
0.6902849674224854
0.6865482330322266
0.6929427981376648
0.6809430718421936
0.693511426448822
0.6856300234794617
0.6889511346817017
0.6848711371421814
0.6837281584739685
0.685722291469574
0.6837680339813232
0.6831324100494385
0.6912401914596558
0.695185124874115
0.6922829151153564
0.6795558929443359
0.6924015879631042
0.6831939816474915
0.6806714534759521
0.6946207284927368
0.6920369267463684
0.6855146288871765
0.6704188585281372
0.6783303022384644
0.6898435354232788
0.6773808002471924
0.6747738718986511
0.6949883699417114
0.6925498843193054
0.7007395625114441
0.6904346942901611
0.6844518780708313
0.6825278401374817
0.6934009790420532
0.676920473575592
0.6981359720230103
0.6890316009521484
0.6752229928970337
0.6880373358726501
0.6910068392753601
0.6919437050819397
0.6834754943847656
0.6927880644798279
0.6900961995124817
0.6827269792556763
0.6767562627792358
0.6891293525695801
0.6852709054946899
0.6843970417976379
0.686118483543396
0.6928985714912415
0.696547269821167
0.6836246252059937
0.6932779550552368
0.6894043684005737
0.6955937147140503
0.6844834089279175
0.6830474734306335
0.6933640241622925
0.6809720993041992
0.6772555112838745
0.7079939842224121
0.6881422996520996
0.6974068284034729
0.6961207985877991
0.6859421133995056
0.6880754232406616
0.6899224519729614
0.6831362247467041
0.6972694396972656
0.6884617209434509
0.6979238986968994
0.6771410703659058
0.6923239231109619
0.6773370504379272
0.6839267611503601
0.687057614326477
0.6928791403770447
0.6939964890480042
0.6763540506362915
0.7022193074226379
0.6842709183692932
0.683826744556427
0.6819581985473633
0.6732771992683411
0.6841858625411987
0.6834375262260437
0.6918191313743591
0.690653383731842
0.6775570511817932
0.6781265735626221
0.6964943408966064
0.6831982731819153
0.6895872354507446
0.6801777482032776
0.6755448579788208
0.6771984696388245
0.6881482601165771
0.6830411553382874
0.6830488443374634
0.682902991771698
0.6770652532577515
0.6944441199302673
0.6705531477928162
0.6919107437133789
0.6931920647621155
0.6925985813140869
0.6915117502212524
0.6803472638130188
0.6804460883140564
0.6867000460624695
0.693603515625
0.690279483795166
0.6870078444480896
0.697326123714447
0.6772194504737854
0.6802818775177002
0.6866592168807983
0.677143394947052
0.6967745423316956
0.6910211443901062
0.6937357783317566
0.6726175546646118
0.6973951458930969
0.6840846538543701
0.6893150210380554
0.6920142769813538
0.6778976321220398
0.683115541934967
0.6807231307029724
0.6841809153556824
0.6854716539382935
0.6991682052612305
0.6874685883522034
0.6707541346549988
0.6832602024078369
0.6842435002326965
0.6828582286834717
0.6907117962837219
0.6843745112419128
0.6820039749145508
0.6891977787017822
0.695796012878418
0.6863092184066772
0.6835871934890747
0.6864131093025208
0.6834419965744019
0.6880361437797546
0.6887128949165344
0.6945214867591858
0.6790328025817871
0.6901053190231323
0.6968925595283508
0.6968164443969727
0.6950141191482544
0.6867139339447021
0.6861116290092468
0.6828604936599731
0.6877231597900391
0.6789150834083557
0.6728429794311523
0.6864864230155945
0.6866968870162964
0.7010110020637512
0.6894988417625427
0.6886581778526306
0.6855728030204773
0.6883116364479065
0.686471700668335
0.6903723478317261
0.6930720210075378
0.682240903377533
0.6826999187469482
0.6740063428878784
0.696725606918335
0.6862862706184387
0.6809698343276978
0.6875267624855042
0.6816554069519043
0.6914589405059814
0.691624641418457
0.6802235245704651
0.6816652417182922
0.6799961924552917
0.6856016516685486
0.679301917552948
0.6894642114639282
0.6855757236480713
0.6922914981842041
0.6794717311859131
0.6976565718650818
0.6874207854270935
0.6892113089561462
0.6858091950416565
0.6830171346664429
0.6891746520996094
0.6825045943260193
0.6794992089271545
0.6948790550231934
0.6796120405197144
0.6890823245048523
0.6807529926300049
0.7005685567855835
0.7033770680427551
0.6826686859130859
0.6964753270149231
0.6921758651733398
0.6938433051109314
0.6841617822647095
0.7010243535041809
0.6861583590507507
0.6827905774116516
0.6847960352897644
0.6832454800605774
0.6743135452270508
0.6933603882789612
0.6880526542663574
0.6918704509735107
0.6886298060417175
0.6919081807136536
0.6816176176071167
0.6958377361297607
0.6914758682250977
0.6871992349624634
0.6982192397117615
0.6822596788406372
0.6843628883361816
0.6748026013374329
0.6862082481384277
0.6941730976104736
0.6864818930625916
0.7042955756187439
0.6857883334159851
0.7014386653900146
0.6759869456291199
0.7073649764060974
0.6826906800270081
0.6890561580657959
0.6869207620620728
0.6769075989723206
0.6888266801834106
0.6898666024208069
0.6860251426696777
0.6869994401931763
0.6978675127029419
0.6862030029296875
0.6996349692344666
0.6702163815498352
0.6855326294898987
0.689081609249115
0.6755130290985107
0.6905900835990906
0.67373126745224
0.6943482756614685
0.6932071447372437
0.6954219937324524
0.6979097723960876
0.6808960437774658
0.6859108209609985
0.6886107325553894
0.6927558183670044
0.6812787055969238
0.6928225755691528
0.6901701092720032
0.6932643055915833
0.6831607818603516
0.6836879849433899
0.6941849589347839
0.6851251125335693
0.6773204207420349
0.6713656783103943
0.6913838386535645
0.6838468909263611
0.6992768049240112
0.6825612783432007
0.6891589760780334
0.6658406853675842
0.6834597587585449
0.6944126486778259
0.7060719132423401
0.6915099024772644
0.690890908241272
0.6867107152938843
0.6829971671104431
0.6829267144203186
0.6947195529937744
0.6871720552444458
0.6839969158172607
0.6926287412643433
0.6962308287620544
0.6798847913742065
0.7001113891601562
0.6875947117805481
0.6824990510940552
0.6847447752952576
0.6891980171203613
0.6786615252494812
0.6838088631629944
0.6911200284957886
0.7017563581466675
0.6987732648849487
0.6764370203018188
0.690872311592102
0.683391273021698
0.6938595175743103
0.7051078081130981
0.6911304593086243
0.6890884637832642
0.6864381432533264
0.6884860992431641
0.6849619150161743
0.6931934356689453
0.6940630078315735
0.6975523829460144
0.6953363418579102
0.68824702501297
0.6809716820716858
0.6927467584609985
0.6805460453033447
0.6966256499290466
0.6706970930099487
0.7001501321792603
0.6926538944244385
0.6890624761581421
0.6753435134887695
0.6951522827148438
0.6797680258750916
0.6839151978492737
0.6775720715522766
0.681723952293396
0.6780291199684143
0.6803896427154541
0.6978290677070618
0.6979168653488159
0.6796942949295044
0.6934592127799988
0.6929987072944641
0.6794496178627014
0.6831046938896179
0.6903047561645508
0.6827499270439148
0.6748244166374207
0.6900230050086975
0.6806585788726807
0.6777966618537903
0.6905418038368225
0.6781848669052124
0.6880298256874084
0.6893821358680725
0.6895176768302917
0.6902692317962646
0.6922208070755005
0.6884734034538269
0.6903912425041199
0.6963415741920471
0.6964856386184692
0.6845137476921082
0.6984493732452393
0.7013509273529053
0.694142758846283
0.6967166662216187
0.6975917816162109
0.6759346723556519
0.6948153972625732
0.6802406907081604
0.6848286390304565
0.6800912618637085
0.6871629953384399
0.6975343227386475
0.6767041087150574
0.6886323094367981
0.6985499858856201
0.6870281100273132
0.6771203875541687
0.6927206516265869
0.6888883113861084
0.6931427121162415
0.6874127388000488
0.683293879032135
0.6868197917938232
0.6971655488014221
0.6841825842857361
0.6809696555137634
0.6784930229187012
0.6845130324363708
0.690664529800415
0.6899811029434204
0.6799508929252625
0.6829954981803894
0.6863478422164917
0.6808632612228394
0.6927422881126404
0.6859769821166992
0.6835950016975403
0.697974443435669
0.6822006702423096
0.6904385089874268
0.6899555921554565
0.6981673240661621
0.6750789880752563
0.6902890205383301
0.6869117617607117
0.67845219373703
0.7026610374450684
0.6919134259223938
0.6868374347686768
0.683596670627594
0.6985653042793274
0.6769934296607971
0.6845511198043823
0.6801651120185852
0.678960382938385
0.6911420226097107
0.6983952522277832
0.6813585758209229
0.6883089542388916
0.7007426619529724
0.6876000761985779
0.7034007906913757
0.6826509237289429
0.7049790024757385
0.6823101043701172
0.7020989060401917
0.689746618270874
0.7052972912788391
0.6936351656913757
0.6910073757171631
0.6887809038162231
0.6759424805641174
0.6919350028038025
0.6949405670166016
0.6914348006248474
0.6901304721832275
0.6881377100944519
0.6922933459281921
0.6933627724647522
0.6835466027259827
0.6889159083366394
0.6855270266532898
0.6830524206161499
0.7041789293289185
0.6916471719741821
0.6826639175415039
0.6828242540359497
0.6828747987747192
0.68917316198349
0.6861734390258789
0.7035846710205078
0.6892483830451965
0.6976613998413086
0.6783341765403748
0.6889212727546692
0.6911619901657104
0.696707010269165
0.6754375100135803
0.684190034866333
0.7004950046539307
0.6797498464584351
0.6882970333099365
0.694892406463623
0.695957362651825
0.6826468706130981
0.7029870748519897
0.6830259561538696
0.6885680556297302
0.6947572827339172
0.6760404109954834
0.6748095750808716
0.7096309661865234
0.6738319396972656
0.6843299865722656
0.6944372057914734
0.6874509453773499
0.701897382736206
0.6879503130912781
0.7108153104782104
0.6943103075027466
0.687859296798706
0.6794692277908325
0.6808949112892151
0.7014682292938232
0.6970288157463074
0.6909586787223816
0.6733978986740112
0.6951488852500916
0.6979944109916687
0.6833863258361816
0.6887272000312805
0.6908754110336304
0.6946790218353271
0.6937958598136902
0.694974958896637
0.6987442970275879
0.6778280735015869
0.6822094917297363
0.6899200081825256
0.7061578631401062
0.687795877456665
0.6941988468170166
0.6861796379089355
0.6759878396987915
0.6942456960678101
0.6904833912849426
0.6845794916152954
0.6822375655174255
0.6976426243782043
0.7196912169456482
0.6905790567398071
0.681793212890625
0.6908699870109558
0.6818458437919617
0.6873667240142822
0.6979009509086609
0.6913432478904724
0.68776535987854
0.6860788464546204
0.6884537935256958
0.6797541975975037
0.6914488077163696
0.6976050734519958
0.7011711597442627
0.6903197169303894
0.6877987384796143
0.6818954348564148
0.6845070123672485
0.6807302236557007
0.6756858229637146
0.686569094657898
0.6918104887008667
0.6919086575508118
0.6972029805183411
0.6892515420913696
0.6806348562240601
0.6947938203811646
0.700505793094635
0.6862326860427856
0.6836884617805481
0.6860013604164124
0.6965793371200562
0.6938848495483398
0.7014327049255371
0.6775568127632141
0.6959256529808044
0.6921839714050293
0.6868188977241516
0.6870094537734985
0.6846557855606079
0.6785203218460083
0.686349630355835
0.6843072772026062
0.6972318887710571
0.6827396154403687
0.6798283457756042
0.6840375661849976
0.6850650310516357
0.6903348565101624
0.69167560338974
0.6950774788856506
0.6856392621994019
0.6838469505310059
0.6857861876487732
0.6930206418037415
0.6867169141769409
0.6704065799713135
0.6767928600311279
0.6846448183059692
0.6888993382453918
0.6961251497268677
0.6932505369186401
0.7026875019073486
0.6831964254379272
0.6914811730384827
0.7007493376731873
0.6936006546020508
0.6908254623413086
0.6950163841247559
0.6837842464447021
0.6840223073959351
0.6898634433746338
0.67906254529953
0.686366081237793
0.6868972778320312
0.6867573857307434
0.685734212398529
0.6957240104675293
0.681870698928833
0.6893096566200256
0.689800500869751
0.7007802724838257
0.682266354560852
0.6834152340888977
0.6897274255752563
0.6805875897407532
0.6859742403030396
0.6809359192848206
0.6864607930183411
0.6893635988235474
0.7018644213676453
0.6865428686141968
0.6901751160621643
0.6867538094520569
0.7017256617546082
0.6789008975028992
0.684022843837738
0.6953958868980408
0.6897242069244385
0.7082300782203674
0.6933409571647644
0.6953325867652893
0.6827242374420166
0.688301682472229
0.683616578578949
0.6983946561813354
0.6855787634849548
0.6870289444923401
0.6861427426338196
0.6890454888343811
0.6830310821533203
0.6934095025062561
0.6758685111999512
0.6925076246261597
0.6832618117332458
0.7001014947891235
0.6945614218711853
0.684272050857544
0.6864392757415771
0.6917680501937866
0.6787629127502441
0.6912649869918823
0.678644597530365
0.693030595779419
0.6980275511741638
0.683350145816803
0.692644476890564
0.6876639127731323
0.682701051235199
0.7033157348632812
0.6801727414131165
0.6971026062965393
0.6904880404472351
0.6983410120010376
0.6807126402854919
0.6798381209373474
0.6838463544845581
0.6808179616928101
0.6810421347618103
0.6969640851020813
0.6918197274208069
0.6920101046562195
0.6836838126182556
0.6739273071289062
0.6818563342094421
0.6839443445205688
0.6879076957702637
0.6963821053504944
0.6859073638916016
0.6893749237060547
0.6854152679443359
0.6759986877441406
0.6829207539558411
0.699863076210022
0.6815497875213623
0.6896013617515564
0.6829797625541687
0.6860840320587158
0.6951969265937805
0.6897339820861816
0.6843541264533997
0.692043125629425
0.686974048614502
0.7031282782554626
0.6892951130867004
0.7036727666854858
0.6816069483757019
0.6857935190200806
0.675328254699707
0.6785540580749512
0.6766002178192139
0.6988817453384399
0.6811848878860474
0.6911293268203735
0.6934106945991516
0.6853469610214233
0.6823574304580688
0.682246208190918
0.6813023686408997
0.699100136756897
0.6867462992668152
0.6849631667137146
0.6887661814689636
0.6876436471939087
0.6899582743644714
0.6849029660224915
0.6939243078231812
0.6769949793815613
0.7041981220245361
0.6891077756881714
0.6860349774360657
0.6811121702194214
0.6795291304588318
0.693474531173706
0.6857965588569641
0.6863293051719666
0.6804223656654358
0.6861950159072876
0.6898462176322937
0.6846930980682373
0.6996707916259766
0.681019127368927
0.7009826302528381
0.6900548934936523
0.6928642392158508
0.6754040718078613
0.6906428337097168
0.6961325407028198
0.6859732866287231
0.6777825355529785
0.69168621301651
0.6981364488601685
0.6879398226737976
0.6725375652313232
0.6779916286468506
0.690764307975769
0.6927654147148132
0.6911895275115967
0.6816484928131104
0.6841496825218201
0.685425877571106
0.678642749786377
0.6967872977256775
0.6789351105690002
0.6842502951622009
0.6975826025009155
0.6890242099761963
0.6808148622512817
0.6868694424629211
0.6874752044677734
0.6921918392181396
0.6821784377098083
0.6848446130752563
0.6908352375030518
0.6812086701393127
0.6801340579986572
0.692865252494812
0.6800351142883301
0.6793496608734131
0.6740902066230774
0.6978409886360168
0.6877525448799133
0.7026200294494629
0.6759214401245117
0.6774219870567322
0.6863035559654236
0.6937017440795898
0.6890389323234558
0.6922280788421631
0.6935216784477234
0.6685980558395386
0.6957207918167114
0.6898227334022522
0.689936101436615
0.6866892576217651
0.6943986415863037
0.696532130241394
0.7009149193763733
0.6958231329917908
0.6942602396011353
0.6909312605857849
0.6922490000724792
0.6817240118980408
0.6959216594696045
0.6906321048736572
0.6845099925994873
0.6860824823379517
0.688548743724823
0.69171541929245
0.692598819732666
0.6907176971435547
0.6950965523719788
0.6736351847648621
0.6958581805229187
0.6798071265220642
0.6977388858795166
0.679885983467102
0.6927491426467896
0.6901155710220337
0.6808738112449646
0.6806073784828186
0.6734007596969604
0.6878682971000671
0.6806613802909851
0.682620108127594
0.6829084157943726
0.6818140149116516
0.6777947545051575
0.6902815103530884
0.6916253566741943
0.6944260597229004
0.6885417103767395
0.6927318572998047
0.693632185459137
0.6843698024749756
0.6813378930091858
0.6823290586471558
0.6914709806442261
0.6899509429931641
0.6904187202453613
0.6892178058624268
0.6845983266830444
0.6780872941017151
0.6866320371627808
0.7011414766311646
0.6820952296257019
0.6935837268829346
0.6895757913589478
0.6859568953514099
0.68198561668396
0.6819909811019897
0.6846349835395813
0.6871837377548218
0.6896710991859436
0.7057703733444214
0.6918026804924011
0.6734762191772461
0.686360239982605
0.7014022469520569
0.6883175373077393
0.6920424103736877
0.685722291469574
0.6971651911735535
0.6901634931564331
0.7005729079246521
0.68044114112854
0.6910980939865112
0.6987826228141785
0.6823647022247314
0.6913202404975891
0.6824355721473694
0.6834415197372437
0.6909235715866089
0.6930826306343079
0.7022665143013
0.6848753690719604
0.6800909042358398
0.6984972357749939
0.6875019669532776
0.6883870363235474
0.6858969926834106
0.6812047362327576
0.6933515667915344
0.6996169686317444
0.6788520216941833
0.6876773834228516
0.6909038424491882
0.6848242282867432
0.6818167567253113
0.7071902751922607
0.6748297214508057
0.6834012269973755
0.697883129119873
0.686035692691803
0.6870238184928894
0.6955701112747192
0.6882033348083496
0.6777797937393188
0.6921741366386414
0.6862272024154663
0.6720800399780273
0.6819986701011658
0.6792993545532227
0.6925906538963318
0.6899372339248657
0.6959761381149292
0.6844044327735901
0.6837560534477234
0.680696427822113
0.6865431666374207
0.6799263954162598
0.6919479966163635
0.6902307271957397
0.6877259016036987
0.6876770257949829
0.6979553699493408
0.6947473883628845
0.6879273056983948
0.6716787219047546
0.684353768825531
0.6958410739898682
0.6876771450042725
0.6981496810913086
0.687808632850647
0.7013052105903625
0.6890172958374023
0.6749509572982788
0.6792370080947876
0.6968464851379395
0.6791839599609375
0.6781408786773682
0.6810240745544434
0.6878985166549683
0.6663235425949097
0.699413001537323
0.6800898313522339
0.678558886051178
0.6854288578033447
0.6850957274436951
0.6815787553787231
0.684426486492157
0.6835168600082397
0.6890124082565308
0.6886323094367981
0.6880080699920654
0.685798704624176
0.6926692724227905
0.6876711845397949
0.6889026165008545
0.6738147735595703
0.6800144910812378
0.6846029162406921
0.6862406730651855
0.6826122999191284
0.6905727386474609
0.6876212954521179
0.6806498765945435
0.6890254616737366
0.6897011399269104
0.6920411586761475
0.6860317587852478
0.704120934009552
0.70375657081604
0.6858170628547668
0.6993591785430908
0.6803361177444458
0.6781495809555054
0.6982530951499939
0.6858381032943726
0.6809468865394592
0.689126193523407
0.6773360371589661
0.6832514405250549
0.6786662340164185
0.6788617968559265
0.6932100653648376
0.686262845993042
0.6824381351470947
0.680736243724823
0.6762449741363525
0.6829275488853455
0.6804981231689453
0.6843345165252686
0.6895532011985779
0.6843382120132446
0.6914015412330627
0.6808148622512817
0.6960936188697815
0.6993716955184937
0.6820016503334045
0.6846282482147217
0.6991109848022461
0.7047193050384521
0.6888574361801147
0.6841736435890198
0.6961053013801575
0.6872950196266174
0.6851211786270142
0.6963416337966919
0.6846845746040344
0.6928319334983826
0.6817254424095154
0.6856688857078552
0.6983838677406311
0.6797548532485962
0.6829747557640076
0.6825509071350098
0.7000719308853149
0.6843541264533997
0.6906967759132385
0.6959459185600281
0.6848222017288208
0.6869258880615234
0.6886099576950073
0.6988016963005066
0.6959872841835022
0.6855871677398682
0.6823769211769104
0.6842824816703796
0.6798561811447144
0.6776325702667236
0.7019201517105103
0.6869767904281616
0.6827400326728821
0.6952486038208008
0.681602418422699
0.6760249137878418
0.6784269213676453
0.6858097314834595
0.6854768395423889
0.689031720161438
0.6873570680618286
0.6874657273292542
0.6734805703163147
0.7046297192573547
0.6718112230300903
0.687934398651123
0.7017269134521484
0.6968106031417847
0.6918253898620605
0.688060462474823
0.7069611549377441
0.6971461176872253
0.6811442375183105
0.6993547081947327
0.6838950514793396
0.7017302513122559
0.6857523918151855
0.7083691954612732
0.7059334516525269
0.6935986280441284
0.6794063448905945
0.7028591632843018
0.6911377310752869
0.701489269733429
0.6931790113449097
0.6950681209564209
0.7005391716957092
0.6864972710609436
0.6939003467559814
0.6936484575271606
0.6777904629707336
0.6916345953941345
0.6880472302436829
0.6848629117012024
0.6894458532333374
0.6831970810890198
0.6872125864028931
0.6813737154006958
0.6733126044273376
0.6875628232955933
0.6971421837806702
0.684653639793396
0.6891297698020935
0.6848307847976685
0.6891278028488159
0.6662934422492981
0.6846521496772766
0.6865938305854797
0.675552487373352
0.6903724074363708
0.686501145362854
0.6828212738037109
0.6931830644607544
0.6961560845375061
0.6997533440589905
0.6728464961051941
0.6865993142127991
0.7067928314208984
0.7012557983398438
0.6840048432350159
0.6961612105369568
0.6907946467399597
0.6992282867431641
0.6820715665817261
0.6867255568504333
0.6854234933853149
0.6941996812820435
0.6906424760818481
0.6925866007804871
0.6897550225257874
0.703069806098938
0.6892357468605042
0.6851853132247925
0.6847567558288574
0.6856904625892639
0.6876339316368103
0.6926777958869934
0.6896486282348633
0.6883140802383423
0.6815688014030457
0.6981089115142822
0.6796237230300903
0.678857684135437
0.6812694072723389
0.6870222091674805
0.7015590667724609
0.6945203542709351
0.6835903525352478
0.6827539205551147
0.7000883221626282
0.6911390423774719
0.6845450401306152
0.6963584423065186
0.6809839606285095
0.7054054737091064
0.67794269323349
0.6787747740745544
0.6892887353897095
0.7088257670402527
0.6752317547798157
0.6939680576324463
0.6782330870628357
0.6839438080787659
0.6715518236160278
0.682181715965271
0.6851453185081482
0.6848365664482117
0.6858939528465271
0.6960588097572327
0.6981590390205383
0.6977988481521606
0.6846475601196289
0.6838073134422302
0.6835405826568604
0.6915234327316284
0.6818752288818359
0.6923845410346985
0.6892682313919067
0.6868097186088562
0.699795126914978
0.6841404438018799
0.6913774609565735
0.6967293620109558
0.6820470690727234
0.6884658932685852
0.6852079629898071
0.6872717142105103
0.6758179068565369
0.6719626784324646
0.685945987701416
0.6905577182769775
0.6889240741729736
0.6858699917793274
0.6778704524040222
0.6909647583961487
0.6849878430366516
0.6770554780960083
0.6851253509521484
0.6860160231590271
0.6768746376037598
0.6924563050270081
0.685816764831543
0.6769074201583862
0.6819788813591003
0.6823157072067261
0.679419755935669
0.682802677154541
0.6951931715011597
0.6936343312263489
0.6774817705154419
0.6978792548179626
0.67013019323349
0.6927923560142517
0.6880511045455933
0.700390636920929
0.7020713686943054
0.7028265595436096
0.6794315576553345
0.6826006174087524
0.6978315114974976
0.6837002635002136
0.6768710017204285
0.697837233543396
0.6837390661239624
0.69063800573349
0.695002555847168
0.6971641182899475
0.6937978863716125
0.6901625394821167
0.672995924949646
0.6869233846664429
0.6817102432250977
0.6925240159034729
0.6879215240478516
0.6879100203514099
0.6865039467811584
0.6911123991012573
0.6725092530250549
0.683094322681427
0.6877667903900146
0.6918953657150269
0.6860468983650208
0.6747279763221741
0.6893801093101501
0.6869890689849854
0.6876735091209412
0.7047260999679565
0.6834790706634521
0.688041090965271
0.6780092716217041
0.6859723925590515
0.6936602592468262
0.6797033548355103
0.6843692660331726
0.6912044882774353
0.6949863433837891
0.6866388916969299
0.6844651103019714
0.6757660508155823
0.6884064674377441
0.6844056844711304
0.6798725128173828
0.6954689621925354
0.688078761100769
0.6906701326370239
0.6815721988677979
0.7009637355804443
0.6939757466316223
0.6930121779441833
0.685530960559845
0.6748078465461731
0.6846797466278076
0.6745185256004333
0.685497522354126
0.709010899066925
0.6967380046844482
0.6918244361877441
0.6770126223564148
0.6831592321395874
0.7038364410400391
0.7008808255195618
0.675982654094696
0.6804059743881226
0.6934723854064941
0.6979851722717285
0.7021176815032959
0.6801641583442688
0.7049526572227478
0.6880483031272888
0.7008341550827026
0.6877562999725342
0.6853270530700684
0.6778888702392578
0.6832190752029419
0.6891846656799316
0.6881538033485413
0.6926957964897156
0.6689894795417786
0.7034976482391357
0.6856568455696106
0.687645435333252
0.6671862006187439
0.6799758672714233
0.6831161379814148
0.6829462051391602
0.688902735710144
0.6742528676986694
0.6947417855262756
0.6916801929473877
0.67179274559021
0.686402440071106
0.6872449517250061
0.6849238276481628
0.6738795042037964
0.6832243204116821
0.6795095205307007
0.7023138999938965
0.6775948405265808
0.6922401785850525
0.6865736842155457
0.681147575378418
0.6925017237663269
0.6893604397773743
0.6787474155426025
0.6749768853187561
0.6858162879943848
0.7039170265197754
0.6928415894508362
0.6747703552246094
0.6815289855003357
0.673676609992981
0.6908138394355774
0.6829785108566284
0.6852618455886841
0.6816018223762512
0.6863030195236206
0.6865428686141968
0.6960738897323608
0.705896258354187
0.6802284717559814
0.7031143307685852
0.7086144685745239
0.6869603395462036
0.6833999156951904
0.6847750544548035
0.6813423037528992
0.6797965168952942
0.6897581219673157
0.7013062834739685
0.6755374670028687
0.6931582689285278
0.6953774690628052
0.6821438074111938
0.6947396993637085
0.7012817859649658
0.7030930519104004
0.6827629208564758
0.7023762464523315
0.669465959072113
0.6877507567405701
0.6852911710739136
0.6891604661941528
0.6900508999824524
0.689622700214386
0.6902437210083008
0.6954631209373474
0.683165967464447
0.6954607367515564
0.6816829442977905
0.6793767809867859
0.6879264116287231
0.7008193135261536
0.6866092085838318
0.668894350528717
0.710647702217102
0.6762956976890564
0.6902135610580444
0.679496705532074
0.7009837031364441
0.6842453479766846
0.6825144290924072
0.6741724014282227
0.6860949397087097
0.7047779560089111
0.6870244145393372
0.6960762143135071
0.6871867179870605
0.6862528920173645
0.6935307383537292
0.6872435808181763
0.6898975372314453
0.6812371015548706
0.6912481188774109
0.7023934721946716
0.6823522448539734
0.6928109526634216
0.6904016733169556
0.6762312054634094
0.6902344226837158
0.6654701828956604
0.6784769296646118
0.6797633171081543
0.700557291507721
0.6804744005203247
0.6920592188835144
0.6802980303764343
0.6923575401306152
0.6804090142250061
0.6832358241081238
0.6873756647109985
0.6893509030342102
0.6866725087165833
0.6799768805503845
0.6752467751502991
0.6743121147155762
0.6977072954177856
0.7052537798881531
0.671859622001648
0.6844781637191772
0.6873513460159302
0.6817400455474854
0.6977481245994568
0.6943774223327637
0.6800380945205688
0.691141664981842
0.682077169418335
0.6801202297210693
0.6822856068611145
0.6906397938728333
0.6879258155822754
0.688742458820343
0.6770600080490112
0.6693326830863953
0.68171626329422
0.6797462105751038
0.6946998238563538
0.683659017086029
0.698458731174469
0.6913043260574341
0.7049955129623413
0.6825215220451355
0.7068449854850769
0.6833996176719666
0.687735915184021
0.6970566511154175
0.691021203994751
0.6871936321258545
0.6958467364311218
0.6965118050575256
0.6815493702888489
0.6886032819747925
0.678373396396637
0.6950642466545105
0.687699556350708
0.6890462040901184
0.6878902316093445
0.6936749815940857
0.6884393692016602
0.6762006878852844
0.6761945486068726
0.6928337216377258
0.6947677135467529
0.6964622139930725
0.6759006381034851
0.693572461605072
0.6904058456420898
0.6923701763153076
0.6866395473480225
0.6842710971832275
0.6813820600509644
0.6860381364822388
0.6739773154258728
0.6969850659370422
0.6929320096969604
0.6971073150634766
0.6921284198760986
0.6827992796897888
0.6969462633132935
0.6759262681007385
0.6936817765235901
0.6947696208953857
0.6842942237854004
0.6909186840057373
0.6904638409614563
0.69511479139328
0.6860637068748474
0.6912779808044434
0.6862092614173889
0.691584050655365
0.6881893873214722
0.7084091901779175
0.6932340860366821
0.6831464767456055
0.6848140954971313
0.6764634847640991
0.6839027404785156
0.6918105483055115
0.7023054361343384
0.6923658847808838
0.7006086111068726
0.6915611624717712
0.6933484673500061
0.6863405704498291
0.6872579455375671
0.6810016632080078
0.7000686526298523
0.6655858755111694
0.6751665472984314
0.6737968921661377
0.6869202852249146
0.6869949698448181
0.6774341464042664
0.6954004764556885
0.6857603788375854
0.6832271218299866
0.6685611605644226
0.6819705367088318
0.6797928214073181
0.6809341311454773
0.6739205121994019
0.7001121640205383
0.6906464695930481
0.684868574142456
0.6881689429283142
0.6869746446609497
0.6794446110725403
0.6921105980873108
0.6849059462547302
0.6842730641365051
0.6812422275543213
0.6973854899406433
0.6936039924621582
0.683212161064148
0.7040032744407654
0.700710117816925
0.6898143887519836
0.6859172582626343
0.6851697564125061
0.6917681097984314
0.6973723769187927
0.6909139156341553
0.6806111931800842
0.6958774328231812
0.6961976885795593
0.6882645487785339
0.6906626224517822
0.705177903175354
0.671272873878479
0.6912557482719421
0.6710485816001892
0.6842164397239685
0.6884102821350098
0.6901112198829651
0.6916884779930115
0.6863400340080261
0.6821079254150391
0.6879369020462036
0.6831077933311462
0.6800905466079712
0.6844846606254578
0.6830765008926392
0.6881154179573059
0.6875619888305664
0.6852624416351318
0.6788495779037476
0.6850136518478394
0.6798074841499329
0.7048571109771729
0.6812161803245544
0.6888452768325806
0.6813188791275024
0.6860660314559937
0.6886487007141113
0.688774049282074
0.6940184235572815
0.6955700516700745
0.6822888851165771
0.6832557320594788
0.6921036243438721
0.6749841570854187
0.6769891381263733
0.672864556312561
0.692742109298706
0.6873688697814941
0.6853912472724915
0.678390622138977
0.6912523508071899
0.6849426627159119
0.6840323209762573
0.6858862042427063
0.6811236143112183
0.6929067373275757
0.6923972368240356
0.6810129284858704
0.6980066299438477
0.6735681295394897
0.6967147588729858
0.6811447739601135
0.688290536403656
0.6965587139129639
0.6924371719360352
0.6890163421630859
0.6893755197525024
0.6740526556968689
0.689081072807312
0.6868493556976318
0.6884557604789734
0.6928411722183228
0.6901103854179382
0.6848233342170715
0.6880747675895691
0.6913609504699707
0.6910723447799683
0.686945378780365
0.6802833080291748
0.6915591955184937
0.6885025501251221
0.6755526065826416
0.6981686353683472
0.6766135096549988
0.6966882348060608
0.6811641454696655
0.6927369832992554
0.6797547340393066
0.6849256157875061
0.6822598576545715
0.6826139092445374
0.670742928981781
0.6955565810203552
0.6816795468330383
0.6961049437522888
0.6812559962272644
0.6923495531082153
0.6946049928665161
0.6995536088943481
0.685701310634613
0.6767721772193909
0.7027948498725891
0.6878150105476379
0.6907476186752319
0.6913180351257324
0.6764535307884216
0.6918200850486755
0.6767313480377197
0.6856784224510193
0.6880454421043396
0.691878616809845
0.6802087426185608
0.6942911148071289
0.6768134832382202
0.6909018754959106
0.6904083490371704
0.6996554136276245
0.6958681344985962
0.6947311758995056
0.6888102889060974
0.6817952990531921
0.6776538491249084
0.6835638284683228
0.6984294056892395
0.6946534514427185
0.679402232170105
0.6906782388687134
0.6904920339584351
0.693109393119812
0.684406042098999
0.6902866363525391
0.6859988570213318
0.6827134490013123
0.6868329048156738
0.6936088800430298
0.6807564496994019
0.6849086880683899
0.6801024675369263
0.672461211681366
0.6810276508331299
0.6895241737365723
0.6954481601715088
0.6847472190856934
0.6939556002616882
0.6824544072151184
0.6796725988388062
0.6777257919311523
0.679039478302002
0.688662588596344
0.6963423490524292
0.682161271572113
0.6730190515518188
0.6878032088279724
0.680849552154541
0.6852289438247681
0.6957977414131165
0.7111663222312927
0.6844016313552856
0.69617760181427
0.6792241334915161
0.6959229707717896
0.6897283792495728
0.7215499877929688
0.6888924241065979
0.7001501321792603
0.6874327659606934
0.6755695343017578
0.6989904642105103
0.6917327642440796
0.6890741586685181
0.6825891733169556
0.6894868612289429
0.6879569888114929
0.6960545778274536
0.6772779226303101
0.6976399421691895
0.7051447033882141
0.687286913394928
0.6952874064445496
0.6857184171676636
0.6797629594802856
0.6922995448112488
0.6875133514404297
0.6983528733253479
0.682433009147644
0.6973415017127991
0.6788938045501709
0.6868960857391357
0.6978975534439087
0.6898119449615479
0.7005612254142761
0.6751846671104431
0.7023187875747681
0.6822793483734131
0.679935872554779
0.6804701685905457
0.6752179265022278
0.6790357232093811
0.6846902966499329
0.6870015263557434
0.6965233087539673
0.685942530632019
0.682457685470581
0.683566689491272
0.687382161617279
0.688484787940979
0.6986446380615234
0.6981852054595947
0.6857299208641052
0.7042542099952698
0.6844322681427002
0.6923788189888
0.6826187968254089
0.6718153953552246
0.6961785554885864
0.6680197715759277
0.6815058588981628
0.6852866411209106
0.6952892541885376
0.6791351437568665
0.6968729496002197
0.6875391006469727
0.6920952796936035
0.7057181596755981
0.7037525177001953
0.6854897737503052
0.6680645942687988
0.6901563405990601
0.6961286067962646
0.685007631778717
0.6853195428848267
0.6872304081916809
0.6899800300598145
0.6807677745819092
0.6959872841835022
0.6961876153945923
0.6784359216690063
0.6991313695907593
0.6964159607887268
0.7028917074203491
0.6859379410743713
0.6889957189559937
0.6746445298194885
0.6893035769462585
0.6866818070411682
0.6842371821403503
0.6823562383651733
0.6792758703231812
0.6921794414520264
0.696182370185852
0.6909160614013672
0.6932412385940552
0.683539628982544
0.6853039264678955
0.694075882434845
0.6869683265686035
0.6770628690719604
0.6884186267852783
0.6844221353530884
0.6796948909759521
0.6853867173194885
0.6910986304283142
0.6945394277572632
0.6845309138298035
0.693278968334198
0.6789268255233765
0.6943800449371338
0.6746170520782471
0.6796444058418274
0.6779360175132751
0.7122704386711121
0.7060059905052185
0.683466374874115
0.6876684427261353
0.6945865154266357
0.6876147389411926
0.7033005952835083
0.694088876247406
0.6993675231933594
0.6858905553817749
0.6782445907592773
0.6821631789207458
0.6929694414138794
0.6884692311286926
0.6769263744354248
0.6846098899841309
0.6769959926605225
0.682888925075531
0.6883829236030579
0.6869010329246521
0.68621826171875
0.6819902658462524
0.6928294897079468
0.700874388217926
0.6952288746833801
0.68569016456604
0.6828797459602356
0.6935323476791382
0.6906485557556152
0.688366174697876
0.6814700365066528
0.6742427945137024
0.6856624484062195
0.6999573111534119
0.6882824897766113
0.6838050484657288
0.6918057799339294
0.6860980987548828
0.6798662543296814
0.6842019557952881
0.6878871917724609
0.6813073754310608
0.6783438324928284
0.685462236404419
0.6802403330802917
0.6816390752792358
0.6901454329490662
0.6884675025939941
0.6974359154701233
0.68760085105896
0.7026312351226807
0.6876755356788635
0.6717613339424133
0.689451277256012
0.6898328065872192
0.6992188692092896
0.6868853569030762
0.6934661269187927
0.6826852560043335
0.6841347217559814
0.6816695928573608
0.6873998641967773
0.6917117238044739
0.7049232125282288
0.6959097981452942
0.6785027980804443
0.6805210113525391
0.6880313754081726
0.6760562658309937
0.687493085861206
0.6784496307373047
0.6838461756706238
0.6924575567245483
0.6886535882949829
0.6877557635307312
0.6867735385894775
0.6767584085464478
0.6821855306625366
0.6788286566734314
0.6818575263023376
0.6867864727973938
0.6814818382263184
0.6984937191009521
0.6826708316802979
0.6912592649459839
0.6948127150535583
0.6750052571296692
0.6959534883499146
0.6856023073196411
0.6956996917724609
0.6757702827453613
0.6893891096115112
0.6913905739784241
0.6803447604179382
0.6739217638969421
0.6828098893165588
0.7046438455581665
0.6962195038795471
0.6935123205184937
0.6759511232376099
0.6892411112785339
0.6999648809432983
0.6961143612861633
0.687637209892273
0.7055705189704895
0.6925192475318909
0.6933343410491943
0.6895630955696106
0.679111123085022
0.6869202256202698
0.6786515116691589
0.6952348947525024
0.6804157495498657
0.685965895652771
0.6884177327156067
0.6811017394065857
0.6837740540504456
0.692847490310669
0.6963729858398438
0.6889399886131287
0.6767886877059937
0.6806191205978394
0.6849579215049744
0.6974846720695496
0.6794704794883728
0.6992136240005493
0.674484372138977
0.6964319348335266
0.682636559009552
0.682993471622467
0.6912515759468079
0.6845059394836426
0.6977338194847107
0.6884188652038574
0.6798632144927979
0.6772376894950867
0.6907959580421448
0.6877821683883667
0.6803507208824158
0.6803364753723145
0.6915416121482849
0.6766486763954163
0.6847265362739563
0.675574779510498
0.6801702380180359
0.6989704370498657
0.6844416260719299
0.6993704438209534
0.7009614109992981
0.677638053894043
0.7009430527687073
0.6965450644493103
0.6770796179771423
0.6757431626319885
0.6837272047996521
0.6967676877975464
0.6898992657661438
0.7018601298332214
0.6695419549942017
0.6769729852676392
0.7098406553268433
0.700471818447113
0.6906843781471252
0.6754955649375916
0.6805716753005981
0.6914041042327881
0.682516872882843
0.6995019912719727
0.6817559599876404
0.6871159076690674
0.6938928961753845
0.6770504117012024
0.6786876320838928
0.6979737281799316
0.6789941787719727
0.6945729851722717
0.6867845058441162
0.6917746663093567
0.68783038854599
0.6973029375076294
0.6979443430900574
0.7054721713066101
0.7024360299110413
0.6729324460029602
0.6914309859275818
0.6890354156494141
0.6921033263206482
0.6871146559715271
0.6938844323158264
0.6992221474647522
0.6837486028671265
0.6882826089859009
0.6853348016738892
0.6928634643554688
0.6862790584564209
0.6814543604850769
0.6880156397819519
0.6845096945762634
0.6828327775001526
0.6807636022567749
0.6833614706993103
0.673643946647644
0.7041242122650146
0.6781281232833862
0.7054442763328552
0.6867255568504333
0.6716374158859253
0.6903972029685974
0.6838558912277222
0.689852774143219
0.6776601672172546
0.6834880113601685
0.6867972612380981
0.6937365531921387
0.6911816596984863
0.6906693577766418
0.6830292344093323
0.6776929497718811
0.6959124207496643
0.7069799304008484
0.6899868845939636
0.6867172122001648
0.7022521495819092
0.6715351939201355
0.6822500228881836
0.6723560094833374
0.6823681592941284
0.690630316734314
0.681058943271637
0.6847555637359619
0.6917741298675537
0.6736658215522766
0.684343159198761
0.6730785965919495
0.6830310225486755
0.678071141242981
0.6894820332527161
0.7002850770950317
0.688320517539978
0.7009658813476562
0.6792060732841492
0.6858835220336914
0.6898224949836731
0.6900022625923157
0.7034530639648438
0.6903719902038574
0.674174964427948
0.6804981827735901
0.6932111978530884
0.6781007051467896
0.6940981149673462
0.693421483039856
0.6778841018676758
0.6860264539718628
0.6745256781578064
0.6799494028091431
0.6810331344604492
0.6838074922561646
0.697752058506012
0.6778380274772644
0.6936472654342651
0.6828625202178955
0.6770944595336914
0.6896753311157227
0.689423680305481
0.677933931350708
0.6811472773551941
0.6923252940177917
0.6839593648910522
0.6929587721824646
0.6745184063911438
0.6957877278327942
0.680194079875946
0.6913983821868896
0.6824564337730408
0.6723164319992065
0.6865153312683105
0.6974427700042725
0.6943200826644897
0.6808823347091675
0.688467264175415
0.6749864220619202
0.6859354972839355
0.6662931442260742
0.6761597990989685
0.6924701929092407
0.699912428855896
0.6883299350738525
0.6847302913665771
0.6897488236427307
0.6935210227966309
0.6810318231582642
0.6851556897163391
0.6856968402862549
0.6840227246284485
0.6914541125297546
0.6776891946792603
0.6874745488166809
0.683541476726532
0.6844359636306763
0.6944378614425659
0.6817183494567871
0.6910828351974487
0.6681214570999146
0.6745359897613525
0.6768273711204529
0.6927244067192078
0.680432140827179
0.696483314037323
0.6821442246437073
0.7027218341827393
0.68832927942276
0.6907474398612976
0.6945485472679138
0.6891002058982849
0.681199848651886
0.698880136013031
0.6899284720420837
0.6901770234107971
0.6933444142341614
0.6920691132545471
0.6847680807113647
0.6798955798149109
0.6850669980049133
0.697347104549408
0.6910218000411987
0.6895233988761902
0.6767294406890869
0.6721923351287842
0.6850012540817261
0.676246166229248
0.6865841746330261
0.6897687315940857
0.683722734451294
0.6840314865112305
0.681917667388916
0.6856585741043091
0.6773788928985596
0.6909512877464294
0.686634361743927
0.6875436902046204
0.6849573254585266
0.6945693492889404
0.6794937252998352
0.6972087621688843
0.691976010799408
0.6852335929870605
0.6751237511634827
0.6902593970298767
0.6862026453018188
0.6849369406700134
0.6925790309906006
0.6879028081893921
0.6947842836380005
0.6948220133781433
0.676482081413269
0.6897314190864563
0.6909689903259277
0.690115213394165
0.6910861730575562
0.690100908279419
0.6794639825820923
0.680998682975769
0.6911659836769104
0.7025417685508728
0.6940349340438843
0.6693247556686401
0.6877460479736328
0.6869650483131409
0.6998881697654724
0.6922995448112488
0.6850413680076599
0.6908248066902161
0.6634964942932129
0.6846557855606079
0.6750478148460388
0.6915407180786133
0.6845656037330627
0.6889780163764954
0.690140962600708
0.6862096786499023
0.6910010576248169
0.7087029218673706
0.683759868144989
0.698392391204834
0.6947816610336304
0.6845802068710327
0.6857433915138245
0.7028370499610901
0.6875606775283813
0.6910114288330078
0.680978536605835
0.680183470249176
0.6823645830154419
0.7006914615631104
0.6791400909423828
0.6780589818954468
0.6884452104568481
0.6938285827636719
0.690312922000885
0.697221040725708
0.6949165463447571
0.6809822916984558
0.6810572147369385
0.6950875520706177
0.6918533444404602
0.6878213882446289
0.6807961463928223
0.6882511973381042
0.6973539590835571
0.684495210647583
0.6895462274551392
0.6952722668647766
0.688240647315979
0.6885177493095398
0.6877105236053467
0.6840614676475525
0.6999009847640991
0.6885653734207153
0.6890449523925781
0.7012680172920227
0.6869487166404724
0.6874874234199524
0.7027663588523865
0.6912704706192017
0.6979042887687683
0.6867123246192932
0.6889755725860596
0.6998802423477173
0.6871097683906555
0.6799315214157104
0.6827856302261353
0.6778082251548767
0.68739253282547
0.6941682696342468
0.6891902685165405
0.6919692754745483
0.6772823333740234
0.6840306520462036
0.6902803182601929
0.6998205184936523
0.6857253909111023
0.6970008611679077
0.687793493270874
0.6894270181655884
0.6865034103393555
0.6881071925163269
0.6952552199363708
0.6843927502632141
0.6982666254043579
0.6886508464813232
0.6854645609855652
0.6840383410453796
0.6921982765197754
0.6922106742858887
0.6931803226470947
0.6910791397094727
0.6850699782371521
0.6900034546852112
0.6793562769889832
0.6944275498390198
0.6840046644210815
0.6830335259437561
0.6741013526916504
0.6850143671035767
0.6839433312416077
0.6879417300224304
0.676552414894104
0.6777793169021606
0.6975345015525818
0.6825010180473328
0.6833803653717041
0.6891807913780212
0.6844648718833923
0.6974116563796997
0.6839117407798767
0.6857250928878784
0.6774114966392517
0.6828504204750061
0.6881424188613892
0.687777578830719
0.6755968332290649
0.7077406644821167
0.6805411577224731
0.6894741654396057
0.6864445209503174
0.6801533699035645
0.6823557019233704
0.67551589012146
0.693242609500885
0.6774026155471802
0.6970146894454956
0.6933163404464722
0.6817382574081421
0.6861352324485779
0.6902227401733398
0.689173698425293
0.6878597736358643
0.6847387552261353
0.6868462562561035
0.6690696477890015
0.6856963634490967
0.6842300295829773
0.6798244118690491
0.6765485405921936
0.6809832453727722
0.6841220855712891
0.6995225548744202
0.6892611980438232
0.6805566549301147
0.6851317882537842
0.6871979236602783
0.684565007686615
0.6833166480064392
0.6927185654640198
0.695180356502533
0.7025631070137024
0.6892983317375183
0.6888903379440308
0.6866861581802368
0.7013185024261475
0.6876209378242493
0.6910043358802795
0.6850895881652832
0.6784244179725647
0.6723844408988953
0.6987581253051758
0.6883063316345215
0.6867873072624207
0.6935756802558899
0.6861631870269775
0.692750096321106
0.6980600357055664
0.6926411390304565
0.6977239847183228
0.6808978319168091
0.6816613078117371
0.6925222277641296
0.6899281740188599
0.6770212650299072
0.6874756217002869
0.6987717747688293
0.6862529516220093
0.6784437298774719
0.679938554763794
0.6961209774017334
0.6842847466468811
0.6890172362327576
0.6922636032104492
0.6949124932289124
0.6822226643562317
0.6824694871902466
0.6799420118331909
0.7049370408058167
0.6941084861755371
0.6830552816390991
0.6838082075119019
0.6753188967704773
0.6819930076599121
0.7047922611236572
0.6856119632720947
0.6719638109207153
0.6939253211021423
0.6801088452339172
0.7065867185592651
0.6870254278182983
0.6715346574783325
0.6876336932182312
0.6790716052055359
0.6919928193092346
0.6967594623565674
0.6938266754150391
0.6819428205490112
0.6849656701087952
0.686516284942627
0.6953868269920349
0.6894035339355469
0.7096789479255676
0.6800587177276611
0.7011978030204773
0.6805768013000488
0.6753523349761963
0.6899718046188354
0.6845760941505432
0.690071702003479
0.6900333166122437
0.6773074865341187
0.6883001327514648
0.696666955947876
0.6935351490974426
0.6928550004959106
0.6900001168251038
0.6842348575592041
0.6840986013412476
0.6852990984916687
0.7016904950141907
0.6794036626815796
0.6909750699996948
0.6837619543075562
0.6893472671508789
0.6878643035888672
0.6920410394668579
0.6814683079719543
0.6919287443161011
0.6729727387428284
0.6795104146003723
0.6868777871131897
0.7028979659080505
0.6935592293739319
0.6817522644996643
0.6840025782585144
0.6903308033943176
0.6911852955818176
0.6951922178268433
0.6852357983589172
0.6889182329177856
0.6924235224723816
0.6962054967880249
0.6956888437271118
0.6797810196876526
0.6766285300254822
0.685250997543335
0.700014054775238
0.6766607165336609
0.6767266988754272
0.6980785727500916
0.6843174695968628
0.6830300092697144
0.6734855771064758
0.68906569480896
0.6869893670082092
0.6902231574058533
0.6807580590248108
0.6801318526268005
0.6837544441223145
0.690497875213623
0.6816920638084412
0.6821944713592529
0.695077657699585
0.6903554797172546
0.6852284073829651
0.7000692486763
0.6920719742774963
0.7001667618751526
0.6788918375968933
0.6984028816223145
0.6765255331993103
0.6846599578857422
0.6978143453598022
0.6786183714866638
0.6988685727119446
0.6833336353302002
0.6813665628433228
0.6776487231254578
0.680479884147644
0.6914463043212891
0.6940517425537109
0.6870522499084473
0.6866978406906128
0.6902058124542236
0.6853363513946533
0.6908004283905029
0.681065022945404
0.6894092559814453
0.7035446166992188
0.6899223923683167
0.6856133341789246
0.6830495595932007
0.6905383467674255
0.6908692717552185
0.6866416335105896
0.6892746686935425
0.6744461059570312
0.6883317232131958
0.7093624472618103
0.6980171799659729
0.6685754060745239
0.6920089721679688
0.6862329840660095
0.6877822279930115
0.6905650496482849
0.685030996799469
0.6942246556282043
0.6767547726631165
0.6831389665603638
0.6971475481987
0.6806684136390686
0.6845111846923828
0.6766104698181152
0.6835498809814453
0.6802946329116821
0.6865700483322144
0.6956886649131775
0.7022767066955566
0.6895337700843811
0.6868404746055603
0.6870832443237305
0.6819131374359131
0.6695438027381897
0.6833308339118958
0.682117223739624
0.6987336874008179
0.6865620613098145
0.6823689341545105
0.687814474105835
0.6981184482574463
0.6912075281143188
0.6858838796615601
0.6952852010726929
0.6794622540473938
0.6820504665374756
0.6999896168708801
0.6876587867736816
0.683497428894043
0.6952409744262695
0.6836740374565125
0.6770283579826355
0.6784999966621399
0.690014123916626
0.6926705241203308
0.6758154630661011
0.68598872423172
0.6931309700012207
0.6913381814956665
0.6856864094734192
0.6853978037834167
0.679959237575531
0.6838563084602356
0.6925016045570374
0.6792799830436707
0.6785204410552979
0.6984376311302185
0.6909469366073608
0.6707019209861755
0.6991090178489685
0.681290328502655
0.6914655566215515
0.687414288520813
0.6852824091911316
0.6860485076904297
0.6900199055671692
0.682532787322998
0.6798839569091797
0.6897912621498108
0.6887030005455017
0.6872928142547607
0.6912574768066406
0.6852049827575684
0.6943578124046326
0.6765456199645996
0.6827935576438904
0.6850557327270508
0.6843816637992859
0.6897621750831604
0.6845340728759766
0.6761556267738342
0.7137937545776367
0.686408519744873
0.6902669072151184
0.6862134337425232
0.6871570944786072
0.6860936880111694
0.6798549294471741
0.6940245032310486
0.6933545470237732
0.7099337577819824
0.693803608417511
0.6821141839027405
0.6901687383651733
0.6782591342926025
0.6880695819854736
0.6763381958007812
0.6809623837471008
0.6930893659591675
0.6878174543380737
0.6990768313407898
0.6920610070228577
0.682200014591217
0.6850206851959229
0.6916289925575256
0.7065487504005432
0.6851410865783691
0.6789712905883789
0.6800225973129272
0.7009754180908203
0.6909050941467285
0.6856001019477844
0.690588116645813
0.6857048273086548
0.6884903311729431
0.6984284520149231
0.6805996298789978
0.6884610652923584
0.6787640452384949
0.6787200570106506
0.6932823657989502
0.6926053762435913
0.6942592859268188
0.6917429566383362
0.6901919841766357
0.6897124648094177
0.7009073495864868
0.6886365413665771
0.6930540204048157
0.6789810657501221
0.6814874410629272
0.6933227777481079
0.6860308051109314
0.696992814540863
0.6769632697105408
0.6789479851722717
0.6788619756698608
0.6917192935943604
0.6850956678390503
0.6836469173431396
0.6929439902305603
0.6922321915626526
0.6904933452606201
0.695464551448822
0.7013131380081177
0.675065815448761
0.7045941352844238
0.6901760697364807
0.6842029094696045
0.6883124113082886
0.6873202919960022
0.6859990954399109
0.6889474987983704
0.6843997240066528
0.6893038153648376
0.685102105140686
0.6815822720527649
0.6900427341461182
0.6874184608459473
0.681406557559967
0.6788493394851685
0.6999098658561707
0.6880585551261902
0.6947651505470276
0.6732159852981567
0.6810909509658813
0.6849758625030518
0.6750738620758057
0.691558301448822
0.6957931518554688
0.6911457777023315
0.6874050498008728
0.6855133175849915
0.6744440197944641
0.698857843875885
0.6837244033813477
0.6934477686882019
0.681969165802002
0.6825882196426392
0.674997091293335
0.6856711506843567
0.6882332563400269
0.6640154123306274
0.6894358992576599
0.6992232203483582
0.6864062547683716
0.6923479437828064
0.6880553960800171
0.6860136985778809
0.679574728012085
0.6883367896080017
0.6869716644287109
0.6791741251945496
0.6976903676986694
0.6768866777420044
0.6942126750946045
0.6860399842262268
0.6759703159332275
0.6859836578369141
0.6983222365379333
0.6789706349372864
0.6783405542373657
0.6815938353538513
0.6955801844596863
0.6813353300094604
0.6879377365112305
0.6876581311225891
0.6888109445571899
0.688101053237915
0.6779845356941223
0.6962310075759888
0.6954147219657898
0.6875461339950562
0.6589231491088867
0.671457052230835
0.6833122372627258
0.685012698173523
0.6803250908851624
0.6773850321769714
0.6766695380210876
0.6859440803527832
0.6751160025596619
0.6887800693511963
0.6792898774147034
0.6708192229270935
0.692115068435669
0.692412793636322
0.689179003238678
0.6864447593688965
0.6910316944122314
0.6842420101165771
0.6882096529006958
0.6967023611068726
0.6958867311477661
0.6895255446434021
0.7098201513290405
0.6851410865783691
0.6861061453819275
0.6891916990280151
0.6883768439292908
0.6906932592391968
0.6955302357673645
0.6882076859474182
0.6947837471961975
0.6827989816665649
0.6804289221763611
0.6870661377906799
0.6862209439277649
0.6838688254356384
0.684508204460144
0.6842595934867859
0.6704203486442566
0.6818238496780396
0.6788563132286072
0.6860488057136536
0.6896342635154724
0.6721540093421936
0.684207022190094
0.6779595613479614
0.6753864884376526
0.6924862265586853
0.6896239519119263
0.6961279511451721
0.684698760509491
0.6958436965942383
0.6797505021095276
0.6913037300109863
0.6804009675979614
0.6981080174446106
0.6893408298492432
0.6815229654312134
0.6886254549026489
0.6856783628463745
0.6720128655433655
0.673958957195282
0.6814092993736267
0.690362274646759
0.6844353079795837
0.6908148527145386
0.6903973817825317
0.704189121723175
0.691388726234436
0.6864402294158936
0.6971033811569214
0.6991662979125977
0.6760138273239136
0.6877230405807495
0.6901748180389404
0.6913256645202637
0.6816691756248474
0.6848114132881165
0.6786119937896729
0.6814670562744141
0.6918838620185852
0.6900358200073242
0.6857627034187317
0.7131473422050476
0.6851892471313477
0.6856871843338013
0.6869385242462158
0.6928628087043762
0.6750956177711487
0.6920888423919678
0.6910707950592041
0.6989339590072632
0.6919752955436707
0.6972826719284058
0.6940916776657104
0.6714551448822021
0.6947401762008667
0.6862606406211853
0.6895053386688232
0.6936356425285339
0.6859129667282104
0.6742146015167236
0.6905487179756165
0.6796073317527771
0.6798869371414185
0.6906527876853943
0.6835238933563232
0.6912410259246826
0.6856178641319275
0.6876090168952942
0.6829356551170349
0.7009545564651489
0.6809462308883667
0.6751362681388855
0.6765333414077759
0.6902370452880859
0.6945130825042725
0.6741892695426941
0.6893171668052673
0.6805540323257446
0.6727900505065918
0.6883163452148438
0.6884821057319641
0.6823462247848511
0.7083144187927246
0.710033655166626
0.6824020147323608
0.6967211365699768
0.6896913051605225
0.6779450178146362
0.6832846999168396
0.6871755719184875
0.6990655660629272
0.6834421157836914
0.682280957698822
0.6766660213470459
0.6864632368087769
0.6902235150337219
0.687515139579773
0.6846535205841064
0.6893495321273804
0.6674526929855347
0.6858077049255371
0.6812566518783569
0.6999492645263672
0.7088837027549744
0.6857237219810486
0.6851941347122192
0.6992177963256836
0.6983158588409424
0.6904569864273071
0.6952106952667236
0.680143415927887
0.6828035116195679
0.6987769603729248
0.6865286231040955
0.6804531216621399
0.6837984919548035
0.6948001384735107
0.6901745200157166
0.6821985840797424
0.6814009547233582
0.6868345141410828
0.6826426982879639
0.6798182129859924
0.6923345923423767
0.6925402879714966
0.6732387542724609
0.6839867830276489
0.6898999810218811
0.6836325526237488
0.6895949840545654
0.6929246187210083
0.690512478351593
0.6997769474983215
0.6867956519126892
0.6765837669372559
0.6818506121635437
0.7002067565917969
0.6959673166275024
0.6934033632278442
0.6994029879570007
0.6916763186454773
0.6874938607215881
0.6740763783454895
0.7023486495018005
0.6899523138999939
0.6838984489440918
0.6919153332710266
0.6842610239982605
0.6789010763168335
0.681289553642273
0.7079924941062927
0.6901262402534485
0.6714824438095093
0.6901296973228455
0.6973358392715454
0.6991068720817566
0.6955121159553528
0.6699178814888
0.683694064617157
0.6893389225006104
0.6932669281959534
0.695627748966217
0.6881546974182129
0.6793273091316223
0.6888871192932129
0.6773112416267395
0.6757757067680359
0.6828305125236511
0.6963845491409302
0.6974125504493713
0.6747975945472717
0.6887984871864319
0.6806421279907227
0.6818891167640686
0.68272465467453
0.675470769405365
0.6840672492980957
0.6965004801750183
0.6832088232040405
0.7026345133781433
0.6863424181938171
0.6948813796043396
0.6868221759796143
0.6863410472869873
0.6829844117164612
0.6888219118118286
0.6923844218254089
0.6857801079750061
0.6844889521598816
0.6886900663375854
0.684589684009552
0.6877048015594482
0.6849291324615479
0.6798074245452881
0.6837520003318787
0.6924731731414795
0.6870465278625488
0.6855251789093018
0.6801248788833618
0.6945608854293823
0.6719765067100525
0.6884959936141968
0.6949130892753601
0.6929018497467041
0.6735628247261047
0.6861263513565063
0.6821213960647583
0.6779001951217651
0.6816605925559998
0.6908107995986938
0.6782019734382629
0.6847208142280579
0.6754204630851746
0.6837812066078186
0.6712221503257751
0.6835465431213379
0.7010153532028198
0.680628776550293
0.6895254850387573
0.6771231889724731
0.6854689121246338
0.6903747916221619
0.6888103485107422
0.6738160252571106
0.6881372928619385
0.6986889839172363
0.6740866303443909
0.6757926344871521
0.6863635778427124
0.699346661567688
0.6830578446388245
0.6849344968795776
0.6776665449142456
0.6865237951278687
0.6785063147544861
0.6812155246734619
0.7067932486534119
0.6831322312355042
0.6823267340660095
0.7026753425598145
0.6847061514854431
0.6820523738861084
0.6765558123588562
0.6808091998100281
0.6922277808189392
0.6704999208450317
0.6901775002479553
0.6896173357963562
0.6980968117713928
0.6865369081497192
0.6749719977378845
0.681424081325531
0.6976009607315063
0.6887704133987427
0.6823817491531372
0.6777408123016357
0.6892989277839661
0.6879948973655701
0.690165102481842
0.6967642903327942
0.6905820369720459
0.6873508095741272
0.6864608526229858
0.6848960518836975
0.6850773692131042
0.6832917928695679
0.6859491467475891
0.6926947832107544
0.6844698786735535
0.6840783357620239
0.6776759624481201
0.6888992786407471
0.6875846982002258
0.6906915307044983
0.699018657207489
0.6803160309791565
0.6968249082565308
0.6924495100975037
0.7052295804023743
0.6887072920799255
0.6848397850990295
0.6997968554496765
0.6912155151367188
0.6930273771286011
0.6873215436935425
0.6820539236068726
0.6847872138023376
0.6909840106964111
0.686053991317749
0.6829370260238647
0.6912042498588562
0.7032965421676636
0.6726400852203369
0.6850244998931885
0.6893633604049683
0.6844048500061035
0.6765862703323364
0.6880517601966858
0.6851838231086731
0.6779795289039612
0.704043984413147
0.6886231303215027
0.6819822788238525
0.6847355961799622
0.683904230594635
0.7024043202400208
0.7024566531181335
0.6867324709892273
0.6859687566757202
0.6888527274131775
0.6720504760742188
0.6932936310768127
0.6761157512664795
0.686469316482544
0.6742841005325317
0.6819876432418823
0.6912533044815063
0.6785198450088501
0.7039321064949036
0.6846312284469604
0.6830602884292603
0.696010410785675
0.688230037689209
0.696265459060669
0.6926190853118896
0.6948553919792175
0.6843889951705933
0.6896241307258606
0.6882811784744263
0.7102694511413574
0.6927075386047363
0.6991666555404663
0.6978132128715515
0.6809307932853699
0.6848182082176208
0.6770145297050476
0.680690348148346
0.7003358006477356
0.6926486492156982
0.6897679567337036
0.6953742504119873
0.6804991364479065
0.680705726146698
0.679726779460907
0.6857054233551025
0.6831294894218445
0.6931329965591431
0.690329372882843
0.6904020309448242
0.6846873164176941
0.6814650297164917
0.6771231293678284
0.6928372979164124
0.6924397349357605
0.6943720579147339
0.7017466425895691
0.6890203356742859
0.6790961027145386
0.6891881823539734
0.6852535605430603
0.6882876753807068
0.6861041784286499
0.696030855178833
0.6875659823417664
0.6941908597946167
0.6973094344139099
0.6835008859634399
0.6792790293693542
0.6686137318611145
0.6806293725967407
0.6943822503089905
0.6982243061065674
0.6935499906539917
0.6849687695503235
0.6868857741355896
0.6975330114364624
0.6946741938591003
0.6949231624603271
0.6746571063995361
0.6840974688529968
0.6772034168243408
0.6702006459236145
0.6925671100616455
0.6740411520004272
0.6801583170890808
0.6685741543769836
0.6728819608688354
0.6981439590454102
0.6757669448852539
0.6813393235206604
0.6996796727180481
0.6788730621337891
0.6796696186065674
0.6866036653518677
0.6922654509544373
0.6848832368850708
0.6851981282234192
0.6860958337783813
0.6807668209075928
0.6950836181640625
0.7005041837692261
0.6894614696502686
0.6816328763961792
0.6874684691429138
0.6846943497657776
0.6949235796928406
0.6745509505271912
0.6922903060913086
0.6863393187522888
0.6737932562828064
0.6815632581710815
0.6899400949478149
0.6804336905479431
0.6957300305366516
0.6856650710105896
0.6905441880226135
0.6956696510314941
0.6991119980812073
0.6861603856086731
0.6815217733383179
0.6817805767059326
0.6963081359863281
0.6899780035018921
0.6967142820358276
0.6787298917770386
0.6835518479347229
0.6797059178352356
0.6897477507591248
0.6774277091026306
0.6839373111724854
0.6815977692604065
0.6838135123252869
0.6701231002807617
0.6945653557777405
0.6710166931152344
0.6821141839027405
0.6850600242614746
0.6870962381362915
0.6801882386207581
0.6864486932754517
0.6906166672706604
0.6885808110237122
0.6803179383277893
0.6860772967338562
0.6893001198768616
0.681713342666626
0.6939179301261902
0.6839422583580017
0.6793674826622009
0.6780531406402588
0.6668575406074524
0.6872025728225708
0.6854159832000732
0.702902615070343
0.6839020848274231
0.6965829730033875
0.68796306848526
0.6938643455505371
0.6817104816436768
0.6885943412780762
0.682799756526947
0.6845014095306396
0.696871817111969
0.6975231766700745
0.684172511100769
0.7002827525138855
0.6967417597770691
0.6888977885246277
0.6916014552116394
0.6865825057029724
0.6981570720672607
0.6904347538948059
0.6943202614784241
0.6878211498260498
0.6738650798797607
0.6854649186134338
0.6870315670967102
0.702199399471283
0.6883329153060913
0.6882569789886475
0.6849804520606995
0.693198561668396
0.6993088722229004
0.696808397769928
0.6772645115852356
0.6782206892967224
0.6815042495727539
0.6785303354263306
0.6891219019889832
0.6807538866996765
0.675615668296814
0.6830108165740967
0.6802099347114563
0.6876006126403809
0.6903359293937683
0.7013998031616211
0.6793439984321594
0.6720582842826843
0.6847946643829346
0.6948219537734985
0.6943182945251465
0.6905087232589722
0.6932315826416016
0.6857364773750305
0.6817430853843689
0.7008401155471802
0.6906052231788635
0.6758667230606079
0.689873456954956
0.6782330870628357
0.6809205412864685
0.6821823120117188
0.6935789585113525
0.6902058124542236
0.6929476261138916
0.6799648404121399
0.6930143237113953
0.6974321007728577
0.690872073173523
0.6844683289527893
0.6796414852142334
0.6838710904121399
0.6763067245483398
0.6949816346168518
0.6933625340461731
0.6769839525222778
0.6716870069503784
0.6855303049087524
0.6952564716339111
0.689226508140564
0.6806162595748901
0.6885851621627808
0.689898669719696
0.6936456561088562
0.6826952695846558
0.6902995705604553
0.6801323890686035
0.690312922000885
0.7058859467506409
0.6894223690032959
0.671776533126831
0.6811127662658691
0.6907509565353394
0.6923016905784607
0.6868730187416077
0.686921238899231
0.6923850178718567
0.7009963989257812
0.6783791780471802
0.687915027141571
0.6969348788261414
0.683853030204773
0.7062476277351379
0.6762363314628601
0.6774287223815918
0.7017685174942017
0.6877057552337646
0.6900983452796936
0.6870297789573669
0.6909398436546326
0.6931930780410767
0.6902858018875122
0.6844068169593811
0.7106907367706299
0.6838858723640442
0.6795332431793213
0.6803926825523376
0.6847893595695496
0.7015985250473022
0.6817483901977539
0.6855231523513794
0.687021017074585
0.6813207864761353
0.7046235203742981
0.6936281323432922
0.6895065307617188
0.6690387725830078
0.6857908964157104
0.6880344152450562
0.6982325315475464
0.6928791999816895
0.6814780235290527
0.685797393321991
0.679555356502533
0.682744026184082
0.6858681440353394
0.6766705513000488
0.6909148097038269
0.6869877576828003
0.6849986910820007
0.6972948908805847
0.6728464365005493
0.6730114817619324
0.6882418394088745
0.7057567238807678
0.6886696219444275
0.6895877122879028
0.7064186930656433
0.6866245269775391
0.6977435946464539
0.7051751017570496
0.6929700970649719
0.6680237054824829
0.680683970451355
0.6851233243942261
0.690139889717102
0.689946711063385
0.6958592534065247
0.7134232521057129
0.6802341341972351
0.6753891706466675
0.6860582232475281
0.6909351944923401
0.7015888690948486
0.7024002075195312
0.6721894145011902
0.6856950521469116
0.6991569399833679
0.6827825903892517
0.6992864608764648
0.6855987906455994
0.6837382912635803
0.6854023337364197
0.6807564496994019
0.6897562146186829
0.6787373423576355
0.6777226328849792
0.698466956615448
0.6912245750427246
0.6998561024665833
0.6926207542419434
0.6874433159828186
0.696610152721405
0.6918473839759827
0.6784734725952148
0.6923402547836304
0.6896281838417053
0.6682555675506592
0.6816043853759766
0.6941296458244324
0.6904157400131226
0.6861259341239929
0.690183699131012
0.6915028691291809
0.6780425906181335
0.6933552622795105
0.6828176379203796
0.6815084218978882
0.6917257308959961
0.6883354187011719
0.6918963193893433
